# WaveFront *.obj file (generated by Autodesk ATF)

mtllib 3C_Base_IU_Math.mtl

g Solid1

v -0.440000 0.000000 -0.500000
v -0.440000 0.000000 0.000000
v -0.440000 0.080000 -0.500000
v -0.440000 0.080000 0.000000
v -0.433315 0.000000 -0.576405
v -0.433315 0.000000 0.076406
v -0.433315 0.080000 -0.576405
v -0.433315 0.080000 0.076406
v -0.413465 0.000000 -0.650489
v -0.413465 0.000000 0.150490
v -0.413465 0.080000 -0.650489
v -0.413465 0.080000 0.150490
v -0.381051 0.000000 -0.720000
v -0.381051 0.000000 0.220001
v -0.381051 0.080000 -0.720000
v -0.381051 0.080000 0.220001
v -0.337060 0.000000 -0.782827
v -0.337059 0.000000 0.282828
v -0.337060 0.080000 -0.782827
v -0.337059 0.080000 0.282828
v -0.290000 0.080000 -0.500000
v -0.290000 0.080000 0.000000
v -0.290000 0.855000 -0.500000
v -0.290000 0.855000 -0.480000
v -0.290000 0.855000 -0.020000
v -0.290000 0.855000 0.000000
v -0.288545 0.855000 -0.486780
v -0.288545 0.855000 -0.013220
v -0.284945 0.080000 -0.553908
v -0.284945 0.080000 0.053909
v -0.284351 0.855000 -0.492757
v -0.284351 0.855000 -0.007243
v -0.283598 0.855000 -0.560599
v -0.283598 0.855000 0.060600
v -0.282827 0.000000 -0.837060
v -0.282825 0.000000 0.337061
v -0.282827 0.080000 -0.837060
v -0.282825 0.080000 0.337061
v -0.270000 0.855000 -0.499650
v -0.270000 0.855000 -0.000350
v -0.269958 0.080000 -0.605938
v -0.269958 0.080000 0.105938
v -0.265649 0.854683 -0.500000
v -0.265649 0.854683 0.000000
v -0.264674 0.855000 -0.618523
v -0.264674 0.855000 0.118524
v -0.263009 0.855000 -0.561045
v -0.263008 0.855000 0.061045
v -0.259903 0.853250 -0.500000
v -0.259903 0.853250 0.000000
v -0.257336 0.900730 -0.480000
v -0.257336 0.900730 -0.020000
v -0.256678 0.897436 -0.489591
v -0.256678 0.897436 -0.010408
v -0.254765 0.891323 -0.495660
v -0.254768 0.891328 -0.004334
v -0.254550 0.850716 -0.500000
v -0.254550 0.850716 0.000000
v -0.253639 0.900956 -0.011470
v -0.253339 0.899708 -0.490364
v -0.252550 0.896439 -0.006259
v -0.252389 0.904360 -0.480805
v -0.252389 0.904360 -0.019195
v -0.252090 0.850981 -0.538415
v -0.252090 0.850981 0.038415
v -0.250338 0.910527 -0.438040
v -0.250338 0.910527 -0.061960
v -0.249847 0.886699 -0.001266
v -0.249800 0.847180 -0.500000
v -0.249800 0.847180 0.000000
v -0.249800 0.876871 -0.500000
v -0.249800 0.876871 0.000000
v -0.249822 0.886693 -0.498727
v -0.249426 0.901595 -0.010743
v -0.249152 0.900151 -0.491031
v -0.248559 0.896566 -0.005859
v -0.248285 0.911593 -0.444408
v -0.247176 0.913157 -0.060316
v -0.246506 0.886523 -0.001778
v -0.246461 0.886515 -0.498199
v -0.246211 0.901092 -0.010898
v -0.246220 0.904374 -0.481302
v -0.246220 0.904374 -0.018698
v -0.246068 0.899636 -0.490755
v -0.245620 0.896054 -0.006409
v -0.245560 0.080000 -0.654274
v -0.245559 0.080000 0.154275
v -0.244916 0.876871 -0.498726
v -0.244916 0.876871 -0.001274
v -0.244197 0.886205 -0.497128
v -0.244199 0.886209 -0.002863
v -0.244157 0.912600 -0.445683
v -0.243058 0.914179 -0.058998
v -0.242811 0.837716 -0.497153
v -0.242811 0.837716 -0.002847
v -0.242594 0.899137 -0.012065
v -0.242535 0.897824 -0.489327
v -0.242387 0.894616 -0.008230
v -0.242242 0.855000 -0.619243
v -0.242242 0.855000 0.119244
v -0.241754 0.885578 -0.494860
v -0.241769 0.885586 -0.005115
v -0.241276 0.876871 -0.495229
v -0.241276 0.876871 -0.004771
v -0.241234 0.840000 -0.536760
v -0.241234 0.840000 0.036761
v -0.241192 0.900766 -0.481300
v -0.241192 0.900766 -0.018700
v -0.240869 0.912136 -0.446296
v -0.240260 0.892571 -0.010957
v -0.240226 0.884800 -0.008028
v -0.240193 0.850981 -0.585629
v -0.240193 0.850981 0.085629
v -0.240212 0.884785 -0.491926
v -0.240197 0.895112 -0.487005
v -0.240180 0.896144 -0.014052
v -0.239808 0.825000 -0.490400
v -0.239808 0.825000 -0.009600
v -0.239812 0.825153 -0.490487
v -0.239812 0.825153 -0.009513
v -0.239808 0.876871 -0.490400
v -0.239808 0.876871 -0.009600
v -0.239757 0.913735 -0.058390
v -0.239715 0.887707 -0.488317
v -0.239716 0.887711 -0.011680
v -0.239556 0.892336 -0.485404
v -0.239556 0.892335 -0.014596
v -0.239419 0.894044 -0.483311
v -0.239418 0.894046 -0.016701
v -0.239231 0.894917 -0.480800
v -0.239231 0.894917 -0.019200
v -0.238754 0.155000 -0.524423
v -0.238754 0.155000 0.024424
v -0.237581 0.155000 -0.466011
v -0.237581 0.155000 -0.033988
v -0.237301 0.927056 -0.409272
v -0.237084 0.909896 -0.446459
v -0.236327 0.930143 -0.397874
v -0.236327 0.930143 -0.102126
v -0.236187 0.825000 -0.542614
v -0.236186 0.825000 0.042614
v -0.235962 0.911540 -0.058307
v -0.234449 0.906341 -0.445937
v -0.234064 0.855000 -0.671213
v -0.234063 0.855000 0.171214
v -0.233489 0.927820 -0.411226
v -0.233388 0.932568 -0.100032
v -0.233295 0.908047 -0.058983
v -0.232387 0.904897 -0.440033
v -0.232387 0.904897 -0.059967
v -0.230368 0.927301 -0.412186
v -0.229850 0.840000 -0.581941
v -0.229850 0.840000 0.081942
v -0.229683 0.933260 -0.097930
v -0.226634 0.925184 -0.412497
v -0.226607 0.932724 -0.096884
v -0.225779 0.155000 -0.581387
v -0.225778 0.155000 0.081388
v -0.223844 0.921912 -0.411784
v -0.222899 0.930648 -0.096522
v -0.222329 0.155000 -0.409613
v -0.222330 0.155000 -0.090386
v -0.221332 0.825000 -0.592801
v -0.221332 0.825000 0.092802
v -0.221067 0.949898 -0.375971
v -0.220067 0.927469 -0.097250
v -0.220000 0.000000 -0.881051
v -0.219998 0.000000 0.381052
v -0.220000 0.080000 -0.881051
v -0.219998 0.080000 0.381052
v -0.219539 0.850981 -0.629721
v -0.219539 0.850981 0.129722
v -0.218650 0.924931 -0.401044
v -0.218650 0.924931 -0.098956
v -0.217647 0.950384 -0.378387
v -0.215709 0.959008 -0.360665
v -0.215709 0.959008 -0.139335
v -0.214745 0.949804 -0.379619
v -0.213010 0.961234 -0.136914
v -0.212602 0.080000 -0.697232
v -0.212601 0.080000 0.197233
v -0.211107 0.947830 -0.380134
v -0.210085 0.840000 -0.624135
v -0.210085 0.840000 0.124136
v -0.209764 0.961611 -0.134365
v -0.208787 0.855000 -0.671195
v -0.208787 0.855000 0.171196
v -0.208169 0.944884 -0.379436
v -0.206952 0.961006 -0.133036
v -0.203373 0.959093 -0.132428
v -0.200390 0.956283 -0.133070
v -0.199929 0.979623 -0.345325
v -0.199424 0.155000 -0.633529
v -0.199424 0.155000 0.133530
v -0.198425 0.954425 -0.364991
v -0.198425 0.954425 -0.135009
v -0.196922 0.979846 -0.348027
v -0.195952 0.825000 -0.638575
v -0.195951 0.825000 0.138575
v -0.194268 0.979210 -0.349463
v -0.193902 0.155000 -0.358572
v -0.193903 0.155000 -0.141427
v -0.193119 0.155000 -0.716344
v -0.193118 0.155000 0.216345
v -0.193119 0.855000 -0.716344
v -0.193118 0.855000 0.216345
v -0.190881 0.850981 -0.669084
v -0.190881 0.850981 0.169084
v -0.190781 0.977375 -0.350211
v -0.189081 0.996287 -0.327490
v -0.189081 0.996287 -0.172510
v -0.187751 0.974740 -0.349677
v -0.187120 0.155000 -0.511935
v -0.187120 0.155000 0.011936
v -0.186541 0.998444 -0.169952
v -0.186333 0.155000 -0.722216
v -0.186332 0.155000 0.222217
v -0.183762 0.998538 -0.167154
v -0.183633 0.855000 -0.721054
v -0.183632 0.855000 0.221054
v -0.183533 0.155000 -0.461636
v -0.183533 0.155000 -0.038363
v -0.182662 0.840000 -0.661803
v -0.182661 0.840000 0.161803
v -0.182527 0.155000 -0.721237
v -0.182526 0.155000 0.221238
v -0.181243 0.997876 -0.165625
v -0.180511 1.006915 -0.323921
v -0.179369 0.155000 -0.727875
v -0.179368 0.155000 0.227876
v -0.177864 0.996113 -0.164749
v -0.177820 1.006955 -0.326751
v -0.177172 0.155000 -0.561372
v -0.177171 0.155000 0.061372
v -0.175371 1.006284 -0.328306
v -0.174817 0.993637 -0.165151
v -0.174145 0.151651 -0.517277
v -0.174145 0.151651 0.017278
v -0.173072 0.855000 -0.720258
v -0.173071 0.855000 0.220259
v -0.172788 0.151651 -0.472267
v -0.172789 0.151651 -0.027733
v -0.172314 0.992503 -0.332944
v -0.172314 0.992503 -0.167056
v -0.172232 0.080000 -0.733315
v -0.172231 0.080000 0.233316
v -0.172232 0.155000 -0.733315
v -0.172231 0.155000 0.233316
v -0.172035 1.004547 -0.329237
v -0.171987 0.000000 -0.329221
v -0.171987 0.000000 -0.169221
v -0.171987 0.020000 -0.329221
v -0.171987 0.020000 -0.169221
v -0.171008 0.155000 -0.719387
v -0.171007 0.155000 0.219388
v -0.168985 1.002129 -0.328893
v -0.166672 0.155000 -0.414112
v -0.166672 0.155000 -0.085888
v -0.165039 0.142500 -0.516373
v -0.165039 0.142500 0.016374
v -0.164397 0.855000 -0.714181
v -0.164396 0.855000 0.214182
v -0.163971 0.151651 -0.561143
v -0.163971 0.151651 0.061144
v -0.163753 0.142500 -0.473717
v -0.163754 0.142500 -0.026282
v -0.162480 0.155000 -0.711424
v -0.162479 0.155000 0.211425
v -0.162480 0.854812 -0.711424
v -0.162479 0.854812 0.211425
v -0.162393 0.080000 -0.494114
v -0.162393 0.080000 -0.005885
v -0.162393 0.130000 -0.494114
v -0.162393 0.130000 -0.005885
v -0.161252 0.155000 -0.677758
v -0.161251 0.155000 0.177759
v -0.161252 0.825000 -0.677758
v -0.161251 0.825000 0.177759
v -0.161185 0.825116 -0.677819
v -0.161184 0.825116 0.177820
v -0.159991 0.151651 -0.429093
v -0.159991 0.151651 -0.070907
v -0.158687 1.037577 -0.304896
v -0.157369 0.155000 -0.702571
v -0.157368 0.155000 0.202572
v -0.157369 0.851798 -0.702571
v -0.157368 0.851798 0.202572
v -0.157214 1.040901 -0.299311
v -0.157214 1.040901 -0.200689
v -0.157130 0.080000 -0.541429
v -0.157130 0.080000 0.041430
v -0.157130 0.130000 -0.541429
v -0.157130 0.130000 0.041430
v -0.156302 1.037458 -0.307793
v -0.156127 0.155000 -0.685125
v -0.156126 0.155000 0.185126
v -0.155397 0.142500 -0.557946
v -0.155397 0.142500 0.057947
v -0.155154 0.839920 -0.688282
v -0.155153 0.839920 0.188283
v -0.154740 0.155000 -0.693991
v -0.154739 0.155000 0.193992
v -0.154408 0.155000 -0.606369
v -0.154408 0.155000 0.106369
v -0.154061 1.036756 -0.309437
v -0.153985 0.155000 -0.315911
v -0.153986 0.155000 -0.184088
v -0.153718 0.080000 -0.447304
v -0.153719 0.080000 -0.052695
v -0.153718 0.130000 -0.447304
v -0.153719 0.130000 -0.052695
v -0.151625 0.142500 -0.432800
v -0.151626 0.142500 -0.067199
v -0.150905 1.035107 -0.310542
v -0.150489 0.000000 -0.913465
v -0.150487 0.000000 0.413466
v -0.150489 0.080000 -0.913465
v -0.150487 0.080000 0.413466
v -0.149484 1.050507 -0.201906
v -0.147883 1.032880 -0.310417
v -0.147220 1.050333 -0.199000
v -0.145055 1.049620 -0.197323
v -0.142940 0.151651 -0.600961
v -0.142940 0.151651 0.100961
v -0.141981 1.048005 -0.196153
v -0.141091 1.038037 -0.305853
v -0.141091 1.038037 -0.194147
v -0.138986 1.045850 -0.196185
v -0.138381 0.080000 -0.585188
v -0.138380 0.080000 0.085189
v -0.138381 0.130000 -0.585188
v -0.138380 0.130000 0.085189
v -0.137754 0.155000 -0.372800
v -0.137755 0.155000 -0.127200
v -0.136600 0.151651 -0.390614
v -0.136601 0.151651 -0.109386
v -0.135466 0.142500 -0.595682
v -0.135466 0.142500 0.095682
v -0.133476 1.072985 -0.287733
v -0.131850 0.080000 -0.405017
v -0.131851 0.080000 -0.094982
v -0.131850 0.130000 -0.405017
v -0.131851 0.130000 -0.094982
v -0.131398 1.072722 -0.290647
v -0.129458 0.142500 -0.396334
v -0.129458 0.142500 -0.103666
v -0.129378 1.071995 -0.292354
v -0.126437 1.070427 -0.293626
v -0.123494 1.068375 -0.293744
v -0.121030 1.091558 -0.276941
v -0.121030 1.091558 -0.223059
v -0.120477 0.155000 -0.643672
v -0.120476 0.155000 0.143672
v -0.118654 0.000000 -0.329221
v -0.118654 0.000000 -0.289221
v -0.118654 0.000000 -0.209221
v -0.118654 0.000000 -0.169221
v -0.118654 0.020000 -0.329221
v -0.118654 0.020000 -0.289221
v -0.118654 0.020000 -0.209221
v -0.118654 0.020000 -0.169221
v -0.115941 0.080000 -0.765815
v -0.115939 0.080000 0.265816
v -0.115941 0.155000 -0.765815
v -0.115939 0.155000 0.265816
v -0.115642 0.153119 -0.635298
v -0.115642 0.153119 0.135299
v -0.111520 0.147740 -0.628157
v -0.111519 0.147740 0.128158
v -0.108738 0.139628 -0.623340
v -0.108738 0.139628 0.123341
v -0.107754 0.080000 -0.621636
v -0.107754 0.080000 0.121636
v -0.107754 0.130000 -0.621636
v -0.107754 0.130000 0.121636
v -0.107661 0.155000 -0.769275
v -0.107660 0.155000 0.269276
v -0.106801 1.110441 -0.226015
v -0.106336 1.111091 -0.273768
v -0.105683 1.089675 -0.284521
v -0.105683 1.089675 -0.215479
v -0.105012 1.110058 -0.223130
v -0.104942 0.155000 -0.284160
v -0.104943 0.155000 -0.215840
v -0.104548 1.110705 -0.276654
v -0.104491 0.155000 -0.757791
v -0.104490 0.155000 0.257791
v -0.104213 0.855000 -0.760013
v -0.104212 0.855000 0.260014
v -0.104165 0.151651 -0.359378
v -0.104166 0.151651 -0.140622
v -0.103287 0.855000 -0.749463
v -0.103286 0.855000 0.249463
v -0.103204 1.109310 -0.221381
v -0.102749 1.109958 -0.278397
v -0.101859 0.155000 -0.746424
v -0.101857 0.155000 0.246425
v -0.101859 0.854812 -0.746424
v -0.101857 0.854812 0.246425
v -0.100497 1.107815 -0.219968
v -0.100333 0.155000 -0.768692
v -0.100332 0.155000 0.268693
v -0.100043 1.108462 -0.279814
v -0.099622 0.855000 -0.769557
v -0.099620 0.855000 0.269558
v -0.099278 0.155000 -0.772477
v -0.099277 0.155000 0.272478
v -0.098873 0.155000 -0.340688
v -0.098874 0.155000 -0.159312
v -0.098718 0.142500 -0.366731
v -0.098719 0.142500 -0.133269
v -0.098665 0.080000 -0.370882
v -0.098666 0.080000 -0.129117
v -0.098665 0.130000 -0.370882
v -0.098666 0.130000 -0.129117
v -0.097681 1.105914 -0.219612
v -0.097226 1.106561 -0.280172
v -0.096747 0.155000 -0.737571
v -0.096746 0.155000 0.237571
v -0.096747 0.851798 -0.737571
v -0.096746 0.851798 0.237571
v -0.090800 0.155000 -0.775419
v -0.090799 0.155000 0.275419
v -0.090800 0.855000 -0.775419
v -0.090799 0.855000 0.275419
v -0.090631 0.155000 -0.731004
v -0.090630 0.155000 0.231005
v -0.085501 0.839944 -0.728515
v -0.085500 0.839944 0.228516
v -0.082259 0.155000 -0.727773
v -0.082258 0.155000 0.227773
v -0.081578 1.146790 -0.261031
v -0.081578 1.146790 -0.238969
v -0.077671 1.151329 -0.263245
v -0.076405 0.000000 -0.933315
v -0.076402 0.000000 0.433316
v -0.076405 0.080000 -0.933315
v -0.076402 0.080000 0.433316
v -0.076156 1.150838 -0.266069
v -0.074574 1.150075 -0.267824
v -0.073431 0.825153 -0.728491
v -0.073430 0.825153 0.228491
v -0.073317 0.155000 -0.728527
v -0.073316 0.155000 0.228527
v -0.073317 0.825000 -0.728527
v -0.073316 0.825000 0.228527
v -0.072119 1.148642 -0.269357
v -0.071820 1.159544 -0.238445
v -0.070360 1.159036 -0.235640
v -0.069467 1.146870 -0.269940
v -0.068816 1.158268 -0.233880
v -0.067138 1.145885 -0.269582
v -0.067138 1.145885 -0.230418
v -0.066416 1.156849 -0.232328
v -0.064833 0.151651 -0.337452
v -0.064833 0.151651 -0.162547
v -0.064507 0.080000 -0.782735
v -0.064506 0.080000 0.282735
v -0.064185 0.155000 -0.676172
v -0.064184 0.155000 0.176172
v -0.063804 1.155103 -0.231701
v -0.061442 0.142500 -0.345952
v -0.061443 0.142500 -0.154048
v -0.059351 0.153119 -0.667799
v -0.059350 0.153119 0.167799
v -0.057012 0.080000 -0.347829
v -0.057013 0.080000 -0.152170
v -0.057012 0.130000 -0.347829
v -0.057013 0.130000 -0.152170
v -0.055228 0.147740 -0.660658
v -0.055227 0.147740 0.160658
v -0.052841 0.155000 -0.320100
v -0.052841 0.155000 -0.179900
v -0.052447 0.139628 -0.655840
v -0.052446 0.139628 0.155840
v -0.051463 0.080000 -0.654136
v -0.051462 0.080000 0.154136
v -0.051463 0.130000 -0.654136
v -0.051462 0.130000 0.154136
v -0.050990 0.850981 -0.749850
v -0.050989 0.850981 0.249850
v -0.049681 0.155000 -0.265198
v -0.049682 0.155000 -0.234801
v -0.048794 0.840000 -0.739091
v -0.048793 0.840000 0.239091
v -0.047928 1.193071 -0.256301
v -0.046668 1.192491 -0.259034
v -0.045298 1.191716 -0.260777
v -0.043866 0.855000 -0.766413
v -0.043864 0.855000 0.266413
v -0.043105 1.190338 -0.262398
v -0.040650 1.188677 -0.263181
v -0.040000 1.205000 -0.252039
v -0.040000 1.205000 -0.247961
v -0.040000 2.205000 -0.252039
v -0.040000 2.205000 -0.247961
v -0.039323 2.205000 -0.255291
v -0.039323 2.205000 -0.244709
v -0.038752 1.205000 -0.256388
v -0.038747 1.205000 -0.243604
v -0.037366 2.205000 -0.258129
v -0.037366 2.205000 -0.241871
v -0.035507 1.205000 -0.259598
v -0.035507 1.205000 -0.240402
v -0.033654 0.000000 -0.414576
v -0.033654 0.000000 -0.289221
v -0.033654 0.000000 -0.209221
v -0.033654 0.000000 -0.083866
v -0.033654 0.020000 -0.414576
v -0.033654 0.020000 -0.289221
v -0.033654 0.020000 -0.209221
v -0.033654 0.020000 -0.083866
v -0.031243 0.855000 -0.788312
v -0.031242 0.855000 0.288312
v -0.031131 2.205000 -0.253805
v -0.031131 2.205000 -0.246195
v -0.030584 2.205000 -0.261396
v -0.030584 2.205000 -0.238604
v -0.026603 1.205000 -0.261479
v -0.026603 1.205000 -0.238521
v -0.026603 2.205000 -0.261479
v -0.026603 2.205000 -0.238521
v -0.026603 2.205092 -0.261479
v -0.026603 2.205092 -0.238521
v -0.022033 0.825000 -0.738986
v -0.022032 0.825000 0.238987
v -0.021207 0.151651 -0.326290
v -0.021208 0.151651 -0.173710
v -0.020098 0.142500 -0.335373
v -0.020099 0.142500 -0.164627
v -0.015964 0.151651 -0.674270
v -0.015964 0.151651 0.174270
v -0.015927 0.155000 -0.739471
v -0.015926 0.155000 0.239471
v -0.015130 0.142500 -0.665158
v -0.015129 0.142500 0.165158
v -0.014914 0.155000 -0.686906
v -0.014913 0.155000 0.186906
v -0.010825 0.080000 -0.789798
v -0.010823 0.080000 0.289798
v -0.010466 0.080000 -0.337837
v -0.010466 0.080000 -0.162163
v -0.010466 0.130000 -0.337837
v -0.010466 0.130000 -0.162163
v -0.004585 0.080000 -0.662435
v -0.004584 0.080000 0.162435
v -0.004585 0.130000 -0.662435
v -0.004584 0.130000 0.162435
v -0.002986 0.155000 -0.312524
v -0.002987 0.155000 -0.187476
v -0.002572 0.850981 -0.754987
v -0.002570 0.850981 0.254987
v -0.002461 0.840000 -0.744007
v -0.002460 0.840000 0.244007
v 0.000000 0.000000 -0.940000
v 0.000003 0.000000 0.440000
v 0.000000 0.080000 -0.940000
v 0.000003 0.080000 0.440000
v 0.001329 2.211470 -0.250000
v 0.005532 2.213000 -0.260064
v 0.005532 2.213000 -0.239936
v 0.008523 0.155000 -0.239849
v 0.008524 0.155000 -0.260151
v 0.010991 0.000000 -0.459221
v 0.010991 0.000000 -0.039221
v 0.010991 0.020000 -0.459221
v 0.010991 0.020000 -0.039221
v 0.017853 0.855000 -0.769409
v 0.017855 0.855000 0.269409
v 0.022576 0.142500 -0.335694
v 0.022576 0.142500 -0.164306
v 0.023822 0.151651 -0.326629
v 0.023821 0.151651 -0.173371
v 0.027516 0.142500 -0.663551
v 0.027517 0.142500 0.163551
v 0.028905 2.229896 -0.250000
v 0.029034 0.151651 -0.672575
v 0.029035 0.151651 0.172575
v 0.029693 0.855000 -0.788476
v 0.029695 0.855000 0.288476
v 0.030298 0.825000 -0.738080
v 0.030300 0.825000 0.238080
v 0.030399 2.229896 -0.261607
v 0.030399 2.229896 -0.238393
v 0.032717 2.232033 -0.262238
v 0.032717 2.232033 -0.237762
v 0.035436 0.155000 -0.684121
v 0.035437 0.155000 0.184121
v 0.036979 0.080000 -0.341763
v 0.036978 0.080000 -0.158237
v 0.036979 0.130000 -0.341763
v 0.036978 0.130000 -0.158237
v 0.042406 0.155000 -0.736224
v 0.042407 0.155000 0.236224
v 0.042687 0.080000 -0.656793
v 0.042687 0.080000 0.156793
v 0.042687 0.130000 -0.656793
v 0.042687 0.130000 0.156793
v 0.043234 0.080000 -0.786759
v 0.043237 0.080000 0.286759
v 0.043962 0.840000 -0.740027
v 0.043963 0.840000 0.240026
v 0.045940 0.850981 -0.750828
v 0.045942 0.850981 0.250827
v 0.046346 0.000000 -0.379221
v 0.046346 0.000000 -0.289221
v 0.046346 0.000000 -0.209221
v 0.046346 0.000000 -0.119221
v 0.046346 0.020000 -0.379221
v 0.046346 0.020000 -0.289221
v 0.046346 0.020000 -0.209221
v 0.046346 0.020000 -0.119221
v 0.047085 0.155000 -0.318508
v 0.047084 0.155000 -0.181492
v 0.047331 2.257472 -0.250000
v 0.048224 2.257472 -0.256940
v 0.048224 2.257472 -0.243060
v 0.050846 2.257472 -0.263427
v 0.050846 2.257472 -0.236573
v 0.052974 2.258575 -0.265908
v 0.052974 2.258575 -0.234092
v 0.053801 2.290000 -0.250000
v 0.053801 2.521690 -0.250000
v 0.056576 2.688264 -0.250000
v 0.057945 2.290000 -0.262502
v 0.057945 2.290000 -0.237498
v 0.057945 2.521690 -0.262502
v 0.057945 2.521690 -0.237498
v 0.058105 2.734106 -0.250000
v 0.059633 2.779948 -0.250000
v 0.060171 2.688264 -0.260845
v 0.060171 2.688264 -0.239155
v 0.061161 2.825790 -0.250000
v 0.061397 2.734106 -0.259932
v 0.061397 2.734106 -0.240068
v 0.062622 2.779948 -0.259019
v 0.062622 2.779948 -0.240981
v 0.062689 2.871632 -0.250000
v 0.063756 0.142500 -0.346895
v 0.063756 0.142500 -0.153105
v 0.063848 2.825790 -0.258106
v 0.063848 2.825790 -0.241894
v 0.064217 2.917474 -0.250000
v 0.065073 2.871632 -0.257194
v 0.065073 2.871632 -0.242806
v 0.065745 2.963316 -0.250000
v 0.066224 0.155000 -0.269318
v 0.066223 0.155000 -0.230683
v 0.066299 2.917474 -0.256281
v 0.066299 2.917474 -0.243719
v 0.067274 0.151651 -0.338447
v 0.067273 0.151651 -0.161553
v 0.067273 3.009158 -0.250000
v 0.067524 2.963316 -0.255368
v 0.067524 2.963316 -0.244632
v 0.068340 0.142500 -0.651115
v 0.068341 0.142500 0.151114
v 0.068632 2.289770 -0.270023
v 0.068632 2.289770 -0.229977
v 0.068737 2.290000 -0.270054
v 0.068737 2.290000 -0.229946
v 0.068737 2.521690 -0.270054
v 0.068737 2.521690 -0.229946
v 0.068750 3.009158 -0.254455
v 0.068750 3.009158 -0.245545
v 0.068825 2.577224 -0.269758
v 0.068825 2.577224 -0.230242
v 0.068801 3.055000 -0.250000
v 0.069090 2.632751 -0.268872
v 0.069090 2.632751 -0.231128
v 0.069532 2.688264 -0.267395
v 0.069532 2.688264 -0.232605
v 0.069975 3.055000 -0.253543
v 0.069975 3.055000 -0.246457
v 0.072110 0.151651 -0.659452
v 0.072111 0.151651 0.159452
v 0.073033 3.055000 -0.255682
v 0.073033 3.055000 -0.244318
v 0.076405 0.000000 -0.933315
v 0.076409 0.000000 0.433315
v 0.076405 0.080000 -0.933315
v 0.076409 0.080000 0.433315
v 0.078638 0.855000 -0.758295
v 0.078640 0.855000 0.258294
v 0.081189 0.825000 -0.725850
v 0.081190 0.825000 0.225850
v 0.081250 0.080000 -0.359271
v 0.081249 0.080000 -0.140730
v 0.081250 0.130000 -0.359271
v 0.081249 0.130000 -0.140730
v 0.083223 0.155000 -0.668018
v 0.083224 0.155000 0.168018
v 0.086294 0.080000 -0.637694
v 0.086295 0.080000 0.137693
v 0.086294 0.130000 -0.637694
v 0.086295 0.130000 0.137693
v 0.088782 0.840000 -0.727295
v 0.088784 0.840000 0.227295
v 0.089318 0.855000 -0.775903
v 0.089321 0.855000 0.275902
v 0.092777 0.850981 -0.737524
v 0.092779 0.850981 0.237523
v 0.093750 0.155000 -0.337620
v 0.093749 0.155000 -0.162380
v 0.095787 0.080000 -0.773724
v 0.095789 0.080000 0.273723
v 0.098226 0.155000 -0.718978
v 0.098227 0.155000 0.218978
v 0.100715 0.142500 -0.368233
v 0.100714 0.142500 -0.131768
v 0.103503 2.521690 -0.283465
v 0.103503 2.521690 -0.216535
v 0.104639 0.142500 -0.628673
v 0.104639 0.142500 0.128673
v 0.104700 2.688264 -0.280961
v 0.104700 2.688264 -0.219039
v 0.106272 0.151651 -0.360963
v 0.106271 0.151651 -0.139038
v 0.109972 3.055000 -0.269932
v 0.109972 3.055000 -0.230068
v 0.110412 0.151651 -0.635773
v 0.110413 0.151651 0.135772
v 0.118547 0.080000 -0.388857
v 0.118547 0.080000 -0.111144
v 0.118547 0.130000 -0.388857
v 0.118547 0.130000 -0.111144
v 0.120000 0.155000 -0.292154
v 0.119999 0.155000 -0.207847
v 0.122495 0.080000 -0.606776
v 0.122496 0.080000 0.106775
v 0.122495 0.130000 -0.606776
v 0.122496 0.130000 0.106775
v 0.123561 0.876871 -0.711466
v 0.123563 0.876871 0.211465
v 0.123871 0.837716 -0.708857
v 0.123873 0.837716 0.208856
v 0.124444 2.871632 -0.284457
v 0.124444 2.871632 -0.215543
v 0.124580 0.886166 0.210042
v 0.124580 0.886213 -0.710052
v 0.124770 0.876871 -0.706566
v 0.124772 0.876871 0.206565
v 0.124781 0.886475 0.212536
v 0.124793 0.886527 -0.712592
v 0.124900 0.847180 -0.716333
v 0.124900 0.876871 -0.716333
v 0.124902 0.847180 0.216332
v 0.124902 0.876871 0.216332
v 0.124991 0.155000 -0.639763
v 0.124991 0.155000 0.139762
v 0.125324 0.885542 0.206795
v 0.125314 0.885590 -0.706821
v 0.126000 0.886653 0.215710
v 0.126022 0.886702 -0.715741
v 0.127066 0.884803 -0.704028
v 0.127095 0.884753 0.203994
v 0.127275 0.850716 -0.720447
v 0.127277 0.850716 0.220446
v 0.128145 0.825153 -0.702926
v 0.128147 0.825153 0.202925
v 0.128218 0.825000 -0.702880
v 0.128220 0.825000 0.202879
v 0.128218 0.876871 -0.702880
v 0.128220 0.876871 0.202879
v 0.128325 0.894623 -0.705797
v 0.128365 0.896061 -0.709507
v 0.129359 0.896574 -0.712327
v 0.129622 0.892577 -0.702591
v 0.129951 0.853250 -0.725082
v 0.129954 0.853250 0.225081
v 0.129973 0.887711 -0.701760
v 0.129977 0.887707 0.201757
v 0.130500 0.897810 0.204711
v 0.131005 0.142500 -0.398296
v 0.131004 0.142500 -0.101705
v 0.131028 0.899619 0.208484
v 0.131137 0.891328 -0.718468
v 0.131143 0.891323 0.218462
v 0.131345 0.895101 0.201523
v 0.131702 0.896447 -0.715584
v 0.131749 0.899140 -0.704058
v 0.132262 0.896146 -0.700974
v 0.132329 0.900135 0.211293
v 0.132418 0.892335 -0.700164
v 0.132420 0.892336 0.200162
v 0.132548 0.901096 -0.707774
v 0.132824 0.854683 -0.730058
v 0.132826 0.854683 0.230057
v 0.133634 0.155000 -0.368477
v 0.133633 0.155000 -0.131523
v 0.134009 0.142500 -0.597712
v 0.134010 0.142500 0.097711
v 0.134022 0.901598 -0.710635
v 0.134173 0.894046 -0.698992
v 0.134165 0.894044 0.198997
v 0.134999 0.899694 0.214585
v 0.135303 0.855000 -0.733652
v 0.135305 0.855000 0.233650
v 0.135773 2.521690 -0.302097
v 0.135773 2.521690 -0.197903
v 0.136243 0.894917 -0.697580
v 0.136245 0.894917 0.197579
v 0.136791 0.900766 -0.699528
v 0.136757 0.900959 -0.713921
v 0.136793 0.900766 0.199527
v 0.137352 0.897436 -0.717085
v 0.137355 0.897436 0.217084
v 0.137343 2.688264 -0.299808
v 0.137343 2.688264 -0.200192
v 0.138233 0.151651 -0.392684
v 0.138232 0.151651 -0.107317
v 0.139303 0.904374 -0.703884
v 0.139305 0.904374 0.203882
v 0.141403 0.151651 -0.603103
v 0.141404 0.151651 0.103102
v 0.142818 0.904360 -0.708978
v 0.142820 0.904360 0.208977
v 0.144259 3.055000 -0.289728
v 0.144259 3.055000 -0.210272
v 0.145000 0.080000 -0.751147
v 0.145002 0.080000 0.251146
v 0.145000 0.855000 -0.751147
v 0.145002 0.855000 0.251146
v 0.145670 0.080000 -0.427982
v 0.145669 0.080000 -0.072019
v 0.145670 0.130000 -0.427982
v 0.145669 0.130000 -0.072019
v 0.145989 0.900730 -0.712860
v 0.145991 0.900730 0.212858
v 0.148183 0.080000 -0.566694
v 0.148183 0.080000 0.066693
v 0.148183 0.130000 -0.566694
v 0.148183 0.130000 0.066693
v 0.148226 0.155000 -0.688757
v 0.148227 0.155000 0.188756
v 0.148448 0.855000 -0.742634
v 0.148450 0.855000 0.242632
v 0.150489 0.000000 -0.913465
v 0.150489 0.080000 -0.913465
v 0.150492 0.000000 0.413463
v 0.150492 0.080000 0.413463
v 0.152620 0.142500 -0.435092
v 0.152620 0.142500 -0.064908
v 0.154507 0.142500 -0.560280
v 0.154507 0.142500 0.060280
v 0.155721 0.855000 -0.743277
v 0.155723 0.855000 0.243276
v 0.157717 0.155000 -0.601398
v 0.157718 0.155000 0.101397
v 0.160290 0.080000 -0.473289
v 0.160289 0.080000 -0.026712
v 0.160290 0.130000 -0.473289
v 0.160289 0.130000 -0.026712
v 0.161041 0.151651 -0.431511
v 0.161041 0.151651 -0.068490
v 0.161152 0.080000 -0.520888
v 0.161152 0.080000 0.020887
v 0.161152 0.130000 -0.520888
v 0.161152 0.130000 0.020887
v 0.162321 0.855000 -0.741147
v 0.162323 0.855000 0.241146
v 0.163031 0.151651 -0.563606
v 0.163032 0.151651 0.063605
v 0.163852 0.155000 -0.408848
v 0.163852 0.155000 -0.091153
v 0.164046 0.906341 0.176006
v 0.164131 0.142500 -0.476187
v 0.164131 0.142500 -0.023814
v 0.164774 0.142500 -0.518858
v 0.164774 0.142500 0.018857
v 0.164771 2.290000 -0.325499
v 0.164771 2.290000 -0.174501
v 0.164771 2.521690 -0.325499
v 0.164771 2.521690 -0.174501
v 0.164850 2.289770 -0.325574
v 0.164850 2.289770 -0.174426
v 0.164912 0.909896 0.178549
v 0.164982 2.577224 -0.325275
v 0.164982 2.577224 -0.174725
v 0.165618 2.632751 -0.324602
v 0.165618 2.632751 -0.175398
v 0.166665 0.155000 -0.327307
v 0.166664 0.155000 -0.172694
v 0.166676 2.688264 -0.323481
v 0.166676 2.688264 -0.176519
v 0.166945 0.912136 0.181745
v 0.167728 0.908009 -0.672527
v 0.168127 0.904897 -0.671270
v 0.168129 0.904897 0.171268
v 0.168470 0.911526 -0.675180
v 0.169120 0.912600 0.184286
v 0.170446 0.913735 -0.678441
v 0.172289 0.911593 0.187223
v 0.172593 0.914180 -0.680964
v 0.173187 0.151651 -0.474873
v 0.173187 0.151651 -0.025128
v 0.173865 0.151651 -0.519898
v 0.173865 0.151651 0.019897
v 0.175069 3.055000 -0.314593
v 0.175069 3.055000 -0.185407
v 0.175807 0.913166 -0.683891
v 0.176243 2.258575 -0.337077
v 0.176243 2.258576 -0.162923
v 0.176706 2.290000 -0.331069
v 0.176706 2.290000 -0.168931
v 0.176706 2.521690 -0.331069
v 0.176706 2.521690 -0.168931
v 0.177029 2.688264 -0.328312
v 0.177029 2.688264 -0.171688
v 0.177207 2.734106 -0.326795
v 0.177207 2.734106 -0.173205
v 0.177384 2.779948 -0.325277
v 0.177384 2.779948 -0.174723
v 0.177562 2.825790 -0.323759
v 0.177562 2.825790 -0.176241
v 0.177740 2.871632 -0.322242
v 0.177740 2.871632 -0.177758
v 0.177918 2.917474 -0.320724
v 0.177918 2.917474 -0.179276
v 0.178095 2.963316 -0.319206
v 0.178095 2.963316 -0.180794
v 0.178273 3.009158 -0.317689
v 0.178273 3.009158 -0.182311
v 0.178451 3.055000 -0.316171
v 0.178451 3.055000 -0.183829
v 0.178782 3.055000 -0.269796
v 0.178782 3.055000 -0.230204
v 0.178828 0.910527 -0.685819
v 0.178829 0.910527 0.185817
v 0.179036 0.155000 -0.555699
v 0.179036 0.155000 0.055698
v 0.179455 2.257472 -0.337680
v 0.179455 2.257472 -0.162320
v 0.182106 3.055000 -0.315417
v 0.182106 3.055000 -0.184583
v 0.182219 0.155000 -0.455811
v 0.182218 0.155000 -0.044190
v 0.182870 3.009158 -0.316740
v 0.182870 3.009158 -0.183260
v 0.183634 2.963316 -0.318063
v 0.183634 2.963316 -0.181937
v 0.184125 2.871632 -0.250000
v 0.184398 2.917474 -0.319387
v 0.184398 2.917474 -0.180613
v 0.184587 3.055000 -0.312628
v 0.184587 3.055000 -0.187372
v 0.184911 3.055000 -0.308910
v 0.184911 3.055000 -0.191090
v 0.185162 2.871632 -0.320710
v 0.185162 2.871632 -0.179290
v 0.185926 2.825790 -0.322033
v 0.185926 2.825790 -0.177967
v 0.185990 3.009158 -0.313233
v 0.185990 3.009158 -0.186767
v 0.186384 2.257472 -0.336707
v 0.186384 2.257472 -0.163293
v 0.186690 2.779948 -0.323357
v 0.186690 2.779948 -0.176643
v 0.187405 0.155000 -0.505971
v 0.187405 0.155000 0.005970
v 0.187393 2.963316 -0.313838
v 0.187393 2.963316 -0.186162
v 0.187454 2.734106 -0.324680
v 0.187454 2.734106 -0.175320
v 0.188218 2.688264 -0.326003
v 0.188218 2.688264 -0.173997
v 0.188321 0.921912 0.149745
v 0.188796 2.917474 -0.314443
v 0.188796 2.917474 -0.185557
v 0.189098 0.925184 0.152518
v 0.189442 0.155000 -0.647349
v 0.189443 0.155000 0.147348
v 0.189550 2.232033 -0.352785
v 0.189549 2.232034 -0.147216
v 0.189606 2.290000 -0.328407
v 0.189606 2.290000 -0.171593
v 0.189606 2.521690 -0.328407
v 0.189606 2.521690 -0.171593
v 0.190200 2.871632 -0.315048
v 0.190200 2.871632 -0.184952
v 0.190970 2.688264 -0.268847
v 0.190970 2.688264 -0.231153
v 0.191235 0.927301 0.155596
v 0.191255 2.229896 -0.354477
v 0.191255 2.229896 -0.145523
v 0.191603 2.825790 -0.315653
v 0.191603 2.825790 -0.184347
v 0.192841 2.257472 -0.334010
v 0.192841 2.257472 -0.165990
v 0.193006 2.779948 -0.316258
v 0.193006 2.779948 -0.183742
v 0.193013 0.155000 -0.250559
v 0.193627 0.927820 0.157819
v 0.193737 2.521690 -0.268631
v 0.193737 2.521690 -0.231369
v 0.194254 0.927434 -0.641935
v 0.194409 2.734106 -0.316863
v 0.194409 2.734106 -0.183137
v 0.195023 0.924931 -0.639878
v 0.195025 0.924931 0.139876
v 0.195033 0.930635 -0.644760
v 0.195812 2.688264 -0.317468
v 0.195812 2.688264 -0.182532
v 0.196805 2.688264 -0.306086
v 0.196805 2.688264 -0.193914
v 0.197207 0.932724 -0.647805
v 0.197225 0.927056 0.160143
v 0.198305 2.632751 -0.305730
v 0.198305 2.632751 -0.194270
v 0.198361 2.290000 -0.318567
v 0.198361 2.290000 -0.181433
v 0.198361 2.521690 -0.318567
v 0.198361 2.521690 -0.181433
v 0.198404 2.257472 -0.329767
v 0.198404 2.257472 -0.170233
v 0.199205 2.577224 -0.305516
v 0.199205 2.577224 -0.194484
v 0.199505 2.290000 -0.305445
v 0.199505 2.290000 -0.194555
v 0.199505 2.521690 -0.305445
v 0.199505 2.521690 -0.194555
v 0.199530 2.289770 -0.305551
v 0.199530 2.289770 -0.194449
v 0.199617 0.933259 -0.649921
v 0.199989 0.155000 -0.192553
v 0.200259 0.155000 -0.308531
v 0.202054 2.229896 -0.349967
v 0.202054 2.229896 -0.150033
v 0.202712 2.257472 -0.324252
v 0.202712 2.257472 -0.175748
v 0.203305 0.932575 -0.652096
v 0.203453 0.155000 -0.372694
v 0.203452 0.155000 -0.127307
v 0.203796 2.258575 -0.321170
v 0.203796 2.258576 -0.178831
v 0.205025 2.213000 -0.375241
v 0.205024 2.213001 -0.124760
v 0.206607 0.930143 -0.653602
v 0.206608 0.930143 0.153600
v 0.208498 0.944884 0.119996
v 0.209362 0.947830 0.122889
v 0.210746 2.232033 -0.340547
v 0.210746 2.232034 -0.159453
v 0.211358 2.229896 -0.342870
v 0.211358 2.229896 -0.157130
v 0.211627 0.949804 0.125782
v 0.214145 0.950384 0.127679
v 0.215436 0.956253 -0.606981
v 0.215842 2.211470 -0.373849
v 0.215842 2.211470 -0.126151
v 0.216134 0.954425 -0.604337
v 0.216135 0.954425 0.104335
v 0.216364 0.959081 -0.609898
v 0.217947 0.949898 0.129433
v 0.218689 0.961006 -0.612707
v 0.219432 0.155000 -0.597210
v 0.219432 0.155000 0.097209
v 0.219867 1.205000 -0.403778
v 0.219866 1.205000 -0.096224
v 0.219867 2.205000 -0.403778
v 0.219866 2.205000 -0.096224
v 0.219867 2.205092 -0.403778
v 0.219866 2.205092 -0.096224
v 0.220000 0.000000 -0.881051
v 0.220004 0.000000 0.381049
v 0.220000 0.080000 -0.881051
v 0.220004 0.080000 0.381049
v 0.220774 0.155000 -0.137952
v 0.221210 0.961608 -0.614459
v 0.221298 0.155000 -0.363036
v 0.221930 2.205000 -0.407185
v 0.221930 2.205000 -0.092816
v 0.222456 2.213000 -0.365177
v 0.222455 2.213001 -0.134824
v 0.224060 0.974740 0.087433
v 0.225057 0.961239 -0.616010
v 0.225112 0.977375 0.090325
v 0.225416 1.188677 -0.083208
v 0.225948 1.205000 -0.410549
v 0.225947 1.205000 -0.089453
v 0.227321 1.190338 -0.081474
v 0.227503 0.979210 0.092971
v 0.228150 2.205000 -0.411424
v 0.228150 2.205000 -0.088577
v 0.228185 0.155000 -0.425624
v 0.228184 0.155000 -0.074377
v 0.228522 0.959008 -0.617142
v 0.228523 0.959008 0.117139
v 0.228776 2.205000 -0.403862
v 0.228777 2.205000 -0.096138
v 0.229821 1.191716 -0.080384
v 0.230074 0.979846 0.094550
v 0.230341 1.205000 -0.411754
v 0.230349 1.205000 -0.088248
v 0.230429 0.993610 -0.568793
v 0.230832 0.992503 -0.565701
v 0.230833 0.992503 0.065698
v 0.231586 2.205000 -0.411701
v 0.231586 2.205000 -0.088302
v 0.231599 0.996102 -0.571647
v 0.232016 1.192491 -0.080069
v 0.232547 1.155085 -0.439384
v 0.232676 1.002129 0.060789
v 0.233117 1.145885 -0.442935
v 0.233116 1.145885 -0.057068
v 0.233903 1.004547 0.063603
v 0.233918 0.979623 0.095804
v 0.233970 1.146870 -0.054872
v 0.234057 0.997876 -0.574148
v 0.234399 1.156841 -0.441346
v 0.234741 1.205000 -0.410660
v 0.234740 1.205000 -0.089342
v 0.234741 2.205000 -0.410660
v 0.234740 2.205000 -0.089342
v 0.235013 1.193071 -0.080345
v 0.235367 2.205000 -0.400057
v 0.235367 2.205000 -0.099943
v 0.235801 1.148642 -0.052867
v 0.236377 1.006284 0.066026
v 0.236418 0.155000 -0.541310
v 0.236418 0.155000 0.041309
v 0.236605 0.998534 -0.575550
v 0.236954 1.158268 -0.442657
v 0.238126 1.032880 0.033277
v 0.238272 1.205000 -0.408622
v 0.238271 1.205000 -0.091380
v 0.238272 2.205000 -0.408622
v 0.238271 2.205000 -0.091380
v 0.238357 1.150075 -0.051507
v 0.238682 1.038037 -0.525115
v 0.238683 1.038037 0.025113
v 0.238949 1.006955 0.067370
v 0.238989 1.106561 -0.025716
v 0.239019 1.105894 -0.474763
v 0.239220 1.159028 -0.443111
v 0.239386 1.045827 -0.522246
v 0.239394 0.155000 -0.482962
v 0.239394 0.155000 -0.017039
v 0.239452 1.089675 -0.483784
v 0.239451 1.089675 -0.016218
v 0.239528 1.035107 0.035956
v 0.239749 1.205000 -0.392299
v 0.239747 1.205000 -0.107703
v 0.239749 2.205000 -0.392299
v 0.239747 2.205000 -0.107703
v 0.239749 2.205092 -0.392299
v 0.239747 2.205092 -0.107703
v 0.240370 1.068375 0.003819
v 0.240434 0.998447 -0.576571
v 0.240667 1.150838 -0.051015
v 0.240708 1.108462 -0.023455
v 0.240736 1.107807 -0.477039
v 0.240750 2.205000 -0.406410
v 0.240748 2.205000 -0.093592
v 0.240854 1.047996 -0.524871
v 0.241415 1.205000 -0.405366
v 0.241417 1.205000 -0.094644
v 0.241667 2.205000 -0.395789
v 0.241667 2.205000 -0.104211
v 0.241944 1.070427 0.006308
v 0.242064 1.036756 0.038137
v 0.242229 2.205000 -0.403296
v 0.242227 2.205000 -0.096705
v 0.242394 1.159543 -0.442978
v 0.242572 1.205000 -0.400951
v 0.242571 1.205000 -0.099051
v 0.242745 1.006915 0.068285
v 0.243323 1.109310 -0.478686
v 0.243288 1.109958 -0.021821
v 0.243414 1.049620 -0.526960
v 0.243871 1.151329 -0.051115
v 0.243938 0.996287 -0.577494
v 0.243939 0.996287 0.077491
v 0.244516 1.071995 0.008219
v 0.244607 1.037458 0.039256
v 0.245513 0.155000 -0.250437
v 0.245710 1.110051 -0.479372
v 0.245698 1.110705 -0.021134
v 0.245915 1.050327 -0.527986
v 0.245932 1.193070 -0.413351
v 0.247004 1.072722 0.009115
v 0.247671 1.192487 -0.410886
v 0.247743 1.146790 -0.451164
v 0.247742 1.146790 -0.048838
v 0.248242 1.188668 -0.403603
v 0.248309 1.037577 0.039873
v 0.248489 1.191716 -0.408841
v 0.248795 1.190335 -0.406125
v 0.249091 1.111091 -0.021029
v 0.249119 1.110441 -0.479487
v 0.249580 1.050508 -0.528503
v 0.250567 1.072985 0.009458
v 0.252178 0.155000 -0.200452
v 0.252411 0.155000 -0.300390
v 0.252409 1.040901 -0.535806
v 0.252409 1.040901 0.035804
v 0.253690 1.091558 -0.493286
v 0.253690 1.091558 -0.006716
v 0.254136 0.155000 -0.089990
v 0.254883 0.155000 -0.410841
v 0.259415 0.151651 -0.227889
v 0.259520 0.151651 -0.272919
v 0.261756 1.160834 -0.069266
v 0.263460 1.160315 -0.071940
v 0.263587 1.156377 -0.079569
v 0.264203 1.159555 -0.074123
v 0.264352 1.158130 -0.076986
v 0.266720 1.147022 -0.059986
v 0.266817 1.151329 -0.435637
v 0.266848 1.146790 -0.440134
v 0.266912 1.146118 -0.076764
v 0.267034 1.145885 -0.423353
v 0.268492 0.142500 -0.229045
v 0.268502 1.146861 -0.425179
v 0.268507 1.150834 -0.432905
v 0.268592 0.142500 -0.271721
v 0.269229 1.150075 -0.430671
v 0.269329 1.148639 -0.427772
v 0.270513 0.080000 -0.250378
v 0.270513 0.130000 -0.250378
v 0.270805 0.151651 -0.184322
v 0.271112 0.151651 -0.316432
v 0.271923 0.155000 -0.154051
v 0.272371 0.155000 -0.346698
v 0.277377 0.080000 -0.203269
v 0.277377 0.130000 -0.203269
v 0.277596 0.080000 -0.297455
v 0.277596 0.130000 -0.297455
v 0.279286 0.142500 -0.187757
v 0.279578 0.142500 -0.312959
v 0.289154 1.112891 -0.045646
v 0.290159 1.108348 -0.056717
v 0.290263 1.111091 -0.455200
v 0.290765 1.112494 -0.048639
v 0.291242 1.106551 -0.444103
v 0.291254 1.110253 -0.054092
v 0.291372 1.111752 -0.051037
v 0.291869 1.110701 -0.452200
v 0.292346 1.108458 -0.446726
v 0.292473 1.109958 -0.449785
v 0.292934 0.151651 -0.145105
v 0.293424 0.151651 -0.355547
v 0.297599 0.080000 -0.160170
v 0.297599 0.130000 -0.160170
v 0.298019 0.080000 -0.340459
v 0.298019 0.130000 -0.340459
v 0.298098 0.155000 -0.051511
v 0.298966 1.090110 -0.050924
v 0.299024 0.155000 -0.449116
v 0.299244 1.089675 -0.449263
v 0.300062 1.091990 -0.033846
v 0.300259 0.142500 -0.150590
v 0.300353 1.091558 -0.466345
v 0.300723 0.142500 -0.350028
v 0.303319 0.155000 -0.114590
v 0.303951 0.155000 -0.386012
v 0.315927 1.072985 -0.471720
v 0.316129 1.068365 -0.460067
v 0.317411 1.072719 -0.468455
v 0.317504 1.070423 -0.462678
v 0.317875 1.071995 -0.465868
v 0.318013 0.000000 -0.499221
v 0.318013 0.000000 -0.459221
v 0.318013 0.000000 -0.379221
v 0.318013 0.000000 -0.339221
v 0.318013 0.000000 -0.159221
v 0.318013 0.000000 -0.119221
v 0.318013 0.000000 -0.039221
v 0.318013 0.000000 0.000779
v 0.318013 0.020000 -0.499221
v 0.318013 0.020000 -0.459221
v 0.318013 0.020000 -0.379221
v 0.318013 0.020000 -0.339221
v 0.318013 0.020000 -0.159221
v 0.318013 0.020000 -0.119221
v 0.318013 0.020000 -0.039221
v 0.318013 0.020000 0.000779
v 0.324339 0.151651 -0.112832
v 0.324979 0.151651 -0.387672
v 0.329443 0.080000 -0.124782
v 0.329443 0.130000 -0.124782
v 0.330028 0.080000 -0.375699
v 0.330028 0.130000 -0.375699
v 0.330021 0.142500 -0.120005
v 0.330628 0.142500 -0.380474
v 0.330999 1.047908 -0.032302
v 0.331272 1.052584 -0.020372
v 0.332524 1.050066 -0.029714
v 0.332667 1.052394 -0.023790
v 0.333038 1.051686 -0.026458
v 0.334964 1.038625 -0.030942
v 0.335422 1.038037 -0.469262
v 0.337338 1.041484 -0.013712
v 0.337817 1.040901 -0.486496
v 0.342761 1.032869 -0.472853
v 0.343396 1.037577 -0.484971
v 0.344096 0.155000 -0.084924
v 0.344387 1.035102 -0.475410
v 0.344711 1.037455 -0.481448
v 0.344866 0.155000 -0.415489
v 0.345010 1.036756 -0.478702
v 0.350055 0.155000 -0.024793
v 0.351105 0.155000 -0.475590
v 0.362939 0.151651 -0.089642
v 0.363687 0.151651 -0.410683
v 0.366603 0.142500 -0.098027
v 0.367312 0.142500 -0.402281
v 0.369311 1.002117 -0.481890
v 0.370177 0.080000 -0.100140
v 0.370177 0.130000 -0.100140
v 0.370783 1.006917 -0.494358
v 0.370876 0.080000 -0.400151
v 0.370876 0.130000 -0.400151
v 0.371142 1.004542 -0.484361
v 0.371346 0.000000 -0.499221
v 0.371346 0.000000 -0.339221
v 0.371346 0.000000 -0.159221
v 0.371346 0.000000 0.000779
v 0.371346 0.020000 -0.499221
v 0.371346 0.020000 -0.339221
v 0.371346 0.020000 -0.159221
v 0.371346 0.020000 0.000779
v 0.371887 1.006953 -0.490603
v 0.372007 1.006284 -0.487723
v 0.373848 0.993178 -0.017407
v 0.374495 0.992503 -0.482757
v 0.375744 0.995294 -0.016442
v 0.377449 1.000104 -0.003900
v 0.377480 0.996955 -0.000161
v 0.377627 0.997768 -0.013994
v 0.378155 0.996287 -0.500003
v 0.378489 1.000186 -0.007715
v 0.378557 0.999530 -0.010616
v 0.391305 0.155000 -0.067198
v 0.392157 0.155000 -0.432995
v 0.396694 0.974726 -0.487750
v 0.398679 0.977369 -0.490108
v 0.399028 0.979625 -0.500472
v 0.399778 0.979210 -0.493509
v 0.399862 0.979844 -0.496507
v 0.406179 0.151651 -0.077070
v 0.406928 0.155000 -0.011422
v 0.406985 0.151651 -0.423054
v 0.407582 0.142500 -0.086112
v 0.408039 0.155000 -0.488697
v 0.408346 0.142500 -0.414005
v 0.414473 0.955106 -0.010717
v 0.415305 0.954425 -0.489346
v 0.416303 0.080000 -0.088361
v 0.416303 0.130000 -0.088361
v 0.416359 0.957540 -0.010044
v 0.417057 0.080000 -0.411715
v 0.417057 0.130000 -0.411715
v 0.418422 0.960351 -0.007773
v 0.419333 0.959683 0.006416
v 0.419337 0.962507 0.002797
v 0.419686 0.962267 -0.004356
v 0.419932 0.962868 -0.001302
v 0.420199 0.959008 -0.506476
v 0.424679 0.000000 -0.329221
v 0.424679 0.000000 -0.289221
v 0.424679 0.000000 -0.209221
v 0.424679 0.000000 -0.169221
v 0.424679 0.020000 -0.329221
v 0.424679 0.020000 -0.289221
v 0.424679 0.020000 -0.209221
v 0.424679 0.020000 -0.169221
v 0.432675 0.944869 -0.490555
v 0.434755 0.947824 -0.492751
v 0.436132 0.949804 -0.496165
v 0.436136 0.949901 -0.503455
v 0.436516 0.950383 -0.499275
v 0.441531 0.155000 -0.062694
v 0.442403 0.155000 -0.437265
v 0.450245 0.142500 -0.085048
v 0.451013 0.142500 -0.414870
v 0.451195 0.151651 -0.075947
v 0.452006 0.151651 -0.423966
v 0.455644 0.925530 -0.011069
v 0.456639 0.924931 -0.488834
v 0.457318 0.928322 -0.010650
v 0.459383 0.931508 -0.008558
v 0.460927 0.933590 -0.005151
v 0.461542 0.934126 -0.002009
v 0.461559 0.933452 0.002269
v 0.461696 0.930736 0.005832
v 0.462732 0.930143 -0.505728
v 0.463864 0.080000 -0.090456
v 0.463864 0.130000 -0.090456
v 0.464607 0.080000 -0.409399
v 0.464607 0.130000 -0.409399
v 0.465346 0.155000 -0.012188
v 0.466454 0.155000 -0.487659
v 0.468528 0.921895 -0.487957
v 0.470546 0.925177 -0.490016
v 0.472147 0.927301 -0.493412
v 0.472874 0.927820 -0.496575
v 0.473091 0.927060 -0.500863
v 0.478013 0.000000 -0.329221
v 0.478013 0.000000 -0.169221
v 0.478013 0.020000 -0.329221
v 0.478013 0.020000 -0.169221
v 0.491140 0.155000 -0.071738
v 0.491766 0.142500 -0.094906
v 0.491970 0.155000 -0.427990
v 0.492488 0.142500 -0.404818
v 0.495008 0.151651 -0.086349
v 0.495770 0.151651 -0.413360
v 0.496149 0.905320 -0.018453
v 0.497273 0.904897 -0.481237
v 0.497387 0.908447 -0.018152
v 0.499240 0.911986 -0.016158
v 0.500986 0.914222 -0.012791
v 0.502018 0.914693 -0.009651
v 0.502827 0.913720 -0.005374
v 0.503352 0.910947 -0.001896
v 0.503409 0.906323 -0.480064
v 0.504523 0.910527 -0.497779
v 0.505182 0.909889 -0.482085
v 0.506938 0.912136 -0.485450
v 0.508045 0.912600 -0.488584
v 0.508777 0.080000 -0.106243
v 0.508777 0.130000 -0.106243
v 0.509009 0.911598 -0.492808
v 0.509446 0.080000 -0.393402
v 0.509446 0.130000 -0.393402
v 0.521849 0.155000 -0.027047
v 0.522886 0.155000 -0.472537
v 0.529398 0.142500 -0.115034
v 0.530026 0.142500 -0.384516
v 0.534716 0.151651 -0.107587
v 0.534795 0.895072 -0.032652
v 0.535378 0.151651 -0.391938
v 0.536000 0.894917 -0.466780
v 0.536241 0.900914 -0.031215
v 0.536545 0.155000 -0.093676
v 0.537272 0.155000 -0.405840
v 0.537414 0.900766 -0.468229
v 0.538269 0.894044 -0.465688
v 0.538756 0.904519 -0.026861
v 0.538937 0.892470 -0.034640
v 0.539715 0.896288 -0.034366
v 0.539930 0.904374 -0.472582
v 0.540150 0.892336 -0.464759
v 0.541379 0.904508 -0.021257
v 0.541537 0.887850 -0.035938
v 0.541865 0.895102 -0.464510
v 0.542421 0.892741 -0.035816
v 0.542584 0.904360 -0.478173
v 0.542642 0.899275 -0.033256
v 0.542753 0.887707 -0.463441
v 0.543105 0.900884 -0.016548
v 0.543381 0.825000 -0.036883
v 0.543381 0.877031 -0.036883
v 0.543459 0.825153 -0.036923
v 0.544360 0.900730 -0.482860
v 0.544603 0.825000 -0.462480
v 0.544603 0.876871 -0.462480
v 0.544680 0.825153 -0.462440
v 0.544954 0.884965 -0.037298
v 0.545048 0.897811 -0.465372
v 0.545450 0.901228 -0.030695
v 0.545843 0.894787 -0.035317
v 0.546131 0.884756 -0.462064
v 0.547177 0.901731 -0.027980
v 0.547187 0.080000 -0.134369
v 0.547187 0.130000 -0.134369
v 0.547725 0.080000 -0.365097
v 0.547725 0.130000 -0.365097
v 0.548052 0.899621 -0.467715
v 0.548249 0.885752 -0.037399
v 0.548304 0.877031 -0.037998
v 0.548631 0.901095 -0.023961
v 0.549025 0.896226 -0.033408
v 0.549442 0.885545 -0.461931
v 0.549519 0.876871 -0.461337
v 0.549834 0.900137 -0.470246
v 0.550736 0.837716 -0.037617
v 0.550957 0.896739 -0.031125
v 0.551069 0.897562 -0.021858
v 0.551350 0.899695 -0.474206
v 0.551408 0.886375 -0.036401
v 0.551953 0.837716 -0.461704
v 0.552338 0.897436 -0.477494
v 0.552585 0.896611 -0.027458
v 0.552626 0.886170 -0.462910
v 0.553144 0.877031 -0.036567
v 0.553494 0.886689 -0.034934
v 0.554367 0.876871 -0.462740
v 0.554686 0.886479 -0.464332
v 0.555375 0.891459 -0.026510
v 0.555591 0.886865 -0.032283
v 0.556669 0.847180 -0.032954
v 0.556669 0.877031 -0.032954
v 0.556637 0.891323 -0.472803
v 0.556824 0.886657 -0.466975
v 0.557913 0.847180 -0.466333
v 0.557913 0.876871 -0.466333
v 0.559035 0.850734 -0.028800
v 0.559329 0.855000 0.011929
v 0.560288 0.850716 -0.470447
v 0.560648 0.142500 -0.144097
v 0.560692 0.855000 -0.511147
v 0.561139 0.142500 -0.355307
v 0.561703 0.853273 -0.024118
v 0.562620 0.855000 0.009426
v 0.562688 0.854346 0.009990
v 0.562964 0.853250 -0.475082
v 0.564566 0.854698 -0.019093
v 0.565837 0.854683 -0.480058
v 0.565836 0.855000 -0.506497
v 0.566379 0.855000 -0.015238
v 0.567690 0.151651 -0.138254
v 0.567710 0.855000 -0.484002
v 0.568023 0.855000 -0.001596
v 0.568193 0.850140 0.006812
v 0.568209 0.151651 -0.361117
v 0.568916 0.855000 -0.499876
v 0.569331 0.848775 0.005963
v 0.572657 0.842496 0.004234
v 0.573087 0.155000 -0.055117
v 0.573483 0.840321 0.003709
v 0.573993 0.155000 -0.444228
v 0.574462 0.155000 -0.126921
v 0.575033 0.155000 -0.372419
v 0.575798 0.080000 -0.172420
v 0.575798 0.130000 -0.172420
v 0.576158 0.080000 -0.326914
v 0.576158 0.130000 -0.326914
v 0.576569 0.080000 0.001975
v 0.576569 0.820752 0.001975
v 0.578013 0.080000 -0.501147
v 0.578013 0.855000 -0.501147
v 0.583446 0.142500 -0.180173
v 0.583770 0.142500 -0.319125
v 0.584500 0.840000 -0.058696
v 0.585554 0.840000 -0.440464
v 0.587113 0.825000 -0.066008
v 0.588117 0.825000 -0.433146
v 0.591317 0.850981 -0.050088
v 0.591746 0.151651 -0.176321
v 0.592088 0.151651 -0.322939
v 0.592153 0.080000 -0.217129
v 0.592153 0.130000 -0.217129
v 0.592305 0.080000 -0.282129
v 0.592305 0.130000 -0.282129
v 0.592418 0.850981 -0.449035
v 0.594121 0.139628 -0.217125
v 0.594273 0.139628 -0.282125
v 0.599684 0.147740 -0.217112
v 0.599835 0.147740 -0.282112
v 0.602147 0.155000 -0.169069
v 0.602522 0.155000 -0.330143
v 0.606971 0.855000 -0.017969
v 0.607930 0.153119 -0.217093
v 0.608081 0.153119 -0.282092
v 0.616025 0.155000 -0.094737
v 0.616427 0.855000 -0.051861
v 0.616746 0.155000 -0.404409
v 0.617498 0.855000 -0.447142
v 0.617598 0.155000 -0.217070
v 0.617750 0.155000 -0.282070
v 0.618208 0.840000 -0.091103
v 0.619048 0.840000 -0.407912
v 0.621057 0.080000 -0.029230
v 0.622274 0.080000 -0.469728
v 0.623459 0.825000 -0.103952
v 0.624216 0.825000 -0.395056
v 0.626541 0.850981 -0.083953
v 0.627420 0.850981 -0.415018
v 0.627417 0.855000 -0.465190
v 0.645115 0.840000 -0.129344
v 0.645727 0.840000 -0.369575
v 0.645701 0.855000 -0.052862
v 0.648117 0.155000 -0.143557
v 0.648610 0.155000 -0.355440
v 0.650677 0.825000 -0.148895
v 0.651173 0.825000 -0.350031
v 0.651235 0.000000 0.132072
v 0.651235 0.080000 0.132072
v 0.653013 0.000000 -0.631051
v 0.653013 0.080000 -0.631051
v 0.654660 0.850981 -0.123914
v 0.655299 0.850981 -0.374956
v 0.656798 0.855000 -0.098937
v 0.657576 0.855000 -0.399905
v 0.658943 0.080000 -0.068188
v 0.659905 0.080000 -0.430610
v 0.664235 0.840000 -0.172015
v 0.664612 0.840000 -0.326857
v 0.667463 0.155000 -0.198685
v 0.667463 0.825000 -0.198685
v 0.667480 0.825105 -0.198765
v 0.667699 0.155000 -0.300223
v 0.667699 0.825000 -0.300223
v 0.667716 0.825105 -0.300142
v 0.668191 0.855000 -0.419679
v 0.671299 0.155000 -0.206797
v 0.671498 0.155000 -0.292093
v 0.673924 0.840451 -0.209542
v 0.674110 0.840451 -0.289335
v 0.674640 0.850981 -0.168506
v 0.675034 0.850981 -0.330315
v 0.677559 0.855000 -0.094125
v 0.678297 0.155000 -0.212415
v 0.678469 0.155000 -0.286442
v 0.685363 0.855000 -0.153983
v 0.685832 0.855000 -0.344776
v 0.687047 0.155000 -0.214408
v 0.687047 0.851798 -0.214408
v 0.687210 0.155000 -0.284408
v 0.687210 0.851798 -0.284408
v 0.688895 0.080000 -0.113530
v 0.689587 0.080000 -0.385166
v 0.697269 0.155000 -0.214384
v 0.697269 0.854812 -0.214384
v 0.697432 0.155000 -0.284384
v 0.697432 0.854812 -0.284384
v 0.698524 0.855000 -0.366635
v 0.700615 0.855000 -0.214095
v 0.700779 0.855000 -0.284658
v 0.701514 0.855000 -0.140424
v 0.708421 0.155000 -0.210955
v 0.708600 0.155000 -0.287762
v 0.709863 0.080000 -0.163664
v 0.710204 0.855000 -0.209599
v 0.710280 0.080000 -0.334986
v 0.710389 0.855000 -0.289109
v 0.714398 0.000000 0.088264
v 0.714398 0.080000 0.088264
v 0.715762 0.155000 -0.201887
v 0.715970 0.000000 -0.586950
v 0.715970 0.080000 -0.586950
v 0.715983 0.155000 -0.296796
v 0.716153 0.855000 -0.200837
v 0.716379 0.855000 -0.297844
v 0.716794 0.155000 -0.190265
v 0.716794 0.855000 -0.190265
v 0.717069 0.155000 -0.308413
v 0.717069 0.855000 -0.308413
v 0.718506 0.155000 -0.199074
v 0.718740 0.155000 -0.299596
v 0.719945 0.155000 -0.207931
v 0.720138 0.155000 -0.290732
v 0.721109 0.080000 -0.216829
v 0.721109 0.155000 -0.216829
v 0.721261 0.080000 -0.281829
v 0.721261 0.155000 -0.281829
v 0.768972 0.000000 0.034133
v 0.768972 0.080000 0.034133
v 0.770292 0.000000 -0.532565
v 0.770292 0.080000 -0.532565
v 0.813293 0.000000 -0.028670
v 0.813293 0.080000 -0.028670
v 0.814320 0.000000 -0.469556
v 0.814320 0.080000 -0.469556
v 0.846008 0.000000 -0.098228
v 0.846008 0.080000 -0.098228
v 0.846711 0.000000 -0.399847
v 0.846711 0.080000 -0.399847
v 0.866119 0.000000 -0.172418
v 0.866119 0.080000 -0.172418
v 0.866476 0.000000 -0.325564
v 0.866476 0.080000 -0.325564
v 0.873011 0.000000 -0.248975
v 0.873011 0.080000 -0.248975
vt 0.128232 -0.414058 0.000000
vt 0.119695 -0.413684 0.000000
vt 0.119695 -0.558621 0.000000
vt 0.119695 -0.703559 0.000000
vt 0.119695 -0.848497 0.000000
vt 0.119695 -0.993434 0.000000
vt 0.130787 -0.992615 0.000000
vt 0.145853 -0.992615 0.000000
vt 0.160919 -0.992615 0.000000
vt 0.175985 -0.992615 0.000000
vt 0.206037 -1.000024 0.000000
vt 0.239000 -1.017670 0.000000
vt 0.239389 -1.017899 0.000000
vt 0.239389 -0.879815 0.000000
vt 0.239389 -0.741732 0.000000
vt 0.239389 -0.603648 0.000000
vt 0.239389 -0.465564 0.000000
vt 0.239095 -0.465325 0.000000
vt 0.199725 -0.435541 0.000000
vt 0.155219 -0.417363 0.000000
vt 0.159593 -0.897056 0.000000
vt 0.159593 -0.534527 0.000000
vt 0.199491 -0.534527 0.000000
vt 0.159593 -0.655370 0.000000
vt 0.199491 -0.655370 0.000000
vt 0.159593 -0.776213 0.000000
vt 0.199491 -0.776213 0.000000
vt 0.199491 -0.897056 0.000000
vt -0.634111 -1.235726 0.000000
vt -0.790055 -1.217968 0.000000
vt -0.937877 -1.165220 0.000000
vt -1.069836 -1.080246 0.000000
vt -1.179020 -0.967496 0.000000
vt -1.194456 -0.989528 0.000000
vt -1.196476 -1.016353 0.000000
vt -1.184515 -1.040449 0.000000
vt -1.069882 -1.144449 0.000000
vt -0.936048 -1.222198 0.000000
vt -0.788922 -1.270265 0.000000
vt -0.635000 -1.286526 0.000000
vt -0.584200 -1.286526 0.000000
vt -0.601422 -1.282829 0.000000
vt -0.616604 -1.272177 0.000000
vt 1.968500 0.036570 0.000000
vt 1.968022 0.045109 0.000000
vt 0.190500 0.045109 0.000000
vt 0.190500 0.015036 0.000000
vt 0.190500 -0.015036 0.000000
vt 0.190500 -0.045109 0.000000
vt 1.968500 -0.045109 0.000000
vt 1.968500 -0.017883 0.000000
vt 1.968500 0.009343 0.000000
vt 0.130787 0.330872 0.000000
vt 0.119695 0.331691 0.000000
vt 0.119695 0.186753 0.000000
vt 0.119695 0.041816 0.000000
vt 0.119695 -0.103122 0.000000
vt 0.119695 -0.248060 0.000000
vt 0.128232 -0.247686 0.000000
vt 0.155219 -0.244380 0.000000
vt 0.199655 -0.226249 0.000000
vt 0.239001 -0.196495 0.000000
vt 0.239389 -0.196179 0.000000
vt 0.239389 -0.058096 0.000000
vt 0.239389 0.079988 0.000000
vt 0.239389 0.218072 0.000000
vt 0.239389 0.356155 0.000000
vt 0.239000 0.355927 0.000000
vt 0.206037 0.338280 0.000000
vt 0.175985 0.330872 0.000000
vt 0.160919 0.330872 0.000000
vt 0.145853 0.330872 0.000000
vt 0.159593 0.235312 0.000000
vt 0.199491 0.235312 0.000000
vt 0.159593 0.114469 0.000000
vt 0.199491 0.114469 0.000000
vt 0.159593 -0.006374 0.000000
vt 0.199491 -0.006374 0.000000
vt 0.159593 -0.127217 0.000000
vt 0.199491 -0.127217 0.000000
vt 1.701800 -0.996782 0.000000
vt 1.833552 -0.996782 0.000000
vt 1.861076 -0.991486 0.000000
vt 1.872833 -0.984076 0.000000
vt 1.877171 -0.978748 0.000000
vt 1.879390 -0.972353 0.000000
vt 1.904739 -0.867224 0.000000
vt 1.955625 -0.762096 0.000000
vt 2.030539 -0.656967 0.000000
vt 2.127259 -0.551839 0.000000
vt 2.242914 -0.446710 0.000000
vt 2.374074 -0.341582 0.000000
vt 2.516848 -0.236453 0.000000
vt 2.667000 -0.131325 0.000000
vt 5.207000 -0.131325 0.000000
vt 5.207233 -0.131325 0.000000
vt 5.227321 -0.049563 0.000000
vt 5.275663 0.019745 0.000000
vt 5.343081 0.072048 0.000000
vt 5.422316 0.113179 0.000000
vt 5.422900 0.113456 0.000000
vt 6.011393 0.113456 0.000000
vt 6.011393 0.208199 0.000000
vt 6.011393 0.302942 0.000000
vt 6.011393 0.397684 0.000000
vt 5.422900 0.397684 0.000000
vt 5.422316 0.397962 0.000000
vt 5.343081 0.439093 0.000000
vt 5.275663 0.491396 0.000000
vt 5.227321 0.560704 0.000000
vt 5.207233 0.642466 0.000000
vt 5.207000 0.642466 0.000000
vt 2.667000 0.642466 0.000000
vt 2.516848 0.747594 0.000000
vt 2.374074 0.852723 0.000000
vt 2.242914 0.957851 0.000000
vt 2.127259 1.062980 0.000000
vt 2.030539 1.168108 0.000000
vt 1.955625 1.273237 0.000000
vt 1.904739 1.378365 0.000000
vt 1.879390 1.483493 0.000000
vt 1.877177 1.489859 0.000000
vt 1.872832 1.495218 0.000000
vt 1.861086 1.502634 0.000000
vt 1.833552 1.507923 0.000000
vt 1.701800 1.507923 0.000000
vt 1.701800 1.641130 0.000000
vt 1.701800 1.774336 0.000000
vt 1.701800 1.907543 0.000000
vt 1.701800 2.040750 0.000000
vt 0.000000 2.040750 0.000000
vt 0.000000 1.891985 0.000000
vt 0.000000 1.743220 0.000000
vt 0.000000 1.594455 0.000000
vt 0.000000 1.445690 0.000000
vt 0.000000 1.296925 0.000000
vt 0.000000 1.148160 0.000000
vt 0.000000 0.999395 0.000000
vt 0.000000 0.850630 0.000000
vt 0.000000 0.701865 0.000000
vt 0.000000 0.553100 0.000000
vt 0.000000 0.404335 0.000000
vt 0.000000 0.255570 0.000000
vt 0.000000 0.106805 0.000000
vt 0.000000 -0.041959 0.000000
vt 0.000000 -0.190724 0.000000
vt 0.000000 -0.339489 0.000000
vt 0.000000 -0.488254 0.000000
vt 0.000000 -0.637019 0.000000
vt 0.000000 -0.785784 0.000000
vt 0.000000 -0.934549 0.000000
vt 0.000000 -1.083314 0.000000
vt 0.000000 -1.232079 0.000000
vt 0.000000 -1.380844 0.000000
vt 0.000000 -1.529609 0.000000
vt 1.701800 -1.529609 0.000000
vt 1.701800 -1.396402 0.000000
vt 1.701800 -1.263196 0.000000
vt 1.701800 -1.129989 0.000000
vt 1.701800 -0.034484 0.000000
vt 1.702188 -0.034179 0.000000
vt 1.739758 -0.003036 0.000000
vt 1.769868 0.034484 0.000000
vt -0.000000 0.034484 0.000000
vt -0.000000 0.011495 0.000000
vt -0.000000 -0.011495 0.000000
vt -0.000000 -0.034484 0.000000
vt -0.042372 1.769868 0.000000
vt -0.068338 1.777522 0.000000
vt -0.068338 0.000000 0.000000
vt -0.042372 0.000000 0.000000
vt -1.968022 0.045109 0.000000
vt -1.968500 0.036570 0.000000
vt -1.968500 0.009343 0.000000
vt -1.968500 -0.017883 0.000000
vt -1.968500 -0.045109 0.000000
vt -0.190500 -0.045109 0.000000
vt -0.190500 -0.015036 0.000000
vt -0.190500 0.015036 0.000000
vt -0.190500 0.045109 0.000000
vt 0.128232 0.910901 0.000000
vt 0.119695 0.911275 0.000000
vt 0.119695 0.765969 0.000000
vt 0.119695 0.620664 0.000000
vt 0.119695 0.475358 0.000000
vt 0.119695 0.330053 0.000000
vt 0.130787 0.330872 0.000000
vt 0.145853 0.330872 0.000000
vt 0.160919 0.330872 0.000000
vt 0.175985 0.330872 0.000000
vt 0.206037 0.323463 0.000000
vt 0.239000 0.305817 0.000000
vt 0.239389 0.305588 0.000000
vt 0.239389 0.444040 0.000000
vt 0.239389 0.582491 0.000000
vt 0.239389 0.720943 0.000000
vt 0.239389 0.859394 0.000000
vt 0.239122 0.859612 0.000000
vt 0.198162 0.890418 0.000000
vt 0.155219 0.907596 0.000000
vt 0.159593 0.426726 0.000000
vt 0.159593 0.790138 0.000000
vt 0.199491 0.790138 0.000000
vt 0.159593 0.669000 0.000000
vt 0.199491 0.669000 0.000000
vt 0.159593 0.547863 0.000000
vt 0.199491 0.547863 0.000000
vt 0.199491 0.426726 0.000000
vt 1.968500 0.036570 0.000000
vt 1.968022 0.045109 0.000000
vt 0.190500 0.045109 0.000000
vt 0.190500 0.015036 0.000000
vt 0.190500 -0.015036 0.000000
vt 0.190500 -0.045109 0.000000
vt 1.968500 -0.045109 0.000000
vt 1.968500 -0.017883 0.000000
vt 1.968500 0.009343 0.000000
vt -0.059795 1.777522 0.000000
vt -0.085761 1.769868 0.000000
vt -0.085761 0.000000 0.000000
vt -0.059795 0.000000 0.000000
vt -1.769868 0.034484 0.000000
vt -1.741045 -0.001833 0.000000
vt -1.702067 -0.034275 0.000000
vt -1.701800 -0.034484 0.000000
vt -0.000000 -0.034484 0.000000
vt -0.000000 -0.011495 0.000000
vt -0.000000 0.011495 0.000000
vt -0.000000 0.034484 0.000000
vt 1.701800 -0.892657 0.000000
vt 1.701800 -0.759095 0.000000
vt 1.701800 -0.625534 0.000000
vt 1.701800 -0.491972 0.000000
vt 1.701800 -0.358411 0.000000
vt 1.833552 -0.358411 0.000000
vt 1.861076 -0.353115 0.000000
vt 1.872833 -0.345704 0.000000
vt 1.877171 -0.340376 0.000000
vt 1.879390 -0.333981 0.000000
vt 1.904739 -0.228853 0.000000
vt 1.955625 -0.123724 0.000000
vt 2.030539 -0.018596 0.000000
vt 2.127259 0.086533 0.000000
vt 2.242914 0.191661 0.000000
vt 2.374074 0.296790 0.000000
vt 2.516848 0.401918 0.000000
vt 2.667000 0.507047 0.000000
vt 5.207000 0.507047 0.000000
vt 5.207233 0.507047 0.000000
vt 5.227321 0.588808 0.000000
vt 5.275663 0.658116 0.000000
vt 5.343081 0.710420 0.000000
vt 5.422316 0.751550 0.000000
vt 5.422900 0.751828 0.000000
vt 6.011393 0.751828 0.000000
vt 6.011393 0.846571 0.000000
vt 6.011393 0.941313 0.000000
vt 6.011393 1.036056 0.000000
vt 5.422900 1.036056 0.000000
vt 5.422316 1.036334 0.000000
vt 5.343082 1.077464 0.000000
vt 5.275666 1.129766 0.000000
vt 5.227323 1.199072 0.000000
vt 5.207233 1.280832 0.000000
vt 5.207000 1.280832 0.000000
vt 2.667000 1.280832 0.000000
vt 2.517439 1.385538 0.000000
vt 2.375179 1.490244 0.000000
vt 2.244407 1.594950 0.000000
vt 2.128971 1.699656 0.000000
vt 2.032269 1.804362 0.000000
vt 1.957146 1.909068 0.000000
vt 1.905813 2.013774 0.000000
vt 1.879782 2.118481 0.000000
vt 1.873173 2.130151 0.000000
vt 1.861438 2.137531 0.000000
vt 1.833958 2.142796 0.000000
vt 1.701800 2.142796 0.000000
vt 1.701800 2.276522 0.000000
vt 1.701800 2.410249 0.000000
vt 1.701800 2.543975 0.000000
vt 1.701800 2.677702 0.000000
vt 0.000000 2.677702 0.000000
vt 0.000000 2.528937 0.000000
vt 0.000000 2.380172 0.000000
vt 0.000000 2.231407 0.000000
vt 0.000000 2.082642 0.000000
vt 0.000000 1.933877 0.000000
vt 0.000000 1.785112 0.000000
vt 0.000000 1.636347 0.000000
vt 0.000000 1.487582 0.000000
vt 0.000000 1.338817 0.000000
vt 0.000000 1.190052 0.000000
vt 0.000000 1.041287 0.000000
vt 0.000000 0.892522 0.000000
vt 0.000000 0.743757 0.000000
vt 0.000000 0.594992 0.000000
vt 0.000000 0.446227 0.000000
vt 0.000000 0.297463 0.000000
vt 0.000000 0.148698 0.000000
vt 0.000000 -0.000067 0.000000
vt 0.000000 -0.148832 0.000000
vt 0.000000 -0.297597 0.000000
vt 0.000000 -0.446362 0.000000
vt 0.000000 -0.595127 0.000000
vt 0.000000 -0.743892 0.000000
vt 0.000000 -0.892657 0.000000
vt 0.130520 1.657986 0.000000
vt 0.119695 1.658764 0.000000
vt 0.119695 1.513298 0.000000
vt 0.119695 1.367831 0.000000
vt 0.119695 1.222365 0.000000
vt 0.119695 1.076899 0.000000
vt 0.128232 1.077273 0.000000
vt 0.155219 1.080578 0.000000
vt 0.198163 1.097757 0.000000
vt 0.239122 1.128562 0.000000
vt 0.239389 1.128780 0.000000
vt 0.239389 1.267402 0.000000
vt 0.239389 1.406024 0.000000
vt 0.239389 1.544647 0.000000
vt 0.239389 1.683269 0.000000
vt 0.239000 1.683041 0.000000
vt 0.206037 1.665394 0.000000
vt 0.175985 1.657986 0.000000
vt 0.160830 1.657986 0.000000
vt 0.145675 1.657986 0.000000
vt 0.159593 1.561995 0.000000
vt 0.199491 1.561995 0.000000
vt 0.159593 1.440721 0.000000
vt 0.199491 1.440721 0.000000
vt 0.159593 1.319447 0.000000
vt 0.199491 1.319447 0.000000
vt 0.159593 1.198173 0.000000
vt 0.199491 1.198173 0.000000
vt 1.701800 -0.034484 0.000000
vt 1.702067 -0.034275 0.000000
vt 1.741045 -0.001834 0.000000
vt 1.769868 0.034484 0.000000
vt -0.000000 0.034484 0.000000
vt -0.000000 0.011495 0.000000
vt -0.000000 -0.011495 0.000000
vt -0.000000 -0.034484 0.000000
vt -0.042372 1.769868 0.000000
vt -0.068338 1.777522 0.000000
vt -0.068338 0.000000 0.000000
vt -0.042372 0.000000 0.000000
vt -1.968022 0.045109 0.000000
vt -1.968500 0.036570 0.000000
vt -1.968500 0.009343 0.000000
vt -1.968500 -0.017883 0.000000
vt -1.968500 -0.045109 0.000000
vt -0.190500 -0.045109 0.000000
vt -0.190500 -0.015036 0.000000
vt -0.190500 0.015036 0.000000
vt -0.190500 0.045109 0.000000
vt 0.128232 -1.737548 0.000000
vt 0.119695 -1.737174 0.000000
vt 0.119695 -1.882112 0.000000
vt 0.119695 -2.027050 0.000000
vt 0.119695 -2.171989 0.000000
vt 0.119695 -2.316927 0.000000
vt 0.130787 -2.316108 0.000000
vt 0.145853 -2.316108 0.000000
vt 0.160919 -2.316108 0.000000
vt 0.175985 -2.316108 0.000000
vt 0.206037 -2.323517 0.000000
vt 0.239000 -2.341163 0.000000
vt 0.239389 -2.341392 0.000000
vt 0.239389 -2.203307 0.000000
vt 0.239389 -2.065223 0.000000
vt 0.239389 -1.927139 0.000000
vt 0.239389 -1.789054 0.000000
vt 0.239001 -1.788738 0.000000
vt 0.199655 -1.758985 0.000000
vt 0.155219 -1.740853 0.000000
vt 0.159593 -2.220548 0.000000
vt 0.159593 -1.858017 0.000000
vt 0.199491 -1.858017 0.000000
vt 0.159593 -1.978861 0.000000
vt 0.199491 -1.978861 0.000000
vt 0.159593 -2.099705 0.000000
vt 0.199491 -2.099705 0.000000
vt 0.199491 -2.220548 0.000000
vt 1.968500 0.036570 0.000000
vt 1.968022 0.045109 0.000000
vt 0.190500 0.045109 0.000000
vt 0.190500 0.015036 0.000000
vt 0.190500 -0.015036 0.000000
vt 0.190500 -0.045109 0.000000
vt 1.968500 -0.045109 0.000000
vt 1.968500 -0.017883 0.000000
vt 1.968500 0.009343 0.000000
vt -0.059795 1.777522 0.000000
vt -0.085761 1.769868 0.000000
vt -0.085761 0.000000 0.000000
vt -0.059795 0.000000 0.000000
vt -1.769868 0.034484 0.000000
vt -1.739758 -0.003036 0.000000
vt -1.702188 -0.034179 0.000000
vt -1.701800 -0.034484 0.000000
vt -0.000000 -0.034484 0.000000
vt -0.000000 -0.011495 0.000000
vt -0.000000 0.011495 0.000000
vt -0.000000 0.034484 0.000000
vt 1.701800 -1.529606 0.000000
vt 1.701800 -1.396399 0.000000
vt 1.701800 -1.263191 0.000000
vt 1.701800 -1.129984 0.000000
vt 1.701800 -0.996777 0.000000
vt 1.833552 -0.996777 0.000000
vt 1.861076 -0.991480 0.000000
vt 1.872833 -0.984070 0.000000
vt 1.877171 -0.978742 0.000000
vt 1.879390 -0.972347 0.000000
vt 1.904739 -0.867218 0.000000
vt 1.955625 -0.762090 0.000000
vt 2.030539 -0.656961 0.000000
vt 2.127259 -0.551833 0.000000
vt 2.242914 -0.446705 0.000000
vt 2.374074 -0.341576 0.000000
vt 2.516848 -0.236448 0.000000
vt 2.667000 -0.131319 0.000000
vt 5.207000 -0.131319 0.000000
vt 5.207233 -0.131319 0.000000
vt 5.227323 -0.049560 0.000000
vt 5.275666 0.019747 0.000000
vt 5.343082 0.072049 0.000000
vt 5.422316 0.113179 0.000000
vt 5.422900 0.113456 0.000000
vt 6.011393 0.113456 0.000000
vt 6.011393 0.208199 0.000000
vt 6.011393 0.302942 0.000000
vt 6.011393 0.397684 0.000000
vt 5.422900 0.397684 0.000000
vt 5.422316 0.397962 0.000000
vt 5.343081 0.439093 0.000000
vt 5.275663 0.491396 0.000000
vt 5.227321 0.560704 0.000000
vt 5.207233 0.642466 0.000000
vt 5.207000 0.642466 0.000000
vt 2.667000 0.642466 0.000000
vt 2.516848 0.747594 0.000000
vt 2.374074 0.852723 0.000000
vt 2.242914 0.957851 0.000000
vt 2.127259 1.062980 0.000000
vt 2.030539 1.168108 0.000000
vt 1.955625 1.273237 0.000000
vt 1.904739 1.378365 0.000000
vt 1.879390 1.483493 0.000000
vt 1.877177 1.489859 0.000000
vt 1.872832 1.495218 0.000000
vt 1.861086 1.502634 0.000000
vt 1.833552 1.507923 0.000000
vt 1.701800 1.507923 0.000000
vt 1.701800 1.641131 0.000000
vt 1.701800 1.774338 0.000000
vt 1.701800 1.907545 0.000000
vt 1.701800 2.040753 0.000000
vt 0.000000 2.040753 0.000000
vt 0.000000 1.891988 0.000000
vt 0.000000 1.743223 0.000000
vt 0.000000 1.594458 0.000000
vt 0.000000 1.445693 0.000000
vt 0.000000 1.296928 0.000000
vt 0.000000 1.148163 0.000000
vt 0.000000 0.999398 0.000000
vt 0.000000 0.850633 0.000000
vt 0.000000 0.701868 0.000000
vt 0.000000 0.553103 0.000000
vt 0.000000 0.404338 0.000000
vt 0.000000 0.255573 0.000000
vt 0.000000 0.106808 0.000000
vt 0.000000 -0.041957 0.000000
vt 0.000000 -0.190722 0.000000
vt 0.000000 -0.339486 0.000000
vt 0.000000 -0.488251 0.000000
vt 0.000000 -0.637016 0.000000
vt 0.000000 -0.785781 0.000000
vt 0.000000 -0.934546 0.000000
vt 0.000000 -1.083311 0.000000
vt 0.000000 -1.232076 0.000000
vt 0.000000 -1.380841 0.000000
vt 0.000000 -1.529606 0.000000
vt 0.130787 -0.992615 0.000000
vt 0.119695 -0.991796 0.000000
vt 0.119695 -1.136734 0.000000
vt 0.119695 -1.281673 0.000000
vt 0.119695 -1.426611 0.000000
vt 0.119695 -1.571550 0.000000
vt 0.128232 -1.571176 0.000000
vt 0.155219 -1.567870 0.000000
vt 0.199725 -1.549693 0.000000
vt 0.239095 -1.519908 0.000000
vt 0.239389 -1.519669 0.000000
vt 0.239389 -1.381585 0.000000
vt 0.239389 -1.243500 0.000000
vt 0.239389 -1.105416 0.000000
vt 0.239389 -0.967332 0.000000
vt 0.239000 -0.967560 0.000000
vt 0.206037 -0.985207 0.000000
vt 0.175985 -0.992615 0.000000
vt 0.160919 -0.992615 0.000000
vt 0.145853 -0.992615 0.000000
vt 0.159593 -1.088175 0.000000
vt 0.199491 -1.088175 0.000000
vt 0.159593 -1.209019 0.000000
vt 0.199491 -1.209019 0.000000
vt 0.159593 -1.329863 0.000000
vt 0.199491 -1.329863 0.000000
vt 0.159593 -1.450706 0.000000
vt 0.199491 -1.450706 0.000000
vt 1.701800 -0.034484 0.000000
vt 1.702094 -0.034253 0.000000
vt 1.739697 -0.003093 0.000000
vt 1.769868 0.034484 0.000000
vt -0.000000 0.034484 0.000000
vt -0.000000 0.011495 0.000000
vt -0.000000 -0.011495 0.000000
vt -0.000000 -0.034484 0.000000
vt -0.042372 1.769868 0.000000
vt -0.068338 1.777522 0.000000
vt -0.068338 0.000000 0.000000
vt -0.042372 0.000000 0.000000
vt -1.968022 0.045109 0.000000
vt -1.968500 0.036570 0.000000
vt -1.968500 0.009343 0.000000
vt -1.968500 -0.017883 0.000000
vt -1.968500 -0.045109 0.000000
vt -0.190500 -0.045109 0.000000
vt -0.190500 -0.015036 0.000000
vt -0.190500 0.015036 0.000000
vt -0.190500 0.045109 0.000000
vt -0.423177 -0.038897 0.000000
vt -0.282118 -0.038897 0.000000
vt -0.141059 -0.038897 0.000000
vt -0.000000 -0.038897 0.000000
vt -0.000000 -0.005992 0.000000
vt -0.000000 0.026914 0.000000
vt -0.000000 0.059819 0.000000
vt -0.000000 0.092724 0.000000
vt -0.141059 0.092724 0.000000
vt -0.282118 0.092724 0.000000
vt -0.423177 0.092724 0.000000
vt -0.423177 0.059819 0.000000
vt -0.423177 0.026914 0.000000
vt -0.423177 -0.005992 0.000000
vt 39.475048 -1.102851 0.000000
vt 39.616108 -1.102851 0.000000
vt 39.757168 -1.102851 0.000000
vt 39.898228 -1.102851 0.000000
vt 39.898228 -1.007834 0.000000
vt 39.898228 -0.912818 0.000000
vt 39.898228 -0.817801 0.000000
vt 39.757168 -0.817801 0.000000
vt 39.616108 -0.817801 0.000000
vt 39.475048 -0.817801 0.000000
vt 39.475048 -0.912818 0.000000
vt 39.475048 -1.007834 0.000000
vt -0.423177 0.068758 0.000000
vt -0.282118 0.068758 0.000000
vt -0.141059 0.068758 0.000000
vt -0.000000 0.068758 0.000000
vt -0.000000 0.101663 0.000000
vt -0.000000 0.134569 0.000000
vt -0.000000 0.167474 0.000000
vt -0.000000 0.200379 0.000000
vt -0.141059 0.200379 0.000000
vt -0.282118 0.200379 0.000000
vt -0.423177 0.200379 0.000000
vt -0.423177 0.167474 0.000000
vt -0.423177 0.134569 0.000000
vt -0.423177 0.101663 0.000000
vt 39.475048 1.458018 0.000000
vt 39.616108 1.458018 0.000000
vt 39.757168 1.458018 0.000000
vt 39.898228 1.458018 0.000000
vt 39.898228 1.553035 0.000000
vt 39.898228 1.648052 0.000000
vt 39.898228 1.743068 0.000000
vt 39.757168 1.743068 0.000000
vt 39.616108 1.743068 0.000000
vt 39.475048 1.743068 0.000000
vt 39.475048 1.648052 0.000000
vt 39.475048 1.553035 0.000000
vt -0.423177 -0.146552 0.000000
vt -0.282118 -0.146552 0.000000
vt -0.141059 -0.146552 0.000000
vt -0.000000 -0.146552 0.000000
vt -0.000000 -0.113646 0.000000
vt -0.000000 -0.080741 0.000000
vt -0.000000 -0.047836 0.000000
vt -0.000000 -0.014931 0.000000
vt -0.141059 -0.014931 0.000000
vt -0.282118 -0.014931 0.000000
vt -0.423177 -0.014931 0.000000
vt -0.423177 -0.047836 0.000000
vt -0.423177 -0.080741 0.000000
vt -0.423177 -0.113646 0.000000
vt 39.475048 0.177584 0.000000
vt 39.616108 0.177584 0.000000
vt 39.757168 0.177584 0.000000
vt 39.898228 0.177584 0.000000
vt 39.898228 0.272600 0.000000
vt 39.898228 0.367617 0.000000
vt 39.898228 0.462634 0.000000
vt 39.757168 0.462634 0.000000
vt 39.616108 0.462634 0.000000
vt 39.475048 0.462634 0.000000
vt 39.475048 0.367617 0.000000
vt 39.475048 0.272600 0.000000
vt 0.360209 -0.039164 0.000000
vt 0.360209 -0.019582 0.000000
vt 0.360209 0.000000 0.000000
vt 0.360209 0.019582 0.000000
vt 0.360209 0.039164 0.000000
vt -0.571817 0.039164 0.000000
vt -0.571817 0.019582 0.000000
vt -0.571817 0.000000 0.000000
vt -0.571817 -0.019582 0.000000
vt -0.571817 -0.039164 0.000000
vt 0.243706 -0.019582 0.000000
vt 0.127203 -0.019582 0.000000
vt 0.010699 -0.019582 0.000000
vt -0.105804 -0.019582 0.000000
vt -0.222307 -0.019582 0.000000
vt -0.338811 -0.019582 0.000000
vt -0.455314 -0.019582 0.000000
vt 0.243706 0.000000 0.000000
vt 0.127203 0.000000 0.000000
vt 0.010699 0.000000 0.000000
vt -0.105804 0.000000 0.000000
vt -0.222307 0.000000 0.000000
vt -0.338811 0.000000 0.000000
vt -0.455314 0.000000 0.000000
vt 0.243706 0.019582 0.000000
vt 0.127203 0.019582 0.000000
vt 0.010699 0.019582 0.000000
vt -0.105804 0.019582 0.000000
vt -0.222307 0.019582 0.000000
vt -0.338811 0.019582 0.000000
vt -0.455314 0.019582 0.000000
vt -0.360210 0.412412 0.000000
vt -0.360210 0.314160 0.000000
vt -0.360210 0.215909 0.000000
vt -0.360210 0.117658 0.000000
vt 0.571817 0.117658 0.000000
vt 0.571817 0.215909 0.000000
vt 0.571817 0.314160 0.000000
vt 0.571817 0.412412 0.000000
vt 0.105804 0.265035 0.000000
vt 0.360209 -0.071197 0.000000
vt 0.360209 -0.051615 0.000000
vt 0.360209 -0.032033 0.000000
vt 0.360209 -0.012451 0.000000
vt 0.360209 0.007131 0.000000
vt -0.571817 0.007131 0.000000
vt -0.571817 -0.012451 0.000000
vt -0.571817 -0.032033 0.000000
vt -0.571817 -0.051615 0.000000
vt -0.571817 -0.071197 0.000000
vt 0.243706 -0.051615 0.000000
vt 0.127203 -0.051615 0.000000
vt 0.010699 -0.051615 0.000000
vt -0.105804 -0.051615 0.000000
vt -0.222307 -0.051615 0.000000
vt -0.338811 -0.051615 0.000000
vt -0.455314 -0.051615 0.000000
vt 0.243706 -0.032033 0.000000
vt 0.127203 -0.032033 0.000000
vt 0.010699 -0.032033 0.000000
vt -0.105804 -0.032033 0.000000
vt -0.222307 -0.032033 0.000000
vt -0.338811 -0.032033 0.000000
vt -0.455314 -0.032033 0.000000
vt 0.243706 -0.012451 0.000000
vt 0.127203 -0.012451 0.000000
vt 0.010699 -0.012451 0.000000
vt -0.105804 -0.012451 0.000000
vt -0.222307 -0.012451 0.000000
vt -0.338811 -0.012451 0.000000
vt -0.455314 -0.012451 0.000000
vt -0.804392 0.123740 0.000000
vt -0.804392 0.089707 0.000000
vt -0.804392 0.055673 0.000000
vt -0.804392 0.021640 0.000000
vt -0.804392 -0.012394 0.000000
vt -0.215900 -0.012394 0.000000
vt -0.215900 0.021640 0.000000
vt -0.215900 0.055673 0.000000
vt -0.215900 0.089707 0.000000
vt -0.215900 0.123740 0.000000
vt -0.804392 0.012394 0.000000
vt -0.804392 -0.021640 0.000000
vt -0.804392 -0.055673 0.000000
vt -0.804392 -0.089707 0.000000
vt -0.804392 -0.123740 0.000000
vt -0.215900 -0.123740 0.000000
vt -0.215900 -0.089707 0.000000
vt -0.215900 -0.055673 0.000000
vt -0.215900 -0.021640 0.000000
vt -0.215900 0.012394 0.000000
vt -0.360210 0.412412 0.000000
vt -0.360210 0.314160 0.000000
vt -0.360210 0.215909 0.000000
vt -0.360210 0.117658 0.000000
vt 0.571817 0.117658 0.000000
vt 0.571817 0.215909 0.000000
vt 0.571817 0.314160 0.000000
vt 0.571817 0.412412 0.000000
vt 0.105804 0.265035 0.000000
vt -0.360210 1.074424 0.000000
vt -0.360210 0.976172 0.000000
vt -0.360210 0.877921 0.000000
vt -0.360210 0.779670 0.000000
vt 0.571817 0.779670 0.000000
vt 0.571817 0.877921 0.000000
vt 0.571817 0.976172 0.000000
vt 0.571817 1.074424 0.000000
vt 0.105804 0.927047 0.000000
vt 0.360209 -0.007131 0.000000
vt 0.360209 0.012451 0.000000
vt 0.360209 0.032033 0.000000
vt 0.360209 0.051615 0.000000
vt 0.360209 0.071197 0.000000
vt -0.571817 0.071197 0.000000
vt -0.571817 0.051615 0.000000
vt -0.571817 0.032033 0.000000
vt -0.571817 0.012451 0.000000
vt -0.571817 -0.007131 0.000000
vt 0.243706 0.012451 0.000000
vt 0.127203 0.012451 0.000000
vt 0.010699 0.012451 0.000000
vt -0.105804 0.012451 0.000000
vt -0.222307 0.012451 0.000000
vt -0.338811 0.012451 0.000000
vt -0.455314 0.012451 0.000000
vt 0.243706 0.032033 0.000000
vt 0.127203 0.032033 0.000000
vt 0.010699 0.032033 0.000000
vt -0.105804 0.032033 0.000000
vt -0.222307 0.032033 0.000000
vt -0.338811 0.032033 0.000000
vt -0.455314 0.032033 0.000000
vt 0.243706 0.051615 0.000000
vt 0.127203 0.051615 0.000000
vt 0.010699 0.051615 0.000000
vt -0.105804 0.051615 0.000000
vt -0.222307 0.051615 0.000000
vt -0.338811 0.051615 0.000000
vt -0.455314 0.051615 0.000000
vt -0.804392 -0.098952 0.000000
vt -0.804392 -0.132986 0.000000
vt -0.804392 -0.167020 0.000000
vt -0.804392 -0.201053 0.000000
vt -0.804392 -0.235087 0.000000
vt -0.215900 -0.235087 0.000000
vt -0.215900 -0.201053 0.000000
vt -0.215900 -0.167020 0.000000
vt -0.215900 -0.132986 0.000000
vt -0.215900 -0.098952 0.000000
vt -0.164065 0.122257 0.000000
vt -0.100909 0.044000 0.000000
vt -0.050627 -0.043090 0.000000
vt -0.014433 -0.136914 0.000000
vt -0.008998 -0.144680 0.000000
vt 0.000000 -0.147663 0.000000
vt 0.008998 -0.144680 0.000000
vt 0.014433 -0.136914 0.000000
vt 0.050627 -0.043090 0.000000
vt 0.100909 0.044000 0.000000
vt 0.164065 0.122257 0.000000
vt 0.168074 0.130847 0.000000
vt 0.166158 0.140131 0.000000
vt 0.159076 0.146432 0.000000
vt 0.149632 0.147256 0.000000
vt 0.050281 0.131689 0.000000
vt -0.050281 0.131689 0.000000
vt -0.149632 0.147256 0.000000
vt -0.159076 0.146432 0.000000
vt -0.166158 0.140131 0.000000
vt -0.168074 0.130847 0.000000
vt 0.349167 -0.169711 0.000000
vt 0.339135 -0.170294 0.000000
vt 0.339135 -0.178658 0.000000
vt 0.339135 -0.187022 0.000000
vt 0.339135 -0.195386 0.000000
vt 0.349167 -0.195970 0.000000
vt 0.433563 -0.199650 0.000000
vt 0.516253 -0.215831 0.000000
vt 0.596510 -0.256323 0.000000
vt 0.677686 -0.331261 0.000000
vt 0.678270 -0.331869 0.000000
vt 0.678270 -0.257355 0.000000
vt 0.678270 -0.182840 0.000000
vt 0.678270 -0.108325 0.000000
vt 0.678270 -0.033811 0.000000
vt 0.677686 -0.034419 0.000000
vt 0.596510 -0.109357 0.000000
vt 0.516253 -0.149849 0.000000
vt 0.433563 -0.166030 0.000000
vt 0.593486 -0.242452 0.000000
vt 0.593486 -0.153034 0.000000
vt 0.423919 -0.182840 0.000000
vt 0.508702 -0.182840 0.000000
vt 0.593486 -0.182840 0.000000
vt 0.508702 -0.153034 0.000000
vt 0.508702 -0.212646 0.000000
vt 0.593486 -0.212646 0.000000
vt 0.593486 -0.123228 0.000000
vt 0.349167 0.074076 0.000000
vt 0.339135 0.073493 0.000000
vt 0.339135 0.065129 0.000000
vt 0.339135 0.056765 0.000000
vt 0.339135 0.048401 0.000000
vt 0.349167 0.047817 0.000000
vt 0.433563 0.044136 0.000000
vt 0.516253 0.027956 0.000000
vt 0.596510 -0.012537 0.000000
vt 0.677686 -0.087474 0.000000
vt 0.678270 -0.088083 0.000000
vt 0.678270 -0.013568 0.000000
vt 0.678270 0.060947 0.000000
vt 0.678270 0.135461 0.000000
vt 0.678270 0.209976 0.000000
vt 0.677686 0.209368 0.000000
vt 0.596510 0.134430 0.000000
vt 0.516253 0.093938 0.000000
vt 0.433563 0.077757 0.000000
vt 0.593486 0.001335 0.000000
vt 0.593486 0.090753 0.000000
vt 0.423919 0.060947 0.000000
vt 0.508702 0.060947 0.000000
vt 0.593486 0.060947 0.000000
vt 0.508702 0.090753 0.000000
vt 0.508702 0.031141 0.000000
vt 0.593486 0.031141 0.000000
vt 0.593486 0.120558 0.000000
vt 0.349173 0.317863 0.000000
vt 0.339135 0.317279 0.000000
vt 0.339135 0.308915 0.000000
vt 0.339135 0.300552 0.000000
vt 0.339135 0.292188 0.000000
vt 0.349173 0.291604 0.000000
vt 0.433567 0.287923 0.000000
vt 0.516256 0.271742 0.000000
vt 0.596512 0.231249 0.000000
vt 0.677686 0.156312 0.000000
vt 0.678270 0.155704 0.000000
vt 0.678270 0.230219 0.000000
vt 0.678270 0.304734 0.000000
vt 0.678270 0.379248 0.000000
vt 0.678270 0.453763 0.000000
vt 0.677686 0.453155 0.000000
vt 0.596512 0.378218 0.000000
vt 0.516255 0.337725 0.000000
vt 0.433567 0.321544 0.000000
vt 0.593486 0.245122 0.000000
vt 0.593486 0.334539 0.000000
vt 0.423919 0.304734 0.000000
vt 0.508702 0.304734 0.000000
vt 0.593486 0.304734 0.000000
vt 0.508702 0.334539 0.000000
vt 0.508702 0.274928 0.000000
vt 0.593486 0.274928 0.000000
vt 0.593486 0.364345 0.000000
vt -0.399302 0.306283 0.000000
vt -0.390864 0.323674 0.000000
vt -0.381199 0.340414 0.000000
vt -0.370357 0.356417 0.000000
vt -0.389425 0.357844 0.000000
vt -0.397334 0.354088 0.000000
vt -0.402953 0.347793 0.000000
vt -0.408131 0.338823 0.000000
vt -0.410773 0.330810 0.000000
vt -0.410072 0.322083 0.000000
vt 0.370251 0.356416 0.000000
vt 0.381092 0.340414 0.000000
vt 0.390757 0.323674 0.000000
vt 0.399194 0.306285 0.000000
vt 0.409960 0.322083 0.000000
vt 0.410660 0.330809 0.000000
vt 0.408018 0.338821 0.000000
vt 0.402840 0.347789 0.000000
vt 0.397223 0.354083 0.000000
vt 0.389316 0.357839 0.000000
vt 0.028891 -0.335102 0.000000
vt 0.009611 -0.336490 0.000000
vt -0.009719 -0.336490 0.000000
vt -0.028999 -0.335102 0.000000
vt -0.020700 -0.352328 0.000000
vt -0.013493 -0.357300 0.000000
vt -0.005232 -0.359018 0.000000
vt 0.005125 -0.359018 0.000000
vt 0.013386 -0.357300 0.000000
vt 0.020593 -0.352328 0.000000
vt 0.000000 0.000000 0.000000
vt 0.010355 0.000000 0.000000
vt 0.010355 2.540000 0.000000
vt 0.000000 2.540000 0.000000
vt -0.000000 -0.043897 0.000000
vt -0.000000 -0.022021 0.000000
vt -0.000000 -0.009935 0.000000
vt -0.000000 0.002887 0.000000
vt -2.540000 0.002887 0.000000
vt -2.540000 -0.006515 0.000000
vt -2.540000 -0.015916 0.000000
vt -2.540000 -0.034719 0.000000
vt -2.540233 -0.043897 0.000000
vt -2.540000 -0.043897 0.000000
vt -0.000000 0.085959 0.000000
vt -0.000000 0.098804 0.000000
vt -0.000000 0.110866 0.000000
vt -0.000000 0.132743 0.000000
vt -2.540000 0.132743 0.000000
vt -2.540233 0.132743 0.000000
vt -2.540000 0.123570 0.000000
vt -2.540000 0.104764 0.000000
vt -2.540000 0.095362 0.000000
vt -2.540000 0.085959 0.000000
vt 0.000000 0.000000 0.000000
vt 0.010357 0.000000 0.000000
vt 0.010357 2.540000 0.000000
vt 0.000000 2.540000 0.000000
vt -0.000000 0.044949 0.000000
vt -0.000000 0.066825 0.000000
vt -0.000000 0.078911 0.000000
vt -0.000000 0.091733 0.000000
vt -2.540000 0.091733 0.000000
vt -2.540000 0.082330 0.000000
vt -2.540000 0.072927 0.000000
vt -2.540000 0.054121 0.000000
vt -2.540233 0.044949 0.000000
vt -2.540000 0.044949 0.000000
vt -0.000000 0.085959 0.000000
vt -0.000000 0.098804 0.000000
vt -0.000000 0.110866 0.000000
vt -0.000000 0.132743 0.000000
vt -2.540000 0.132743 0.000000
vt -2.540233 0.132743 0.000000
vt -2.540000 0.123570 0.000000
vt -2.540000 0.104764 0.000000
vt -2.540000 0.095362 0.000000
vt -2.540000 0.085959 0.000000
vt 0.000000 0.000000 0.000000
vt 0.010357 0.000000 0.000000
vt 0.010357 2.540000 0.000000
vt 0.000000 2.540000 0.000000
vt -0.000000 0.044949 0.000000
vt -0.000000 0.066825 0.000000
vt -0.000000 0.078911 0.000000
vt -0.000000 0.091733 0.000000
vt -2.540000 0.091733 0.000000
vt -2.540000 0.082330 0.000000
vt -2.540000 0.072927 0.000000
vt -2.540000 0.054121 0.000000
vt -2.540233 0.044949 0.000000
vt -2.540000 0.044949 0.000000
vt -0.000000 -0.002886 0.000000
vt -0.000000 0.009958 0.000000
vt -0.000000 0.022021 0.000000
vt -0.000000 0.043897 0.000000
vt -2.540000 0.043897 0.000000
vt -2.540233 0.043897 0.000000
vt -2.540000 0.034719 0.000000
vt -2.540000 0.015916 0.000000
vt -2.540000 0.006515 0.000000
vt -2.540000 -0.002886 0.000000
vt 0.199491 -1.216126 0.000000
vt 0.174386 -1.215093 0.000000
vt 0.149394 -1.212302 0.000000
vt 0.124537 -1.208479 0.000000
vt 0.099746 -1.204417 0.000000
vt 0.099746 -1.320778 0.000000
vt 0.099746 -1.437140 0.000000
vt 0.099746 -1.553501 0.000000
vt 0.099746 -1.669863 0.000000
vt 0.099746 -1.786224 0.000000
vt 0.099746 -1.902585 0.000000
vt 0.099746 -2.018947 0.000000
vt 0.099746 -2.135308 0.000000
vt 0.099746 -2.251670 0.000000
vt 0.099746 -2.368031 0.000000
vt 0.099746 -2.484392 0.000000
vt 0.099746 -2.600754 0.000000
vt 0.099746 -2.717115 0.000000
vt 0.099746 -2.833477 0.000000
vt 0.099746 -2.949838 0.000000
vt 0.099746 -3.066199 0.000000
vt 0.099746 -3.182561 0.000000
vt 0.099746 -3.298922 0.000000
vt 0.099746 -3.415283 0.000000
vt 0.099746 -3.531645 0.000000
vt 0.099746 -3.648006 0.000000
vt 0.099746 -3.764368 0.000000
vt 0.124537 -3.760306 0.000000
vt 0.149394 -3.756483 0.000000
vt 0.174386 -3.753691 0.000000
vt 0.199491 -3.752659 0.000000
vt 0.199491 -3.625832 0.000000
vt 0.199491 -3.499006 0.000000
vt 0.199491 -3.372179 0.000000
vt 0.199491 -3.245352 0.000000
vt 0.199491 -3.118526 0.000000
vt 0.199491 -2.991699 0.000000
vt 0.199491 -2.864872 0.000000
vt 0.199491 -2.738045 0.000000
vt 0.199491 -2.611219 0.000000
vt 0.199491 -2.484392 0.000000
vt 0.199491 -2.357566 0.000000
vt 0.199491 -2.230739 0.000000
vt 0.199491 -2.103912 0.000000
vt 0.199491 -1.977086 0.000000
vt 0.199491 -1.850259 0.000000
vt 0.199491 -1.723432 0.000000
vt 0.199491 -1.596606 0.000000
vt 0.199491 -1.469779 0.000000
vt 0.199491 -1.342952 0.000000
vt 0.166243 -2.873950 0.000000
vt 0.166243 -2.094835 0.000000
vt 0.132994 -1.315719 0.000000
vt 0.166243 -1.315719 0.000000
vt 0.132994 -1.427021 0.000000
vt 0.166243 -1.427021 0.000000
vt 0.132994 -1.538324 0.000000
vt 0.166243 -1.538324 0.000000
vt 0.132994 -1.649626 0.000000
vt 0.166243 -1.649626 0.000000
vt 0.132994 -1.760928 0.000000
vt 0.166243 -1.760928 0.000000
vt 0.132994 -1.872230 0.000000
vt 0.166243 -1.872230 0.000000
vt 0.132994 -1.983532 0.000000
vt 0.166243 -1.983532 0.000000
vt 0.132994 -2.094835 0.000000
vt 0.132994 -2.206137 0.000000
vt 0.166243 -2.206137 0.000000
vt 0.132994 -2.317439 0.000000
vt 0.166243 -2.317439 0.000000
vt 0.132994 -2.428741 0.000000
vt 0.166243 -2.428741 0.000000
vt 0.132994 -2.540043 0.000000
vt 0.166243 -2.540043 0.000000
vt 0.132994 -2.651345 0.000000
vt 0.166243 -2.651345 0.000000
vt 0.132994 -2.762648 0.000000
vt 0.166243 -2.762648 0.000000
vt 0.132994 -2.873950 0.000000
vt 0.132994 -2.985252 0.000000
vt 0.166243 -2.985252 0.000000
vt 0.132994 -3.096555 0.000000
vt 0.166243 -3.096555 0.000000
vt 0.132994 -3.207857 0.000000
vt 0.166243 -3.207857 0.000000
vt 0.132994 -3.319159 0.000000
vt 0.166243 -3.319159 0.000000
vt 0.132994 -3.430461 0.000000
vt 0.166243 -3.430461 0.000000
vt 0.132994 -3.541763 0.000000
vt 0.166243 -3.541763 0.000000
vt 0.132994 -3.653065 0.000000
vt 0.166243 -3.653065 0.000000
vt 0.999928 -0.855935 0.000000
vt 0.905178 -0.942122 0.000000
vt 0.790886 -0.999941 0.000000
vt 0.665318 -1.025210 0.000000
vt 0.537558 -1.016101 0.000000
vt 0.416845 -0.973273 0.000000
vt 0.311912 -0.899824 0.000000
vt 0.230349 -0.801066 0.000000
vt 0.178054 -0.684143 0.000000
vt 0.158810 -0.557512 0.000000
vt 0.174010 -0.430333 0.000000
vt 0.222554 -0.311803 0.000000
vt 0.300931 -0.210497 0.000000
vt 0.403471 -0.133743 0.000000
vt 0.522758 -0.087092 0.000000
vt 0.650163 -0.073918 0.000000
vt 0.776472 -0.095174 0.000000
vt 0.892548 -0.149323 0.000000
vt 0.989995 -0.232448 0.000000
vt 1.061765 -0.338537 0.000000
vt 1.102667 -0.459915 0.000000
vt 1.109741 -0.587805 0.000000
vt 1.082477 -0.712954 0.000000
vt 1.310172 -0.844412 0.000000
vt 1.318960 -0.823382 0.000000
vt 1.327093 -0.802089 0.000000
vt 1.334564 -0.780555 0.000000
vt 1.317479 -0.804770 0.000000
vt 1.289790 -0.815331 0.000000
vt 1.260918 -0.808644 0.000000
vt 1.238432 -0.795661 0.000000
vt 1.221752 -0.780126 0.000000
vt 1.213543 -0.758861 0.000000
vt 1.215460 -0.736148 0.000000
vt 1.243256 -0.590379 0.000000
vt 1.235008 -0.442212 0.000000
vt 1.191204 -0.300429 0.000000
vt 1.114440 -0.173430 0.000000
vt 1.009265 -0.068742 0.000000
vt 0.881911 0.007431 0.000000
vt 0.739925 0.050576 0.000000
vt 0.591722 0.058136 0.000000
vt 0.446083 0.029662 0.000000
vt 0.311639 -0.033157 0.000000
vt 0.196358 -0.126600 0.000000
vt 0.107069 -0.245129 0.000000
vt 0.049066 -0.381719 0.000000
vt 0.025785 -0.528278 0.000000
vt 0.038605 -0.676119 0.000000
vt 0.086766 -0.816482 0.000000
vt 0.167416 -0.941050 0.000000
vt 0.275774 -1.042439 0.000000
vt 0.405420 -1.114643 0.000000
vt 0.548670 -1.153382 0.000000
vt 0.697037 -1.156361 0.000000
vt 0.841727 -1.123404 0.000000
vt 0.974166 -1.056462 0.000000
vt 1.086507 -0.959504 0.000000
vt 1.105219 -0.946487 0.000000
vt 1.127739 -0.942963 0.000000
vt 1.149532 -0.949641 0.000000
vt 1.172019 -0.962623 0.000000
vt 1.192246 -0.984283 0.000000
vt 1.196945 -1.013543 0.000000
vt 1.184517 -1.040447 0.000000
vt 1.199431 -1.023210 0.000000
vt 1.213804 -1.005520 0.000000
vt 1.227623 -0.987394 0.000000
vt -0.064630 0.000000 0.000000
vt -0.040072 0.004779 0.000000
vt -0.019128 0.018440 0.000000
vt -0.004998 0.039044 0.000000
vt -0.000000 0.063500 0.000000
vt -0.000000 0.190500 0.000000
vt -0.327549 0.190500 0.000000
vt -0.327549 0.000000 0.000000
vt 0.199491 0.591710 0.000000
vt 0.174386 0.592743 0.000000
vt 0.149394 0.595534 0.000000
vt 0.124537 0.599357 0.000000
vt 0.099746 0.603419 0.000000
vt 0.099746 0.487058 0.000000
vt 0.099746 0.370696 0.000000
vt 0.099746 0.254335 0.000000
vt 0.099746 0.137973 0.000000
vt 0.099746 0.021612 0.000000
vt 0.099746 -0.094749 0.000000
vt 0.099746 -0.211111 0.000000
vt 0.099746 -0.327472 0.000000
vt 0.099746 -0.443834 0.000000
vt 0.099746 -0.560195 0.000000
vt 0.099746 -0.676556 0.000000
vt 0.099746 -0.792918 0.000000
vt 0.099746 -0.909279 0.000000
vt 0.099746 -1.025641 0.000000
vt 0.099746 -1.142002 0.000000
vt 0.099746 -1.258363 0.000000
vt 0.099746 -1.374725 0.000000
vt 0.099746 -1.491086 0.000000
vt 0.099746 -1.607448 0.000000
vt 0.099746 -1.723809 0.000000
vt 0.099746 -1.840170 0.000000
vt 0.099746 -1.956532 0.000000
vt 0.124537 -1.952470 0.000000
vt 0.149394 -1.948647 0.000000
vt 0.174386 -1.945855 0.000000
vt 0.199491 -1.944823 0.000000
vt 0.199491 -1.817996 0.000000
vt 0.199491 -1.691170 0.000000
vt 0.199491 -1.564343 0.000000
vt 0.199491 -1.437516 0.000000
vt 0.199491 -1.310690 0.000000
vt 0.199491 -1.183863 0.000000
vt 0.199491 -1.057036 0.000000
vt 0.199491 -0.930210 0.000000
vt 0.199491 -0.803383 0.000000
vt 0.199491 -0.676556 0.000000
vt 0.199491 -0.549730 0.000000
vt 0.199491 -0.422903 0.000000
vt 0.199491 -0.296076 0.000000
vt 0.199491 -0.169250 0.000000
vt 0.199491 -0.042423 0.000000
vt 0.199491 0.084403 0.000000
vt 0.199491 0.211230 0.000000
vt 0.199491 0.338057 0.000000
vt 0.199491 0.464883 0.000000
vt 0.166243 -1.066114 0.000000
vt 0.166243 -0.286999 0.000000
vt 0.132994 0.492117 0.000000
vt 0.166243 0.492117 0.000000
vt 0.132994 0.380815 0.000000
vt 0.166243 0.380815 0.000000
vt 0.132994 0.269512 0.000000
vt 0.166243 0.269512 0.000000
vt 0.132994 0.158210 0.000000
vt 0.166243 0.158210 0.000000
vt 0.132994 0.046908 0.000000
vt 0.166243 0.046908 0.000000
vt 0.132994 -0.064394 0.000000
vt 0.166243 -0.064394 0.000000
vt 0.132994 -0.175696 0.000000
vt 0.166243 -0.175696 0.000000
vt 0.132994 -0.286999 0.000000
vt 0.132994 -0.398301 0.000000
vt 0.166243 -0.398301 0.000000
vt 0.132994 -0.509603 0.000000
vt 0.166243 -0.509603 0.000000
vt 0.132994 -0.620905 0.000000
vt 0.166243 -0.620905 0.000000
vt 0.132994 -0.732207 0.000000
vt 0.166243 -0.732207 0.000000
vt 0.132994 -0.843510 0.000000
vt 0.166243 -0.843510 0.000000
vt 0.132994 -0.954812 0.000000
vt 0.166243 -0.954812 0.000000
vt 0.132994 -1.066114 0.000000
vt 0.132994 -1.177416 0.000000
vt 0.166243 -1.177416 0.000000
vt 0.132994 -1.288718 0.000000
vt 0.166243 -1.288718 0.000000
vt 0.132994 -1.400021 0.000000
vt 0.166243 -1.400021 0.000000
vt 0.132994 -1.511323 0.000000
vt 0.166243 -1.511323 0.000000
vt 0.132994 -1.622625 0.000000
vt 0.166243 -1.622625 0.000000
vt 0.132994 -1.733927 0.000000
vt 0.166243 -1.733927 0.000000
vt 0.132994 -1.845230 0.000000
vt 0.166243 -1.845230 0.000000
vt 0.063500 -0.082149 0.000000
vt 0.063500 -0.203507 0.000000
vt 0.063500 -0.324866 0.000000
vt 0.063500 -0.446224 0.000000
vt 0.063500 -0.567582 0.000000
vt 0.063500 -0.688940 0.000000
vt 0.063500 -0.810298 0.000000
vt 0.063500 -0.931657 0.000000
vt 0.063500 -1.053015 0.000000
vt 0.063500 -1.174373 0.000000
vt 0.063500 -1.295731 0.000000
vt 0.063500 -1.417089 0.000000
vt 0.063500 -1.538447 0.000000
vt 0.063500 -1.659806 0.000000
vt 0.063500 -1.781164 0.000000
vt 0.063500 -1.902522 0.000000
vt 0.063500 -2.023880 0.000000
vt 0.063500 -2.145239 0.000000
vt 0.063500 -2.266597 0.000000
vt 0.063500 -2.387955 0.000000
vt 0.063500 -2.509313 0.000000
vt 0.190500 -2.509313 0.000000
vt 0.190500 -2.387955 0.000000
vt 0.190500 -2.266597 0.000000
vt 0.190500 -2.145239 0.000000
vt 0.190500 -2.023880 0.000000
vt 0.190500 -1.902522 0.000000
vt 0.190500 -1.781164 0.000000
vt 0.190500 -1.659806 0.000000
vt 0.190500 -1.538447 0.000000
vt 0.190500 -1.417089 0.000000
vt 0.190500 -1.295731 0.000000
vt 0.190500 -1.174373 0.000000
vt 0.190500 -1.053015 0.000000
vt 0.190500 -0.931657 0.000000
vt 0.190500 -0.810298 0.000000
vt 0.190500 -0.688940 0.000000
vt 0.190500 -0.567582 0.000000
vt 0.190500 -0.446224 0.000000
vt 0.190500 -0.324866 0.000000
vt 0.190500 -0.203507 0.000000
vt 0.190500 -0.082149 0.000000
vt -0.327549 0.063500 0.000000
vt -0.322551 0.039044 0.000000
vt -0.308421 0.018440 0.000000
vt -0.287477 0.004779 0.000000
vt -0.262919 0.000000 0.000000
vt -0.000000 0.000000 0.000000
vt -0.000000 0.190500 0.000000
vt -0.327549 0.190500 0.000000
vt 0.199491 -0.312709 0.000000
vt 0.174386 -0.311677 0.000000
vt 0.149394 -0.308885 0.000000
vt 0.124537 -0.305062 0.000000
vt 0.099746 -0.301000 0.000000
vt 0.099746 -0.417362 0.000000
vt 0.099746 -0.533723 0.000000
vt 0.099746 -0.650084 0.000000
vt 0.099746 -0.766446 0.000000
vt 0.099746 -0.882807 0.000000
vt 0.099746 -0.999169 0.000000
vt 0.099746 -1.115530 0.000000
vt 0.099746 -1.231892 0.000000
vt 0.099746 -1.348253 0.000000
vt 0.099746 -1.464614 0.000000
vt 0.099746 -1.580976 0.000000
vt 0.099746 -1.697337 0.000000
vt 0.099746 -1.813698 0.000000
vt 0.099746 -1.930060 0.000000
vt 0.099746 -2.046421 0.000000
vt 0.099746 -2.162783 0.000000
vt 0.099746 -2.279144 0.000000
vt 0.099746 -2.395505 0.000000
vt 0.099746 -2.511867 0.000000
vt 0.099746 -2.628228 0.000000
vt 0.099746 -2.744590 0.000000
vt 0.099746 -2.860951 0.000000
vt 0.124537 -2.856889 0.000000
vt 0.149394 -2.853066 0.000000
vt 0.174386 -2.850275 0.000000
vt 0.199491 -2.849242 0.000000
vt 0.199491 -2.722415 0.000000
vt 0.199491 -2.595589 0.000000
vt 0.199491 -2.468762 0.000000
vt 0.199491 -2.341935 0.000000
vt 0.199491 -2.215109 0.000000
vt 0.199491 -2.088282 0.000000
vt 0.199491 -1.961455 0.000000
vt 0.199491 -1.834629 0.000000
vt 0.199491 -1.707802 0.000000
vt 0.199491 -1.580976 0.000000
vt 0.199491 -1.454149 0.000000
vt 0.199491 -1.327322 0.000000
vt 0.199491 -1.200496 0.000000
vt 0.199491 -1.073669 0.000000
vt 0.199491 -0.946842 0.000000
vt 0.199491 -0.820016 0.000000
vt 0.199491 -0.693189 0.000000
vt 0.199491 -0.566362 0.000000
vt 0.199491 -0.439536 0.000000
vt 0.166243 -1.970533 0.000000
vt 0.166243 -1.191418 0.000000
vt 0.132994 -0.412302 0.000000
vt 0.166243 -0.412302 0.000000
vt 0.132994 -0.523605 0.000000
vt 0.166243 -0.523605 0.000000
vt 0.132994 -0.634907 0.000000
vt 0.166243 -0.634907 0.000000
vt 0.132994 -0.746209 0.000000
vt 0.166243 -0.746209 0.000000
vt 0.132994 -0.857511 0.000000
vt 0.166243 -0.857511 0.000000
vt 0.132994 -0.968814 0.000000
vt 0.166243 -0.968814 0.000000
vt 0.132994 -1.080116 0.000000
vt 0.166243 -1.080116 0.000000
vt 0.132994 -1.191418 0.000000
vt 0.132994 -1.302720 0.000000
vt 0.166243 -1.302720 0.000000
vt 0.132994 -1.414022 0.000000
vt 0.166243 -1.414022 0.000000
vt 0.132994 -1.525325 0.000000
vt 0.166243 -1.525325 0.000000
vt 0.132994 -1.636627 0.000000
vt 0.166243 -1.636627 0.000000
vt 0.132994 -1.747929 0.000000
vt 0.166243 -1.747929 0.000000
vt 0.132994 -1.859231 0.000000
vt 0.166243 -1.859231 0.000000
vt 0.132994 -1.970533 0.000000
vt 0.132994 -2.081836 0.000000
vt 0.166243 -2.081836 0.000000
vt 0.132994 -2.193138 0.000000
vt 0.166243 -2.193138 0.000000
vt 0.132994 -2.304440 0.000000
vt 0.166243 -2.304440 0.000000
vt 0.132994 -2.415742 0.000000
vt 0.166243 -2.415742 0.000000
vt 0.132994 -2.527044 0.000000
vt 0.166243 -2.527044 0.000000
vt 0.132994 -2.638346 0.000000
vt 0.166243 -2.638346 0.000000
vt 0.132994 -2.749649 0.000000
vt 0.166243 -2.749649 0.000000
vt -1.082476 -0.712956 0.000000
vt -1.109741 -0.587807 0.000000
vt -1.102667 -0.459918 0.000000
vt -1.061766 -0.338539 0.000000
vt -0.989997 -0.232450 0.000000
vt -0.892550 -0.149324 0.000000
vt -0.776474 -0.095174 0.000000
vt -0.650166 -0.073918 0.000000
vt -0.522760 -0.087091 0.000000
vt -0.403473 -0.133742 0.000000
vt -0.300932 -0.210496 0.000000
vt -0.222555 -0.311801 0.000000
vt -0.174011 -0.430330 0.000000
vt -0.158810 -0.557510 0.000000
vt -0.178053 -0.684141 0.000000
vt -0.230347 -0.801064 0.000000
vt -0.311911 -0.899822 0.000000
vt -0.416843 -0.973272 0.000000
vt -0.537556 -1.016101 0.000000
vt -0.665316 -1.025210 0.000000
vt -0.790884 -0.999942 0.000000
vt -0.905176 -0.942124 0.000000
vt -0.999927 -0.855937 0.000000
vt -1.227621 -0.987396 0.000000
vt -1.213802 -1.005523 0.000000
vt -1.199428 -1.023213 0.000000
vt -1.184515 -1.040449 0.000000
vt -1.196943 -1.013546 0.000000
vt -1.192244 -0.984285 0.000000
vt -1.172017 -0.962626 0.000000
vt -1.149530 -0.949643 0.000000
vt -1.127737 -0.942966 0.000000
vt -1.105217 -0.946490 0.000000
vt -1.086505 -0.959506 0.000000
vt -0.974164 -1.056464 0.000000
vt -0.841724 -1.123405 0.000000
vt -0.697034 -1.156362 0.000000
vt -0.548668 -1.153382 0.000000
vt -0.405417 -1.114642 0.000000
vt -0.275772 -1.042438 0.000000
vt -0.167414 -0.941047 0.000000
vt -0.086765 -0.816480 0.000000
vt -0.038604 -0.676116 0.000000
vt -0.025785 -0.528275 0.000000
vt -0.049067 -0.381716 0.000000
vt -0.107071 -0.245126 0.000000
vt -0.196360 -0.126598 0.000000
vt -0.311642 -0.033156 0.000000
vt -0.446086 0.029663 0.000000
vt -0.591725 0.058136 0.000000
vt -0.739928 0.050576 0.000000
vt -0.881913 0.007430 0.000000
vt -1.009267 -0.068744 0.000000
vt -1.114442 -0.173432 0.000000
vt -1.191205 -0.300431 0.000000
vt -1.235009 -0.442215 0.000000
vt -1.243256 -0.590382 0.000000
vt -1.215459 -0.736151 0.000000
vt -1.213542 -0.758864 0.000000
vt -1.221750 -0.780129 0.000000
vt -1.238430 -0.795664 0.000000
vt -1.260917 -0.808647 0.000000
vt -1.289788 -0.815334 0.000000
vt -1.317478 -0.804773 0.000000
vt -1.334563 -0.780558 0.000000
vt -1.327092 -0.802092 0.000000
vt -1.318959 -0.823385 0.000000
vt -1.310171 -0.844416 0.000000
vt -0.064630 0.000000 0.000000
vt -0.040072 0.004779 0.000000
vt -0.019128 0.018440 0.000000
vt -0.004998 0.039044 0.000000
vt -0.000000 0.063500 0.000000
vt -0.000000 0.190500 0.000000
vt -0.327549 0.190500 0.000000
vt -0.327549 0.000000 0.000000
vt 0.063500 0.781349 0.000000
vt 0.063500 0.659991 0.000000
vt 0.063500 0.538633 0.000000
vt 0.063500 0.417275 0.000000
vt 0.063500 0.295916 0.000000
vt 0.063500 0.174558 0.000000
vt 0.063500 0.053200 0.000000
vt 0.063500 -0.068158 0.000000
vt 0.063500 -0.189516 0.000000
vt 0.063500 -0.310875 0.000000
vt 0.063500 -0.432233 0.000000
vt 0.063500 -0.553591 0.000000
vt 0.063500 -0.674949 0.000000
vt 0.063500 -0.796307 0.000000
vt 0.063500 -0.917665 0.000000
vt 0.063500 -1.039024 0.000000
vt 0.063500 -1.160382 0.000000
vt 0.063500 -1.281740 0.000000
vt 0.063500 -1.403098 0.000000
vt 0.063500 -1.524457 0.000000
vt 0.063500 -1.645815 0.000000
vt 0.190500 -1.645815 0.000000
vt 0.190500 -1.524457 0.000000
vt 0.190500 -1.403098 0.000000
vt 0.190500 -1.281740 0.000000
vt 0.190500 -1.160382 0.000000
vt 0.190500 -1.039024 0.000000
vt 0.190500 -0.917665 0.000000
vt 0.190500 -0.796307 0.000000
vt 0.190500 -0.674949 0.000000
vt 0.190500 -0.553591 0.000000
vt 0.190500 -0.432233 0.000000
vt 0.190500 -0.310875 0.000000
vt 0.190500 -0.189516 0.000000
vt 0.190500 -0.068158 0.000000
vt 0.190500 0.053200 0.000000
vt 0.190500 0.174558 0.000000
vt 0.190500 0.295916 0.000000
vt 0.190500 0.417275 0.000000
vt 0.190500 0.538633 0.000000
vt 0.190500 0.659991 0.000000
vt 0.190500 0.781349 0.000000
vt -0.327549 0.063500 0.000000
vt -0.322551 0.039044 0.000000
vt -0.308421 0.018440 0.000000
vt -0.287477 0.004779 0.000000
vt -0.262919 0.000000 0.000000
vt -0.000000 0.000000 0.000000
vt -0.000000 0.190500 0.000000
vt -0.327549 0.190500 0.000000
vt 0.063500 -0.947572 0.000000
vt 0.063500 -1.068930 0.000000
vt 0.063500 -1.190288 0.000000
vt 0.063500 -1.311647 0.000000
vt 0.063500 -1.433005 0.000000
vt 0.063500 -1.554363 0.000000
vt 0.063500 -1.675721 0.000000
vt 0.063500 -1.797079 0.000000
vt 0.063500 -1.918437 0.000000
vt 0.063500 -2.039796 0.000000
vt 0.063500 -2.161154 0.000000
vt 0.063500 -2.282512 0.000000
vt 0.063500 -2.403870 0.000000
vt 0.063500 -2.525229 0.000000
vt 0.063500 -2.646587 0.000000
vt 0.063500 -2.767945 0.000000
vt 0.063500 -2.889303 0.000000
vt 0.063500 -3.010661 0.000000
vt 0.063500 -3.132020 0.000000
vt 0.063500 -3.253378 0.000000
vt 0.063500 -3.374736 0.000000
vt 0.190500 -3.374736 0.000000
vt 0.190500 -3.253378 0.000000
vt 0.190500 -3.132020 0.000000
vt 0.190500 -3.010661 0.000000
vt 0.190500 -2.889303 0.000000
vt 0.190500 -2.767945 0.000000
vt 0.190500 -2.646587 0.000000
vt 0.190500 -2.525229 0.000000
vt 0.190500 -2.403870 0.000000
vt 0.190500 -2.282512 0.000000
vt 0.190500 -2.161154 0.000000
vt 0.190500 -2.039796 0.000000
vt 0.190500 -1.918437 0.000000
vt 0.190500 -1.797079 0.000000
vt 0.190500 -1.675721 0.000000
vt 0.190500 -1.554363 0.000000
vt 0.190500 -1.433005 0.000000
vt 0.190500 -1.311647 0.000000
vt 0.190500 -1.190288 0.000000
vt 0.190500 -1.068930 0.000000
vt 0.190500 -0.947572 0.000000
vt -0.327549 0.063500 0.000000
vt -0.322551 0.039044 0.000000
vt -0.308421 0.018440 0.000000
vt -0.287477 0.004779 0.000000
vt -0.262919 0.000000 0.000000
vt -0.000000 0.000000 0.000000
vt -0.000000 0.190500 0.000000
vt -0.327549 0.190500 0.000000
vt -0.064630 0.000000 0.000000
vt -0.040072 0.004779 0.000000
vt -0.019128 0.018440 0.000000
vt -0.004998 0.039044 0.000000
vt -0.000000 0.063500 0.000000
vt -0.000000 0.190500 0.000000
vt -0.327549 0.190500 0.000000
vt -0.327549 0.000000 0.000000
vt -0.190500 0.854093 0.000000
vt -0.000000 0.854093 0.000000
vt -0.000000 0.991822 0.000000
vt -0.000000 1.129551 0.000000
vt -0.000000 1.267280 0.000000
vt -0.000000 1.405009 0.000000
vt -0.000000 1.542738 0.000000
vt -1.968500 1.542738 0.000000
vt -1.968500 1.387673 0.000000
vt -1.968500 1.232607 0.000000
vt -1.968500 1.077541 0.000000
vt -1.968500 0.922475 0.000000
vt -0.190500 0.922475 0.000000
vt -0.190500 0.899681 0.000000
vt -0.190500 0.876887 0.000000
vt -0.190500 0.854089 0.000000
vt -0.000000 0.854089 0.000000
vt -0.000000 0.991818 0.000000
vt -0.000000 1.129546 0.000000
vt -0.000000 1.267275 0.000000
vt -0.000000 1.405003 0.000000
vt -0.000000 1.542731 0.000000
vt -1.968500 1.542731 0.000000
vt -1.968500 1.387666 0.000000
vt -1.968500 1.232601 0.000000
vt -1.968500 1.077536 0.000000
vt -1.968500 0.922471 0.000000
vt -0.190500 0.922471 0.000000
vt -0.190500 0.899677 0.000000
vt -0.190500 0.876884 0.000000
vt -0.190500 0.856602 0.000000
vt -0.000000 0.856602 0.000000
vt -0.000000 0.994673 0.000000
vt -0.000000 1.132745 0.000000
vt -0.000000 1.270816 0.000000
vt -0.000000 1.408888 0.000000
vt -0.000000 1.546959 0.000000
vt -1.968500 1.546959 0.000000
vt -1.968500 1.391465 0.000000
vt -1.968500 1.235971 0.000000
vt -1.968500 1.080478 0.000000
vt -1.968500 0.924984 0.000000
vt -0.190500 0.924984 0.000000
vt -0.190500 0.902190 0.000000
vt -0.190500 0.879396 0.000000
vt -0.000000 0.691154 0.000000
vt -0.190500 0.691154 0.000000
vt -0.190500 0.668360 0.000000
vt -0.190500 0.645566 0.000000
vt -0.190500 0.622772 0.000000
vt -1.968500 0.622772 0.000000
vt -1.968500 0.490183 0.000000
vt -1.968500 0.357594 0.000000
vt -1.968500 0.225005 0.000000
vt -1.968500 0.092416 0.000000
vt -1.968500 -0.040173 0.000000
vt -1.952688 -0.020991 0.000000
vt -1.931216 -0.008990 0.000000
vt -1.881509 0.000000 0.000000
vt -0.000000 0.000000 0.000000
vt -0.000000 0.138231 0.000000
vt -0.000000 0.276462 0.000000
vt -0.000000 0.414693 0.000000
vt -0.000000 0.552923 0.000000
vt -0.055749 -1.250608 0.000000
vt -0.040647 -1.251423 0.000000
vt -0.026277 -1.254787 0.000000
vt -0.000000 -1.265105 0.000000
vt -0.000000 -1.115640 0.000000
vt -0.000000 -0.966182 0.000000
vt -0.000000 -0.816709 0.000000
vt -0.000000 -0.667256 0.000000
vt -0.000000 -0.517778 0.000000
vt -0.000000 -0.368328 0.000000
vt -0.000000 -0.218775 0.000000
vt -0.000000 -0.069391 0.000000
vt -0.013837 -0.069231 0.000000
vt -0.027879 -0.069165 0.000000
vt -0.041946 -0.069242 0.000000
vt -0.055749 -0.069393 0.000000
vt -0.055749 -0.216969 0.000000
vt -0.055749 -0.364703 0.000000
vt -0.055749 -0.512343 0.000000
vt -0.055749 -0.660007 0.000000
vt -0.055749 -0.807650 0.000000
vt -0.055749 -0.955308 0.000000
vt -0.055749 -1.102957 0.000000
vt -0.045678 -1.220870 0.000000
vt -0.007732 -1.007874 0.000000
vt -0.045678 -0.693659 0.000000
vt -0.007732 -0.794878 0.000000
vt -0.007732 -1.220870 0.000000
vt -0.017803 -1.220870 0.000000
vt -0.027874 -1.220870 0.000000
vt -0.035606 -1.220870 0.000000
vt -0.007732 -1.114372 0.000000
vt -0.017803 -1.114372 0.000000
vt -0.027874 -1.114372 0.000000
vt -0.035606 -1.114372 0.000000
vt -0.045678 -1.114372 0.000000
vt -0.007732 -0.901376 0.000000
vt -0.017803 -0.901376 0.000000
vt -0.027874 -0.901376 0.000000
vt -0.035606 -0.901376 0.000000
vt -0.045678 -0.901376 0.000000
vt -0.045678 -1.007874 0.000000
vt -0.035606 -1.007874 0.000000
vt -0.027874 -1.007874 0.000000
vt -0.017803 -1.007874 0.000000
vt -0.017803 -0.794878 0.000000
vt -0.027874 -0.794878 0.000000
vt -0.035606 -0.794878 0.000000
vt -0.045678 -0.794878 0.000000
vt -0.007732 -0.592440 0.000000
vt -0.017803 -0.592440 0.000000
vt -0.027874 -0.592440 0.000000
vt -0.035606 -0.592440 0.000000
vt -0.045678 -0.592440 0.000000
vt -0.035606 -0.693659 0.000000
vt -0.027874 -0.693659 0.000000
vt -0.017803 -0.693659 0.000000
vt -0.007732 -0.693659 0.000000
vt -0.007732 -0.461621 0.000000
vt -0.017803 -0.461621 0.000000
vt -0.027874 -0.461621 0.000000
vt -0.035606 -0.461621 0.000000
vt -0.045678 -0.461621 0.000000
vt -0.007732 -0.330802 0.000000
vt -0.017803 -0.330802 0.000000
vt -0.027874 -0.330802 0.000000
vt -0.035606 -0.330802 0.000000
vt -0.045678 -0.330802 0.000000
vt -0.007732 -0.199984 0.000000
vt -0.017803 -0.199984 0.000000
vt -0.027874 -0.199984 0.000000
vt -0.035606 -0.199984 0.000000
vt -0.045678 -0.199984 0.000000
vt -0.000000 0.081107 0.000000
vt -0.017405 0.081107 0.000000
vt -0.034848 0.081107 0.000000
vt -0.052252 0.081107 0.000000
vt -0.052252 0.040554 0.000000
vt -0.052252 0.020277 0.000000
vt -0.052252 0.000000 0.000000
vt -0.039240 0.000000 0.000000
vt -0.026126 0.000000 0.000000
vt -0.013012 0.000000 0.000000
vt -0.000000 0.000000 0.000000
vt -0.000000 0.010138 0.000000
vt -0.000000 0.020277 0.000000
vt -0.000000 0.040554 0.000000
vt -0.042728 0.054438 0.000000
vt -0.033203 0.054438 0.000000
vt -0.026126 0.054438 0.000000
vt -0.016602 0.054438 0.000000
vt -0.007077 0.054438 0.000000
vt -0.042728 0.017880 0.000000
vt -0.033203 0.017880 0.000000
vt -0.026126 0.017880 0.000000
vt -0.016602 0.017880 0.000000
vt -0.007077 0.017880 0.000000
vt -1.758137 0.019441 0.000000
vt -1.833552 0.019441 0.000000
vt -1.833552 0.006480 0.000000
vt -1.833552 -0.006480 0.000000
vt -1.833552 -0.019441 0.000000
vt -1.701800 -0.019441 0.000000
vt -1.702189 -0.019221 0.000000
vt -1.734098 -0.000213 0.000000
vt -1.833552 0.019441 0.000000
vt -1.833552 0.006480 0.000000
vt -1.833552 -0.006480 0.000000
vt -1.833552 -0.019441 0.000000
vt -1.758137 -0.019441 0.000000
vt -1.734098 0.000213 0.000000
vt -1.702189 0.019221 0.000000
vt -1.701800 0.019441 0.000000
vt -0.000000 0.081095 0.000000
vt -0.013012 0.081095 0.000000
vt -0.026126 0.081095 0.000000
vt -0.039240 0.081095 0.000000
vt -0.052252 0.081095 0.000000
vt -0.052252 0.060821 0.000000
vt -0.052252 0.040547 0.000000
vt -0.052252 0.000000 0.000000
vt -0.034847 0.000000 0.000000
vt -0.017405 0.000000 0.000000
vt -0.000000 0.000000 0.000000
vt -0.000000 0.040547 0.000000
vt -0.000000 0.060821 0.000000
vt -0.000000 0.070958 0.000000
vt -0.042791 0.067333 0.000000
vt -0.033330 0.067333 0.000000
vt -0.026126 0.067333 0.000000
vt -0.016665 0.067333 0.000000
vt -0.007204 0.067333 0.000000
vt -0.042791 0.053571 0.000000
vt -0.033330 0.053571 0.000000
vt -0.026126 0.053571 0.000000
vt -0.016665 0.053571 0.000000
vt -0.007204 0.053571 0.000000
vt -0.042791 0.026785 0.000000
vt -0.033330 0.026785 0.000000
vt -0.026126 0.026785 0.000000
vt -0.016665 0.026785 0.000000
vt -0.007204 0.026785 0.000000
vt -0.000000 1.265205 0.000000
vt -0.026264 1.254887 0.000000
vt -0.040599 1.251527 0.000000
vt -0.055746 1.250708 0.000000
vt -0.055746 1.103045 0.000000
vt -0.055746 0.955364 0.000000
vt -0.055746 0.807720 0.000000
vt -0.055746 0.660045 0.000000
vt -0.055746 0.512393 0.000000
vt -0.055746 0.364731 0.000000
vt -0.055746 0.217075 0.000000
vt -0.055746 0.069414 0.000000
vt -0.041864 0.069414 0.000000
vt -0.027873 0.069414 0.000000
vt -0.013882 0.069414 0.000000
vt -0.000000 0.069414 0.000000
vt -0.000000 0.218888 0.000000
vt -0.000000 0.368355 0.000000
vt -0.000000 0.517828 0.000000
vt -0.000000 0.667294 0.000000
vt -0.000000 0.816779 0.000000
vt -0.000000 0.966237 0.000000
vt -0.000000 1.115732 0.000000
vt -0.045688 1.135683 0.000000
vt -0.035630 1.135683 0.000000
vt -0.027873 1.135683 0.000000
vt -0.017815 1.135683 0.000000
vt -0.007757 1.135683 0.000000
vt -0.045688 1.006161 0.000000
vt -0.035630 1.006161 0.000000
vt -0.027873 1.006161 0.000000
vt -0.017815 1.006161 0.000000
vt -0.007757 1.006161 0.000000
vt -0.045688 0.834897 0.000000
vt -0.035630 0.834897 0.000000
vt -0.027873 0.834897 0.000000
vt -0.017815 0.834897 0.000000
vt -0.007757 0.834897 0.000000
vt -0.045688 0.663634 0.000000
vt -0.035630 0.663634 0.000000
vt -0.027873 0.663634 0.000000
vt -0.017815 0.663634 0.000000
vt -0.007757 0.663634 0.000000
vt -0.045688 0.515079 0.000000
vt -0.035630 0.515079 0.000000
vt -0.027873 0.515079 0.000000
vt -0.017815 0.515079 0.000000
vt -0.007757 0.515079 0.000000
vt -0.045688 0.366524 0.000000
vt -0.035630 0.366524 0.000000
vt -0.027873 0.366524 0.000000
vt -0.017815 0.366524 0.000000
vt -0.007757 0.366524 0.000000
vt -0.045688 0.217402 0.000000
vt -0.035630 0.217729 0.000000
vt -0.027873 0.217982 0.000000
vt -0.017815 0.218309 0.000000
vt -0.007757 0.218636 0.000000
vt 0.102108 -0.019863 0.000000
vt 0.102108 0.055552 0.000000
vt 0.061853 -0.000806 0.000000
vt 0.076447 -0.004446 0.000000
vt 0.090042 -0.010882 0.000000
vt 0.168570 0.039898 0.000000
vt 0.146023 0.005795 0.000000
vt 0.136219 -0.014487 0.000000
vt 0.130383 -0.039898 0.000000
vt 0.273124 -0.039898 0.000000
vt 0.270975 -0.022328 0.000000
vt 0.264784 -0.004759 0.000000
vt 0.243597 0.030381 0.000000
vt 0.237828 0.039898 0.000000
vt 0.901701 -0.403507 0.000000
vt 0.795123 -0.372924 0.000000
vt 0.693101 -0.311696 0.000000
vt 0.598590 -0.221595 0.000000
vt 0.514327 -0.105232 0.000000
vt 0.442750 0.034026 0.000000
vt 0.385932 0.192147 0.000000
vt 0.345518 0.364551 0.000000
vt 0.322679 0.546248 0.000000
vt 0.312322 0.546248 0.000000
vt 0.289483 0.364551 0.000000
vt 0.249070 0.192147 0.000000
vt 0.192252 0.034026 0.000000
vt 0.120675 -0.105232 0.000000
vt 0.036411 -0.221595 0.000000
vt -0.058100 -0.311696 0.000000
vt -0.160121 -0.372924 0.000000
vt -0.266699 -0.403507 0.000000
vt -0.266699 -0.546248 0.000000
vt 0.901701 -0.546248 0.000000
vt -0.055749 -1.250608 0.000000
vt -0.040647 -1.251423 0.000000
vt -0.026277 -1.254787 0.000000
vt -0.000000 -1.265105 0.000000
vt -0.000000 -1.115640 0.000000
vt -0.000000 -0.966182 0.000000
vt -0.000000 -0.816709 0.000000
vt -0.000000 -0.667256 0.000000
vt -0.000000 -0.517778 0.000000
vt -0.000000 -0.368328 0.000000
vt -0.000000 -0.218775 0.000000
vt -0.000000 -0.069391 0.000000
vt -0.013837 -0.069231 0.000000
vt -0.027879 -0.069165 0.000000
vt -0.041946 -0.069242 0.000000
vt -0.055749 -0.069393 0.000000
vt -0.055749 -0.216969 0.000000
vt -0.055749 -0.364703 0.000000
vt -0.055749 -0.512343 0.000000
vt -0.055749 -0.660007 0.000000
vt -0.055749 -0.807650 0.000000
vt -0.055749 -0.955308 0.000000
vt -0.055749 -1.102957 0.000000
vt -0.045678 -1.220870 0.000000
vt -0.007732 -1.007874 0.000000
vt -0.045678 -0.693659 0.000000
vt -0.007732 -0.794878 0.000000
vt -0.007732 -1.220870 0.000000
vt -0.017803 -1.220870 0.000000
vt -0.027874 -1.220870 0.000000
vt -0.035606 -1.220870 0.000000
vt -0.007732 -1.114372 0.000000
vt -0.017803 -1.114372 0.000000
vt -0.027874 -1.114372 0.000000
vt -0.035606 -1.114372 0.000000
vt -0.045678 -1.114372 0.000000
vt -0.007732 -0.901376 0.000000
vt -0.017803 -0.901376 0.000000
vt -0.027874 -0.901376 0.000000
vt -0.035606 -0.901376 0.000000
vt -0.045678 -0.901376 0.000000
vt -0.045678 -1.007874 0.000000
vt -0.035606 -1.007874 0.000000
vt -0.027874 -1.007874 0.000000
vt -0.017803 -1.007874 0.000000
vt -0.017803 -0.794878 0.000000
vt -0.027874 -0.794878 0.000000
vt -0.035606 -0.794878 0.000000
vt -0.045678 -0.794878 0.000000
vt -0.007732 -0.592440 0.000000
vt -0.017803 -0.592440 0.000000
vt -0.027874 -0.592440 0.000000
vt -0.035606 -0.592440 0.000000
vt -0.045678 -0.592440 0.000000
vt -0.035606 -0.693659 0.000000
vt -0.027874 -0.693659 0.000000
vt -0.017803 -0.693659 0.000000
vt -0.007732 -0.693659 0.000000
vt -0.007732 -0.461621 0.000000
vt -0.017803 -0.461621 0.000000
vt -0.027874 -0.461621 0.000000
vt -0.035606 -0.461621 0.000000
vt -0.045678 -0.461621 0.000000
vt -0.007732 -0.330802 0.000000
vt -0.017803 -0.330802 0.000000
vt -0.027874 -0.330802 0.000000
vt -0.035606 -0.330802 0.000000
vt -0.045678 -0.330802 0.000000
vt -0.007732 -0.199984 0.000000
vt -0.017803 -0.199984 0.000000
vt -0.027874 -0.199984 0.000000
vt -0.035606 -0.199984 0.000000
vt -0.045678 -0.199984 0.000000
vt -0.000000 0.081107 0.000000
vt -0.017405 0.081107 0.000000
vt -0.034848 0.081107 0.000000
vt -0.052252 0.081107 0.000000
vt -0.052252 0.040554 0.000000
vt -0.052252 0.020277 0.000000
vt -0.052252 0.000000 0.000000
vt -0.039240 0.000000 0.000000
vt -0.026126 0.000000 0.000000
vt -0.013012 0.000000 0.000000
vt -0.000000 0.000000 0.000000
vt -0.000000 0.010138 0.000000
vt -0.000000 0.020277 0.000000
vt -0.000000 0.040554 0.000000
vt -0.042728 0.054330 0.000000
vt -0.033203 0.054330 0.000000
vt -0.026126 0.054330 0.000000
vt -0.016601 0.054330 0.000000
vt -0.007077 0.054330 0.000000
vt -0.042728 0.017836 0.000000
vt -0.033203 0.017836 0.000000
vt -0.026126 0.017836 0.000000
vt -0.016601 0.017836 0.000000
vt -0.007077 0.017836 0.000000
vt -1.758137 0.019441 0.000000
vt -1.833552 0.019441 0.000000
vt -1.833552 0.006480 0.000000
vt -1.833552 -0.006480 0.000000
vt -1.833552 -0.019441 0.000000
vt -1.701800 -0.019441 0.000000
vt -1.702189 -0.019221 0.000000
vt -1.734098 -0.000213 0.000000
vt -1.833552 0.019441 0.000000
vt -1.833552 0.006480 0.000000
vt -1.833552 -0.006480 0.000000
vt -1.833552 -0.019441 0.000000
vt -1.758137 -0.019441 0.000000
vt -1.734098 0.000213 0.000000
vt -1.702189 0.019221 0.000000
vt -1.701800 0.019441 0.000000
vt -0.000000 0.081095 0.000000
vt -0.013012 0.081095 0.000000
vt -0.026126 0.081095 0.000000
vt -0.039240 0.081095 0.000000
vt -0.052252 0.081095 0.000000
vt -0.052252 0.060821 0.000000
vt -0.052252 0.040548 0.000000
vt -0.052252 0.000000 0.000000
vt -0.034847 0.000000 0.000000
vt -0.017405 0.000000 0.000000
vt -0.000000 0.000000 0.000000
vt -0.000000 0.040548 0.000000
vt -0.000000 0.060821 0.000000
vt -0.000000 0.070958 0.000000
vt -0.042791 0.067343 0.000000
vt -0.033330 0.067343 0.000000
vt -0.026126 0.067343 0.000000
vt -0.016665 0.067343 0.000000
vt -0.007204 0.067343 0.000000
vt -0.042791 0.053592 0.000000
vt -0.033330 0.053592 0.000000
vt -0.026126 0.053592 0.000000
vt -0.016665 0.053592 0.000000
vt -0.007204 0.053592 0.000000
vt -0.042791 0.026796 0.000000
vt -0.033330 0.026796 0.000000
vt -0.026126 0.026796 0.000000
vt -0.016665 0.026796 0.000000
vt -0.007204 0.026796 0.000000
vt -0.000000 1.265205 0.000000
vt -0.026264 1.254887 0.000000
vt -0.040599 1.251527 0.000000
vt -0.055746 1.250708 0.000000
vt -0.055746 1.103045 0.000000
vt -0.055746 0.955364 0.000000
vt -0.055746 0.807720 0.000000
vt -0.055746 0.660045 0.000000
vt -0.055746 0.512393 0.000000
vt -0.055746 0.364731 0.000000
vt -0.055746 0.217075 0.000000
vt -0.055746 0.069414 0.000000
vt -0.041864 0.069414 0.000000
vt -0.027873 0.069414 0.000000
vt -0.013882 0.069414 0.000000
vt -0.000000 0.069414 0.000000
vt -0.000000 0.218888 0.000000
vt -0.000000 0.368355 0.000000
vt -0.000000 0.517828 0.000000
vt -0.000000 0.667294 0.000000
vt -0.000000 0.816779 0.000000
vt -0.000000 0.966237 0.000000
vt -0.000000 1.115732 0.000000
vt -0.045639 1.135683 0.000000
vt -0.035532 1.135683 0.000000
vt -0.027873 1.135683 0.000000
vt -0.017766 1.135683 0.000000
vt -0.007658 1.135683 0.000000
vt -0.045639 1.006161 0.000000
vt -0.035532 1.006161 0.000000
vt -0.027873 1.006161 0.000000
vt -0.017766 1.006161 0.000000
vt -0.007658 1.006161 0.000000
vt -0.045639 0.834897 0.000000
vt -0.035532 0.834897 0.000000
vt -0.027873 0.834897 0.000000
vt -0.017766 0.834897 0.000000
vt -0.007658 0.834897 0.000000
vt -0.045639 0.663634 0.000000
vt -0.035532 0.663634 0.000000
vt -0.027873 0.663634 0.000000
vt -0.017766 0.663634 0.000000
vt -0.007658 0.663634 0.000000
vt -0.045639 0.515079 0.000000
vt -0.035532 0.515079 0.000000
vt -0.027873 0.515079 0.000000
vt -0.017766 0.515079 0.000000
vt -0.007658 0.515079 0.000000
vt -0.045639 0.366524 0.000000
vt -0.035532 0.366524 0.000000
vt -0.027873 0.366524 0.000000
vt -0.017766 0.366524 0.000000
vt -0.007658 0.366524 0.000000
vt -0.045639 0.217404 0.000000
vt -0.035532 0.217733 0.000000
vt -0.027873 0.217982 0.000000
vt -0.017766 0.218310 0.000000
vt -0.007658 0.218639 0.000000
vt 0.102108 -0.019863 0.000000
vt 0.102108 0.055552 0.000000
vt 0.061853 -0.000806 0.000000
vt 0.076447 -0.004446 0.000000
vt 0.090042 -0.010882 0.000000
vt 0.168570 0.039898 0.000000
vt 0.146023 0.005795 0.000000
vt 0.136219 -0.014487 0.000000
vt 0.130383 -0.039898 0.000000
vt 0.273124 -0.039898 0.000000
vt 0.270975 -0.022328 0.000000
vt 0.264784 -0.004759 0.000000
vt 0.243597 0.030381 0.000000
vt 0.237828 0.039898 0.000000
vt 0.901335 -0.403507 0.000000
vt 0.794757 -0.372924 0.000000
vt 0.692736 -0.311696 0.000000
vt 0.598225 -0.221595 0.000000
vt 0.513961 -0.105232 0.000000
vt 0.442384 0.034026 0.000000
vt 0.385566 0.192147 0.000000
vt 0.345153 0.364551 0.000000
vt 0.322314 0.546248 0.000000
vt 0.311957 0.546248 0.000000
vt 0.289118 0.364551 0.000000
vt 0.248704 0.192147 0.000000
vt 0.191887 0.034026 0.000000
vt 0.120310 -0.105232 0.000000
vt 0.036046 -0.221595 0.000000
vt -0.058465 -0.311696 0.000000
vt -0.160487 -0.372924 0.000000
vt -0.267065 -0.403507 0.000000
vt -0.267065 -0.546248 0.000000
vt 0.901335 -0.546248 0.000000
vt -0.055749 -1.250608 0.000000
vt -0.040647 -1.251423 0.000000
vt -0.026277 -1.254787 0.000000
vt -0.000000 -1.265105 0.000000
vt -0.000000 -1.115640 0.000000
vt -0.000000 -0.966182 0.000000
vt -0.000000 -0.816709 0.000000
vt -0.000000 -0.667256 0.000000
vt -0.000000 -0.517778 0.000000
vt -0.000000 -0.368328 0.000000
vt -0.000000 -0.218775 0.000000
vt -0.000000 -0.069391 0.000000
vt -0.013837 -0.069231 0.000000
vt -0.027879 -0.069165 0.000000
vt -0.041946 -0.069242 0.000000
vt -0.055749 -0.069393 0.000000
vt -0.055749 -0.216969 0.000000
vt -0.055749 -0.364703 0.000000
vt -0.055749 -0.512343 0.000000
vt -0.055749 -0.660007 0.000000
vt -0.055749 -0.807650 0.000000
vt -0.055749 -0.955308 0.000000
vt -0.055749 -1.102957 0.000000
vt -0.045654 -1.220870 0.000000
vt -0.007685 -1.007874 0.000000
vt -0.045654 -0.693659 0.000000
vt -0.007685 -0.794878 0.000000
vt -0.007685 -1.220870 0.000000
vt -0.017780 -1.220870 0.000000
vt -0.027874 -1.220870 0.000000
vt -0.035559 -1.220870 0.000000
vt -0.007685 -1.114372 0.000000
vt -0.017780 -1.114372 0.000000
vt -0.027874 -1.114372 0.000000
vt -0.035559 -1.114372 0.000000
vt -0.045654 -1.114372 0.000000
vt -0.007685 -0.901376 0.000000
vt -0.017780 -0.901376 0.000000
vt -0.027874 -0.901376 0.000000
vt -0.035559 -0.901376 0.000000
vt -0.045654 -0.901376 0.000000
vt -0.045654 -1.007874 0.000000
vt -0.035559 -1.007874 0.000000
vt -0.027874 -1.007874 0.000000
vt -0.017780 -1.007874 0.000000
vt -0.017780 -0.794878 0.000000
vt -0.027874 -0.794878 0.000000
vt -0.035559 -0.794878 0.000000
vt -0.045654 -0.794878 0.000000
vt -0.007685 -0.592440 0.000000
vt -0.017780 -0.592440 0.000000
vt -0.027874 -0.592440 0.000000
vt -0.035559 -0.592440 0.000000
vt -0.045654 -0.592440 0.000000
vt -0.035559 -0.693659 0.000000
vt -0.027874 -0.693659 0.000000
vt -0.017780 -0.693659 0.000000
vt -0.007685 -0.693659 0.000000
vt -0.007685 -0.461621 0.000000
vt -0.017780 -0.461621 0.000000
vt -0.027874 -0.461621 0.000000
vt -0.035559 -0.461621 0.000000
vt -0.045654 -0.461621 0.000000
vt -0.007685 -0.330802 0.000000
vt -0.017780 -0.330802 0.000000
vt -0.027874 -0.330802 0.000000
vt -0.035559 -0.330802 0.000000
vt -0.045654 -0.330802 0.000000
vt -0.007685 -0.199984 0.000000
vt -0.017780 -0.199984 0.000000
vt -0.027874 -0.199984 0.000000
vt -0.035559 -0.199984 0.000000
vt -0.045654 -0.199984 0.000000
vt -0.000000 0.081107 0.000000
vt -0.017405 0.081107 0.000000
vt -0.034848 0.081107 0.000000
vt -0.052252 0.081107 0.000000
vt -0.052252 0.040554 0.000000
vt -0.052252 0.020277 0.000000
vt -0.052252 0.000000 0.000000
vt -0.039240 0.000000 0.000000
vt -0.026126 0.000000 0.000000
vt -0.013012 0.000000 0.000000
vt -0.000000 0.000000 0.000000
vt -0.000000 0.010138 0.000000
vt -0.000000 0.020277 0.000000
vt -0.000000 0.040554 0.000000
vt -0.042728 0.054427 0.000000
vt -0.033203 0.054427 0.000000
vt -0.026126 0.054427 0.000000
vt -0.016602 0.054427 0.000000
vt -0.007077 0.054427 0.000000
vt -0.042728 0.017876 0.000000
vt -0.033203 0.017876 0.000000
vt -0.026126 0.017876 0.000000
vt -0.016602 0.017876 0.000000
vt -0.007077 0.017876 0.000000
vt -1.758137 0.019441 0.000000
vt -1.833552 0.019441 0.000000
vt -1.833552 0.006480 0.000000
vt -1.833552 -0.006480 0.000000
vt -1.833552 -0.019441 0.000000
vt -1.701800 -0.019441 0.000000
vt -1.702189 -0.019221 0.000000
vt -1.734098 -0.000213 0.000000
vt -1.833958 0.019441 0.000000
vt -1.833958 0.006480 0.000000
vt -1.833958 -0.006480 0.000000
vt -1.833958 -0.019441 0.000000
vt -1.758137 -0.019441 0.000000
vt -1.734098 0.000213 0.000000
vt -1.702189 0.019221 0.000000
vt -1.701800 0.019441 0.000000
vt -0.000000 0.080876 0.000000
vt -0.013005 0.080875 0.000000
vt -0.026111 0.080876 0.000000
vt -0.039218 0.080876 0.000000
vt -0.052223 0.080876 0.000000
vt -0.052223 0.060657 0.000000
vt -0.052223 0.040438 0.000000
vt -0.052223 0.000000 0.000000
vt -0.034828 0.000000 0.000000
vt -0.017395 0.000000 0.000000
vt -0.000000 0.000000 0.000000
vt -0.000000 0.040438 0.000000
vt -0.000000 0.060657 0.000000
vt -0.042767 0.067225 0.000000
vt -0.033311 0.067225 0.000000
vt -0.026111 0.067225 0.000000
vt -0.016655 0.067225 0.000000
vt -0.007199 0.067225 0.000000
vt -0.042767 0.053574 0.000000
vt -0.033311 0.053574 0.000000
vt -0.026111 0.053574 0.000000
vt -0.016655 0.053574 0.000000
vt -0.007199 0.053574 0.000000
vt -0.042767 0.026787 0.000000
vt -0.033311 0.026787 0.000000
vt -0.026111 0.026787 0.000000
vt -0.016655 0.026787 0.000000
vt -0.007199 0.026787 0.000000
vt -0.000000 1.267132 0.000000
vt -0.026240 1.256798 0.000000
vt -0.040562 1.253432 0.000000
vt -0.055697 1.252612 0.000000
vt -0.055697 1.105328 0.000000
vt -0.055697 0.958025 0.000000
vt -0.055697 0.810760 0.000000
vt -0.055697 0.663462 0.000000
vt -0.055697 0.516191 0.000000
vt -0.055697 0.368906 0.000000
vt -0.055697 0.221629 0.000000
vt -0.055697 0.074346 0.000000
vt -0.041827 0.074346 0.000000
vt -0.027848 0.074346 0.000000
vt -0.013870 0.074346 0.000000
vt -0.000000 0.074346 0.000000
vt -0.000000 0.223444 0.000000
vt -0.000000 0.372535 0.000000
vt -0.000000 0.521634 0.000000
vt -0.000000 0.670722 0.000000
vt -0.000000 0.819833 0.000000
vt -0.000000 0.968914 0.000000
vt -0.000000 1.118033 0.000000
vt -0.045597 1.140739 0.000000
vt -0.035497 1.140739 0.000000
vt -0.027848 1.140739 0.000000
vt -0.017749 1.140739 0.000000
vt -0.007649 1.140739 0.000000
vt -0.045597 1.014347 0.000000
vt -0.035497 1.014347 0.000000
vt -0.027848 1.014347 0.000000
vt -0.017749 1.014347 0.000000
vt -0.007649 1.014347 0.000000
vt -0.045597 0.842478 0.000000
vt -0.035497 0.842478 0.000000
vt -0.027848 0.842478 0.000000
vt -0.017749 0.842478 0.000000
vt -0.007649 0.842478 0.000000
vt -0.045597 0.670629 0.000000
vt -0.035497 0.670650 0.000000
vt -0.027848 0.670666 0.000000
vt -0.017749 0.670686 0.000000
vt -0.007649 0.670707 0.000000
vt -0.045597 0.521559 0.000000
vt -0.035497 0.521576 0.000000
vt -0.027848 0.521588 0.000000
vt -0.017749 0.521605 0.000000
vt -0.007649 0.521621 0.000000
vt -0.045597 0.372488 0.000000
vt -0.035497 0.372498 0.000000
vt -0.027848 0.372506 0.000000
vt -0.017749 0.372517 0.000000
vt -0.007649 0.372527 0.000000
vt -0.045597 0.223418 0.000000
vt -0.035497 0.223424 0.000000
vt -0.027848 0.223428 0.000000
vt -0.017749 0.223434 0.000000
vt -0.007649 0.223440 0.000000
vt -0.059795 1.777522 0.000000
vt -0.085761 1.769868 0.000000
vt -0.085761 0.000000 0.000000
vt -0.059795 0.000000 0.000000
vt -1.268636 -0.812276 0.000000
vt -1.311689 -0.661345 0.000000
vt -1.319299 -0.504578 0.000000
vt -1.291068 -0.350187 0.000000
vt -1.228475 -0.206257 0.000000
vt -1.251289 -0.172869 0.000000
vt -1.252924 -0.154395 0.000000
vt -1.247514 -0.137632 0.000000
vt -1.272914 -0.181626 0.000000
vt -1.335793 -0.323057 0.000000
vt -1.367729 -0.474506 0.000000
vt -1.367313 -0.629284 0.000000
vt -1.334563 -0.780558 0.000000
vt -1.319676 -0.802965 0.000000
vt -1.295434 -0.814628 0.000000
vt -1.769868 0.034484 0.000000
vt -1.739697 -0.003093 0.000000
vt -1.702094 -0.034253 0.000000
vt -1.701800 -0.034484 0.000000
vt -0.000000 -0.034484 0.000000
vt -0.000000 -0.011495 0.000000
vt -0.000000 0.011495 0.000000
vt -0.000000 0.034484 0.000000
vt -0.000000 0.688645 0.000000
vt -0.190500 0.688645 0.000000
vt -0.190500 0.665851 0.000000
vt -0.190500 0.643057 0.000000
vt -0.190500 0.620264 0.000000
vt -1.968500 0.620264 0.000000
vt -1.968500 0.465198 0.000000
vt -1.968500 0.310132 0.000000
vt -1.968500 0.155066 0.000000
vt -1.968500 0.000000 0.000000
vt -0.000000 0.000000 0.000000
vt -0.000000 0.137729 0.000000
vt -0.000000 0.275458 0.000000
vt -0.000000 0.413187 0.000000
vt -0.000000 0.550916 0.000000
vt 1.179022 -0.967493 0.000000
vt 1.069838 -1.080245 0.000000
vt 0.937879 -1.165220 0.000000
vt 0.790056 -1.217968 0.000000
vt 0.634111 -1.235726 0.000000
vt 0.616604 -1.272177 0.000000
vt 0.601422 -1.282829 0.000000
vt 0.584200 -1.286526 0.000000
vt 0.635000 -1.286526 0.000000
vt 0.788923 -1.270264 0.000000
vt 0.936050 -1.222197 0.000000
vt 1.069884 -1.144447 0.000000
vt 1.184517 -1.040447 0.000000
vt 1.196478 -1.016351 0.000000
vt 1.194458 -0.989525 0.000000
vt -0.594364 0.892056 0.000000
vt -0.500741 1.018520 0.000000
vt -0.380758 1.120316 0.000000
vt -0.240731 1.192087 0.000000
vt -0.088032 1.230053 0.000000
vt -0.099338 1.254463 0.000000
vt -0.121524 1.269677 0.000000
vt -0.148368 1.271429 0.000000
vt -0.296253 1.224325 0.000000
vt -0.430985 1.147280 0.000000
vt -0.546583 1.043714 0.000000
vt -0.637914 0.918226 0.000000
vt -0.663314 0.874232 0.000000
vt -0.651502 0.887298 0.000000
vt -0.634686 0.895120 0.000000
vt -0.000000 0.688642 0.000000
vt -0.190500 0.688642 0.000000
vt -0.190500 0.665848 0.000000
vt -0.190500 0.643054 0.000000
vt -0.190500 0.620260 0.000000
vt -1.968500 0.620260 0.000000
vt -1.968500 0.465195 0.000000
vt -1.968500 0.310130 0.000000
vt -1.968500 0.155065 0.000000
vt -1.968500 0.000000 0.000000
vt -0.000000 0.000000 0.000000
vt -0.000000 0.137728 0.000000
vt -0.000000 0.275457 0.000000
vt -0.000000 0.413185 0.000000
vt -0.000000 0.550914 0.000000
vt 0.091199 1.229635 0.000000
vt 0.243883 1.190896 0.000000
vt 0.383700 1.118342 0.000000
vt 0.503274 1.015799 0.000000
vt 0.596296 0.888677 0.000000
vt 0.630946 0.892852 0.000000
vt 0.658943 0.879129 0.000000
vt 0.589359 0.991781 0.000000
vt 0.500731 1.090155 0.000000
vt 0.395923 1.171074 0.000000
vt 0.278322 1.231920 0.000000
vt 0.151727 1.270730 0.000000
vt 0.124875 1.269103 0.000000
vt 0.102619 1.253993 0.000000
vt -0.167292 -0.039898 0.000000
vt -0.173127 -0.014490 0.000000
vt -0.182939 0.005796 0.000000
vt -0.205479 0.039898 0.000000
vt -0.274737 0.039898 0.000000
vt -0.280505 0.030381 0.000000
vt -0.301692 -0.004759 0.000000
vt -0.307884 -0.022328 0.000000
vt -0.310032 -0.039898 0.000000
vt 0.312684 0.546248 0.000000
vt 0.289845 0.364551 0.000000
vt 0.249431 0.192147 0.000000
vt 0.192613 0.034026 0.000000
vt 0.121036 -0.105232 0.000000
vt 0.036773 -0.221595 0.000000
vt -0.057738 -0.311696 0.000000
vt -0.159760 -0.372924 0.000000
vt -0.266338 -0.403507 0.000000
vt -0.266338 -0.546248 0.000000
vt 0.898064 -0.546248 0.000000
vt 0.898543 -0.403025 0.000000
vt 0.792491 -0.371614 0.000000
vt 0.691044 -0.309844 0.000000
vt 0.597117 -0.219490 0.000000
vt 0.513407 -0.103146 0.000000
vt 0.442318 0.035847 0.000000
vt 0.385891 0.193496 0.000000
vt 0.345747 0.365274 0.000000
vt 0.323039 0.546248 0.000000
vt -0.167292 -0.039898 0.000000
vt -0.173127 -0.014490 0.000000
vt -0.182939 0.005796 0.000000
vt -0.205479 0.039898 0.000000
vt -0.274737 0.039898 0.000000
vt -0.280505 0.030381 0.000000
vt -0.301692 -0.004759 0.000000
vt -0.307884 -0.022328 0.000000
vt -0.310032 -0.039898 0.000000
vt 0.024892 0.055552 0.000000
vt 0.024892 -0.019863 0.000000
vt 0.036958 -0.010882 0.000000
vt 0.050553 -0.004446 0.000000
vt 0.065147 -0.000806 0.000000
vt -0.167292 -0.039898 0.000000
vt -0.173127 -0.014490 0.000000
vt -0.182939 0.005796 0.000000
vt -0.205479 0.039898 0.000000
vt -0.274737 0.039898 0.000000
vt -0.280505 0.030381 0.000000
vt -0.301692 -0.004759 0.000000
vt -0.307884 -0.022328 0.000000
vt -0.310032 -0.039898 0.000000
vt 0.166652 0.039779 0.000000
vt 0.144151 0.005754 0.000000
vt 0.134357 -0.014463 0.000000
vt 0.128483 -0.039779 0.000000
vt 0.271706 -0.039779 0.000000
vt 0.273025 -0.029860 0.000000
vt 0.281665 -0.012450 0.000000
vt 0.297419 0.004960 0.000000
vt 0.342324 0.039779 0.000000
vt 0.301845 0.009098 0.000000
vt 0.284230 -0.008155 0.000000
vt 0.270901 -0.029290 0.000000
vt 0.260710 0.000606 0.000000
vt 0.242010 0.030503 0.000000
vt 0.236364 0.039779 0.000000
vt 1.265765 1.881509 0.000000
vt 1.254292 1.936741 0.000000
vt 1.241198 1.956155 0.000000
vt 1.225054 1.966839 0.000000
vt 1.215202 1.968500 0.000000
vt 0.050800 1.968500 0.000000
vt 0.000000 1.968500 0.000000
vt 0.000000 0.000000 0.000000
vt 1.265765 0.000000 0.000000
vt 0.050800 1.968500 0.000000
vt 0.000000 1.968500 0.000000
vt 0.000000 0.000000 0.000000
vt 1.270000 0.000000 0.000000
vt 1.270000 1.968500 0.000000
vt 1.219200 1.968500 0.000000
vt 0.024892 0.055552 0.000000
vt 0.024892 -0.019863 0.000000
vt 0.036958 -0.010882 0.000000
vt 0.050553 -0.004446 0.000000
vt 0.065147 -0.000806 0.000000
vt 0.024892 0.055552 0.000000
vt 0.024892 -0.019863 0.000000
vt 0.036958 -0.010882 0.000000
vt 0.050553 -0.004446 0.000000
vt 0.065147 -0.000806 0.000000
vt 0.102108 -0.019863 0.000000
vt 0.102108 0.055958 0.000000
vt 0.061589 -0.000768 0.000000
vt 0.076280 -0.004386 0.000000
vt 0.089966 -0.010836 0.000000
vt 1.228472 -0.206251 0.000000
vt 1.291067 -0.350181 0.000000
vt 1.319299 -0.504573 0.000000
vt 1.311689 -0.661341 0.000000
vt 1.268637 -0.812273 0.000000
vt 1.295435 -0.814625 0.000000
vt 1.319677 -0.802962 0.000000
vt 1.334564 -0.780555 0.000000
vt 1.367313 -0.629280 0.000000
vt 1.367728 -0.474500 0.000000
vt 1.335791 -0.323052 0.000000
vt 1.272911 -0.181620 0.000000
vt 1.247510 -0.137626 0.000000
vt 1.252920 -0.154389 0.000000
vt 1.251286 -0.172863 0.000000
vt 0.050800 1.968500 0.000000
vt 0.000000 1.968500 0.000000
vt 0.000000 0.000000 0.000000
vt 1.270000 0.000000 0.000000
vt 1.270000 1.968500 0.000000
vt 1.219200 1.968500 0.000000
vt 0.083642 1.018774 0.000000
vt 0.205566 0.979527 0.000000
vt 0.312621 0.909206 0.000000
vt 0.397064 0.812899 0.000000
vt 0.452786 0.697570 0.000000
vt 0.475758 0.571562 0.000000
vt 0.464318 0.443989 0.000000
vt 0.419293 0.324079 0.000000
vt 0.343941 0.220504 0.000000
vt 0.243710 0.140757 0.000000
vt 0.125852 0.090606 0.000000
vt -0.001109 0.073677 0.000000
vt -0.127990 0.091197 0.000000
vt -0.245614 0.141897 0.000000
vt -0.345471 0.222110 0.000000
vt -0.420341 0.326034 0.000000
vt -0.464807 0.446153 0.000000
vt -0.475652 0.573778 0.000000
vt -0.452094 0.699677 0.000000
vt -0.395834 0.814745 0.000000
vt -0.310944 0.910659 0.000000
vt -0.203563 0.980480 0.000000
vt -0.081457 1.019158 0.000000
vt -0.080845 1.282076 0.000000
vt -0.103459 1.279224 0.000000
vt -0.125974 1.275674 0.000000
vt -0.148368 1.271429 0.000000
vt -0.118861 1.268672 0.000000
vt -0.095914 1.249919 0.000000
vt -0.087336 1.221552 0.000000
vt -0.087397 1.195586 0.000000
vt -0.092562 1.173386 0.000000
vt -0.106915 1.155678 0.000000
vt -0.127566 1.146029 0.000000
vt -0.267818 1.097544 0.000000
vt -0.392199 1.016608 0.000000
vt -0.493339 0.908017 0.000000
vt -0.565244 0.778205 0.000000
vt -0.603653 0.634866 0.000000
vt -0.606291 0.486493 0.000000
vt -0.573000 0.341879 0.000000
vt -0.505753 0.209594 0.000000
vt -0.408537 0.097477 0.000000
vt -0.287110 0.012172 0.000000
vt -0.148670 -0.041267 0.000000
vt -0.001420 -0.059672 0.000000
vt 0.145915 -0.041953 0.000000
vt 0.284602 0.010840 0.000000
vt 0.406425 0.095579 0.000000
vt 0.504163 0.207242 0.000000
vt 0.572025 0.339213 0.000000
vt 0.605989 0.483670 0.000000
vt 0.604042 0.632053 0.000000
vt 0.566301 0.775570 0.000000
vt 0.495002 0.905715 0.000000
vt 0.394369 1.014776 0.000000
vt 0.270366 1.096291 0.000000
vt 0.130341 1.145429 0.000000
vt 0.109735 1.155174 0.000000
vt 0.095465 1.172948 0.000000
vt 0.090403 1.195172 0.000000
vt 0.090463 1.221138 0.000000
vt 0.099174 1.249464 0.000000
vt 0.122208 1.268110 0.000000
vt 0.151727 1.270730 0.000000
vt 0.129353 1.275079 0.000000
vt 0.106855 1.278734 0.000000
vt 0.084254 1.281692 0.000000
vt 0.635000 -1.286526 0.000000
vt -0.635000 -1.286526 0.000000
vt -0.771927 -1.273687 0.000000
vt -0.904081 -1.235619 0.000000
vt -1.026855 -1.173648 0.000000
vt -1.135970 -1.089934 0.000000
vt -1.227621 -0.987396 0.000000
vt -0.943955 -0.823622 0.000000
vt -0.851378 -0.901413 0.000000
vt -0.740229 -0.949037 0.000000
vt -0.620049 -0.962405 0.000000
vt -0.501152 -0.940371 0.000000
vt -0.393743 -0.884825 0.000000
vt -0.307041 -0.800536 0.000000
vt -0.248487 -0.694737 0.000000
vt -0.223107 -0.576509 0.000000
vt -0.233079 -0.455999 0.000000
vt -0.277548 -0.343551 0.000000
vt -0.352696 -0.248816 0.000000
vt -0.452075 -0.179925 0.000000
vt -0.567153 -0.142791 0.000000
vt -0.688055 -0.140600 0.000000
vt -0.804403 -0.173542 0.000000
vt -0.906211 -0.238788 0.000000
vt -0.984742 -0.330739 0.000000
vt -1.033255 -0.441502 0.000000
vt -1.047586 -0.561571 0.000000
vt -1.026505 -0.680641 0.000000
vt -1.310171 -0.844416 0.000000
vt -1.353146 -0.713775 0.000000
vt -1.371087 -0.577422 0.000000
vt -1.363368 -0.440111 0.000000
vt -1.330259 -0.306628 0.000000
vt -1.272914 -0.181626 0.000000
vt -0.637914 0.918226 0.000000
vt -0.558108 1.030649 0.000000
vt -0.458750 1.126232 0.000000
vt -0.343321 1.201624 0.000000
vt -0.215864 1.254186 0.000000
vt -0.080845 1.282076 0.000000
vt -0.081608 0.954528 0.000000
vt -0.195362 0.913514 0.000000
vt -0.292348 0.841294 0.000000
vt -0.364242 0.744067 0.000000
vt -0.404873 0.630176 0.000000
vt -0.410755 0.509398 0.000000
vt -0.381383 0.392098 0.000000
vt -0.319276 0.288344 0.000000
vt -0.229767 0.207042 0.000000
vt -0.120537 0.155169 0.000000
vt -0.000961 0.137177 0.000000
vt 0.118697 0.154612 0.000000
vt 0.228167 0.205975 0.000000
vt 0.318054 0.286860 0.000000
vt 0.380643 0.390323 0.000000
vt 0.410562 0.507485 0.000000
vt 0.405243 0.628289 0.000000
vt 0.365142 0.742368 0.000000
vt 0.293702 0.839930 0.000000
vt 0.197053 0.912600 0.000000
vt 0.083492 0.954144 0.000000
vt 0.084254 1.281692 0.000000
vt 0.219294 1.253126 0.000000
vt 0.346634 1.199868 0.000000
vt 0.461802 1.123789 0.000000
vt 0.560755 1.027559 0.000000
vt 0.640018 0.914559 0.000000
vt 1.272911 -0.181620 0.000000
vt 1.330257 -0.306622 0.000000
vt 1.363367 -0.440105 0.000000
vt 1.371087 -0.577417 0.000000
vt 1.353147 -0.713771 0.000000
vt 1.310172 -0.844412 0.000000
vt 1.026506 -0.680639 0.000000
vt 1.047586 -0.561569 0.000000
vt 1.033254 -0.441500 0.000000
vt 0.984741 -0.330737 0.000000
vt 0.906210 -0.238787 0.000000
vt 0.804401 -0.173541 0.000000
vt 0.688053 -0.140600 0.000000
vt 0.567151 -0.142791 0.000000
vt 0.452073 -0.179926 0.000000
vt 0.352695 -0.248817 0.000000
vt 0.277547 -0.343553 0.000000
vt 0.233079 -0.456001 0.000000
vt 0.223107 -0.576511 0.000000
vt 0.248488 -0.694739 0.000000
vt 0.307042 -0.800537 0.000000
vt 0.393745 -0.884827 0.000000
vt 0.501154 -0.940372 0.000000
vt 0.620051 -0.962405 0.000000
vt 0.740231 -0.949036 0.000000
vt 0.851380 -0.901412 0.000000
vt 0.943956 -0.823620 0.000000
vt 1.227623 -0.987394 0.000000
vt 1.135972 -1.089932 0.000000
vt 1.026857 -1.173647 0.000000
vt 0.904083 -1.235619 0.000000
vt 0.771928 -1.273687 0.000000
vt -0.635000 -1.667526 0.000000
vt 0.635000 -1.667526 0.000000
vt 0.829070 -1.650547 0.000000
vt 1.017243 -1.600126 0.000000
vt 1.193802 -1.517795 0.000000
vt 1.353382 -1.406055 0.000000
vt 1.491134 -1.268302 0.000000
vt 1.602873 -1.108721 0.000000
vt 1.685203 -0.932162 0.000000
vt 1.735622 -0.743988 0.000000
vt 1.752600 -0.549918 0.000000
vt 1.735620 -0.355848 0.000000
vt 1.685197 -0.167675 0.000000
vt 1.602865 0.008883 0.000000
vt 0.970462 1.104212 0.000000
vt 0.859191 1.264644 0.000000
vt 0.721697 1.403262 0.000000
vt 0.562178 1.515838 0.000000
vt 0.385501 1.598935 0.000000
vt 0.197059 1.650016 0.000000
vt 0.002603 1.667523 0.000000
vt -0.191933 1.650922 0.000000
vt -0.380611 1.600719 0.000000
vt -0.557673 1.518446 0.000000
vt -0.717715 1.406615 0.000000
vt -0.855852 1.268638 0.000000
vt -0.967870 1.108726 0.000000
vt -1.602870 0.008874 0.000000
vt -1.685200 -0.167684 0.000000
vt -1.735621 -0.355857 0.000000
vt -1.752600 -0.549926 0.000000
vt -1.735621 -0.743995 0.000000
vt -1.685200 -0.932168 0.000000
vt -1.602870 -1.108726 0.000000
vt -1.491131 -1.268306 0.000000
vt -1.353379 -1.406057 0.000000
vt -1.193800 -1.517796 0.000000
vt -1.017242 -1.600127 0.000000
vt -0.829069 -1.650547 0.000000
vt 0.000000 0.000000 0.000000
vt 1.264784 0.000000 0.000000
vt 1.264784 0.203200 0.000000
vt 0.000000 0.203200 0.000000
vt -0.000000 0.000000 0.000000
vt -0.000000 0.195059 0.000000
vt -0.000000 0.390118 0.000000
vt -0.000000 0.585177 0.000000
vt -0.000000 0.780236 0.000000
vt -0.000000 0.975294 0.000000
vt -0.000000 1.170353 0.000000
vt -0.000000 1.365412 0.000000
vt -0.000000 1.560471 0.000000
vt -0.000000 1.755530 0.000000
vt -0.000000 1.950589 0.000000
vt -0.000000 2.145648 0.000000
vt -0.000000 2.340707 0.000000
vt -0.203200 2.340707 0.000000
vt -0.203200 2.145648 0.000000
vt -0.203200 1.950589 0.000000
vt -0.203200 1.755530 0.000000
vt -0.203200 1.560471 0.000000
vt -0.203200 1.365412 0.000000
vt -0.203200 1.170353 0.000000
vt -0.203200 0.975294 0.000000
vt -0.203200 0.780236 0.000000
vt -0.203200 0.585177 0.000000
vt -0.203200 0.390118 0.000000
vt -0.203200 0.195059 0.000000
vt -0.203200 0.000000 0.000000
vt 0.000000 0.000000 0.000000
vt 1.270000 0.000000 0.000000
vt 1.270000 0.203200 0.000000
vt 0.000000 0.203200 0.000000
vt -0.000000 -2.340696 0.000000
vt -0.000000 -2.145638 0.000000
vt -0.000000 -1.950580 0.000000
vt -0.000000 -1.755522 0.000000
vt -0.000000 -1.560464 0.000000
vt -0.000000 -1.365406 0.000000
vt -0.000000 -1.170348 0.000000
vt -0.000000 -0.975290 0.000000
vt -0.000000 -0.780232 0.000000
vt -0.000000 -0.585174 0.000000
vt -0.000000 -0.390116 0.000000
vt -0.000000 -0.195058 0.000000
vt -0.000000 0.000000 0.000000
vt -0.203200 0.000000 0.000000
vt -0.203200 -0.195058 0.000000
vt -0.203200 -0.390116 0.000000
vt -0.203200 -0.585174 0.000000
vt -0.203200 -0.780232 0.000000
vt -0.203200 -0.975290 0.000000
vt -0.203200 -1.170348 0.000000
vt -0.203200 -1.365406 0.000000
vt -0.203200 -1.560464 0.000000
vt -0.203200 -1.755522 0.000000
vt -0.203200 -1.950580 0.000000
vt -0.203200 -2.145638 0.000000
vt -0.203200 -2.340696 0.000000
vt 0.000000 0.000000 0.000000
vt 1.270000 0.000000 0.000000
vt 1.270000 0.203200 0.000000
vt 0.000000 0.203200 0.000000
vt -0.000000 2.335490 0.000000
vt -0.000000 2.530982 0.000000
vt -0.000000 2.726474 0.000000
vt -0.000000 2.921966 0.000000
vt -0.000000 3.117457 0.000000
vt -0.000000 3.312949 0.000000
vt -0.000000 3.508441 0.000000
vt -0.000000 3.703933 0.000000
vt -0.000000 3.899425 0.000000
vt -0.000000 4.094916 0.000000
vt -0.000000 4.290408 0.000000
vt -0.000000 4.485900 0.000000
vt -0.000000 4.681392 0.000000
vt -0.203200 4.681392 0.000000
vt -0.203200 4.485900 0.000000
vt -0.203200 4.290408 0.000000
vt -0.203200 4.094916 0.000000
vt -0.203200 3.899425 0.000000
vt -0.203200 3.703933 0.000000
vt -0.203200 3.508441 0.000000
vt -0.203200 3.312949 0.000000
vt -0.203200 3.117457 0.000000
vt -0.203200 2.921966 0.000000
vt -0.203200 2.726474 0.000000
vt -0.203200 2.530982 0.000000
vt -0.203200 2.335490 0.000000
vt 1.487885 0.107679 0.000000
vt 1.487885 -0.027788 0.000000
vt 1.386285 -0.027788 0.000000
vt 1.386285 -0.988755 0.000000
vt 1.614885 -0.988755 0.000000
vt 1.614885 -0.298721 0.000000
vt 1.513285 -0.298721 0.000000
vt 1.513285 -0.163255 0.000000
vt 1.919685 -0.163255 0.000000
vt 1.919685 -0.298721 0.000000
vt 1.818085 -0.298721 0.000000
vt 1.818085 -1.078557 0.000000
vt 1.704688 -1.191955 0.000000
vt 1.386285 -1.191955 0.000000
vt 1.386285 -1.407855 0.000000
vt 1.487885 -1.407855 0.000000
vt 1.487885 -1.543321 0.000000
vt 1.081485 -1.543321 0.000000
vt 1.081485 -1.407855 0.000000
vt 1.183085 -1.407855 0.000000
vt 1.183085 -1.191955 0.000000
vt 0.864682 -1.191955 0.000000
vt 0.751285 -1.078557 0.000000
vt 0.751285 -0.298721 0.000000
vt 0.649685 -0.298721 0.000000
vt 0.649685 -0.163255 0.000000
vt 1.056085 -0.163255 0.000000
vt 1.056085 -0.298721 0.000000
vt 0.954485 -0.298721 0.000000
vt 0.954485 -0.988755 0.000000
vt 1.183085 -0.988755 0.000000
vt 1.183085 -0.027788 0.000000
vt 1.081485 -0.027788 0.000000
vt 1.081485 0.107679 0.000000
vt 2.254534 0.552179 0.000000
vt 2.142516 0.712090 0.000000
vt 2.004378 0.850067 0.000000
vt 1.844336 0.961899 0.000000
vt 1.667274 1.044171 0.000000
vt 1.478596 1.094374 0.000000
vt 1.284061 1.110976 0.000000
vt 1.089604 1.093468 0.000000
vt 0.901162 1.042387 0.000000
vt 0.724486 0.959291 0.000000
vt 0.564966 0.846715 0.000000
vt 0.427473 0.708096 0.000000
vt 0.316201 0.547664 0.000000
vt -0.316201 -0.547664 0.000000
vt -0.398534 -0.724223 0.000000
vt -0.448956 -0.912396 0.000000
vt -0.465937 -1.106466 0.000000
vt -0.448959 -1.300536 0.000000
vt -0.398539 -1.488709 0.000000
vt -0.316209 -1.665269 0.000000
vt -0.204471 -1.824850 0.000000
vt -0.066719 -1.962603 0.000000
vt 0.092861 -2.074342 0.000000
vt 0.269420 -2.156673 0.000000
vt 0.457593 -2.207095 0.000000
vt 0.651663 -2.224074 0.000000
vt 1.921664 -2.224074 0.000000
vt 2.115733 -2.207095 0.000000
vt 2.303905 -2.156674 0.000000
vt 2.480464 -2.074344 0.000000
vt 2.640043 -1.962605 0.000000
vt 2.777795 -1.824853 0.000000
vt 2.889534 -1.665274 0.000000
vt 2.971864 -1.488715 0.000000
vt 3.022285 -1.300543 0.000000
vt 3.039263 -1.106474 0.000000
vt 3.022285 -0.912404 0.000000
vt 2.971864 -0.724232 0.000000
vt 2.889534 -0.547674 0.000000
vt -0.135467 0.000000 0.000000
vt -0.000000 0.000000 0.000000
vt -0.000000 0.050800 0.000000
vt -0.135467 0.050800 0.000000
vt -0.406400 0.000000 0.000000
vt -0.000000 0.000000 0.000000
vt -0.000000 0.050800 0.000000
vt -0.406400 0.050800 0.000000
vt -0.135467 0.000000 0.000000
vt -0.000000 0.000000 0.000000
vt -0.000000 0.050800 0.000000
vt -0.135467 0.050800 0.000000
vt -0.101600 0.000000 0.000000
vt -0.000000 0.000000 0.000000
vt -0.000000 0.050800 0.000000
vt -0.101600 0.050800 0.000000
vt -0.960967 0.000000 0.000000
vt -0.000000 0.000000 0.000000
vt -0.000000 0.050800 0.000000
vt -0.960967 0.050800 0.000000
vt -0.228600 0.000000 0.000000
vt -0.000000 0.000000 0.000000
vt -0.000000 0.050800 0.000000
vt -0.228600 0.050800 0.000000
vt -0.690033 0.000000 0.000000
vt -0.000000 0.000000 0.000000
vt -0.000000 0.050800 0.000000
vt -0.690033 0.050800 0.000000
vt -0.101600 0.000000 0.000000
vt -0.000000 0.000000 0.000000
vt -0.000000 0.050800 0.000000
vt -0.101600 0.050800 0.000000
vt 0.101600 0.690033 0.000000
vt 0.203200 0.690033 0.000000
vt 0.203200 0.825500 0.000000
vt -0.203200 0.825500 0.000000
vt -0.203200 0.690033 0.000000
vt -0.101600 0.690033 0.000000
vt -0.101600 -0.270933 0.000000
vt -0.330200 -0.270933 0.000000
vt -0.330200 0.419100 0.000000
vt -0.228600 0.419100 0.000000
vt -0.228600 0.554567 0.000000
vt -0.635000 0.554567 0.000000
vt -0.635000 0.419100 0.000000
vt -0.533400 0.419100 0.000000
vt -0.533400 -0.360736 0.000000
vt -0.420003 -0.474133 0.000000
vt -0.101600 -0.474133 0.000000
vt -0.101600 -0.690033 0.000000
vt -0.203200 -0.690033 0.000000
vt -0.203200 -0.825500 0.000000
vt 0.203200 -0.825500 0.000000
vt 0.203200 -0.690033 0.000000
vt 0.101600 -0.690033 0.000000
vt 0.101600 -0.474133 0.000000
vt 0.420003 -0.474133 0.000000
vt 0.533400 -0.360736 0.000000
vt 0.533400 0.419100 0.000000
vt 0.635000 0.419100 0.000000
vt 0.635000 0.554567 0.000000
vt 0.228600 0.554567 0.000000
vt 0.228600 0.419100 0.000000
vt 0.330200 0.419100 0.000000
vt 0.330200 -0.270933 0.000000
vt 0.101600 -0.270933 0.000000
vt -0.101600 0.000000 0.000000
vt -0.000000 0.000000 0.000000
vt -0.000000 0.050800 0.000000
vt -0.101600 0.050800 0.000000
vt -0.135467 0.000000 0.000000
vt -0.000000 0.000000 0.000000
vt -0.000000 0.050800 0.000000
vt -0.135467 0.050800 0.000000
vt -0.960967 0.000000 0.000000
vt -0.000000 0.000000 0.000000
vt -0.000000 0.050800 0.000000
vt -0.960967 0.050800 0.000000
vt -0.406400 0.000000 0.000000
vt -0.000000 0.000000 0.000000
vt -0.000000 0.050800 0.000000
vt -0.406400 0.050800 0.000000
vt -0.228600 0.000000 0.000000
vt -0.000000 0.000000 0.000000
vt -0.000000 0.050800 0.000000
vt -0.228600 0.050800 0.000000
vt -0.135467 0.000000 0.000000
vt -0.000000 0.000000 0.000000
vt -0.000000 0.050800 0.000000
vt -0.135467 0.050800 0.000000
vt -0.690033 0.000000 0.000000
vt -0.000000 0.000000 0.000000
vt -0.000000 0.050800 0.000000
vt -0.690033 0.050800 0.000000
vt -0.101600 0.000000 0.000000
vt -0.000000 0.000000 0.000000
vt -0.000000 0.050800 0.000000
vt -0.101600 0.050800 0.000000
vt -0.101600 0.000000 0.000000
vt -0.000000 0.000000 0.000000
vt -0.000000 0.050800 0.000000
vt -0.101600 0.050800 0.000000
vt -0.779836 0.000000 0.000000
vt -0.000000 0.000000 0.000000
vt -0.000000 0.050800 0.000000
vt -0.779836 0.050800 0.000000
vt -0.135467 0.000000 0.000000
vt -0.000000 0.000000 0.000000
vt -0.000000 0.050800 0.000000
vt -0.135467 0.050800 0.000000
vt -0.160368 0.000000 0.000000
vt -0.000000 0.000000 0.000000
vt -0.000000 0.050800 0.000000
vt -0.160368 0.050800 0.000000
vt -0.406400 0.000000 0.000000
vt -0.000000 0.000000 0.000000
vt -0.000000 0.050800 0.000000
vt -0.406400 0.050800 0.000000
vt -0.318403 0.000000 0.000000
vt -0.000000 0.000000 0.000000
vt -0.000000 0.050800 0.000000
vt -0.318403 0.050800 0.000000
vt -0.135467 0.000000 0.000000
vt -0.000000 0.000000 0.000000
vt -0.000000 0.050800 0.000000
vt -0.135467 0.050800 0.000000
vt -0.215900 0.000000 0.000000
vt -0.000000 0.000000 0.000000
vt -0.000000 0.050800 0.000000
vt -0.215900 0.050800 0.000000
vt -0.101600 0.000000 0.000000
vt -0.000000 0.000000 0.000000
vt -0.000000 0.050800 0.000000
vt -0.101600 0.050800 0.000000
vt -0.101600 0.000000 0.000000
vt -0.000000 0.000000 0.000000
vt -0.000000 0.050800 0.000000
vt -0.101600 0.050800 0.000000
vt -0.779836 0.000000 0.000000
vt -0.000000 0.000000 0.000000
vt -0.000000 0.050800 0.000000
vt -0.779836 0.050800 0.000000
vt -0.135467 0.000000 0.000000
vt -0.000000 0.000000 0.000000
vt -0.000000 0.050800 0.000000
vt -0.135467 0.050800 0.000000
vt -0.160368 0.000000 0.000000
vt -0.000000 0.000000 0.000000
vt -0.000000 0.050800 0.000000
vt -0.160368 0.050800 0.000000
vt -0.406400 0.000000 0.000000
vt -0.000000 0.000000 0.000000
vt -0.000000 0.050800 0.000000
vt -0.406400 0.050800 0.000000
vt -0.318403 0.000000 0.000000
vt -0.000000 0.000000 0.000000
vt -0.000000 0.050800 0.000000
vt -0.318403 0.050800 0.000000
vt -0.135467 0.000000 0.000000
vt -0.000000 0.000000 0.000000
vt -0.000000 0.050800 0.000000
vt -0.135467 0.050800 0.000000
vt -0.215900 0.000000 0.000000
vt -0.000000 0.000000 0.000000
vt -0.000000 0.050800 0.000000
vt -0.215900 0.050800 0.000000
vt -0.101600 0.000000 0.000000
vt -0.000000 0.000000 0.000000
vt -0.000000 0.050800 0.000000
vt -0.101600 0.050800 0.000000
vn 0.173047 2.524075 0.225173
vn 0.000000 2.540000 0.000000
vn 0.000000 2.540000 0.000000
vn 0.000000 2.540000 0.000000
vn 0.000000 2.540000 0.000000
vn 0.000000 2.540000 0.000000
vn 0.368423 2.513138 0.000000
vn 0.854904 2.391807 0.000000
vn 1.308073 2.177279 0.000000
vn 1.710274 1.877915 0.000000
vn 2.300397 1.076590 -0.026970
vn 2.537971 0.012980 -0.100682
vn 2.537967 0.000000 -0.101600
vn 2.499640 0.000000 0.450997
vn 2.342433 0.000000 0.982144
vn 2.073822 0.000000 1.466582
vn 1.706582 0.000000 1.881271
vn 1.705857 0.009806 1.881903
vn 1.401372 1.263232 1.700588
vn 0.700432 2.268937 0.901622
vn 1.255507 2.199704 0.191320
vn 0.950664 2.199704 0.842103
vn 1.646598 1.270000 1.458566
vn 1.093392 2.199704 0.646061
vn 1.893810 1.270000 1.119011
vn 1.196256 2.199704 0.426465
vn 2.071976 1.270000 0.738658
vn 2.174601 1.270000 0.331376
vn 0.000000 2.540000 0.000000
vn 0.000000 2.540000 0.000000
vn 0.000000 2.540000 0.000000
vn 0.000000 2.540000 0.000000
vn 0.000000 2.540000 0.000000
vn 0.000000 2.540000 0.000000
vn 0.000000 2.540000 0.000000
vn 0.000000 2.540000 0.000000
vn 0.000000 2.540000 0.000000
vn 0.000000 2.540000 0.000000
vn 0.000000 2.540000 0.000000
vn 0.000000 2.540000 0.000000
vn 0.000000 2.540000 0.000000
vn 0.000000 2.540000 0.000000
vn 0.000000 2.540000 0.000000
vn 1.956225 0.000000 -1.620118
vn 2.199704 0.000000 -1.270000
vn 2.199704 0.000000 -1.270000
vn 1.116734 0.000000 -2.281339
vn -0.346288 0.000000 -2.516284
vn -1.691459 0.000000 -1.894879
vn -1.691459 0.000000 -1.894879
vn -0.486661 0.000000 -2.492942
vn 0.854611 0.000000 -2.391911
vn -0.184212 2.513138 0.319064
vn 0.000000 2.540000 0.000000
vn 0.000000 2.540000 0.000000
vn 0.000000 2.540000 0.000000
vn 0.000000 2.540000 0.000000
vn 0.000000 2.540000 0.000000
vn 0.108483 2.524075 0.262449
vn 0.430611 2.268937 1.057403
vn 0.771808 1.265262 2.062771
vn 0.777136 0.012951 2.418159
vn 0.775937 0.000000 2.418578
vn 0.233186 0.000000 2.529273
vn -0.320655 0.000000 2.519679
vn -0.859246 0.000000 2.390250
vn -1.356972 0.000000 2.147144
vn -1.356178 0.012980 2.147606
vn -1.173556 1.076590 1.978717
vn -0.855137 1.877915 1.481140
vn -0.654036 2.177279 1.132824
vn -0.427452 2.391807 0.740368
vn -0.462065 2.199704 1.182961
vn -0.800321 1.270000 2.048948
vn -0.228799 2.199704 1.249220
vn -0.396291 1.270000 2.163713
vn 0.012810 2.199704 1.269935
vn 0.022187 1.270000 2.199593
vn 0.253951 2.199704 1.244351
vn 0.439856 1.270000 2.155279
vn 2.537967 0.000000 -0.101600
vn 2.537967 0.000000 -0.101600
vn 2.536989 0.000000 -0.123645
vn 2.535298 0.000000 -0.154475
vn 2.533851 0.000000 -0.176629
vn 2.531859 0.000000 -0.203200
vn 2.459433 0.000000 -0.634656
vn 2.314043 0.000000 -1.047284
vn 2.100003 0.000000 -1.428842
vn 1.823661 0.000000 -1.768010
vn 1.493217 0.000000 -2.054727
vn 1.118474 0.000000 -2.280486
vn 0.710548 0.000000 -2.438590
vn 0.281543 0.000000 -2.524348
vn 0.281543 0.000000 -2.524348
vn 0.281543 0.000000 -2.524348
vn -0.058544 0.000000 -2.539325
vn -0.346252 0.000000 -2.516289
vn -0.560611 0.000000 -2.477361
vn -0.726359 0.000000 -2.433928
vn -0.727467 0.000000 -2.433596
vn -0.727467 0.000000 -2.433596
vn -1.095403 0.000000 -2.291657
vn -1.436932 0.000000 -2.094475
vn -1.743823 0.000000 -1.846803
vn -1.743823 0.000000 -1.846803
vn -1.744664 0.000000 -1.846009
vn -1.865152 0.000000 -1.724183
vn -2.006044 0.000000 -1.558007
vn -2.169848 0.000000 -1.320364
vn -2.326921 0.000000 -1.018350
vn -2.326921 0.000000 -1.018350
vn -2.326921 0.000000 -1.018350
vn -2.467155 0.000000 -0.603942
vn -2.534196 0.000000 -0.171616
vn -2.526054 0.000000 0.265801
vn -2.442972 0.000000 0.695332
vn -2.287415 0.000000 1.104235
vn -2.063996 0.000000 1.480378
vn -1.779345 0.000000 1.812604
vn -1.441906 0.000000 2.091054
vn -1.419994 0.000000 2.105995
vn -1.401425 0.000000 2.118397
vn -1.375549 0.000000 2.135290
vn -1.356972 0.000000 2.147144
vn -1.356972 0.000000 2.147144
vn -0.859246 0.000000 2.390250
vn -0.320655 0.000000 2.519679
vn 0.233186 0.000000 2.529273
vn 0.775937 0.000000 2.418578
vn 0.775937 0.000000 2.418578
vn 0.168565 0.000000 2.534400
vn -0.448796 0.000000 2.500036
vn -1.039562 0.000000 2.317522
vn -1.568725 0.000000 1.997674
vn -2.004926 0.000000 1.559446
vn -2.322318 0.000000 1.028806
vn -2.502090 0.000000 0.437200
vn -2.533592 0.000000 -0.180314
vn -2.414955 0.000000 -0.787143
vn -2.153210 0.000000 -1.347326
vn -1.763867 0.000000 -1.827668
vn -1.270000 0.000000 -2.199704
vn -0.700874 0.000000 -2.441388
vn -0.090214 0.000000 -2.538397
vn 0.525792 0.000000 -2.484984
vn 1.110639 0.000000 -2.284312
vn 1.629671 0.000000 -1.948274
vn 2.052131 0.000000 -1.496783
vn 2.352983 0.000000 -0.956594
vn 2.514399 0.000000 -0.359718
vn 2.526814 0.000000 0.258474
vn 2.389493 0.000000 0.861349
vn 2.110573 0.000000 1.413182
vn 1.706582 0.000000 1.881271
vn 1.706582 0.000000 1.881271
vn 2.073822 0.000000 1.466582
vn 2.342433 0.000000 0.982144
vn 2.499640 0.000000 0.450997
vn 0.775937 0.000000 2.418578
vn 0.761413 0.000000 2.423190
vn -0.771475 0.000000 2.420006
vn -2.199704 0.000000 1.270000
vn -2.199704 0.000000 1.270000
vn -1.422952 0.000000 2.103998
vn -0.359718 0.000000 2.514399
vn 0.775937 0.000000 2.418578
vn -2.199704 0.000000 1.270000
vn -2.199704 0.000000 1.270000
vn -2.199704 0.000000 1.270000
vn -2.199704 0.000000 1.270000
vn -2.199704 0.000000 1.270000
vn -2.381176 0.000000 0.884082
vn -2.498762 0.000000 -0.455841
vn -1.915621 0.000000 -1.667932
vn -0.795283 0.000000 -2.412286
vn -0.795283 0.000000 -2.412286
vn -2.006022 0.000000 -1.558036
vn -2.534064 0.000000 -0.173549
vn -2.199704 0.000000 1.270000
vn -0.281615 2.524075 0.036620
vn 0.000000 2.540000 0.000000
vn 0.000000 2.540000 0.000000
vn 0.000000 2.540000 0.000000
vn 0.000000 2.540000 0.000000
vn 0.000000 2.540000 0.000000
vn -0.184212 2.513138 0.319064
vn -0.427452 2.391807 0.740368
vn -0.654036 2.177279 1.132824
vn -0.855137 1.877915 1.481140
vn -1.126842 1.076590 2.005688
vn -1.181792 0.012980 2.248288
vn -1.180995 0.000000 2.248744
vn -1.641524 0.000000 1.938298
vn -2.023567 0.000000 1.535179
vn -2.308861 0.000000 1.058660
vn -2.483764 0.000000 0.531525
vn -2.483931 0.008902 0.530668
vn -2.148810 1.308171 0.350580
vn -1.131403 2.268937 0.153147
vn -0.793903 2.199704 0.991271
vn -1.205362 2.199704 0.400002
vn -2.087749 1.270000 0.692825
vn -1.107072 2.199704 0.622328
vn -1.917505 1.270000 1.077904
vn -0.968223 2.199704 0.821854
vn -1.677012 1.270000 1.423493
vn -1.375080 1.270000 1.716932
vn 0.419118 0.000000 2.505183
vn -0.005916 0.000000 2.539993
vn -0.005916 0.000000 2.539993
vn 1.412417 0.000000 2.111084
vn 2.350072 0.000000 0.963724
vn 2.487941 0.000000 -0.511614
vn 2.487941 0.000000 -0.511614
vn 2.400354 0.000000 0.830603
vn 1.639637 0.000000 1.939894
vn -0.005916 0.000000 2.539993
vn -0.005916 0.000000 2.539993
vn -0.005916 0.000000 2.539993
vn -0.005916 0.000000 2.539993
vn -0.005916 0.000000 2.539993
vn -1.669556 0.000000 1.914205
vn -2.481550 0.000000 0.541763
vn -2.483764 0.000000 0.531525
vn -2.483764 0.000000 0.531525
vn -2.001322 0.000000 1.564068
vn -1.115956 0.000000 2.281719
vn -0.005916 0.000000 2.539993
vn -2.483764 0.000000 0.531525
vn -2.308861 0.000000 1.058660
vn -2.023567 0.000000 1.535179
vn -1.641524 0.000000 1.938298
vn -1.180995 0.000000 2.248744
vn -1.180995 0.000000 2.248744
vn -1.161415 0.000000 2.258919
vn -1.133870 0.000000 2.272870
vn -1.113961 0.000000 2.282694
vn -1.089953 0.000000 2.294254
vn -0.680088 0.000000 2.447260
vn -0.250047 0.000000 2.527662
vn 0.187412 0.000000 2.533077
vn 0.619311 0.000000 2.463342
vn 1.032837 0.000000 2.320527
vn 1.415722 0.000000 2.108870
vn 1.756607 0.000000 1.834648
vn 2.045378 0.000000 1.505998
vn 2.045378 0.000000 1.505998
vn 2.045378 0.000000 1.505998
vn 2.228392 0.000000 1.218962
vn 2.352296 0.000000 0.958282
vn 2.425763 0.000000 0.753177
vn 2.471022 0.000000 0.587919
vn 2.471290 0.000000 0.586793
vn 2.471290 0.000000 0.586793
vn 2.532335 0.000000 0.197182
vn 2.532335 0.000000 -0.197182
vn 2.471290 0.000000 -0.586793
vn 2.471290 0.000000 -0.586793
vn 2.471022 0.000000 -0.587919
vn 2.425764 0.000000 -0.753174
vn 2.352299 0.000000 -0.958274
vn 2.228400 0.000000 -1.218947
vn 2.045393 0.000000 -1.505978
vn 2.045393 0.000000 -1.505978
vn 2.045393 0.000000 -1.505978
vn 1.757895 0.000000 -1.833414
vn 1.418663 0.000000 -2.106892
vn 1.037680 0.000000 -2.318366
vn 0.626159 0.000000 -2.461610
vn 0.196210 0.000000 -2.532410
vn -0.239514 0.000000 -2.528682
vn -0.668189 0.000000 -2.450535
vn -1.077199 0.000000 -2.300270
vn -1.121034 0.000000 -2.279228
vn -1.148544 0.000000 -2.265490
vn -1.168069 0.000000 -2.255486
vn -1.168069 0.000000 -2.255486
vn -1.630898 0.000000 -1.947247
vn -2.015559 0.000000 -1.545678
vn -2.303615 0.000000 -1.070026
vn -2.481261 0.000000 -0.543088
vn -2.481261 0.000000 -0.543088
vn -2.276520 0.000000 -1.126524
vn -1.936875 0.000000 -1.643202
vn -1.482453 0.000000 -2.062507
vn -0.940181 0.000000 -2.359589
vn -0.342196 0.000000 -2.516844
vn 0.276068 0.000000 -2.524953
vn 0.877972 0.000000 -2.383435
vn 1.427849 0.000000 -2.100678
vn 1.893112 0.000000 -1.693436
vn 2.246191 0.000000 -1.185843
vn 2.466164 0.000000 -0.607978
vn 2.539993 0.000000 0.005916
vn 2.463305 0.000000 0.619458
vn 2.240644 0.000000 1.196293
vn 1.885204 0.000000 1.702236
vn 1.418048 0.000000 2.107306
vn 0.866861 0.000000 2.387499
vn 0.264304 0.000000 2.526211
vn -0.353915 0.000000 2.515222
vn -0.951162 0.000000 2.355184
vn -1.492044 0.000000 2.055579
vn -1.944508 0.000000 1.634163
vn -2.281743 0.000000 1.115908
vn -2.483764 0.000000 0.531525
vn -0.178025 2.514412 -0.312477
vn 0.000000 2.540000 0.000000
vn 0.000000 2.540000 0.000000
vn 0.000000 2.540000 0.000000
vn 0.000000 2.540000 0.000000
vn 0.000000 2.540000 0.000000
vn -0.281442 2.524075 -0.037932
vn -1.130677 2.268937 -0.158415
vn -2.147163 1.308155 -0.360588
vn -2.481432 0.008902 -0.542232
vn -2.481261 0.000000 -0.543088
vn -2.303615 0.000000 -1.070026
vn -2.015559 0.000000 -1.545678
vn -1.630898 0.000000 -1.947247
vn -1.168069 0.000000 -2.255486
vn -1.168869 0.012980 -2.255034
vn -1.115311 1.076590 -2.012122
vn -0.846621 1.877915 -1.486024
vn -0.646267 2.178803 -1.134353
vn -0.420433 2.393794 -0.737962
vn -0.788416 2.199704 -0.995641
vn -1.365576 1.270000 -1.724500
vn -0.963848 2.199704 -0.826981
vn -1.669434 1.270000 -1.432373
vn -1.103889 2.199704 -0.627956
vn -1.911993 1.270000 -1.087651
vn -1.203398 2.199704 -0.405873
vn -2.084347 1.270000 -0.702993
vn -2.481261 0.000000 -0.543088
vn -2.479000 0.000000 -0.553316
vn -1.660639 0.000000 -1.921947
vn 0.005916 0.000000 -2.539993
vn 0.005916 0.000000 -2.539993
vn -1.105316 0.000000 -2.286892
vn -1.994015 0.000000 -1.573373
vn -2.481261 0.000000 -0.543088
vn 0.005916 0.000000 -2.539993
vn 0.005916 0.000000 -2.539993
vn 0.005916 0.000000 -2.539993
vn 0.005916 0.000000 -2.539993
vn 0.005916 0.000000 -2.539993
vn 0.430782 0.000000 -2.503203
vn 1.648655 0.000000 -1.932236
vn 2.404197 0.000000 -0.819413
vn 2.485531 0.000000 0.523198
vn 2.485531 0.000000 0.523198
vn 2.354535 0.000000 -0.952767
vn 1.422235 0.000000 -2.104482
vn 0.005916 0.000000 -2.539993
vn 0.108481 2.524075 -0.262450
vn 0.000000 2.540000 0.000000
vn 0.000000 2.540000 0.000000
vn 0.000000 2.540000 0.000000
vn 0.000000 2.540000 0.000000
vn 0.000000 2.540000 0.000000
vn -0.184215 2.513138 -0.319062
vn -0.427459 2.391807 -0.740364
vn -0.654047 2.177279 -1.132818
vn -0.855151 1.877915 -1.481132
vn -1.173575 1.076590 -1.978706
vn -1.356199 0.012980 -2.147593
vn -1.356992 0.000000 -2.147131
vn -0.859266 0.000000 -2.390243
vn -0.320673 0.000000 -2.519676
vn 0.233171 0.000000 -2.529275
vn 0.775926 0.000000 -2.418582
vn 0.777125 0.012951 -2.418162
vn 0.771798 1.265262 -2.062775
vn 0.430606 2.268937 -1.057405
vn -0.462076 2.199704 -1.182957
vn 0.253944 2.199704 -1.244352
vn 0.439843 1.270000 -2.155281
vn 0.012801 2.199704 -1.269936
vn 0.022172 1.270000 -2.199593
vn -0.228808 2.199704 -1.249218
vn -0.396308 1.270000 -2.163710
vn -0.800338 1.270000 -2.048941
vn -2.381180 0.000000 -0.884070
vn -2.199711 0.000000 -1.269989
vn -2.199711 0.000000 -1.269989
vn -2.534063 0.000000 0.173562
vn -2.006014 0.000000 1.558045
vn -0.795272 0.000000 2.412290
vn -0.795272 0.000000 2.412290
vn -1.915613 0.000000 1.667941
vn -2.498759 0.000000 0.455853
vn -2.199711 0.000000 -1.269989
vn -2.199711 0.000000 -1.269989
vn -2.199711 0.000000 -1.269989
vn -2.199711 0.000000 -1.269989
vn -2.199711 0.000000 -1.269989
vn -0.771486 0.000000 -2.420002
vn 0.761401 0.000000 -2.423194
vn 0.775926 0.000000 -2.418582
vn 0.775926 0.000000 -2.418582
vn -0.359731 0.000000 -2.514397
vn -1.422963 0.000000 -2.103991
vn -2.199711 0.000000 -1.269989
vn 0.775926 0.000000 -2.418582
vn 0.233171 0.000000 -2.529275
vn -0.320673 0.000000 -2.519676
vn -0.859266 0.000000 -2.390243
vn -1.356992 0.000000 -2.147131
vn -1.356992 0.000000 -2.147131
vn -1.375595 0.000000 -2.135261
vn -1.401449 0.000000 -2.118382
vn -1.419911 0.000000 -2.106052
vn -1.441926 0.000000 -2.091040
vn -1.779362 0.000000 -1.812586
vn -2.064010 0.000000 -1.480359
vn -2.287425 0.000000 -1.104213
vn -2.442979 0.000000 -0.695309
vn -2.526057 0.000000 -0.265776
vn -2.534194 0.000000 0.171641
vn -2.467149 0.000000 0.603966
vn -2.326911 0.000000 1.018373
vn -2.326911 0.000000 1.018373
vn -2.326911 0.000000 1.018373
vn -2.169839 0.000000 1.320378
vn -2.006039 0.000000 1.558014
vn -1.865150 0.000000 1.724186
vn -1.744664 0.000000 1.846009
vn -1.743823 0.000000 1.846803
vn -1.743823 0.000000 1.846803
vn -1.436932 0.000000 2.094475
vn -1.095403 0.000000 2.291657
vn -0.727467 0.000000 2.433596
vn -0.727467 0.000000 2.433596
vn -0.726359 0.000000 2.433928
vn -0.560611 0.000000 2.477361
vn -0.346252 0.000000 2.516289
vn -0.058544 0.000000 2.539325
vn 0.281543 0.000000 2.524348
vn 0.281543 0.000000 2.524348
vn 0.281543 0.000000 2.524348
vn 0.710548 0.000000 2.438590
vn 1.118474 0.000000 2.280486
vn 1.493217 0.000000 2.054727
vn 1.823661 0.000000 1.768010
vn 2.100003 0.000000 1.428842
vn 2.314043 0.000000 1.047284
vn 2.459433 0.000000 0.634656
vn 2.531859 0.000000 0.203200
vn 2.533843 0.000000 0.176753
vn 2.535299 0.000000 0.154471
vn 2.536990 0.000000 0.123616
vn 2.537967 0.000000 0.101600
vn 2.537967 0.000000 0.101600
vn 2.499640 0.000000 -0.451000
vn 2.342431 0.000000 -0.982150
vn 2.073817 0.000000 -1.466590
vn 1.706573 0.000000 -1.881279
vn 1.706573 0.000000 -1.881279
vn 2.110566 0.000000 -1.413192
vn 2.389489 0.000000 -0.861361
vn 2.526813 0.000000 -0.258486
vn 2.514401 0.000000 0.359706
vn 2.352987 0.000000 0.956583
vn 2.052138 0.000000 1.496773
vn 1.629681 0.000000 1.948266
vn 1.110650 0.000000 2.284307
vn 0.525803 0.000000 2.484981
vn -0.090202 0.000000 2.538398
vn -0.700862 0.000000 2.441392
vn -1.269989 0.000000 2.199711
vn -1.763859 0.000000 1.827677
vn -2.153203 0.000000 1.347337
vn -2.414951 0.000000 0.787155
vn -2.533591 0.000000 0.180326
vn -2.502092 0.000000 -0.437188
vn -2.322323 0.000000 -1.028795
vn -2.004934 0.000000 -1.559436
vn -1.568734 0.000000 -1.997667
vn -1.039573 0.000000 -2.317518
vn -0.448808 0.000000 -2.500034
vn 0.168553 0.000000 -2.534401
vn 0.775926 0.000000 -2.418582
vn 0.368423 2.513138 0.000000
vn 0.000000 2.540000 0.000000
vn 0.000000 2.540000 0.000000
vn 0.000000 2.540000 0.000000
vn 0.000000 2.540000 0.000000
vn 0.000000 2.540000 0.000000
vn 0.173046 2.524075 -0.225174
vn 0.700428 2.268937 -0.901625
vn 1.401364 1.263232 -1.700595
vn 1.705848 0.009806 -1.881911
vn 1.706573 0.000000 -1.881279
vn 2.073817 0.000000 -1.466590
vn 2.342431 0.000000 -0.982150
vn 2.499640 0.000000 -0.451000
vn 2.537967 0.000000 0.101600
vn 2.537971 0.012980 0.100682
vn 2.300397 1.076590 0.026970
vn 1.710274 1.877915 0.000000
vn 1.308073 2.177279 0.000000
vn 0.854904 2.391807 0.000000
vn 1.255506 2.199704 -0.191321
vn 2.174601 1.270000 -0.331378
vn 1.196255 2.199704 -0.426467
vn 2.071974 1.270000 -0.738662
vn 1.093390 2.199704 -0.646064
vn 1.893807 1.270000 -1.119016
vn 0.950661 2.199704 -0.842107
vn 1.646593 1.270000 -1.458572
vn 1.706573 0.000000 -1.881279
vn 1.715101 0.000000 -1.873507
vn 2.480909 0.000000 -0.544691
vn 2.199711 0.000000 1.269989
vn 2.199711 0.000000 1.269989
vn 2.533592 0.000000 0.180302
vn 2.357388 0.000000 -0.945685
vn 1.706573 0.000000 -1.881279
vn 2.199711 0.000000 1.269989
vn 2.199711 0.000000 1.269989
vn 2.199711 0.000000 1.269989
vn 2.199711 0.000000 1.269989
vn 2.199711 0.000000 1.269989
vn 1.956233 0.000000 1.620109
vn 0.854623 0.000000 2.391907
vn -0.486649 0.000000 2.492945
vn -1.691450 0.000000 1.894887
vn -1.691450 0.000000 1.894887
vn -0.346276 0.000000 2.516286
vn 1.116745 0.000000 2.281333
vn 2.199711 0.000000 1.269989
vn -1.742854 0.084620 1.845778
vn -1.743392 0.056419 1.846348
vn -1.743715 0.028211 1.846690
vn -1.743823 0.000000 1.846803
vn -0.295401 0.000000 2.522764
vn 1.270000 0.000000 2.199704
vn 2.332478 0.000000 1.005557
vn 2.471290 0.000000 -0.586793
vn 2.471137 0.028211 -0.586757
vn 2.470680 0.056419 -0.586648
vn 2.469918 0.084620 -0.586467
vn 2.331183 0.084620 1.004999
vn 1.269295 0.084620 2.198483
vn -0.295237 0.084620 2.521364
vn 2.469918 0.084620 -0.586467
vn 2.470680 0.056419 -0.586648
vn 2.471137 0.028211 -0.586757
vn 2.471290 0.000000 -0.586793
vn 2.532335 0.000000 -0.197182
vn 2.532335 0.000000 0.197182
vn 2.471290 0.000000 0.586793
vn 2.471137 0.028211 0.586757
vn 2.470680 0.056419 0.586648
vn 2.469918 0.084620 0.586467
vn 2.530929 0.084620 0.197073
vn 2.530929 0.084620 -0.197073
vn 2.469918 0.084620 0.586467
vn 2.470680 0.056419 0.586648
vn 2.471137 0.028211 0.586757
vn 2.471290 0.000000 0.586793
vn 2.332478 0.000000 -1.005557
vn 1.270000 0.000000 -2.199704
vn -0.295401 0.000000 -2.522764
vn -1.743823 0.000000 -1.846803
vn -1.743715 0.028211 -1.846690
vn -1.743392 0.056419 -1.846348
vn -1.742854 0.084620 -1.845778
vn -0.295237 0.084620 -2.521364
vn 1.269295 0.084620 -2.198483
vn 2.331183 0.084620 -1.004999
vn -1.742854 0.084620 -1.845778
vn -1.743392 0.056419 -1.846348
vn -1.743715 0.028211 -1.846690
vn -1.743823 0.000000 -1.846803
vn -1.436932 0.000000 -2.094475
vn -1.095403 0.000000 -2.291657
vn -0.727467 0.000000 -2.433596
vn -0.727423 0.028211 -2.433446
vn -0.727288 0.056419 -2.432996
vn -0.727064 0.084620 -2.432245
vn -1.094795 0.084620 -2.290385
vn -1.436134 0.084620 -2.093313
vn -0.727064 0.084620 -2.432245
vn -0.727288 0.056419 -2.432996
vn -0.727423 0.028211 -2.433446
vn -0.727467 0.000000 -2.433596
vn -2.037077 0.000000 -1.517207
vn -2.540000 0.000000 0.000000
vn -2.037077 0.000000 1.517207
vn -0.727467 0.000000 2.433596
vn -0.727423 0.028211 2.433446
vn -0.727288 0.056419 2.432996
vn -0.727064 0.084620 2.432245
vn -2.035946 0.084620 1.516365
vn -2.538590 0.084620 0.000000
vn -2.035946 0.084620 -1.516365
vn -0.727064 0.084620 2.432245
vn -0.727288 0.056419 2.432996
vn -0.727423 0.028211 2.433446
vn -0.727467 0.000000 2.433596
vn -1.095403 0.000000 2.291657
vn -1.436932 0.000000 2.094475
vn -1.743823 0.000000 1.846803
vn -1.743715 0.028211 1.846690
vn -1.743392 0.056419 1.846348
vn -1.742854 0.084620 1.845778
vn -1.436134 0.084620 2.093313
vn -1.094795 0.084620 2.290385
vn -0.727064 0.084620 -2.432245
vn -2.035946 0.084620 -1.516365
vn -2.538590 0.084620 0.000000
vn -2.035946 0.084620 1.516365
vn -0.727064 0.084620 2.432245
vn -0.727064 0.084620 2.432245
vn -2.035946 0.084620 1.516365
vn -2.538590 0.084620 0.000000
vn -2.035946 0.084620 -1.516365
vn -0.727064 0.084620 -2.432245
vn -2.035946 0.084620 -1.516365
vn -2.035946 0.084620 -1.516365
vn -2.035946 0.084620 -1.516365
vn -2.035946 0.084620 -1.516365
vn -2.035946 0.084620 -1.516365
vn -2.035946 0.084620 -1.516365
vn -2.035946 0.084620 -1.516365
vn -2.538590 0.084620 0.000000
vn -2.538590 0.084620 0.000000
vn -2.538590 0.084620 0.000000
vn -2.538590 0.084620 0.000000
vn -2.538590 0.084620 0.000000
vn -2.538590 0.084620 0.000000
vn -2.538590 0.084620 0.000000
vn -2.035946 0.084620 1.516365
vn -2.035946 0.084620 1.516365
vn -2.035946 0.084620 1.516365
vn -2.035946 0.084620 1.516365
vn -2.035946 0.084620 1.516365
vn -2.035946 0.084620 1.516365
vn -2.035946 0.084620 1.516365
vn -0.727064 0.084620 2.432245
vn -1.094795 0.084620 2.290385
vn -1.436134 0.084620 2.093313
vn -1.742854 0.084620 1.845778
vn -1.742854 0.084620 1.845778
vn -1.436134 0.084620 2.093313
vn -1.094795 0.084620 2.290385
vn -0.727064 0.084620 2.432245
vn -1.269295 0.084620 2.198483
vn -1.742854 0.084620 1.845778
vn -0.295237 0.084620 2.521364
vn 1.269295 0.084620 2.198483
vn 2.331183 0.084620 1.004999
vn 2.469918 0.084620 -0.586467
vn 2.469918 0.084620 -0.586467
vn 2.331183 0.084620 1.004999
vn 1.269295 0.084620 2.198483
vn -0.295237 0.084620 2.521364
vn -1.742854 0.084620 1.845778
vn -0.295237 0.084620 2.521364
vn -0.295237 0.084620 2.521364
vn -0.295237 0.084620 2.521364
vn -0.295237 0.084620 2.521364
vn -0.295237 0.084620 2.521364
vn -0.295237 0.084620 2.521364
vn -0.295237 0.084620 2.521364
vn 1.269295 0.084620 2.198483
vn 1.269295 0.084620 2.198483
vn 1.269295 0.084620 2.198483
vn 1.269295 0.084620 2.198483
vn 1.269295 0.084620 2.198483
vn 1.269295 0.084620 2.198483
vn 1.269295 0.084620 2.198483
vn 2.331183 0.084620 1.004999
vn 2.331183 0.084620 1.004999
vn 2.331183 0.084620 1.004999
vn 2.331183 0.084620 1.004999
vn 2.331183 0.084620 1.004999
vn 2.331183 0.084620 1.004999
vn 2.331183 0.084620 1.004999
vn -1.743823 0.000000 -1.846803
vn -0.295401 0.000000 -2.522764
vn 1.270000 0.000000 -2.199704
vn 2.332478 0.000000 -1.005557
vn 2.471290 0.000000 0.586793
vn 2.471290 0.000000 0.586793
vn 2.332478 0.000000 -1.005557
vn 1.270000 0.000000 -2.199704
vn -0.295401 0.000000 -2.522764
vn -1.743823 0.000000 -1.846803
vn 2.471290 0.000000 -0.586793
vn 2.332478 0.000000 1.005557
vn 1.270000 0.000000 2.199704
vn -0.295401 0.000000 2.522764
vn -1.743823 0.000000 1.846803
vn -1.743823 0.000000 1.846803
vn -0.295401 0.000000 2.522764
vn 1.270000 0.000000 2.199704
vn 2.332478 0.000000 1.005557
vn 2.471290 0.000000 -0.586793
vn -1.742854 0.084620 -1.845778
vn -1.436134 0.084620 -2.093313
vn -1.094795 0.084620 -2.290385
vn -0.727064 0.084620 -2.432245
vn -0.727064 0.084620 -2.432245
vn -1.094795 0.084620 -2.290385
vn -1.436134 0.084620 -2.093313
vn -1.742854 0.084620 -1.845778
vn -1.269295 0.084620 -2.198483
vn 2.469918 0.084620 -0.586467
vn 2.530929 0.084620 -0.197073
vn 2.530929 0.084620 0.197073
vn 2.469918 0.084620 0.586467
vn 2.469918 0.084620 0.586467
vn 2.530929 0.084620 0.197073
vn 2.530929 0.084620 -0.197073
vn 2.469918 0.084620 -0.586467
vn 2.538590 0.084620 0.000000
vn 2.469918 0.084620 0.586467
vn 2.331183 0.084620 -1.004999
vn 1.269295 0.084620 -2.198483
vn -0.295237 0.084620 -2.521364
vn -1.742854 0.084620 -1.845778
vn -1.742854 0.084620 -1.845778
vn -0.295237 0.084620 -2.521364
vn 1.269295 0.084620 -2.198483
vn 2.331183 0.084620 -1.004999
vn 2.469918 0.084620 0.586467
vn 2.331183 0.084620 -1.004999
vn 2.331183 0.084620 -1.004999
vn 2.331183 0.084620 -1.004999
vn 2.331183 0.084620 -1.004999
vn 2.331183 0.084620 -1.004999
vn 2.331183 0.084620 -1.004999
vn 2.331183 0.084620 -1.004999
vn 1.269295 0.084620 -2.198483
vn 1.269295 0.084620 -2.198483
vn 1.269295 0.084620 -2.198483
vn 1.269295 0.084620 -2.198483
vn 1.269295 0.084620 -2.198483
vn 1.269295 0.084620 -2.198483
vn 1.269295 0.084620 -2.198483
vn -0.295237 0.084620 -2.521364
vn -0.295237 0.084620 -2.521364
vn -0.295237 0.084620 -2.521364
vn -0.295237 0.084620 -2.521364
vn -0.295237 0.084620 -2.521364
vn -0.295237 0.084620 -2.521364
vn -0.295237 0.084620 -2.521364
vn -0.727467 0.000000 2.433596
vn -2.037077 0.000000 1.517207
vn -2.540000 0.000000 0.000000
vn -2.037077 0.000000 -1.517207
vn -0.727467 0.000000 -2.433596
vn -0.727467 0.000000 -2.433596
vn -2.037077 0.000000 -1.517207
vn -2.540000 0.000000 0.000000
vn -2.037077 0.000000 1.517207
vn -0.727467 0.000000 2.433596
vn 0.000000 2.540000 0.000000
vn 0.000000 2.540000 0.000000
vn 0.000000 2.540000 0.000000
vn 0.000000 2.540000 0.000000
vn 0.000000 2.540000 0.000000
vn 0.000000 2.540000 0.000000
vn 0.000000 2.540000 0.000000
vn 0.000000 2.540000 0.000000
vn 0.000000 2.540000 0.000000
vn 0.000000 2.540000 0.000000
vn 0.000000 2.540000 0.000000
vn 0.000000 2.540000 0.000000
vn 0.000000 2.540000 0.000000
vn 0.000000 2.540000 0.000000
vn 0.000000 2.540000 0.000000
vn 0.000000 2.540000 0.000000
vn 0.000000 2.540000 0.000000
vn 0.000000 2.540000 0.000000
vn 0.000000 2.540000 0.000000
vn 0.000000 2.540000 0.000000
vn 0.000000 2.540000 0.000000
vn -0.117237 2.537258 -0.013280
vn 0.000000 2.540000 0.000000
vn 0.000000 2.540000 0.000000
vn 0.000000 2.540000 0.000000
vn 0.000000 2.540000 0.000000
vn -0.117237 2.537258 0.013280
vn -1.064637 2.300908 0.154831
vn -1.783631 1.732156 0.519517
vn -1.905164 0.939052 1.392886
vn -0.740169 0.006866 2.429754
vn -0.727467 0.000000 2.433596
vn -2.037077 0.000000 1.517207
vn -2.540000 0.000000 0.000000
vn -2.037077 0.000000 -1.517207
vn -0.727467 0.000000 -2.433596
vn -0.740169 0.006866 -2.429754
vn -1.905164 0.939052 -1.392887
vn -1.783631 1.732156 -0.519517
vn -1.064637 2.300908 -0.154831
vn -2.045585 0.972016 1.149942
vn -2.270139 0.972016 -0.594350
vn -0.972016 2.346654 0.000000
vn -1.796051 1.796051 0.000000
vn -2.346654 0.972016 0.000000
vn -1.737489 1.796051 -0.454896
vn -1.737489 1.796051 0.454896
vn -2.270139 0.972016 0.594350
vn -2.045585 0.972016 -1.149942
vn 0.070119 2.537258 -0.094890
vn 0.000000 2.540000 0.000000
vn 0.000000 2.540000 0.000000
vn 0.000000 2.540000 0.000000
vn 0.000000 2.540000 0.000000
vn 0.047117 2.537258 -0.108170
vn 0.398231 2.300908 -0.999418
vn 0.441901 1.732156 -1.804428
vn -0.253693 0.939052 -2.346364
vn -1.734144 0.006866 -1.855882
vn -1.743823 0.000000 -1.846803
vn -0.295401 0.000000 -2.522764
vn 1.270000 0.000000 -2.199704
vn 2.332478 0.000000 -1.005557
vn 2.471290 0.000000 0.586793
vn 2.474313 0.006866 0.573872
vn 2.158857 0.939052 -0.953477
vn 1.341730 1.732156 -1.284911
vn 0.666406 2.300908 -0.844587
vn 0.026913 0.972016 -2.346500
vn 1.649792 0.972016 -1.668823
vn 0.486008 2.346654 -0.841790
vn 0.898026 1.796051 -1.555426
vn 1.173327 0.972016 -2.032262
vn 1.262696 1.796051 -1.277262
vn 0.474793 1.796051 -1.732158
vn 0.620347 0.972016 -2.263174
vn 2.018672 0.972016 -1.196557
vn 0.047145 2.537255 0.108233
vn 0.000000 2.540000 0.000000
vn 0.000000 2.540000 0.000000
vn 0.000000 2.540000 0.000000
vn 0.000000 2.540000 0.000000
vn 0.070161 2.537255 0.094946
vn 0.666438 2.300886 0.844621
vn 1.341756 1.732131 1.284917
vn 2.158871 0.939036 0.953461
vn 2.474313 0.006866 -0.573872
vn 2.471290 0.000000 -0.586793
vn 2.332478 0.000000 1.005557
vn 1.270000 0.000000 2.199704
vn -0.295401 0.000000 2.522764
vn -1.743823 0.000000 1.846803
vn -1.734144 0.006866 1.855882
vn -0.253714 0.939037 2.346367
vn 0.441892 1.732131 1.804453
vn 0.398244 2.300886 0.999462
vn 2.018672 0.972016 1.196557
vn 0.620347 0.972016 2.263174
vn 0.486008 2.346654 0.841790
vn 0.898026 1.796051 1.555426
vn 1.173327 0.972016 2.032262
vn 0.474793 1.796051 1.732158
vn 1.262696 1.796051 1.277262
vn 1.649792 0.972016 1.668823
vn 0.026913 0.972016 2.346500
vn 0.000000 2.540000 0.000000
vn 0.000000 2.540000 0.000000
vn 0.000000 2.540000 0.000000
vn 0.000000 2.540000 0.000000
vn 0.000000 2.540000 0.000000
vn 0.000000 2.540000 0.000000
vn 0.000000 2.540000 0.000000
vn 0.000000 2.540000 0.000000
vn 0.000000 2.540000 0.000000
vn 0.000000 2.540000 0.000000
vn 0.000000 2.540000 0.000000
vn 0.000000 2.540000 0.000000
vn 0.000000 2.540000 0.000000
vn 0.000000 2.540000 0.000000
vn 0.000000 2.540000 0.000000
vn 0.000000 2.540000 0.000000
vn 0.000000 2.540000 0.000000
vn 0.000000 2.540000 0.000000
vn 0.000000 2.540000 0.000000
vn 0.000000 2.540000 0.000000
vn 0.000000 2.540000 0.000000
vn 0.000000 2.540000 0.000000
vn 0.000000 2.540000 0.000000
vn 0.000000 2.540000 0.000000
vn 0.000000 2.540000 0.000000
vn 0.000000 2.540000 0.000000
vn 0.000000 2.540000 0.000000
vn 0.000000 2.540000 0.000000
vn 0.000000 2.540000 0.000000
vn 0.000000 2.540000 0.000000
vn 1.270021 0.000000 2.199692
vn 1.270021 0.000000 2.199692
vn 1.270021 0.000000 2.199692
vn 1.270021 0.000000 2.199692
vn -2.326577 0.000000 1.019137
vn -1.187616 0.000000 2.245254
vn -0.070657 0.000000 2.539017
vn 1.270610 0.000000 2.199352
vn 1.270610 0.000000 2.199352
vn 0.292669 0.000000 2.523082
vn -0.664809 0.000000 2.451455
vn -1.976640 0.000000 1.595147
vn -2.326577 0.000000 1.019137
vn -2.326577 0.000000 1.019137
vn -2.540000 0.000000 -0.000681
vn -2.162257 0.000000 1.332757
vn -1.350678 0.000000 2.151109
vn 0.280713 0.000000 2.524441
vn 0.280713 0.000000 2.524441
vn 0.280713 0.000000 2.524441
vn -0.392680 0.000000 2.509463
vn -1.790410 0.000000 1.801675
vn -2.331319 0.000000 1.008242
vn -2.540000 0.000000 -0.000681
vn -2.540000 0.000000 0.000000
vn -2.540000 0.000000 0.000000
vn -2.540000 0.000000 0.000000
vn -2.540000 0.000000 0.000000
vn 0.280714 0.000000 -2.524440
vn -1.350619 0.000000 -2.151146
vn -2.163512 0.000000 -1.330720
vn -2.540000 0.000000 0.000680
vn -2.540000 0.000000 0.000680
vn -2.331319 0.000000 -1.008243
vn -1.790410 0.000000 -1.801675
vn -0.392680 0.000000 -2.509463
vn 0.280714 0.000000 -2.524440
vn 0.280714 0.000000 -2.524440
vn 1.270590 0.000000 -2.199364
vn -0.073073 0.000000 -2.538949
vn -1.187576 0.000000 -2.245276
vn -2.326586 0.000000 -1.019116
vn -2.326586 0.000000 -1.019116
vn -2.326586 0.000000 -1.019116
vn -1.976918 0.000000 -1.594802
vn -0.665091 0.000000 -2.451378
vn 0.292496 0.000000 -2.523103
vn 1.270590 0.000000 -2.199364
vn 1.270000 0.000000 -2.199704
vn 1.270000 0.000000 -2.199704
vn 1.270000 0.000000 -2.199704
vn 1.270000 0.000000 -2.199704
vn 2.045873 0.000000 1.505325
vn 2.538256 0.000000 -0.094097
vn 2.234193 0.000000 -1.208297
vn 1.269411 0.000000 -2.200044
vn 1.269411 0.000000 -2.200044
vn 2.038823 0.000000 -1.514860
vn 2.455501 0.000000 -0.649703
vn 2.369598 0.000000 0.914661
vn 2.045873 0.000000 1.505325
vn 2.045873 0.000000 1.505325
vn 1.269431 0.000000 2.200033
vn 2.235334 0.000000 1.206184
vn 2.538253 0.000000 0.094176
vn 2.045888 0.000000 -1.505305
vn 2.045888 0.000000 -1.505305
vn 2.045888 0.000000 -1.505305
vn 2.369760 0.000000 -0.914240
vn 2.455431 0.000000 0.649970
vn 2.038739 0.000000 1.514974
vn 1.269431 0.000000 2.200033
vn 0.804388 0.000000 -2.409265
vn 0.747659 0.978235 -2.221635
vn 0.581799 1.802396 -1.692477
vn 0.322340 2.348861 -0.911345
vn 0.000000 2.540000 0.000000
vn 0.000000 2.540000 0.000000
vn 0.000000 2.540000 0.000000
vn 0.000000 2.540000 0.000000
vn 0.000000 2.540000 0.000000
vn 0.000000 2.540000 0.000000
vn 0.000000 2.540000 0.000000
vn 0.000000 2.540000 0.000000
vn 0.000000 2.540000 0.000000
vn 0.000000 2.540000 0.000000
vn 0.000000 2.540000 0.000000
vn 0.000000 2.540000 0.000000
vn 0.000000 2.540000 0.000000
vn 0.000000 2.540000 0.000000
vn 0.000000 2.540000 0.000000
vn 0.000000 2.540000 0.000000
vn 0.000000 2.540000 0.000000
vn 0.000000 2.540000 0.000000
vn 0.000000 2.540000 0.000000
vn 0.000000 2.540000 0.000000
vn 0.000000 2.540000 0.000000
vn 0.000000 2.540000 0.000000
vn 0.000000 2.540000 0.000000
vn 0.628071 2.348861 -0.734833
vn 1.174815 1.802396 -1.350103
vn 1.550146 0.978235 -1.758324
vn 1.684273 0.000000 -1.901270
vn 2.162991 0.000000 -1.331566
vn 2.456063 0.000000 -0.647577
vn 2.538334 0.000000 0.091994
vn 2.402742 0.000000 0.823669
vn 2.060926 0.000000 1.484649
vn 1.542224 0.000000 2.018204
vn 0.891154 0.000000 2.378538
vn 0.163597 0.000000 2.534726
vn -0.578001 0.000000 2.473361
vn -1.269989 0.000000 2.199711
vn -1.852977 0.000000 1.737262
vn -2.276925 0.000000 1.125705
vn -2.505448 0.000000 0.417531
vn -2.518931 0.000000 -0.326479
vn -2.316217 0.000000 -1.042468
vn -1.914705 0.000000 -1.668983
vn -1.348856 0.000000 -2.152251
vn -0.667237 0.000000 -2.450795
vn 0.071650 0.000000 -2.538989
vn 0.814938 1.270000 2.043178
vn -2.176910 1.270000 0.315853
vn 0.115850 2.199704 -1.264705
vn 0.200659 1.270000 -2.190533
vn -0.210711 2.199704 -1.252398
vn -0.364963 1.270000 -2.169217
vn -0.523321 2.199704 -1.157167
vn -0.906419 1.270000 -2.004271
vn -0.801281 2.199704 -0.985317
vn -1.387859 1.270000 -1.706618
vn -1.026186 2.199704 -0.748226
vn -1.777406 1.270000 -1.295966
vn -1.183145 2.199704 -0.461594
vn -2.049266 1.270000 -0.799504
vn -1.261764 2.199704 -0.144399
vn -2.185440 1.270000 -0.250106
vn -1.256840 2.199704 0.182358
vn -1.168696 2.199704 0.497040
vn -2.024242 1.270000 0.860898
vn -1.003171 2.199704 0.778812
vn -1.737543 1.270000 1.348942
vn -0.771223 2.199704 1.009017
vn -1.335798 1.270000 1.747668
vn -0.488211 2.199704 1.172412
vn -0.845606 1.270000 2.030677
vn -0.172873 2.199704 1.258179
vn -0.299425 1.270000 2.179230
vn 0.153911 2.199704 1.260639
vn 0.266582 1.270000 2.183491
vn 0.470505 2.199704 1.179629
vn 0.755945 2.199704 1.020513
vn 1.309335 1.270000 1.767581
vn 0.991332 2.199704 0.793827
vn 1.717037 1.270000 1.374948
vn 1.161081 2.199704 0.514579
vn 2.011051 1.270000 0.891277
vn 1.253952 2.199704 0.201259
vn 2.171908 1.270000 0.348591
vn 1.263795 2.199704 -0.125386
vn 2.188958 1.270000 -0.217175
vn 1.189960 2.199704 -0.443729
vn 2.061071 1.270000 -0.768561
vn 1.037334 2.199704 -0.732692
vn 1.796716 1.270000 -1.269059
vn 0.000000 2.540000 0.000000
vn 0.000000 2.540000 0.000000
vn 0.000000 2.540000 0.000000
vn 0.000000 2.540000 0.000000
vn 0.000000 2.540000 0.000000
vn 0.000000 2.540000 0.000000
vn 0.000000 2.540000 0.000000
vn 0.000000 2.540000 0.000000
vn 0.000000 2.540000 0.000000
vn 0.000000 2.540000 0.000000
vn 0.000000 2.540000 0.000000
vn 0.000000 2.540000 0.000000
vn 0.000000 2.540000 0.000000
vn 0.000000 2.540000 0.000000
vn 0.000000 2.540000 0.000000
vn 0.000000 2.540000 0.000000
vn 0.000000 2.540000 0.000000
vn 0.000000 2.540000 0.000000
vn 0.000000 2.540000 0.000000
vn 0.000000 2.540000 0.000000
vn 0.000000 2.540000 0.000000
vn 0.000000 2.540000 0.000000
vn 0.000000 2.540000 0.000000
vn 0.000000 2.540000 0.000000
vn 0.000000 2.540000 0.000000
vn 0.000000 2.540000 0.000000
vn 0.000000 2.540000 0.000000
vn 0.000000 2.540000 0.000000
vn 0.000000 2.540000 0.000000
vn 0.000000 2.540000 0.000000
vn 0.000000 2.540000 0.000000
vn 0.000000 2.540000 0.000000
vn 0.000000 2.540000 0.000000
vn 0.000000 2.540000 0.000000
vn 0.000000 2.540000 0.000000
vn 0.000000 2.540000 0.000000
vn 0.000000 2.540000 0.000000
vn 0.000000 2.540000 0.000000
vn 0.000000 2.540000 0.000000
vn 0.000000 2.540000 0.000000
vn 0.000000 2.540000 0.000000
vn 0.000000 2.540000 0.000000
vn 0.000000 2.540000 0.000000
vn 0.000000 2.540000 0.000000
vn 0.000000 2.540000 0.000000
vn 0.000000 2.540000 0.000000
vn 0.000000 2.540000 0.000000
vn 0.000000 2.540000 0.000000
vn 0.000000 2.540000 0.000000
vn 0.000000 2.540000 0.000000
vn 0.000000 2.540000 0.000000
vn 0.000000 2.540000 0.000000
vn 0.000000 2.540000 0.000000
vn 0.000000 2.540000 0.000000
vn 0.000000 2.540000 0.000000
vn 0.000000 2.540000 0.000000
vn 0.000000 2.540000 0.000000
vn 0.000000 2.540000 0.000000
vn 0.000000 2.540000 0.000000
vn 0.000000 2.540000 0.000000
vn 0.000000 2.540000 0.000000
vn 0.000000 2.540000 0.000000
vn 0.000000 2.540000 0.000000
vn 0.000000 2.540000 0.000000
vn 0.000000 2.540000 0.000000
vn 0.000000 2.540000 0.000000
vn 0.000000 2.540000 0.000000
vn 0.000000 2.540000 0.000000
vn -2.199711 0.000000 -1.269989
vn -2.199711 0.000000 -1.269989
vn -2.199711 0.000000 -1.269989
vn -2.199711 0.000000 -1.269989
vn -2.199711 0.000000 -1.269989
vn -2.199711 0.000000 -1.269989
vn -2.199711 0.000000 -1.269989
vn -2.199711 0.000000 -1.269989
vn -2.489858 0.000000 0.502203
vn -2.298897 0.978235 0.457962
vn -1.757422 1.802396 0.338285
vn -0.950827 2.348861 0.174299
vn 0.000000 2.540000 0.000000
vn 0.000000 2.540000 0.000000
vn 0.000000 2.540000 0.000000
vn 0.000000 2.540000 0.000000
vn 0.000000 2.540000 0.000000
vn 0.000000 2.540000 0.000000
vn 0.000000 2.540000 0.000000
vn 0.000000 2.540000 0.000000
vn 0.000000 2.540000 0.000000
vn 0.000000 2.540000 0.000000
vn 0.000000 2.540000 0.000000
vn 0.000000 2.540000 0.000000
vn 0.000000 2.540000 0.000000
vn 0.000000 2.540000 0.000000
vn 0.000000 2.540000 0.000000
vn 0.000000 2.540000 0.000000
vn 0.000000 2.540000 0.000000
vn 0.000000 2.540000 0.000000
vn 0.000000 2.540000 0.000000
vn 0.000000 2.540000 0.000000
vn 0.000000 2.540000 0.000000
vn 0.000000 2.540000 0.000000
vn 0.000000 2.540000 0.000000
vn -0.950005 2.348861 -0.178726
vn -1.755827 1.802396 -0.346467
vn -2.296739 0.978235 -0.468665
vn -2.487492 0.000000 -0.513795
vn -2.231842 0.000000 -1.212634
vn -1.784636 0.000000 -1.807394
vn -1.184257 0.000000 -2.247028
vn -0.482234 0.000000 -2.493802
vn 0.261178 0.000000 -2.526536
vn 0.982173 0.000000 -2.342421
vn 1.618870 0.000000 -1.957258
vn 2.116621 0.000000 -1.404107
vn 2.432705 0.000000 -0.730442
vn 2.539993 0.000000 0.005916
vn 2.429277 0.000000 0.741765
vn 2.110058 0.000000 1.413950
vn 1.609736 0.000000 1.964778
vn 0.971252 0.000000 2.346970
vn 0.249406 0.000000 2.527726
vn -0.493845 0.000000 2.491529
vn -1.194710 0.000000 2.241488
vn -1.793035 0.000000 1.799062
vn -2.237466 0.000000 1.202225
vn 1.366003 1.270000 -1.724163
vn 1.357957 1.270000 1.730507
vn -1.154430 2.199704 0.529330
vn -1.999532 1.270000 0.916827
vn -0.981137 2.199704 0.806393
vn -1.699380 1.270000 1.396713
vn -0.742881 2.199704 1.030062
vn -1.286708 1.270000 1.784120
vn -0.455437 2.199704 1.185528
vn -0.788839 1.270000 2.053395
vn -0.137837 2.199704 1.262498
vn -0.238740 1.270000 2.186711
vn 0.188890 2.199704 1.255874
vn 0.327167 1.270000 2.175238
vn 0.503109 2.199704 1.166097
vn 0.871411 1.270000 2.019738
vn 0.784017 2.199704 0.999108
vn 1.013013 2.199704 0.765967
vn 1.754589 1.270000 1.326694
vn 1.174934 2.199704 0.482109
vn 2.035046 1.270000 0.835037
vn 1.259061 2.199704 0.166330
vn 2.180758 1.270000 0.288091
vn 1.259822 2.199704 -0.160463
vn 2.182076 1.270000 -0.277930
vn 1.177167 2.199704 -0.476631
vn 2.038914 1.270000 -0.825549
vn 1.016569 2.199704 -0.761240
vn 1.760750 1.270000 -1.318507
vn 0.788662 2.199704 -0.995446
vn 0.508535 2.199704 -1.163740
vn 0.880809 1.270000 -2.015658
vn 0.194737 2.199704 -1.254981
vn 0.337295 1.270000 -2.173691
vn -0.131955 2.199704 -1.263126
vn -0.228552 1.270000 -2.187799
vn -0.449910 2.199704 -1.187637
vn -0.779266 1.270000 -2.057047
vn -0.738075 2.199704 -1.033511
vn -1.278383 1.270000 -1.790094
vn -0.977371 2.199704 -0.810954
vn -1.692856 1.270000 -1.404614
vn -1.151952 2.199704 -0.534702
vn -1.995240 1.270000 -0.926131
vn -2.489858 0.000000 0.502203
vn -2.237466 0.000000 1.202225
vn -1.793035 0.000000 1.799062
vn -1.194710 0.000000 2.241488
vn -0.493845 0.000000 2.491529
vn 0.249406 0.000000 2.527726
vn 0.971252 0.000000 2.346970
vn 1.609736 0.000000 1.964778
vn 2.110058 0.000000 1.413950
vn 2.429277 0.000000 0.741765
vn 2.539993 0.000000 0.005916
vn 2.432705 0.000000 -0.730442
vn 2.116621 0.000000 -1.404107
vn 1.618870 0.000000 -1.957258
vn 0.982173 0.000000 -2.342421
vn 0.261178 0.000000 -2.526536
vn -0.482234 0.000000 -2.493802
vn -1.184257 0.000000 -2.247028
vn -1.784636 0.000000 -1.807394
vn -2.231842 0.000000 -1.212634
vn -2.487492 0.000000 -0.513795
vn -2.487492 0.000000 -0.513795
vn -2.231842 0.000000 -1.212634
vn -1.784636 0.000000 -1.807394
vn -1.184257 0.000000 -2.247028
vn -0.482234 0.000000 -2.493802
vn 0.261178 0.000000 -2.526536
vn 0.982173 0.000000 -2.342421
vn 1.618870 0.000000 -1.957258
vn 2.116621 0.000000 -1.404107
vn 2.432705 0.000000 -0.730442
vn 2.539993 0.000000 0.005916
vn 2.429277 0.000000 0.741765
vn 2.110058 0.000000 1.413950
vn 1.609736 0.000000 1.964778
vn 0.971252 0.000000 2.346970
vn 0.249406 0.000000 2.527726
vn -0.493845 0.000000 2.491529
vn -1.194710 0.000000 2.241488
vn -1.793035 0.000000 1.799062
vn -2.237466 0.000000 1.202225
vn -2.489858 0.000000 0.502203
vn 0.005916 0.000000 -2.539993
vn 0.005916 0.000000 -2.539993
vn 0.005916 0.000000 -2.539993
vn 0.005916 0.000000 -2.539993
vn 0.005916 0.000000 -2.539993
vn 0.005916 0.000000 -2.539993
vn 0.005916 0.000000 -2.539993
vn 0.005916 0.000000 -2.539993
vn 1.684282 0.000000 1.901261
vn 1.550155 0.978235 1.758316
vn 1.174822 1.802396 1.350097
vn 0.628074 2.348861 0.734830
vn 0.000000 2.540000 0.000000
vn 0.000000 2.540000 0.000000
vn 0.000000 2.540000 0.000000
vn 0.000000 2.540000 0.000000
vn 0.000000 2.540000 0.000000
vn 0.000000 2.540000 0.000000
vn 0.000000 2.540000 0.000000
vn 0.000000 2.540000 0.000000
vn 0.000000 2.540000 0.000000
vn 0.000000 2.540000 0.000000
vn 0.000000 2.540000 0.000000
vn 0.000000 2.540000 0.000000
vn 0.000000 2.540000 0.000000
vn 0.000000 2.540000 0.000000
vn 0.000000 2.540000 0.000000
vn 0.000000 2.540000 0.000000
vn 0.000000 2.540000 0.000000
vn 0.000000 2.540000 0.000000
vn 0.000000 2.540000 0.000000
vn 0.000000 2.540000 0.000000
vn 0.000000 2.540000 0.000000
vn 0.000000 2.540000 0.000000
vn 0.000000 2.540000 0.000000
vn 0.322344 2.348861 0.911343
vn 0.581808 1.802396 1.692474
vn 0.747669 0.978235 2.221631
vn 0.804400 0.000000 2.409261
vn 0.071663 0.000000 2.538989
vn -0.667225 0.000000 2.450798
vn -1.348846 0.000000 2.152258
vn -1.914697 0.000000 1.668992
vn -2.316212 0.000000 1.042479
vn -2.518929 0.000000 0.326491
vn -2.505450 0.000000 -0.417519
vn -2.276930 0.000000 -1.125695
vn -1.852985 0.000000 -1.737253
vn -1.270000 0.000000 -2.199704
vn -0.578013 0.000000 -2.473358
vn 0.163585 0.000000 -2.534727
vn 0.891142 0.000000 -2.378543
vn 1.542214 0.000000 -2.018211
vn 2.060919 0.000000 -1.484659
vn 2.402738 0.000000 -0.823680
vn 2.538333 0.000000 -0.092006
vn 2.456066 0.000000 0.647565
vn 2.162998 0.000000 1.331556
vn -2.176911 1.270000 -0.315843
vn 0.814928 1.270000 -2.043182
vn 1.037338 2.199704 0.732687
vn 1.796722 1.270000 1.269051
vn 1.189962 2.199704 0.443723
vn 2.061075 1.270000 0.768551
vn 1.263796 2.199704 0.125380
vn 2.188959 1.270000 0.217164
vn 1.253951 2.199704 -0.201265
vn 2.171906 1.270000 -0.348602
vn 1.161078 2.199704 -0.514584
vn 2.011047 1.270000 -0.891286
vn 0.991328 2.199704 -0.793831
vn 1.717031 1.270000 -1.374956
vn 0.755940 2.199704 -1.020517
vn 1.309326 1.270000 -1.767587
vn 0.470499 2.199704 -1.179632
vn 0.153905 2.199704 -1.260640
vn 0.266571 1.270000 -2.183493
vn -0.172879 2.199704 -1.258178
vn -0.299436 1.270000 -2.179229
vn -0.488217 2.199704 -1.172410
vn -0.845616 1.270000 -2.030673
vn -0.771228 2.199704 -1.009013
vn -1.335806 1.270000 -1.747662
vn -1.003175 2.199704 -0.778807
vn -1.737550 1.270000 -1.348933
vn -1.168699 2.199704 -0.497034
vn -2.024246 1.270000 -0.860889
vn -1.256840 2.199704 -0.182352
vn -1.261764 2.199704 0.144405
vn -2.185439 1.270000 0.250116
vn -1.183142 2.199704 0.461600
vn -2.049262 1.270000 0.799514
vn -1.026182 2.199704 0.748231
vn -1.777400 1.270000 1.295974
vn -0.801276 2.199704 0.985320
vn -1.387851 1.270000 1.706625
vn -0.523316 2.199704 1.157169
vn -0.906410 1.270000 2.004276
vn -0.210705 2.199704 1.252399
vn -0.364952 1.270000 2.169219
vn 0.115856 2.199704 1.264704
vn 0.200669 1.270000 2.190532
vn 0.000000 2.540000 0.000000
vn 0.000000 2.540000 0.000000
vn 0.000000 2.540000 0.000000
vn 0.000000 2.540000 0.000000
vn 0.000000 2.540000 0.000000
vn 0.000000 2.540000 0.000000
vn 0.000000 2.540000 0.000000
vn 0.000000 2.540000 0.000000
vn 0.000000 2.540000 0.000000
vn 0.000000 2.540000 0.000000
vn 0.000000 2.540000 0.000000
vn 0.000000 2.540000 0.000000
vn 0.000000 2.540000 0.000000
vn 0.000000 2.540000 0.000000
vn 0.000000 2.540000 0.000000
vn 0.000000 2.540000 0.000000
vn 0.000000 2.540000 0.000000
vn 0.000000 2.540000 0.000000
vn 0.000000 2.540000 0.000000
vn 0.000000 2.540000 0.000000
vn 0.000000 2.540000 0.000000
vn 0.000000 2.540000 0.000000
vn 0.000000 2.540000 0.000000
vn 0.000000 2.540000 0.000000
vn 0.000000 2.540000 0.000000
vn 0.000000 2.540000 0.000000
vn 0.000000 2.540000 0.000000
vn 0.000000 2.540000 0.000000
vn 0.000000 2.540000 0.000000
vn 0.000000 2.540000 0.000000
vn 0.000000 2.540000 0.000000
vn 0.000000 2.540000 0.000000
vn 0.000000 2.540000 0.000000
vn 0.000000 2.540000 0.000000
vn 0.000000 2.540000 0.000000
vn 0.000000 2.540000 0.000000
vn 0.000000 2.540000 0.000000
vn 0.000000 2.540000 0.000000
vn 0.000000 2.540000 0.000000
vn 0.000000 2.540000 0.000000
vn 0.000000 2.540000 0.000000
vn 0.000000 2.540000 0.000000
vn 0.000000 2.540000 0.000000
vn 0.000000 2.540000 0.000000
vn 0.000000 2.540000 0.000000
vn 0.000000 2.540000 0.000000
vn 0.000000 2.540000 0.000000
vn 0.000000 2.540000 0.000000
vn 0.000000 2.540000 0.000000
vn 0.000000 2.540000 0.000000
vn 0.000000 2.540000 0.000000
vn 0.000000 2.540000 0.000000
vn 0.000000 2.540000 0.000000
vn 0.000000 2.540000 0.000000
vn 0.000000 2.540000 0.000000
vn 0.000000 2.540000 0.000000
vn 0.000000 2.540000 0.000000
vn 0.000000 2.540000 0.000000
vn 0.000000 2.540000 0.000000
vn 0.000000 2.540000 0.000000
vn 0.000000 2.540000 0.000000
vn 0.000000 2.540000 0.000000
vn 0.000000 2.540000 0.000000
vn 0.000000 2.540000 0.000000
vn 0.000000 2.540000 0.000000
vn 0.000000 2.540000 0.000000
vn 0.000000 2.540000 0.000000
vn 0.000000 2.540000 0.000000
vn 2.199704 0.000000 -1.270000
vn 2.199704 0.000000 -1.270000
vn 2.199704 0.000000 -1.270000
vn 2.199704 0.000000 -1.270000
vn 2.199704 0.000000 -1.270000
vn 2.199704 0.000000 -1.270000
vn 2.199704 0.000000 -1.270000
vn 2.199704 0.000000 -1.270000
vn 0.804388 0.000000 -2.409265
vn 0.071650 0.000000 -2.538989
vn -0.667237 0.000000 -2.450795
vn -1.348856 0.000000 -2.152251
vn -1.914705 0.000000 -1.668983
vn -2.316217 0.000000 -1.042468
vn -2.518931 0.000000 -0.326479
vn -2.505448 0.000000 0.417531
vn -2.276925 0.000000 1.125705
vn -1.852977 0.000000 1.737262
vn -1.269989 0.000000 2.199711
vn -0.578001 0.000000 2.473361
vn 0.163597 0.000000 2.534726
vn 0.891154 0.000000 2.378538
vn 1.542224 0.000000 2.018204
vn 2.060926 0.000000 1.484649
vn 2.402742 0.000000 0.823669
vn 2.538334 0.000000 0.091994
vn 2.456063 0.000000 -0.647577
vn 2.162991 0.000000 -1.331566
vn 1.684273 0.000000 -1.901270
vn 1.684273 0.000000 -1.901270
vn 2.162991 0.000000 -1.331566
vn 2.456063 0.000000 -0.647577
vn 2.538334 0.000000 0.091994
vn 2.402742 0.000000 0.823669
vn 2.060926 0.000000 1.484649
vn 1.542224 0.000000 2.018204
vn 0.891154 0.000000 2.378538
vn 0.163597 0.000000 2.534726
vn -0.578001 0.000000 2.473361
vn -1.269989 0.000000 2.199711
vn -1.852977 0.000000 1.737262
vn -2.276925 0.000000 1.125705
vn -2.505448 0.000000 0.417531
vn -2.518931 0.000000 -0.326479
vn -2.316217 0.000000 -1.042468
vn -1.914705 0.000000 -1.668983
vn -1.348856 0.000000 -2.152251
vn -0.667237 0.000000 -2.450795
vn 0.071650 0.000000 -2.538989
vn 0.804388 0.000000 -2.409265
vn 2.199711 0.000000 1.269989
vn 2.199711 0.000000 1.269989
vn 2.199711 0.000000 1.269989
vn 2.199711 0.000000 1.269989
vn 2.199711 0.000000 1.269989
vn 2.199711 0.000000 1.269989
vn 2.199711 0.000000 1.269989
vn 2.199711 0.000000 1.269989
vn 1.684282 0.000000 1.901261
vn 2.162998 0.000000 1.331556
vn 2.456066 0.000000 0.647565
vn 2.538333 0.000000 -0.092006
vn 2.402738 0.000000 -0.823680
vn 2.060919 0.000000 -1.484659
vn 1.542214 0.000000 -2.018211
vn 0.891142 0.000000 -2.378543
vn 0.163585 0.000000 -2.534727
vn -0.578013 0.000000 -2.473358
vn -1.270000 0.000000 -2.199704
vn -1.852985 0.000000 -1.737253
vn -2.276930 0.000000 -1.125695
vn -2.505450 0.000000 -0.417519
vn -2.518929 0.000000 0.326491
vn -2.316212 0.000000 1.042479
vn -1.914697 0.000000 1.668992
vn -1.348846 0.000000 2.152258
vn -0.667225 0.000000 2.450798
vn 0.071663 0.000000 2.538989
vn 0.804400 0.000000 2.409261
vn 0.804400 0.000000 2.409261
vn 0.071663 0.000000 2.538989
vn -0.667225 0.000000 2.450798
vn -1.348846 0.000000 2.152258
vn -1.914697 0.000000 1.668992
vn -2.316212 0.000000 1.042479
vn -2.518929 0.000000 0.326491
vn -2.505450 0.000000 -0.417519
vn -2.276930 0.000000 -1.125695
vn -1.852985 0.000000 -1.737253
vn -1.270000 0.000000 -2.199704
vn -0.578013 0.000000 -2.473358
vn 0.163585 0.000000 -2.534727
vn 0.891142 0.000000 -2.378543
vn 1.542214 0.000000 -2.018211
vn 2.060919 0.000000 -1.484659
vn 2.402738 0.000000 -0.823680
vn 2.538333 0.000000 -0.092006
vn 2.456066 0.000000 0.647565
vn 2.162998 0.000000 1.331556
vn 1.684282 0.000000 1.901261
vn -2.199704 0.000000 1.270000
vn -2.199704 0.000000 1.270000
vn -2.199704 0.000000 1.270000
vn -2.199704 0.000000 1.270000
vn -2.199704 0.000000 1.270000
vn -2.199704 0.000000 1.270000
vn -2.199704 0.000000 1.270000
vn -2.199704 0.000000 1.270000
vn -0.005916 0.000000 2.539993
vn -0.005916 0.000000 2.539993
vn -0.005916 0.000000 2.539993
vn -0.005916 0.000000 2.539993
vn -0.005916 0.000000 2.539993
vn -0.005916 0.000000 2.539993
vn -0.005916 0.000000 2.539993
vn -0.005916 0.000000 2.539993
vn -1.015470 0.000000 2.328180
vn -1.015470 0.000000 2.328180
vn -0.564981 0.000000 2.476368
vn -0.094796 0.000000 2.538230
vn 0.378692 0.000000 2.511611
vn 0.838980 0.000000 2.397439
vn 1.270021 0.000000 2.199692
vn 1.270021 0.000000 2.199692
vn 0.782326 0.000000 2.416519
vn 0.260089 0.000000 2.526649
vn -0.273632 0.000000 2.525218
vn -0.795272 0.000000 2.412290
vn -0.795272 0.000000 2.412290
vn -0.869527 0.000000 2.386529
vn -0.942950 0.000000 2.358484
vn -1.508518 0.000000 -2.043520
vn -1.508518 0.000000 -2.043520
vn -1.862097 0.000000 -1.727482
vn -2.150765 0.000000 -1.351226
vn -2.364458 0.000000 -0.927867
vn -2.495729 0.000000 -0.472163
vn -2.540000 0.000000 0.000000
vn -2.540000 0.000000 0.000000
vn -2.483926 0.000000 -0.530766
vn -2.318179 0.000000 -1.038098
vn -2.050078 0.000000 -1.499594
vn -1.691459 0.000000 -1.894879
vn -1.691459 0.000000 -1.894879
vn -1.632022 0.000000 -1.946305
vn -1.571022 0.000000 -1.995868
vn 2.524655 0.000000 -0.278776
vn 2.524655 0.000000 -0.278776
vn 2.428483 0.000000 -0.744359
vn 2.247235 0.000000 -1.183865
vn 1.987260 0.000000 -1.581897
vn 1.657666 0.000000 -1.924511
vn 1.270000 0.000000 -2.199704
vn 1.270000 0.000000 -2.199704
vn 1.702718 0.000000 -1.884769
vn 2.059840 0.000000 -1.486155
vn 2.325513 0.000000 -1.021562
vn 2.487941 0.000000 -0.511614
vn 2.487941 0.000000 -0.511614
vn 2.502579 0.000000 -0.434393
vn 2.514821 0.000000 -0.356755
vn 2.523329 0.000000 0.290533
vn 2.523329 0.000000 0.290533
vn 2.513132 0.000000 0.368465
vn 2.500529 0.000000 0.446045
vn 2.485531 0.000000 0.523198
vn 2.485531 0.000000 0.523198
vn 2.351705 0.000000 0.959731
vn 2.141888 0.000000 1.365253
vn 1.862860 0.000000 1.726660
vn 1.523637 0.000000 2.032272
vn 1.135181 0.000000 2.272216
vn 1.193961 0.000000 2.241887
vn 1.230325 0.000000 2.222139
vn 1.257354 0.000000 2.206958
vn 1.257354 0.000000 2.206958
vn 1.647011 0.000000 1.933638
vn 1.978837 0.000000 1.592421
vn 2.241179 0.000000 1.195289
vn 2.424826 0.000000 0.756187
vn 1.033459 1.476345 1.789963
vn -0.054197 1.394538 2.122246
vn -1.086013 1.049413 2.042280
vn -2.327169 0.000371 1.017785
vn -2.467202 -0.000731 0.603750
vn -2.534217 0.000246 0.171298
vn -2.526009 -0.000704 -0.266226
vn -2.442873 0.000207 -0.695682
vn -2.287168 -0.001082 -1.104745
vn -2.063576 0.001130 -1.480963
vn -1.781658 0.016644 -1.810254
vn -1.445519 0.015244 -2.088502
vn -1.302034 1.492856 -1.589871
vn -0.665370 2.402044 -0.488944
vn 0.226952 2.398335 0.805036
vn 1.033459 1.476345 1.789963
vn 1.033459 1.476345 1.789963
vn 1.033459 1.476345 1.789963
vn 1.033459 1.476345 1.789963
vn 1.033459 1.476345 1.789963
vn 1.033459 1.476345 1.789963
vn 1.033459 1.476345 1.789963
vn 1.033459 1.476345 1.789963
vn 0.291186 1.465287 2.054202
vn -2.368989 0.416865 0.815914
vn 0.060688 1.755600 1.834608
vn -2.478724 0.500533 0.238733
vn -2.133277 0.355908 1.331937
vn -1.662915 0.766636 1.760279
vn -1.018589 1.120401 2.039309
vn -0.448760 1.321861 2.122003
vn -2.265540 0.383264 1.082608
vn -1.815234 0.819901 1.576163
vn -1.155099 1.188371 1.924869
vn -0.553480 1.387577 2.054237
vn 0.234409 1.508832 2.029798
vn -2.441194 0.455973 0.533163
vn -2.057471 0.957637 1.140766
vn -1.389105 1.361644 1.633375
vn -0.737220 1.552999 1.869840
vn 0.131836 1.617486 1.953960
vn 0.180628 1.559316 1.996874
vn -0.650746 1.464231 1.970826
vn -1.279883 1.268395 1.790160
vn -1.947959 0.883431 1.369892
vn -2.138318 1.042625 0.890016
vn -1.477542 1.468350 1.453416
vn -0.808895 1.654150 1.749593
vn 0.090255 1.683650 1.899679
vn -2.440724 0.607964 -0.353338
vn -2.187586 1.244191 0.343594
vn -1.560025 1.718790 1.031350
vn -0.880054 1.888994 1.452174
vn 0.045783 1.836094 1.754497
vn -0.857769 1.764716 1.612950
vn -1.535692 1.585946 1.256195
vn -2.182449 1.137301 0.628541
vn -2.478909 0.551246 -0.052305
vn -2.326853 0.689845 -0.749312
vn -2.120254 1.397515 -0.055454
vn -1.523403 1.908459 0.699020
vn -0.854732 2.065627 1.205910
vn 0.056972 1.950351 1.626187
vn -2.124860 0.782907 -1.150489
vn -1.941127 1.563670 -0.488431
vn -1.378078 2.110098 0.316211
vn -0.741331 2.252213 0.910805
vn 0.118928 2.071207 1.465455
vn -1.825570 0.874982 -1.534046
vn -1.626128 1.716448 -0.927961
vn -1.095283 2.289753 -0.094788
vn -0.515773 2.418028 0.581994
vn 0.245909 2.179931 1.280245
vn -1.356992 0.000000 -2.147131
vn -2.229060 0.003243 -1.217736
vn -2.539657 0.000058 0.041728
vn -2.199692 0.000000 1.270021
vn -1.079712 0.917391 2.108131
vn -0.148143 1.295345 2.179847
vn 1.033459 1.476345 1.789963
vn 0.228844 2.399217 0.801865
vn -0.664592 2.402072 -0.489864
vn -1.300411 1.486959 -1.596710
vn -1.441926 0.000000 -2.091040
vn -1.419921 -0.000005 -2.106045
vn -1.401443 0.000009 -2.118385
vn -1.375587 0.000045 -2.135266
vn -2.126164 0.652455 1.226918
vn -2.426861 0.600012 0.449368
vn -2.477780 0.520549 -0.203062
vn -2.287144 0.366182 -1.042344
vn -1.853154 0.169055 -1.728826
vn -0.864182 1.775558 1.597555
vn -1.512756 1.871368 0.813113
vn -1.856272 1.732619 0.062351
vn -1.993371 1.271675 -0.927853
vn -1.792905 0.617643 -1.689855
vn -2.199692 0.000000 1.270021
vn -2.199692 0.000000 1.270021
vn -2.539774 0.000000 0.033899
vn -2.232805 0.000000 -1.210859
vn -1.356992 0.000000 -2.147131
vn -1.356992 0.000000 -2.147131
vn -1.375562 0.000000 -2.135282
vn -2.460940 0.000000 -0.628789
vn 2.537967 0.000000 0.101600
vn 2.165050 0.000000 1.328216
vn 1.240551 0.000000 2.216446
vn 0.000000 0.000000 2.540000
vn 0.000000 0.000000 2.540000
vn 1.775034 0.000000 1.816825
vn 2.536991 0.000000 0.123607
vn 2.537967 0.000000 0.101600
vn 2.531859 0.000000 0.203200
vn 2.033000 1.486959 0.327814
vn 0.756534 2.402072 0.330614
vn -0.808856 2.399217 0.202755
vn -2.066883 1.476345 0.000000
vn -1.813644 1.295686 1.217988
vn -1.288928 0.921620 1.985165
vn 0.000000 0.000000 2.540000
vn 1.233712 0.000058 2.220260
vn 2.169133 0.003243 1.321534
vn 2.537967 0.000000 0.101600
vn 2.536976 -0.000211 0.123910
vn 2.535298 -0.000012 0.154484
vn 2.533835 0.000127 0.176862
vn -1.042768 1.916431 1.300587
vn -0.035880 2.059466 1.486241
vn 0.822660 1.922392 1.441957
vn 1.773421 1.422340 1.132928
vn 2.349601 0.704172 0.659633
vn -0.727027 1.447159 1.956723
vn 0.235959 1.466067 2.060721
vn 1.013910 1.330271 1.911535
vn 1.858798 0.967187 1.435625
vn 2.371294 0.469224 0.779996
vn -0.010296 0.645726 2.456529
vn 0.810316 0.593607 2.332942
vn 1.413217 0.514044 2.046992
vn 2.042643 0.363774 1.465222
vn 2.420298 0.171251 0.751286
vn 0.281678 0.000059 2.524333
vn -1.225347 1.048659 1.962254
vn -1.809627 1.393633 1.111141
vn -2.066883 1.476345 0.000000
vn -2.066883 1.476345 0.000000
vn -2.066883 1.476345 0.000000
vn -2.066883 1.476345 0.000000
vn -2.066883 1.476345 0.000000
vn -2.066883 1.476345 0.000000
vn -2.066883 1.476345 0.000000
vn -2.066883 1.476345 0.000000
vn -2.066883 1.476345 0.000000
vn -0.809019 2.398990 0.204785
vn 0.756534 2.402072 0.330614
vn 2.032797 1.486673 0.330365
vn 2.531859 0.000000 0.203200
vn 2.459432 0.000000 0.634663
vn 2.314145 0.000065 1.047060
vn 2.099891 -0.000855 1.429006
vn 1.824445 -0.000324 1.767201
vn 1.492975 -0.000822 2.054903
vn 1.119602 -0.000600 2.279932
vn 0.710688 0.000168 2.438549
vn -1.885630 1.499785 0.804142
vn -1.526132 1.374309 1.494589
vn -1.123590 1.174168 1.952044
vn -0.505918 0.809413 2.353826
vn 0.137035 0.379039 2.507818
vn -1.818966 1.560506 0.841299
vn -1.380315 1.466597 1.547716
vn -0.906711 1.270480 2.003835
vn -0.208047 0.885637 2.371490
vn 0.482191 0.419005 2.458358
vn -1.717261 1.657428 0.869223
vn -1.166370 1.614394 1.576361
vn -0.596650 1.425819 2.015601
vn 0.199682 1.009097 2.322381
vn 0.928465 0.483790 2.314196
vn -1.597615 1.778566 0.857863
vn -0.925850 1.800805 1.533462
vn -0.258849 1.624186 1.935618
vn 0.620823 1.168567 2.168093
vn 1.356983 0.568941 2.070387
vn -1.481447 1.902008 0.799550
vn -0.701709 1.991327 1.412028
vn 0.046166 1.828279 1.762630
vn 0.981164 1.333307 1.926451
vn 1.697446 0.656994 1.771620
vn -1.359432 2.037562 0.672225
vn -0.474107 2.201774 1.174315
vn 0.347332 2.055597 1.451028
vn 1.320079 1.518314 1.550392
vn 1.996097 0.757150 1.376198
vn -1.249737 2.163702 0.456236
vn -0.275248 2.397821 0.791385
vn 0.604063 2.267999 0.971024
vn 1.596925 1.691245 1.020352
vn 2.225191 0.850559 0.881292
vn 0.000000 0.000000 2.540000
vn 0.000000 0.000000 2.540000
vn 0.000000 0.000000 2.540000
vn 0.000000 0.000000 2.540000
vn 0.000000 0.000000 2.540000
vn 0.000000 0.000000 2.540000
vn -1.285657 0.918326 1.988810
vn -1.813647 1.295462 1.218222
vn -2.066883 1.476345 0.000000
vn -2.066883 1.476345 0.000000
vn -1.944490 1.388922 0.861078
vn -1.591807 1.137005 1.620176
vn -0.384972 0.274980 2.495553
vn 0.000000 0.000000 2.540000
vn -2.066883 1.476345 0.000000
vn -2.066883 1.476345 0.000000
vn -2.066883 1.476345 0.000000
vn -2.066883 1.476345 0.000000
vn -2.066883 1.476345 0.000000
vn -2.066883 1.476345 0.000000
vn -2.066883 1.476345 0.000000
vn -2.066883 1.476345 0.000000
vn -2.066883 1.476345 0.000000
vn -2.066883 1.476345 0.000000
vn -2.066883 1.476345 0.000000
vn -2.066883 1.476345 0.000000
vn -2.066883 1.476345 0.000000
vn -2.066883 1.476345 0.000000
vn -2.066883 1.476345 0.000000
vn -2.066883 1.476345 0.000000
vn -2.066883 1.476345 0.000000
vn -2.066883 1.476345 0.000000
vn -2.066883 1.476345 0.000000
vn -2.066883 1.476345 0.000000
vn -2.066883 1.476345 0.000000
vn -1.810809 1.394538 -1.108076
vn -1.225641 1.049413 -1.961667
vn 0.282181 0.000371 -2.524277
vn 0.710762 -0.000731 -2.438528
vn 1.118782 0.000246 -2.280335
vn 1.493583 -0.000704 -2.054461
vn 1.823931 0.000207 -1.767731
vn 2.100335 -0.001082 -1.428353
vn 2.314350 0.001130 -1.046606
vn 2.458561 0.016644 -0.637810
vn 2.531458 0.015244 -0.207581
vn 2.027889 1.492856 -0.332640
vn 0.756126 2.402044 -0.331748
vn -0.810656 2.398335 -0.205979
vn -2.066883 1.476345 0.000000
vn -2.066883 1.476345 0.000000
vn -2.066883 1.476345 0.000000
vn -2.066883 1.476345 0.000000
vn -2.066883 1.476345 0.000000
vn -2.066883 1.476345 0.000000
vn -2.066883 1.476345 0.000000
vn -2.066883 1.476345 0.000000
vn -1.924577 1.465287 -0.774945
vn 0.477916 0.416865 -2.459557
vn -1.619153 1.755600 -0.864762
vn 1.032635 0.500533 -2.265995
vn -0.086829 0.355908 -2.513442
vn -0.692967 0.766636 -2.320273
vn -1.256780 1.120401 -1.901790
vn -1.613315 1.321861 -1.449655
vn 0.195228 0.383264 -2.503317
vn -0.457357 0.819901 -2.360124
vn -1.089417 1.188371 -1.962790
vn -1.502267 1.387577 -1.506461
vn -1.875053 1.508832 -0.811913
vn 0.758887 0.455973 -2.380710
vn 0.040826 0.957637 -2.352204
vn -0.719972 1.361644 -2.019694
vn -1.250704 1.552999 -1.573383
vn -1.758089 1.617486 -0.862823
vn -1.819650 1.559316 -0.842026
vn -1.381398 1.464231 -1.548989
vn -0.910364 1.268395 -2.003500
vn -0.212359 0.883431 -2.371930
vn 0.298405 1.042625 -2.296843
vn -0.519905 1.468350 -2.006302
vn -1.110730 1.654150 -1.575331
vn -1.690289 1.683650 -0.871692
vn 1.526380 0.607964 -1.937045
vn 0.796251 1.244191 -2.066294
vn -0.113145 1.718790 -1.866698
vn -0.817578 1.888994 -1.488244
vn -1.542323 1.836094 -0.837614
vn -0.967957 1.764716 -1.549334
vn -0.320032 1.585946 -1.958049
vn 0.546913 1.137301 -2.204322
vn 1.284772 0.551246 -2.120634
vn 1.812366 0.689845 -1.640440
vn 1.108169 1.397515 -1.808456
vn 0.156348 1.908459 -1.668814
vn -0.616969 2.065627 -1.343180
vn -1.436798 1.950351 -0.763768
vn 2.058795 0.782907 -1.264919
vn 1.393571 1.563670 -1.436836
vn 0.415205 2.110098 -1.351552
vn -0.418105 2.252213 -1.097418
vn -1.328579 2.071207 -0.629746
vn 2.241316 0.874982 -0.813946
vn 1.616711 1.716448 -0.944272
vn 0.629739 2.289753 -0.901143
vn -0.246128 2.418028 -0.737672
vn -1.231675 2.179931 -0.427171
vn 2.537967 0.000000 -0.101600
vn 2.169133 0.003243 -1.321534
vn 1.233712 0.000058 -2.220260
vn 0.000000 0.000000 -2.540000
vn -1.285801 0.917405 -1.989141
vn -1.813716 1.295359 -1.218228
vn -2.066883 1.476345 0.000000
vn -0.808856 2.399217 -0.202755
vn 0.756534 2.402072 -0.330614
vn 2.033000 1.486959 -0.327814
vn 2.531859 0.000000 -0.203200
vn 2.533850 -0.000005 -0.176641
vn 2.535299 0.000008 -0.154469
vn 2.536989 0.000044 -0.123636
vn -0.002352 0.655294 -2.454014
vn 0.822103 0.602821 -2.326447
vn 1.413248 0.523070 -2.044683
vn 2.045612 0.367986 -1.460020
vn 2.423632 0.169904 -0.740769
vn -0.952359 1.777106 -1.544832
vn 0.051431 1.873355 -1.714496
vn 0.873562 1.734618 -1.636946
vn 1.800000 1.273201 -1.261175
vn 2.359872 0.618394 -0.707241
vn 0.000000 0.000000 -2.540000
vn 0.000000 0.000000 -2.540000
vn 1.240551 0.000000 -2.216446
vn 2.165050 0.000000 -1.328216
vn 2.537967 0.000000 -0.101600
vn 2.537967 0.000000 -0.101600
vn 2.536991 0.000000 -0.123607
vn 1.775034 0.000000 -1.816825
vn -1.356972 0.000000 2.147144
vn -2.232794 0.000000 1.210881
vn -2.539774 0.000000 -0.033875
vn -2.199704 0.000000 -1.270000
vn -2.199704 0.000000 -1.270000
vn -2.460934 0.000000 0.628812
vn -1.375542 0.000000 2.135295
vn -1.356972 0.000000 2.147144
vn -1.441906 0.000000 2.091054
vn -1.300395 1.486959 1.596723
vn -0.664588 2.402072 0.489871
vn 0.228837 2.399217 -0.801867
vn 1.033441 1.476345 -1.789973
vn -0.147997 1.295675 -2.179661
vn -1.074711 0.921596 -2.108852
vn -2.199704 0.000000 -1.270000
vn -2.539658 0.000058 -0.041704
vn -2.229048 0.003243 1.217757
vn -1.356972 0.000000 2.147144
vn -1.375798 -0.000210 2.135130
vn -1.401435 -0.000011 2.118391
vn -1.420085 0.000128 2.105934
vn -0.604275 1.916761 -1.553216
vn -1.268537 2.059923 -0.774036
vn -1.659560 1.922860 -0.008364
vn -1.867502 1.422702 0.969512
vn -1.745910 0.704360 1.705074
vn -1.330181 1.447863 -1.608077
vn -1.901922 1.466908 -0.826120
vn -2.161886 1.331090 -0.077764
vn -2.172415 0.967806 0.891943
vn -1.861064 0.469536 1.663603
vn -2.122073 0.645948 -1.237400
vn -2.425455 0.593822 -0.464914
vn -2.479328 0.514237 0.200235
vn -2.290256 0.363918 1.036288
vn -1.860804 0.171326 1.720365
vn -2.326976 0.000059 -1.018226
vn -1.086688 1.048659 -2.042309
vn -0.057463 1.393633 -2.122754
vn 1.033441 1.476345 -1.789973
vn 1.033441 1.476345 -1.789973
vn 1.033441 1.476345 -1.789973
vn 1.033441 1.476345 -1.789973
vn 1.033441 1.476345 -1.789973
vn 1.033441 1.476345 -1.789973
vn 1.033441 1.476345 -1.789973
vn 1.033441 1.476345 -1.789973
vn 1.033441 1.476345 -1.789973
vn 0.227160 2.398990 -0.803024
vn -0.664588 2.402072 0.489871
vn -1.302502 1.486673 1.595271
vn -1.441906 0.000000 2.091054
vn -1.779350 0.000000 1.812599
vn -2.063853 0.000065 1.480578
vn -2.287501 -0.000855 1.104056
vn -2.442664 -0.000324 0.696416
vn -2.526085 -0.000822 0.265503
vn -2.534280 -0.000600 -0.170363
vn -2.467190 0.000168 -0.603801
vn 0.242594 1.499518 -2.035730
vn -0.538864 1.372372 -2.068289
vn -1.128724 1.174168 -1.949079
vn -1.788200 0.807467 -1.613052
vn -2.243843 0.374508 -1.129827
vn 0.176795 1.560458 -1.996326
vn -0.658257 1.464834 -1.967882
vn -1.282017 1.270480 -1.787152
vn -1.952366 0.883552 -1.363527
vn -2.373042 0.414039 -0.805508
vn 0.101443 1.657728 -1.921783
vn -0.790524 1.612921 -1.795872
vn -1.447237 1.425819 -1.524515
vn -2.113523 1.006786 -0.985395
vn -2.470443 0.478111 -0.346298
vn 0.051259 1.779305 -1.811918
vn -0.873899 1.799723 -1.564895
vn -1.546870 1.624186 -1.191979
vn -2.190226 1.165974 -0.543153
vn -2.472602 0.562353 0.146958
vn 0.043661 1.903193 -1.681532
vn -0.880777 1.990659 -1.308859
vn -1.549565 1.828279 -0.841334
vn -2.160893 1.330424 -0.110055
vn -2.383387 0.649462 0.590986
vn 0.093144 2.039241 -1.511430
vn -0.788336 2.201580 -0.991551
vn -1.430293 2.055597 -0.424716
vn -2.004488 1.515114 0.371560
vn -2.189911 0.748563 1.046681
vn 0.225907 2.165839 -1.307558
vn -0.555308 2.398076 -0.626470
vn -1.142963 2.267999 0.037622
vn -1.683822 1.687748 0.876270
vn -1.876115 0.840983 1.491490
vn -2.199704 0.000000 -1.270000
vn -2.199704 0.000000 -1.270000
vn -2.199704 0.000000 -1.270000
vn -2.199704 0.000000 -1.270000
vn -2.199704 0.000000 -1.270000
vn -2.199704 0.000000 -1.270000
vn -1.079530 0.918327 -2.107816
vn -0.148187 1.295462 -2.179775
vn 1.033441 1.476345 -1.789973
vn 1.033441 1.476345 -1.789973
vn 0.226530 1.388922 -2.114517
vn -0.607210 1.137005 -2.188633
vn -1.968726 0.274980 -1.581172
vn -2.199704 0.000000 -1.270000
vn 1.033441 1.476345 -1.789973
vn 1.033441 1.476345 -1.789973
vn 1.033441 1.476345 -1.789973
vn 1.033441 1.476345 -1.789973
vn 1.033441 1.476345 -1.789973
vn 1.033441 1.476345 -1.789973
vn 1.033441 1.476345 -1.789973
vn 1.033441 1.476345 -1.789973
vn 1.033441 1.476345 -1.789973
vn 1.033441 1.476345 -1.789973
vn 1.033441 1.476345 -1.789973
vn 1.033441 1.476345 -1.789973
vn 1.033441 1.476345 -1.789973
vn 1.033441 1.476345 -1.789973
vn 1.033441 1.476345 -1.789973
vn 1.033441 1.476345 -1.789973
vn 1.033441 1.476345 -1.789973
vn 1.033441 1.476345 -1.789973
vn 1.033441 1.476345 -1.789973
vn 1.033441 1.476345 -1.789973
vn 1.033441 1.476345 -1.789973
vn 1.865027 1.394538 -1.014169
vn 2.311674 1.049413 -0.080603
vn 2.044997 0.000371 1.506515
vn 1.756446 -0.000731 1.834802
vn 1.415437 0.000246 2.109061
vn 1.032424 -0.000704 2.320711
vn 0.618935 0.000207 2.463437
vn 0.186822 -0.001082 2.533120
vn -0.250788 0.001130 2.527589
vn -0.676921 0.016644 2.448081
vn -1.085959 0.015244 2.296097
vn -0.725870 1.492856 1.922523
vn -0.090761 2.402044 0.820699
vn 0.583711 2.398335 -0.599059
vn 1.033441 1.476345 -1.789973
vn 1.033441 1.476345 -1.789973
vn 1.033441 1.476345 -1.789973
vn 1.033441 1.476345 -1.789973
vn 1.033441 1.476345 -1.789973
vn 1.033441 1.476345 -1.789973
vn 1.033441 1.476345 -1.789973
vn 1.033441 1.476345 -1.789973
vn 1.634610 1.465098 -1.277943
vn 1.889258 0.414475 1.646364
vn 1.559391 1.755915 -0.967812
vn 1.443684 0.497701 2.029697
vn 2.218980 0.353840 1.184283
vn 2.355824 0.765736 0.561554
vn 2.275389 1.120401 -0.137508
vn 2.063725 1.320882 -0.669261
vn 2.068837 0.381047 1.423488
vn 2.272390 0.818952 0.785596
vn 2.244535 1.188371 0.037932
vn 2.057288 1.386655 -0.544384
vn 1.641853 1.508719 -1.216423
vn 1.680175 0.453378 1.850151
vn 2.016140 0.956568 1.213159
vn 2.109093 1.361644 0.386333
vn 1.989130 1.552230 -0.292474
vn 1.627376 1.617561 -1.089378
vn 1.640200 1.559290 -1.153238
vn 2.033538 1.463379 -0.418145
vn 2.190264 1.268395 0.213352
vn 2.159967 0.882427 1.003726
vn 1.839260 1.041482 1.408560
vn 1.997461 1.468350 0.552900
vn 1.920599 1.653480 -0.170005
vn 1.601074 1.683840 -1.026084
vn 0.911627 0.604577 2.292384
vn 1.390434 1.242876 1.724399
vn 1.673180 1.718790 0.835362
vn 1.698017 1.888564 0.040780
vn 1.497313 1.836551 -0.914733
vn 1.826431 1.764158 -0.059119
vn 1.855736 1.585946 0.701868
vn 1.634751 1.136077 1.577504
vn 1.191536 0.548156 2.175171
vn 0.511783 0.686033 2.391451
vn 1.011075 1.396071 1.865560
vn 1.367061 1.908459 0.969809
vn 1.471587 2.065385 0.142192
vn 1.380331 1.951007 -0.860150
vn 0.063602 0.778652 2.416869
vn 0.546497 1.562095 1.926862
vn 0.962876 2.110098 1.035354
vn 1.158707 2.252171 0.191634
vn 1.209789 2.072073 -0.833381
vn -0.417732 0.870342 2.349384
vn 0.008383 1.714772 1.873789
vn 0.465544 2.289753 0.995941
vn 0.760459 2.418160 0.160638
vn 0.985438 2.180982 -0.850780
vn -1.180995 0.000000 2.248744
vn 0.059916 0.003243 2.539291
vn 1.305946 0.000058 2.178556
vn 2.199704 0.000000 1.270000
vn 2.365551 0.917393 -0.118983
vn 1.961883 1.295347 -0.961609
vn 1.033441 1.476345 -1.789973
vn 0.580019 2.399217 -0.599112
vn -0.091947 2.402072 0.820485
vn -0.732605 1.486959 1.924537
vn -1.089953 0.000000 2.294254
vn -1.113950 -0.000005 2.282699
vn -1.133876 0.000009 2.272867
vn -1.161422 0.000045 2.258915
vn 2.125696 0.652750 1.227572
vn 1.602695 0.600304 1.876860
vn 1.063127 0.520811 2.247246
vn 0.240930 0.366369 2.501865
vn -0.570616 0.169143 2.469289
vn 1.815453 1.775718 -0.050563
vn 1.460395 1.871573 0.903361
vn 0.981988 1.732825 1.576267
vn 0.193026 1.271833 2.190156
vn -0.567071 0.617721 2.397593
vn 2.199704 0.000000 1.270000
vn 2.199704 0.000000 1.270000
vn 1.299223 0.000000 2.182571
vn 0.067743 0.000000 2.539096
vn -1.180995 0.000000 2.248744
vn -1.180995 0.000000 2.248744
vn -1.161449 0.000000 2.258902
vn 0.685899 0.000000 2.445637
vn -1.168069 0.000000 -2.255486
vn 0.082316 0.000000 -2.538666
vn 1.311729 0.000000 -2.175078
vn 2.206958 0.000000 -1.257354
vn 2.206958 0.000000 -1.257354
vn 0.699925 0.000000 -2.441660
vn -1.148464 0.000000 -2.265531
vn -1.168069 0.000000 -2.255486
vn -1.077199 0.000000 -2.300270
vn -0.711833 1.485343 -1.933559
vn -0.071096 2.399693 -0.829467
vn 0.592790 2.397489 0.593504
vn 1.033459 1.476345 1.789963
vn 1.960091 1.293746 0.967401
vn 2.363845 0.919732 0.133903
vn 2.206958 0.000000 -1.257354
vn 1.318428 0.000058 -2.171024
vn 0.074489 0.003243 -2.538905
vn -1.168069 0.000000 -2.255486
vn -1.148280 -0.000207 -2.265624
vn -1.121020 -0.000014 -2.279235
vn 1.649852 1.913804 0.258734
vn 1.312778 2.055976 -0.707937
vn 0.848975 1.918845 -1.431390
vn 0.108830 1.419580 -2.103461
vn -0.588954 0.702727 -2.368735
vn 2.059449 1.448322 -0.335610
vn 1.673270 1.467445 -1.224079
vn 1.158667 1.331615 -1.826442
vn 0.327014 0.968196 -2.325351
vn -0.496219 0.469716 -2.446371
vn 2.139660 0.646125 -1.206639
vn 1.626097 0.593993 -1.858650
vn 1.079205 0.514393 -2.241053
vn 0.262061 0.364027 -2.500082
vn -0.545291 0.171373 -2.474851
vn 2.045322 0.000049 -1.506074
vn 2.312051 1.048624 0.080041
vn 1.867129 1.393609 1.011575
vn 1.033459 1.476345 1.789963
vn 1.033459 1.476345 1.789963
vn 1.033459 1.476345 1.789963
vn 1.033459 1.476345 1.789963
vn 1.033459 1.476345 1.789963
vn 1.033459 1.476345 1.789963
vn 1.033459 1.476345 1.789963
vn 1.033459 1.476345 1.789963
vn 1.033459 1.476345 1.789963
vn 0.594715 2.397235 0.592602
vn -0.071096 2.399693 -0.829467
vn -0.709415 1.485024 -1.934692
vn -1.077199 0.000000 -2.300270
vn -0.668192 0.000000 -2.450535
vn -0.239762 0.000040 -2.528659
vn 0.196427 -0.000828 -2.532393
vn 0.625052 -0.000366 -2.461891
vn 1.037967 -0.000767 -2.318237
vn 1.417646 -0.000657 -2.107576
vn 1.757724 0.000250 -1.833578
vn 1.641627 1.498085 1.229798
vn 2.061070 1.370163 0.571179
vn 2.253474 1.171943 0.002518
vn 2.293889 0.805662 -0.735243
vn 2.105252 0.373476 -1.371141
vn 1.640969 1.557077 1.155133
vn 2.035524 1.459646 0.421515
vn 2.192881 1.265117 -0.205797
vn 2.164945 0.879242 -0.995765
vn 1.896106 0.411677 -1.639178
vn 1.615322 1.653738 1.052372
vn 1.954835 1.606762 0.220306
vn 2.050705 1.419368 -0.481251
vn 1.920802 1.001566 -1.326267
vn 1.549176 0.475233 -1.955967
vn 1.546947 1.774679 0.953451
vn 1.799308 1.792513 0.031459
vn 1.815923 1.616519 -0.735454
vn 1.579387 1.159711 -1.616232
vn 1.125173 0.558873 -2.207543
vn 1.439715 1.898177 0.880763
vn 1.584050 1.982802 -0.104310
vn 1.517086 1.819850 -0.915531
vn 1.192618 1.323499 -1.810417
vn 0.697486 0.645581 -2.355491
vn 1.269860 2.034340 0.836968
vn 1.266481 2.193876 -0.185834
vn 1.100483 2.047271 -1.024312
vn 0.700358 1.508230 -1.919985
vn 0.207317 0.744650 -2.419528
vn 1.029881 2.161674 0.847414
vn 0.837469 2.391868 -0.170922
vn 0.559473 2.261564 -1.011889
vn 0.103654 1.682722 -1.899817
vn -0.336796 0.838225 -2.373931
vn 2.199704 0.000000 -1.270000
vn 2.199704 0.000000 -1.270000
vn 2.199704 0.000000 -1.270000
vn 2.199704 0.000000 -1.270000
vn 0.000000 2.540000 0.000000
vn 0.000000 2.540000 0.000000
vn 0.000000 2.540000 0.000000
vn 0.000000 2.540000 0.000000
vn 0.000000 2.540000 0.000000
vn 0.000000 2.540000 0.000000
vn 0.000000 2.540000 0.000000
vn 0.000000 2.540000 0.000000
vn 0.000000 2.540000 0.000000
vn 0.000000 2.540000 0.000000
vn 0.000000 2.540000 0.000000
vn 0.000000 2.540000 0.000000
vn 0.000000 2.540000 0.000000
vn 0.000000 2.540000 0.000000
vn 0.000000 2.540000 0.000000
vn 2.199704 0.000000 -1.270000
vn 2.480912 0.000000 0.544679
vn 1.715110 0.000000 1.873498
vn 1.706582 0.000000 1.881271
vn 1.706582 0.000000 1.881271
vn 2.357393 0.000000 0.945674
vn 2.533592 0.000000 -0.180314
vn 2.199704 0.000000 -1.270000
vn -1.508508 0.000000 2.043527
vn -1.508508 0.000000 2.043527
vn -1.571013 0.000000 1.995875
vn -1.632013 0.000000 1.946313
vn -1.691450 0.000000 1.894887
vn -1.691450 0.000000 1.894887
vn -2.050072 0.000000 1.499601
vn -2.318176 0.000000 1.038103
vn -2.483925 0.000000 0.530769
vn -2.540000 0.000000 0.000000
vn -2.540000 0.000000 0.000000
vn -2.495728 0.000000 0.472165
vn -2.364457 0.000000 0.927871
vn -2.150761 0.000000 1.351232
vn -1.862090 0.000000 1.727489
vn 0.000000 2.540000 0.000000
vn 0.000000 2.540000 0.000000
vn 0.000000 2.540000 0.000000
vn 0.000000 2.540000 0.000000
vn 0.000000 2.540000 0.000000
vn 0.000000 2.540000 0.000000
vn 0.000000 2.540000 0.000000
vn 0.000000 2.540000 0.000000
vn 0.000000 2.540000 0.000000
vn 0.000000 2.540000 0.000000
vn 0.000000 2.540000 0.000000
vn 0.000000 2.540000 0.000000
vn 0.000000 2.540000 0.000000
vn 0.000000 2.540000 0.000000
vn 0.000000 2.540000 0.000000
vn 0.000000 2.540000 0.000000
vn 0.000000 2.540000 0.000000
vn 0.000000 2.540000 0.000000
vn 0.000000 2.540000 0.000000
vn 0.000000 2.540000 0.000000
vn 0.000000 2.540000 0.000000
vn 0.000000 2.540000 0.000000
vn 0.000000 2.540000 0.000000
vn 0.000000 2.540000 0.000000
vn 0.000000 2.540000 0.000000
vn 0.000000 2.540000 0.000000
vn 0.000000 2.540000 0.000000
vn 0.000000 2.540000 0.000000
vn 0.000000 2.540000 0.000000
vn 0.000000 2.540000 0.000000
vn -1.015481 0.000000 -2.328175
vn -1.015481 0.000000 -2.328175
vn -0.942961 0.000000 -2.358479
vn -0.869539 0.000000 -2.386525
vn -0.795283 0.000000 -2.412286
vn -0.795283 0.000000 -2.412286
vn -0.273648 0.000000 -2.525216
vn 0.260071 0.000000 -2.526651
vn 0.782306 0.000000 -2.416526
vn 1.270000 0.000000 -2.199704
vn 1.270000 0.000000 -2.199704
vn 0.838959 0.000000 -2.397446
vn 0.378673 0.000000 -2.511614
vn -0.094813 0.000000 -2.538230
vn -0.564995 0.000000 -2.476364
vn 0.000000 2.540000 0.000000
vn 0.000000 2.540000 0.000000
vn 0.000000 2.540000 0.000000
vn 0.000000 2.540000 0.000000
vn 0.000000 2.540000 0.000000
vn 0.000000 2.540000 0.000000
vn 0.000000 2.540000 0.000000
vn 0.000000 2.540000 0.000000
vn 0.000000 2.540000 0.000000
vn 0.000000 2.540000 0.000000
vn 0.000000 2.540000 0.000000
vn 0.000000 2.540000 0.000000
vn 0.000000 2.540000 0.000000
vn 0.000000 2.540000 0.000000
vn 1.033459 1.476345 1.789963
vn -0.148053 1.295495 2.179764
vn -1.079556 0.918302 2.107814
vn -2.199692 0.000000 1.270021
vn -2.199692 0.000000 1.270021
vn -1.968711 0.274980 1.581191
vn -0.607189 1.137005 2.188639
vn 0.226550 1.388922 2.114515
vn 1.033459 1.476345 1.789963
vn 1.033459 1.476345 1.789963
vn 1.033459 1.476345 1.789963
vn 1.033459 1.476345 1.789963
vn 1.033459 1.476345 1.789963
vn 1.033459 1.476345 1.789963
vn 1.033459 1.476345 1.789963
vn 1.033459 1.476345 1.789963
vn 1.033459 1.476345 1.789963
vn 1.033459 1.476345 1.789963
vn 1.033459 1.476345 1.789963
vn 1.033459 1.476345 1.789963
vn 1.033459 1.476345 1.789963
vn 1.033459 1.476345 1.789963
vn 1.033459 1.476345 1.789963
vn 1.033459 1.476345 1.789963
vn 1.033459 1.476345 1.789963
vn 1.033459 1.476345 1.789963
vn 1.033459 1.476345 1.789963
vn 1.033459 1.476345 1.789963
vn 1.033459 1.476345 1.789963
vn -2.066883 1.476345 0.000000
vn -1.813693 1.295495 -1.218118
vn -1.285622 0.918301 -1.988844
vn 0.000000 0.000000 -2.540000
vn 0.000000 0.000000 -2.540000
vn -0.384972 0.274980 -2.495553
vn -1.591807 1.137005 -1.620176
vn -1.944490 1.388922 -0.861078
vn -2.066883 1.476345 0.000000
vn 0.000000 0.000000 -2.540000
vn 0.000000 0.000000 -2.540000
vn 0.000000 0.000000 -2.540000
vn 0.000000 0.000000 -2.540000
vn 0.000000 0.000000 -2.540000
vn 1.033441 1.476345 -1.789973
vn 1.961767 1.295495 -0.961645
vn 2.365200 0.918302 -0.118961
vn 2.199704 0.000000 1.270000
vn 2.199704 0.000000 1.270000
vn 2.353698 0.274980 0.914381
vn 2.199017 1.137005 -0.568457
vn 1.717960 1.388922 -1.253439
vn 1.033441 1.476345 -1.789973
vn 2.206958 0.000000 -1.257354
vn 2.365344 0.916547 0.129189
vn 1.960335 1.293480 0.967262
vn 1.033459 1.476345 1.789963
vn 1.033459 1.476345 1.789963
vn 1.441078 1.446951 1.510373
vn 2.015853 1.264271 0.888570
vn 2.356166 0.934546 0.163418
vn 2.206958 0.000000 -1.257354
vn 2.397580 0.838443 -0.015022
vn 2.123646 1.195362 0.716127
vn 1.462977 1.443570 1.492449
vn 2.295743 1.028938 0.349931
vn 2.356062 0.268100 -0.910327
vn 2.206958 0.000000 -1.257354
vn 1.270021 0.000000 2.199692
vn 1.270021 0.000000 2.199692
vn 1.270021 0.000000 2.199692
vn 1.270021 0.000000 2.199692
vn 1.270021 0.000000 2.199692
vn 1.270021 0.000000 2.199692
vn 1.270021 0.000000 2.199692
vn 1.270021 0.000000 2.199692
vn 1.270021 0.000000 2.199692
vn -2.540000 0.000000 0.000000
vn -2.540000 0.000000 0.000000
vn -2.540000 0.000000 0.000000
vn -2.540000 0.000000 0.000000
vn -2.540000 0.000000 0.000000
vn -2.540000 0.000000 0.000000
vn -2.199692 0.000000 1.270021
vn -2.199692 0.000000 1.270021
vn -2.199692 0.000000 1.270021
vn -2.199692 0.000000 1.270021
vn -2.199692 0.000000 1.270021
vn 2.199704 0.000000 1.270000
vn 2.199704 0.000000 1.270000
vn 2.199704 0.000000 1.270000
vn 2.199704 0.000000 1.270000
vn 2.199704 0.000000 1.270000
vn 2.206958 0.000000 -1.257354
vn 2.206958 0.000000 -1.257354
vn 2.206958 0.000000 -1.257354
vn 2.206958 0.000000 -1.257354
vn 2.206958 0.000000 -1.257354
vn 0.000000 2.540000 0.000000
vn 0.000000 2.540000 0.000000
vn 0.000000 2.540000 0.000000
vn 0.000000 2.540000 0.000000
vn 0.000000 2.540000 0.000000
vn 0.000000 2.540000 0.000000
vn 0.000000 2.540000 0.000000
vn 0.000000 2.540000 0.000000
vn 0.000000 2.540000 0.000000
vn 0.000000 2.540000 0.000000
vn 0.000000 2.540000 0.000000
vn 0.000000 2.540000 0.000000
vn 0.000000 2.540000 0.000000
vn 0.000000 2.540000 0.000000
vn 0.000000 2.540000 0.000000
vn 1.270000 0.000000 -2.199704
vn 1.270000 0.000000 -2.199704
vn 1.270000 0.000000 -2.199704
vn 1.270000 0.000000 -2.199704
vn 1.270000 0.000000 -2.199704
vn 1.270000 0.000000 -2.199704
vn 0.000000 2.540000 0.000000
vn 0.000000 2.540000 0.000000
vn 0.000000 2.540000 0.000000
vn 0.000000 2.540000 0.000000
vn 0.000000 2.540000 0.000000
vn 0.000000 2.540000 0.000000
vn 0.000000 2.540000 0.000000
vn 0.000000 2.540000 0.000000
vn 0.000000 2.540000 0.000000
vn 0.000000 2.540000 0.000000
vn 0.000000 2.540000 0.000000
vn 0.000000 2.540000 0.000000
vn 0.000000 2.540000 0.000000
vn 0.000000 2.540000 0.000000
vn 0.000000 2.540000 0.000000
vn 0.000000 2.540000 0.000000
vn 0.000000 2.540000 0.000000
vn 0.000000 2.540000 0.000000
vn 0.000000 2.540000 0.000000
vn 0.000000 2.540000 0.000000
vn 0.000000 2.540000 0.000000
vn 0.000000 2.540000 0.000000
vn 0.000000 2.540000 0.000000
vn 0.000000 2.540000 0.000000
vn 0.000000 2.540000 0.000000
vn 0.000000 2.540000 0.000000
vn 0.000000 2.540000 0.000000
vn 0.000000 2.540000 0.000000
vn 0.000000 2.540000 0.000000
vn 0.000000 2.540000 0.000000
vn 0.000000 2.540000 0.000000
vn 0.000000 2.540000 0.000000
vn 0.000000 2.540000 0.000000
vn 0.000000 2.540000 0.000000
vn 0.000000 2.540000 0.000000
vn 0.000000 2.540000 0.000000
vn 0.000000 2.540000 0.000000
vn 0.000000 2.540000 0.000000
vn 0.000000 2.540000 0.000000
vn 0.000000 2.540000 0.000000
vn 0.000000 2.540000 0.000000
vn 0.000000 2.540000 0.000000
vn 0.000000 2.540000 0.000000
vn 0.000000 2.540000 0.000000
vn 0.000000 2.540000 0.000000
vn 0.000000 2.540000 0.000000
vn 0.000000 2.540000 0.000000
vn 0.000000 2.540000 0.000000
vn 0.000000 2.540000 0.000000
vn 0.000000 2.540000 0.000000
vn 0.000000 2.540000 0.000000
vn 0.000000 2.540000 0.000000
vn 0.000000 2.540000 0.000000
vn 0.000000 2.540000 0.000000
vn 0.000000 2.540000 0.000000
vn 0.000000 2.540000 0.000000
vn 0.000000 2.540000 0.000000
vn 0.000000 2.540000 0.000000
vn 0.000000 2.540000 0.000000
vn 0.000000 2.540000 0.000000
vn 0.000000 2.540000 0.000000
vn 0.000000 2.540000 0.000000
vn 0.000000 2.540000 0.000000
vn 0.000000 2.540000 0.000000
vn 0.000000 2.540000 0.000000
vn 0.000000 2.540000 0.000000
vn 0.000000 2.540000 0.000000
vn 0.000000 2.540000 0.000000
vn 0.000000 2.540000 0.000000
vn 0.000000 2.540000 0.000000
vn 0.000000 2.540000 0.000000
vn 0.000000 2.540000 0.000000
vn 0.000000 2.540000 0.000000
vn 0.000000 2.540000 0.000000
vn 0.000000 2.540000 0.000000
vn 0.000000 2.540000 0.000000
vn 0.000000 2.540000 0.000000
vn 0.000000 2.540000 0.000000
vn 0.000000 2.540000 0.000000
vn 0.000000 2.540000 0.000000
vn 0.000000 2.540000 0.000000
vn 0.000000 2.540000 0.000000
vn 0.000000 2.540000 0.000000
vn 0.000000 2.540000 0.000000
vn 0.000000 2.540000 0.000000
vn 0.000000 2.540000 0.000000
vn 0.000000 2.540000 0.000000
vn 0.000000 2.540000 0.000000
vn 0.000000 2.540000 0.000000
vn 0.000000 2.540000 0.000000
vn 0.000000 2.540000 0.000000
vn 0.000000 2.540000 0.000000
vn 0.000000 2.540000 0.000000
vn 0.000000 2.540000 0.000000
vn 0.000000 2.540000 0.000000
vn 0.000000 2.540000 0.000000
vn 0.000000 2.540000 0.000000
vn 0.000000 2.540000 0.000000
vn 0.000000 2.540000 0.000000
vn 0.000000 2.540000 0.000000
vn 0.000000 2.540000 0.000000
vn 0.000000 2.540000 0.000000
vn 0.000000 2.540000 0.000000
vn 0.000000 2.540000 0.000000
vn 0.000000 2.540000 0.000000
vn 0.000000 2.540000 0.000000
vn 0.000000 2.540000 0.000000
vn 0.000000 2.540000 0.000000
vn 0.000000 2.540000 0.000000
vn 0.000000 2.540000 0.000000
vn 0.000000 2.540000 0.000000
vn 0.000000 2.540000 0.000000
vn 0.000000 2.540000 0.000000
vn 0.000000 2.540000 0.000000
vn 0.000000 2.540000 0.000000
vn 0.000000 2.540000 0.000000
vn 0.000000 2.540000 0.000000
vn 0.000000 2.540000 0.000000
vn 0.000000 2.540000 0.000000
vn 0.000000 2.540000 0.000000
vn 0.000000 2.540000 0.000000
vn 0.000000 2.540000 0.000000
vn 0.000000 2.540000 0.000000
vn 0.000000 2.540000 0.000000
vn 0.000000 2.540000 0.000000
vn 0.000000 2.540000 0.000000
vn 0.000000 2.540000 0.000000
vn 0.000000 2.540000 0.000000
vn 0.000000 2.540000 0.000000
vn 0.000000 2.540000 0.000000
vn 0.000000 2.540000 0.000000
vn 0.000000 2.540000 0.000000
vn 0.000000 2.540000 0.000000
vn 0.000000 2.540000 0.000000
vn 0.000000 2.540000 0.000000
vn 0.000000 2.540000 0.000000
vn 0.000000 2.540000 0.000000
vn 0.000000 2.540000 0.000000
vn 0.000000 2.540000 0.000000
vn 0.000000 2.540000 0.000000
vn 0.000000 2.540000 0.000000
vn 0.000000 2.540000 0.000000
vn 0.000000 2.540000 0.000000
vn 0.000000 2.540000 0.000000
vn 0.000000 2.540000 0.000000
vn 0.000000 2.540000 0.000000
vn 0.000000 2.540000 0.000000
vn 0.000000 2.540000 0.000000
vn 0.000000 2.540000 0.000000
vn 0.000000 2.540000 0.000000
vn 0.000000 2.540000 0.000000
vn 0.000000 2.540000 0.000000
vn 0.000000 2.540000 0.000000
vn 0.000000 2.540000 0.000000
vn 0.000000 2.540000 0.000000
vn 0.000000 2.540000 0.000000
vn 0.000000 2.540000 0.000000
vn 0.000000 2.540000 0.000000
vn 0.000000 2.540000 0.000000
vn 0.000000 2.540000 0.000000
vn 0.000000 2.540000 0.000000
vn 0.000000 2.540000 0.000000
vn 0.000000 2.540000 0.000000
vn 0.000000 2.540000 0.000000
vn 0.000000 2.540000 0.000000
vn 0.000000 2.540000 0.000000
vn 0.000000 2.540000 0.000000
vn 0.000000 2.540000 0.000000
vn 0.000000 2.540000 0.000000
vn 0.000000 2.540000 0.000000
vn 0.000000 2.540000 0.000000
vn 0.000000 2.540000 0.000000
vn 0.000000 2.540000 0.000000
vn 0.000000 2.540000 0.000000
vn 0.000000 2.540000 0.000000
vn 0.000000 2.540000 0.000000
vn 0.000000 2.540000 0.000000
vn 0.000000 2.540000 0.000000
vn 0.000000 2.540000 0.000000
vn 0.000000 2.540000 0.000000
vn 0.000000 2.540000 0.000000
vn 0.000000 2.540000 0.000000
vn 0.000000 2.540000 0.000000
vn 0.000000 2.540000 0.000000
vn 0.000000 2.540000 0.000000
vn 0.000000 2.540000 0.000000
vn 0.000000 2.540000 0.000000
vn 0.000000 2.540000 0.000000
vn 0.000000 2.540000 0.000000
vn 0.000000 2.540000 0.000000
vn 0.000000 2.540000 0.000000
vn 0.000000 2.540000 0.000000
vn 0.000000 2.540000 0.000000
vn 0.000000 2.540000 0.000000
vn 0.000000 2.540000 0.000000
vn 0.000000 2.540000 0.000000
vn 0.000000 2.540000 0.000000
vn 0.000000 2.540000 0.000000
vn 0.000000 2.540000 0.000000
vn 0.000000 2.540000 0.000000
vn 0.000000 2.540000 0.000000
vn 0.000000 2.540000 0.000000
vn 0.000000 2.540000 0.000000
vn 0.000000 2.540000 0.000000
vn 0.000000 2.540000 0.000000
vn 0.000000 2.540000 0.000000
vn 1.270021 0.000000 2.199692
vn 1.270021 0.000000 2.199692
vn 1.270021 0.000000 2.199692
vn 1.270021 0.000000 2.199692
vn -2.540000 0.000000 0.000000
vn -2.501411 0.000000 0.441068
vn -2.386818 0.000000 0.868735
vn -2.199701 0.000000 1.270005
vn -1.945748 0.000000 1.632687
vn -1.632673 0.000000 1.945759
vn -1.269989 0.000000 2.199711
vn -0.868718 0.000000 2.386824
vn -0.441050 0.000000 2.501415
vn 0.000018 0.000000 2.540000
vn 0.441086 0.000000 2.501408
vn 0.868752 0.000000 2.386812
vn 1.270021 0.000000 2.199692
vn 1.270021 0.000000 2.199692
vn 0.868752 0.000000 2.386812
vn 0.441086 0.000000 2.501408
vn 0.000018 0.000000 2.540000
vn -0.441050 0.000000 2.501415
vn -0.868718 0.000000 2.386824
vn -1.269989 0.000000 2.199711
vn -1.632673 0.000000 1.945759
vn -1.945748 0.000000 1.632687
vn -2.199701 0.000000 1.270005
vn -2.386818 0.000000 0.868735
vn -2.501411 0.000000 0.441068
vn -2.540000 0.000000 0.000000
vn -2.540000 0.000000 0.000000
vn -2.540000 0.000000 0.000000
vn -2.540000 0.000000 0.000000
vn -2.540000 0.000000 0.000000
vn 1.270000 0.000000 -2.199704
vn 0.868731 0.000000 -2.386819
vn 0.441066 0.000000 -2.501412
vn 0.000000 0.000000 -2.540000
vn -0.441066 0.000000 -2.501412
vn -0.868731 0.000000 -2.386819
vn -1.270000 0.000000 -2.199704
vn -1.632681 0.000000 -1.945753
vn -1.945753 0.000000 -1.632681
vn -2.199704 0.000000 -1.270000
vn -2.386819 0.000000 -0.868731
vn -2.501412 0.000000 -0.441066
vn -2.540000 0.000000 0.000000
vn -2.540000 0.000000 0.000000
vn -2.501412 0.000000 -0.441066
vn -2.386819 0.000000 -0.868731
vn -2.199704 0.000000 -1.270000
vn -1.945753 0.000000 -1.632681
vn -1.632681 0.000000 -1.945753
vn -1.270000 0.000000 -2.199704
vn -0.868731 0.000000 -2.386819
vn -0.441066 0.000000 -2.501412
vn 0.000000 0.000000 -2.540000
vn 0.441066 0.000000 -2.501412
vn 0.868731 0.000000 -2.386819
vn 1.270000 0.000000 -2.199704
vn 1.270000 0.000000 -2.199704
vn 1.270000 0.000000 -2.199704
vn 1.270000 0.000000 -2.199704
vn 1.270000 0.000000 -2.199704
vn 1.259740 0.000000 2.205596
vn 1.624358 0.000000 1.952706
vn 1.939401 0.000000 1.640221
vn 2.195255 0.000000 1.277677
vn 2.384110 0.000000 0.876139
vn 2.500204 0.000000 0.447861
vn 2.539993 0.000000 0.005916
vn 2.502263 0.000000 -0.436211
vn 2.388165 0.000000 -0.865024
vn 2.201182 0.000000 -1.267438
vn 1.947020 0.000000 -1.631170
vn 1.633436 0.000000 -1.945119
vn 1.270000 0.000000 -2.199704
vn 1.270000 0.000000 -2.199704
vn 1.633436 0.000000 -1.945119
vn 1.947020 0.000000 -1.631170
vn 2.201182 0.000000 -1.267438
vn 2.388165 0.000000 -0.865024
vn 2.502263 0.000000 -0.436211
vn 2.539993 0.000000 0.005916
vn 2.500204 0.000000 0.447861
vn 2.384110 0.000000 0.876139
vn 2.195255 0.000000 1.277677
vn 1.939401 0.000000 1.640221
vn 1.624358 0.000000 1.952706
vn 1.259740 0.000000 2.205596
vn 0.000000 -2.540000 0.000000
vn 0.000000 -2.540000 0.000000
vn 0.000000 -2.540000 0.000000
vn 0.000000 -2.540000 0.000000
vn 0.000000 -2.540000 0.000000
vn 0.000000 -2.540000 0.000000
vn 0.000000 -2.540000 0.000000
vn 0.000000 -2.540000 0.000000
vn 0.000000 -2.540000 0.000000
vn 0.000000 -2.540000 0.000000
vn 0.000000 -2.540000 0.000000
vn 0.000000 -2.540000 0.000000
vn 0.000000 -2.540000 0.000000
vn 0.000000 -2.540000 0.000000
vn 0.000000 -2.540000 0.000000
vn 0.000000 -2.540000 0.000000
vn 0.000000 -2.540000 0.000000
vn 0.000000 -2.540000 0.000000
vn 0.000000 -2.540000 0.000000
vn 0.000000 -2.540000 0.000000
vn 0.000000 -2.540000 0.000000
vn 0.000000 -2.540000 0.000000
vn 0.000000 -2.540000 0.000000
vn 0.000000 -2.540000 0.000000
vn 0.000000 -2.540000 0.000000
vn 0.000000 -2.540000 0.000000
vn 0.000000 -2.540000 0.000000
vn 0.000000 -2.540000 0.000000
vn 0.000000 -2.540000 0.000000
vn 0.000000 -2.540000 0.000000
vn 0.000000 -2.540000 0.000000
vn 0.000000 -2.540000 0.000000
vn 0.000000 -2.540000 0.000000
vn 0.000000 -2.540000 0.000000
vn 0.000000 -2.540000 0.000000
vn 0.000000 -2.540000 0.000000
vn 0.000000 -2.540000 0.000000
vn 0.000000 -2.540000 0.000000
vn 0.000000 -2.540000 0.000000
vn 0.000000 -2.540000 0.000000
vn 0.000000 -2.540000 0.000000
vn 0.000000 -2.540000 0.000000
vn 0.000000 -2.540000 0.000000
vn 0.000000 -2.540000 0.000000
vn 0.000000 -2.540000 0.000000
vn 0.000000 -2.540000 0.000000
vn 0.000000 -2.540000 0.000000
vn 0.000000 -2.540000 0.000000
vn 0.000000 -2.540000 0.000000
vn 0.000000 -2.540000 0.000000
vn 0.000000 -2.540000 0.000000
vn 0.000000 -2.540000 0.000000
vn 0.000000 -2.540000 0.000000
vn 0.000000 -2.540000 0.000000
vn 0.000000 -2.540000 0.000000
vn 0.000000 -2.540000 0.000000
vn 0.000000 -2.540000 0.000000
vn 0.000000 -2.540000 0.000000
vn 0.000000 -2.540000 0.000000
vn 0.000000 -2.540000 0.000000
vn 0.000000 -2.540000 0.000000
vn 0.000000 -2.540000 0.000000
vn 0.000000 -2.540000 0.000000
vn 0.000000 -2.540000 0.000000
vn 0.000000 -2.540000 0.000000
vn 0.000000 -2.540000 0.000000
vn 0.000000 -2.540000 0.000000
vn 0.000000 -2.540000 0.000000
vn 0.000000 -2.540000 0.000000
vn 0.000000 -2.540000 0.000000
vn 0.000000 -2.540000 0.000000
vn 0.000000 -2.540000 0.000000
vn 0.000000 -2.540000 0.000000
vn 0.000000 0.000000 2.540000
vn 0.000000 0.000000 2.540000
vn 0.000000 0.000000 2.540000
vn 0.000000 0.000000 2.540000
vn -2.540000 0.000000 0.000000
vn -2.540000 0.000000 0.000000
vn -2.540000 0.000000 0.000000
vn -2.540000 0.000000 0.000000
vn 0.000000 0.000000 -2.540000
vn 0.000000 0.000000 -2.540000
vn 0.000000 0.000000 -2.540000
vn 0.000000 0.000000 -2.540000
vn 2.540000 0.000000 0.000000
vn 2.540000 0.000000 0.000000
vn 2.540000 0.000000 0.000000
vn 2.540000 0.000000 0.000000
vn 0.000000 0.000000 -2.540000
vn 0.000000 0.000000 -2.540000
vn 0.000000 0.000000 -2.540000
vn 0.000000 0.000000 -2.540000
vn -2.540000 0.000000 0.000000
vn -2.540000 0.000000 0.000000
vn -2.540000 0.000000 0.000000
vn -2.540000 0.000000 0.000000
vn 0.000000 0.000000 2.540000
vn 0.000000 0.000000 2.540000
vn 0.000000 0.000000 2.540000
vn 0.000000 0.000000 2.540000
vn 2.540000 0.000000 0.000000
vn 2.540000 0.000000 0.000000
vn 2.540000 0.000000 0.000000
vn 2.540000 0.000000 0.000000
vn 0.000000 -2.540000 0.000000
vn 0.000000 -2.540000 0.000000
vn 0.000000 -2.540000 0.000000
vn 0.000000 -2.540000 0.000000
vn 0.000000 -2.540000 0.000000
vn 0.000000 -2.540000 0.000000
vn 0.000000 -2.540000 0.000000
vn 0.000000 -2.540000 0.000000
vn 0.000000 -2.540000 0.000000
vn 0.000000 -2.540000 0.000000
vn 0.000000 -2.540000 0.000000
vn 0.000000 -2.540000 0.000000
vn 0.000000 -2.540000 0.000000
vn 0.000000 -2.540000 0.000000
vn 0.000000 -2.540000 0.000000
vn 0.000000 -2.540000 0.000000
vn 0.000000 -2.540000 0.000000
vn 0.000000 -2.540000 0.000000
vn 0.000000 -2.540000 0.000000
vn 0.000000 -2.540000 0.000000
vn 0.000000 -2.540000 0.000000
vn 0.000000 -2.540000 0.000000
vn 0.000000 -2.540000 0.000000
vn 0.000000 -2.540000 0.000000
vn 0.000000 -2.540000 0.000000
vn 0.000000 -2.540000 0.000000
vn 0.000000 -2.540000 0.000000
vn 0.000000 -2.540000 0.000000
vn 0.000000 -2.540000 0.000000
vn 0.000000 -2.540000 0.000000
vn 0.000000 -2.540000 0.000000
vn 0.000000 -2.540000 0.000000
vn 0.000000 -2.540000 0.000000
vn 0.000000 -2.540000 0.000000
vn 2.540000 0.000000 0.000000
vn 2.540000 0.000000 0.000000
vn 2.540000 0.000000 0.000000
vn 2.540000 0.000000 0.000000
vn 0.000000 0.000000 2.540000
vn 0.000000 0.000000 2.540000
vn 0.000000 0.000000 2.540000
vn 0.000000 0.000000 2.540000
vn 0.000000 0.000000 2.540000
vn 0.000000 0.000000 2.540000
vn 0.000000 0.000000 2.540000
vn 0.000000 0.000000 2.540000
vn -2.540000 0.000000 0.000000
vn -2.540000 0.000000 0.000000
vn -2.540000 0.000000 0.000000
vn -2.540000 0.000000 0.000000
vn -2.540000 0.000000 0.000000
vn -2.540000 0.000000 0.000000
vn -2.540000 0.000000 0.000000
vn -2.540000 0.000000 0.000000
vn 0.000000 0.000000 -2.540000
vn 0.000000 0.000000 -2.540000
vn 0.000000 0.000000 -2.540000
vn 0.000000 0.000000 -2.540000
vn 0.000000 0.000000 -2.540000
vn 0.000000 0.000000 -2.540000
vn 0.000000 0.000000 -2.540000
vn 0.000000 0.000000 -2.540000
vn 2.540000 0.000000 0.000000
vn 2.540000 0.000000 0.000000
vn 2.540000 0.000000 0.000000
vn 2.540000 0.000000 0.000000
vn 2.540000 0.000000 0.000000
vn 2.540000 0.000000 0.000000
vn 2.540000 0.000000 0.000000
vn 2.540000 0.000000 0.000000
vn 0.000000 0.000000 -2.540000
vn 0.000000 0.000000 -2.540000
vn 0.000000 0.000000 -2.540000
vn 0.000000 0.000000 -2.540000
vn 0.000000 0.000000 -2.540000
vn 0.000000 0.000000 -2.540000
vn 0.000000 0.000000 -2.540000
vn 0.000000 0.000000 -2.540000
vn 1.796051 0.000000 -1.796051
vn 1.796051 0.000000 -1.796051
vn 1.796051 0.000000 -1.796051
vn 1.796051 0.000000 -1.796051
vn -2.540000 0.000000 0.000000
vn -2.540000 0.000000 0.000000
vn -2.540000 0.000000 0.000000
vn -2.540000 0.000000 0.000000
vn 2.540000 0.000000 0.000000
vn 2.540000 0.000000 0.000000
vn 2.540000 0.000000 0.000000
vn 2.540000 0.000000 0.000000
vn 0.000000 0.000000 2.540000
vn 0.000000 0.000000 2.540000
vn 0.000000 0.000000 2.540000
vn 0.000000 0.000000 2.540000
vn 0.000000 0.000000 -2.540000
vn 0.000000 0.000000 -2.540000
vn 0.000000 0.000000 -2.540000
vn 0.000000 0.000000 -2.540000
vn 2.540000 0.000000 0.000000
vn 2.540000 0.000000 0.000000
vn 2.540000 0.000000 0.000000
vn 2.540000 0.000000 0.000000
vn -2.540000 0.000000 0.000000
vn -2.540000 0.000000 0.000000
vn -2.540000 0.000000 0.000000
vn -2.540000 0.000000 0.000000
vn 0.000000 0.000000 2.540000
vn 0.000000 0.000000 2.540000
vn 0.000000 0.000000 2.540000
vn 0.000000 0.000000 2.540000
vn 0.000000 0.000000 -2.540000
vn 0.000000 0.000000 -2.540000
vn 0.000000 0.000000 -2.540000
vn 0.000000 0.000000 -2.540000
vn 1.796051 0.000000 1.796051
vn 1.796051 0.000000 1.796051
vn 1.796051 0.000000 1.796051
vn 1.796051 0.000000 1.796051
vn 2.540000 0.000000 0.000000
vn 2.540000 0.000000 0.000000
vn 2.540000 0.000000 0.000000
vn 2.540000 0.000000 0.000000
vn 2.540000 0.000000 0.000000
vn 2.540000 0.000000 0.000000
vn 2.540000 0.000000 0.000000
vn 2.540000 0.000000 0.000000
vn 0.000000 0.000000 2.540000
vn 0.000000 0.000000 2.540000
vn 0.000000 0.000000 2.540000
vn 0.000000 0.000000 2.540000
vn 0.000000 0.000000 2.540000
vn 0.000000 0.000000 2.540000
vn 0.000000 0.000000 2.540000
vn 0.000000 0.000000 2.540000
vn -2.540000 0.000000 0.000000
vn -2.540000 0.000000 0.000000
vn -2.540000 0.000000 0.000000
vn -2.540000 0.000000 0.000000
usemtl 191,191,191
f 261/2/2 186/3/3 269/1/1
f 269/1/1 186/3/3 207/22/22
f 269/1/1 207/22/22 286/20/20
f 286/20/20 207/22/22 299/19/19
f 299/19/19 207/22/22 223/23/23
f 299/19/19 223/23/23 279/18/18
f 279/18/18 223/23/23 277/17/17
f 277/17/17 223/23/23 198/16/16
f 198/16/16 223/23/23 183/25/25
f 198/16/16 183/25/25 163/15/15
f 163/15/15 183/25/25 152/27/27
f 163/15/15 152/27/27 140/14/14
f 140/14/14 152/27/27 105/28/28
f 140/14/14 105/28/28 117/13/13
f 117/13/13 105/28/28 119/12/12
f 119/12/12 105/28/28 94/11/11
f 94/11/11 105/28/28 69/10/10
f 69/10/10 105/28/28 64/21/21
f 69/10/10 64/21/21 57/9/9
f 57/9/9 64/21/21 49/8/8
f 49/8/8 64/21/21 43/7/7
f 43/7/7 64/21/21 47/5/5
f 43/7/7 47/5/5 39/6/6
f 207/22/22 186/3/3 171/24/24
f 171/24/24 186/3/3 99/4/4
f 171/24/24 99/4/4 112/26/26
f 112/26/26 99/4/4 47/5/5
f 112/26/26 47/5/5 64/21/21
f 183/25/25 223/23/23 207/22/22
f 152/27/27 183/25/25 171/24/24
f 171/24/24 183/25/25 207/22/22
f 105/28/28 152/27/27 112/26/26
f 112/26/26 152/27/27 171/24/24
f 64/21/21 105/28/28 112/26/26
f 47/30/30 33/39/39 39/29/29
f 39/29/29 33/39/39 23/40/40
f 39/29/29 23/40/40 31/43/43
f 31/43/43 23/40/40 27/42/42
f 27/42/42 23/40/40 24/41/41
f 33/39/39 47/30/30 45/38/38
f 45/38/38 47/30/30 99/31/31
f 45/38/38 99/31/31 144/37/37
f 144/37/37 99/31/31 186/32/32
f 144/37/37 186/32/32 205/36/36
f 205/36/36 186/32/32 219/35/35
f 219/35/35 186/32/32 239/34/34
f 239/34/34 186/32/32 261/33/33
f 269/45/45 267/46/46 261/44/44
f 261/44/44 267/46/46 254/47/47
f 261/44/44 254/47/47 239/52/52
f 239/52/52 254/47/47 225/48/48
f 239/52/52 225/48/48 219/51/51
f 219/51/51 225/48/48 203/49/49
f 219/51/51 203/49/49 205/50/50
f 797/54/54 683/55/55 787/53/53
f 787/53/53 683/55/55 701/73/73
f 787/53/53 701/73/73 769/72/72
f 769/72/72 701/73/73 757/71/71
f 757/71/71 701/73/73 745/70/70
f 745/70/70 701/73/73 697/74/74
f 745/70/70 697/74/74 735/69/69
f 735/69/69 697/74/74 685/66/66
f 735/69/69 685/66/66 759/68/68
f 759/68/68 685/66/66 761/67/67
f 701/73/73 683/55/55 603/75/75
f 603/75/75 683/55/55 568/56/56
f 603/75/75 568/56/56 551/77/77
f 551/77/77 568/56/56 489/57/57
f 551/77/77 489/57/57 480/79/79
f 480/79/79 489/57/57 398/59/59
f 480/79/79 398/59/59 420/60/60
f 489/57/57 392/58/58 398/59/59
f 420/60/60 428/61/61 480/79/79
f 480/79/79 428/61/61 484/80/80
f 480/79/79 484/80/80 551/77/77
f 551/77/77 484/80/80 553/78/78
f 551/77/77 553/78/78 603/75/75
f 603/75/75 553/78/78 601/76/76
f 603/75/75 601/76/76 701/73/73
f 701/73/73 601/76/76 697/74/74
f 428/61/61 441/62/62 484/80/80
f 484/80/80 441/62/62 445/63/63
f 484/80/80 445/63/63 525/64/64
f 484/80/80 525/64/64 553/78/78
f 553/78/78 525/64/64 581/65/65
f 553/78/78 581/65/65 601/76/76
f 601/76/76 581/65/65 685/66/66
f 601/76/76 685/66/66 697/74/74
f 121/82/82 124/83/83 117/81/81
f 117/81/81 124/83/83 126/84/84
f 117/81/81 126/84/84 128/85/85
f 117/81/81 128/85/85 134/151/151
f 134/151/151 128/85/85 130/86/86
f 134/151/151 130/86/86 149/87/87
f 134/151/151 149/87/87 161/150/150
f 161/150/150 149/87/87 173/88/88
f 161/150/150 173/88/88 201/149/149
f 201/149/149 173/88/88 195/89/89
f 201/149/149 195/89/89 243/90/90
f 201/149/149 243/90/90 306/148/148
f 306/148/148 243/90/90 326/91/91
f 306/148/148 326/91/91 383/147/147
f 383/147/147 326/91/91 380/92/92
f 383/147/147 380/92/92 452/93/93
f 383/147/147 452/93/93 482/146/146
f 482/146/146 452/93/93 519/94/94
f 482/146/146 519/94/94 563/145/145
f 563/145/145 519/94/94 560/97/97
f 563/145/145 560/97/97 585/98/98
f 519/94/94 521/95/95 560/97/97
f 560/97/97 521/95/95 523/96/96
f 563/145/145 585/98/98 647/144/144
f 647/144/144 585/98/98 620/99/99
f 647/144/144 620/99/99 658/100/100
f 658/100/100 660/101/101 647/144/144
f 647/144/144 660/101/101 711/103/103
f 647/144/144 711/103/103 727/143/143
f 727/143/143 711/103/103 799/104/104
f 727/143/143 799/104/104 882/142/142
f 882/142/142 799/104/104 871/106/106
f 882/142/142 871/106/106 875/107/107
f 660/101/101 662/102/102 711/103/103
f 799/104/104 873/105/105 871/106/106
f 875/107/107 902/108/108 882/142/142
f 882/142/142 902/108/108 973/109/109
f 882/142/142 973/109/109 1032/141/141
f 1032/141/141 973/109/109 1036/110/110
f 1032/141/141 1036/110/110 1058/113/113
f 1058/113/113 1036/110/110 1060/112/112
f 1060/112/112 1036/110/110 1062/111/111
f 1032/141/141 1058/113/113 1085/140/140
f 1085/140/140 1058/113/113 1104/114/114
f 1085/140/140 1104/114/114 1137/139/139
f 1137/139/139 1104/114/114 1139/115/115
f 1137/139/139 1139/115/115 1130/116/116
f 1137/139/139 1130/116/116 1120/138/138
f 1120/138/138 1130/116/116 1096/117/117
f 1120/138/138 1096/117/117 1056/137/137
f 1056/137/137 1096/117/117 1051/118/118
f 1056/137/137 1051/118/118 999/119/119
f 1056/137/137 999/119/119 971/136/136
f 971/136/136 999/119/119 888/120/120
f 971/136/136 888/120/120 834/135/135
f 834/135/135 888/120/120 801/121/121
f 834/135/135 801/121/121 794/122/122
f 834/135/135 794/122/122 761/126/126
f 761/126/126 794/122/122 784/123/123
f 761/126/126 784/123/123 771/124/124
f 771/124/124 763/125/125 761/126/126
f 834/135/135 761/126/126 707/134/134
f 707/134/134 761/126/126 685/127/127
f 707/134/134 685/127/127 593/133/133
f 593/133/133 685/127/127 581/128/128
f 593/133/133 581/128/128 533/132/132
f 533/132/132 581/128/128 525/129/129
f 533/132/132 525/129/129 443/131/131
f 443/131/131 525/129/129 445/130/130
f 134/151/151 132/152/152 117/81/81
f 117/81/81 132/152/152 140/159/159
f 140/159/159 132/152/152 157/153/153
f 140/159/159 157/153/153 163/158/158
f 163/158/158 157/153/153 193/154/154
f 163/158/158 193/154/154 198/157/157
f 198/157/157 193/154/154 275/155/155
f 198/157/157 275/155/155 277/156/156
f 445/160/160 441/161/161 443/167/167
f 443/167/167 441/161/161 430/166/166
f 430/166/166 441/161/161 428/162/162
f 430/166/166 428/162/162 426/165/165
f 426/165/165 428/162/162 420/163/163
f 426/165/165 420/163/163 418/164/164
f 398/169/169 396/170/170 420/168/168
f 420/168/168 396/170/170 418/171/171
f 398/172/172 392/173/173 396/180/180
f 396/180/180 392/173/173 386/179/179
f 386/179/179 392/173/173 388/174/174
f 386/179/179 388/174/174 401/178/178
f 401/178/178 388/174/174 404/175/175
f 401/178/178 404/175/175 422/177/177
f 422/177/177 404/175/175 424/176/176
f 1621/182/182 1608/183/183 1618/181/181
f 1618/181/181 1608/183/183 1603/202/202
f 1618/181/181 1603/202/202 1612/200/200
f 1612/200/200 1603/202/202 1601/199/199
f 1601/199/199 1603/202/202 1590/203/203
f 1601/199/199 1590/203/203 1596/198/198
f 1596/198/198 1590/203/203 1595/197/197
f 1595/197/197 1590/203/203 1578/196/196
f 1578/196/196 1590/203/203 1573/205/205
f 1578/196/196 1573/205/205 1568/195/195
f 1568/195/195 1573/205/205 1564/207/207
f 1568/195/195 1564/207/207 1539/194/194
f 1539/194/194 1564/207/207 1537/208/208
f 1539/194/194 1537/208/208 1457/193/193
f 1457/193/193 1537/208/208 1459/192/192
f 1459/192/192 1537/208/208 1483/191/191
f 1483/191/191 1537/208/208 1497/190/190
f 1497/190/190 1537/208/208 1547/201/201
f 1497/190/190 1547/201/201 1501/189/189
f 1501/189/189 1547/201/201 1508/188/188
f 1508/188/188 1547/201/201 1510/187/187
f 1510/187/187 1547/201/201 1560/185/185
f 1510/187/187 1560/185/185 1514/186/186
f 1603/202/202 1608/183/183 1584/204/204
f 1584/204/204 1608/183/183 1586/184/184
f 1584/204/204 1586/184/184 1570/206/206
f 1570/206/206 1586/184/184 1560/185/185
f 1570/206/206 1560/185/185 1547/201/201
f 1573/205/205 1590/203/203 1603/202/202
f 1564/207/207 1573/205/205 1584/204/204
f 1584/204/204 1573/205/205 1603/202/202
f 1537/208/208 1564/207/207 1570/206/206
f 1570/206/206 1564/207/207 1584/204/204
f 1547/201/201 1537/208/208 1570/206/206
f 1618/210/210 1617/211/211 1621/209/209
f 1621/209/209 1617/211/211 1624/212/212
f 1621/209/209 1624/212/212 1628/217/217
f 1628/217/217 1624/212/212 1634/213/213
f 1628/217/217 1634/213/213 1636/216/216
f 1636/216/216 1634/213/213 1639/214/214
f 1636/216/216 1639/214/214 1640/215/215
f 1618/218/218 1612/219/219 1617/221/221
f 1617/221/221 1612/219/219 1611/220/220
f 1611/229/229 1612/222/222 1606/228/228
f 1606/228/228 1612/222/222 1601/223/223
f 1606/228/228 1601/223/223 1599/227/227
f 1599/227/227 1601/223/223 1596/224/224
f 1599/227/227 1596/224/224 1594/226/226
f 1594/226/226 1596/224/224 1595/225/225
f 1595/230/230 1578/231/231 1594/307/307
f 1594/307/307 1578/231/231 1576/306/306
f 1576/306/306 1578/231/231 1568/232/232
f 1576/306/306 1568/232/232 1559/305/305
f 1559/305/305 1568/232/232 1539/233/233
f 1559/305/305 1539/233/233 1523/304/304
f 1523/304/304 1539/233/233 1457/234/234
f 1523/304/304 1457/234/234 1428/303/303
f 1428/303/303 1457/234/234 1439/238/238
f 1428/303/303 1439/238/238 1434/239/239
f 1458/235/235 1451/236/236 1457/234/234
f 1457/234/234 1451/236/236 1444/237/237
f 1457/234/234 1444/237/237 1439/238/238
f 1434/239/239 1410/240/240 1428/303/303
f 1428/303/303 1410/240/240 1393/302/302
f 1393/302/302 1410/240/240 1380/241/241
f 1393/302/302 1380/241/241 1345/301/301
f 1345/301/301 1380/241/241 1348/242/242
f 1345/301/301 1348/242/242 1326/243/243
f 1345/301/301 1326/243/243 1303/300/300
f 1303/300/300 1326/243/243 1292/244/244
f 1303/300/300 1292/244/244 1249/299/299
f 1249/299/299 1292/244/244 1250/245/245
f 1249/299/299 1250/245/245 1212/246/246
f 1249/299/299 1212/246/246 1200/298/298
f 1200/298/298 1212/246/246 1142/247/247
f 1200/298/298 1142/247/247 1070/297/297
f 1070/297/297 1142/247/247 1073/250/250
f 1070/297/297 1073/250/250 1042/251/251
f 1142/247/247 1144/248/248 1073/250/250
f 1073/250/250 1144/248/248 1146/249/249
f 1070/297/297 1042/251/251 1026/296/296
f 1026/296/296 1042/251/251 1034/252/252
f 1026/296/296 1034/252/252 1022/253/253
f 1022/253/253 1018/254/254 1026/296/296
f 1026/296/296 1018/254/254 994/256/256
f 1026/296/296 994/256/256 992/295/295
f 992/295/295 994/256/256 995/257/257
f 992/295/295 995/257/257 1025/294/294
f 1025/294/294 995/257/257 1019/259/259
f 1025/294/294 1019/259/259 1023/260/260
f 1018/254/254 1020/255/255 994/256/256
f 995/257/257 1021/258/258 1019/259/259
f 1023/260/260 1035/261/261 1025/294/294
f 1025/294/294 1035/261/261 1043/262/262
f 1025/294/294 1043/262/262 1068/293/293
f 1068/293/293 1043/262/262 1074/263/263
f 1068/293/293 1074/263/263 1143/266/266
f 1143/266/266 1074/263/263 1145/265/265
f 1145/265/265 1074/263/263 1147/264/264
f 1068/293/293 1143/266/266 1199/292/292
f 1199/292/292 1143/266/266 1211/267/267
f 1199/292/292 1211/267/267 1247/291/291
f 1247/291/291 1211/267/267 1248/268/268
f 1247/291/291 1248/268/268 1291/269/269
f 1247/291/291 1291/269/269 1302/290/290
f 1302/290/290 1291/269/269 1325/270/270
f 1302/290/290 1325/270/270 1342/289/289
f 1342/289/289 1325/270/270 1347/271/271
f 1342/289/289 1347/271/271 1379/272/272
f 1342/289/289 1379/272/272 1392/288/288
f 1392/288/288 1379/272/272 1409/273/273
f 1392/288/288 1409/273/273 1427/287/287
f 1427/287/287 1409/273/273 1432/274/274
f 1427/287/287 1432/274/274 1441/275/275
f 1427/287/287 1441/275/275 1453/278/278
f 1453/278/278 1441/275/275 1446/276/276
f 1453/278/278 1446/276/276 1454/277/277
f 1427/287/287 1453/278/278 1521/286/286
f 1521/286/286 1453/278/278 1538/279/279
f 1521/286/286 1538/279/279 1557/285/285
f 1557/285/285 1538/279/279 1567/280/280
f 1557/285/285 1567/280/280 1575/284/284
f 1575/284/284 1567/280/280 1577/281/281
f 1575/284/284 1577/281/281 1591/283/283
f 1591/283/283 1577/281/281 1592/282/282
f 1512/309/309 1558/310/310 1509/308/308
f 1509/308/308 1558/310/310 1540/328/328
f 1509/308/308 1540/328/328 1505/327/327
f 1505/327/327 1540/328/328 1499/326/326
f 1499/326/326 1540/328/328 1493/325/325
f 1493/325/325 1540/328/328 1536/329/329
f 1493/325/325 1536/329/329 1478/324/324
f 1478/324/324 1536/329/329 1538/321/321
f 1478/324/324 1538/321/321 1455/323/323
f 1455/323/323 1538/321/321 1453/322/322
f 1540/328/328 1558/310/310 1569/330/330
f 1569/330/330 1558/310/310 1585/311/311
f 1569/330/330 1585/311/311 1583/332/332
f 1583/332/332 1585/311/311 1607/312/312
f 1583/332/332 1607/312/312 1602/334/334
f 1602/334/334 1607/312/312 1616/314/314
f 1602/334/334 1616/314/314 1610/315/315
f 1607/312/312 1620/313/313 1616/314/314
f 1610/315/315 1600/316/316 1602/334/334
f 1602/334/334 1600/316/316 1589/335/335
f 1602/334/334 1589/335/335 1583/332/332
f 1583/332/332 1589/335/335 1572/333/333
f 1583/332/332 1572/333/333 1569/330/330
f 1569/330/330 1572/333/333 1563/331/331
f 1569/330/330 1563/331/331 1540/328/328
f 1540/328/328 1563/331/331 1536/329/329
f 1600/316/316 1593/317/317 1589/335/335
f 1589/335/335 1593/317/317 1592/318/318
f 1589/335/335 1592/318/318 1577/319/319
f 1589/335/335 1577/319/319 1572/333/333
f 1572/333/333 1577/319/319 1567/320/320
f 1572/333/333 1567/320/320 1563/331/331
f 1563/331/331 1567/320/320 1538/321/321
f 1563/331/331 1538/321/321 1536/329/329
f 1592/336/336 1593/337/337 1591/343/343
f 1591/343/343 1593/337/337 1598/342/342
f 1598/342/342 1593/337/337 1600/338/338
f 1598/342/342 1600/338/338 1605/341/341
f 1605/341/341 1600/338/338 1610/339/339
f 1605/341/341 1610/339/339 1609/340/340
f 1616/345/345 1615/346/346 1610/344/344
f 1610/344/344 1615/346/346 1609/347/347
f 1616/348/348 1620/349/349 1615/356/356
f 1615/356/356 1620/349/349 1623/355/355
f 1623/355/355 1620/349/349 1626/350/350
f 1623/355/355 1626/350/350 1631/354/354
f 1631/354/354 1626/350/350 1635/351/351
f 1631/354/354 1635/351/351 1637/353/353
f 1637/353/353 1635/351/351 1638/352/352
f 393/358/358 490/359/359 399/357/357
f 399/357/357 490/359/359 481/378/378
f 399/357/357 481/378/378 421/376/376
f 421/376/376 481/378/378 429/375/375
f 429/375/375 481/378/378 485/379/379
f 429/375/375 485/379/379 442/374/374
f 442/374/374 485/379/379 446/373/373
f 446/373/373 485/379/379 526/372/372
f 526/372/372 485/379/379 554/381/381
f 526/372/372 554/381/381 582/371/371
f 582/371/371 554/381/381 602/383/383
f 582/371/371 602/383/383 686/370/370
f 686/370/370 602/383/383 698/384/384
f 686/370/370 698/384/384 762/369/369
f 762/369/369 698/384/384 760/368/368
f 760/368/368 698/384/384 736/367/367
f 736/367/367 698/384/384 747/366/366
f 747/366/366 698/384/384 702/377/377
f 747/366/366 702/377/377 758/365/365
f 758/365/365 702/377/377 770/364/364
f 770/364/364 702/377/377 788/363/363
f 788/363/363 702/377/377 684/361/361
f 788/363/363 684/361/361 798/362/362
f 481/378/378 490/359/359 552/380/380
f 552/380/380 490/359/359 569/360/360
f 552/380/380 569/360/360 604/382/382
f 604/382/382 569/360/360 684/361/361
f 604/382/382 684/361/361 702/377/377
f 554/381/381 485/379/379 481/378/378
f 602/383/383 554/381/381 552/380/380
f 552/380/380 554/381/381 481/378/378
f 698/384/384 602/383/383 604/382/382
f 604/382/382 602/383/383 552/380/380
f 702/377/377 698/384/384 604/382/382
f 399/386/386 397/387/387 393/385/385
f 393/385/385 397/387/387 387/388/388
f 393/385/385 387/388/388 389/393/393
f 389/393/393 387/388/388 402/389/389
f 389/393/393 402/389/389 405/392/392
f 405/392/392 402/389/389 423/390/390
f 405/392/392 423/390/390 425/391/391
f 399/394/394 421/395/395 397/397/397
f 397/397/397 421/395/395 419/396/396
f 419/405/405 421/398/398 427/404/404
f 427/404/404 421/398/398 429/399/399
f 427/404/404 429/399/399 431/403/403
f 431/403/403 429/399/399 442/400/400
f 431/403/403 442/400/400 444/402/402
f 444/402/402 442/400/400 446/401/401
f 446/406/406 526/407/407 444/484/484
f 444/484/484 526/407/407 534/483/483
f 534/483/483 526/407/407 582/408/408
f 534/483/483 582/408/408 594/482/482
f 594/482/482 582/408/408 686/409/409
f 594/482/482 686/409/409 708/481/481
f 708/481/481 686/409/409 762/410/410
f 708/481/481 762/410/410 835/480/480
f 835/480/480 762/410/410 795/414/414
f 835/480/480 795/414/414 802/415/415
f 764/411/411 772/412/412 762/410/410
f 762/410/410 772/412/412 785/413/413
f 762/410/410 785/413/413 795/414/414
f 802/415/415 889/416/416 835/480/480
f 835/480/480 889/416/416 972/479/479
f 972/479/479 889/416/416 1000/417/417
f 972/479/479 1000/417/417 1057/478/478
f 1057/478/478 1000/417/417 1052/418/418
f 1057/478/478 1052/418/418 1097/419/419
f 1057/478/478 1097/419/419 1121/477/477
f 1121/477/477 1097/419/419 1131/420/420
f 1121/477/477 1131/420/420 1138/476/476
f 1138/476/476 1131/420/420 1140/421/421
f 1138/476/476 1140/421/421 1105/422/422
f 1138/476/476 1105/422/422 1086/475/475
f 1086/475/475 1105/422/422 1059/423/423
f 1086/475/475 1059/423/423 1033/474/474
f 1033/474/474 1059/423/423 1037/426/426
f 1033/474/474 1037/426/426 974/427/427
f 1059/423/423 1061/424/424 1037/426/426
f 1037/426/426 1061/424/424 1063/425/425
f 1033/474/474 974/427/427 883/473/473
f 883/473/473 974/427/427 903/428/428
f 883/473/473 903/428/428 876/429/429
f 876/429/429 872/430/430 883/473/473
f 883/473/473 872/430/430 800/432/432
f 883/473/473 800/432/432 728/472/472
f 728/472/472 800/432/432 712/433/433
f 728/472/472 712/433/433 648/471/471
f 648/471/471 712/433/433 661/435/435
f 648/471/471 661/435/435 659/436/436
f 872/430/430 874/431/431 800/432/432
f 712/433/433 663/434/434 661/435/435
f 659/436/436 621/437/437 648/471/471
f 648/471/471 621/437/437 586/438/438
f 648/471/471 586/438/438 562/470/470
f 562/470/470 586/438/438 561/439/439
f 562/470/470 561/439/439 520/442/442
f 520/442/442 561/439/439 522/441/441
f 522/441/441 561/439/439 524/440/440
f 562/470/470 520/442/442 483/469/469
f 483/469/469 520/442/442 453/443/443
f 483/469/469 453/443/443 384/468/468
f 384/468/468 453/443/443 381/444/444
f 384/468/468 381/444/444 327/445/445
f 384/468/468 327/445/445 307/467/467
f 307/467/467 327/445/445 244/446/446
f 307/467/467 244/446/446 202/466/466
f 202/466/466 244/446/446 196/447/447
f 202/466/466 196/447/447 174/448/448
f 202/466/466 174/448/448 162/465/465
f 162/465/465 174/448/448 150/449/449
f 162/465/465 150/449/449 135/464/464
f 135/464/464 150/449/449 131/450/450
f 135/464/464 131/450/450 129/451/451
f 135/464/464 129/451/451 118/455/455
f 118/455/455 129/451/451 127/452/452
f 118/455/455 127/452/452 125/453/453
f 125/453/453 122/454/454 118/455/455
f 135/464/464 118/455/455 133/463/463
f 133/463/463 118/455/455 141/456/456
f 133/463/463 141/456/456 158/462/462
f 158/462/462 141/456/456 164/457/457
f 158/462/462 164/457/457 194/461/461
f 194/461/461 164/457/457 199/458/458
f 194/461/461 199/458/458 276/460/460
f 276/460/460 199/458/458 278/459/459
f 40/486/486 48/487/487 44/485/485
f 44/485/485 48/487/487 65/505/505
f 44/485/485 65/505/505 50/504/504
f 50/504/504 65/505/505 58/503/503
f 58/503/503 65/505/505 70/502/502
f 70/502/502 65/505/505 106/506/506
f 70/502/502 106/506/506 95/501/501
f 95/501/501 106/506/506 141/498/498
f 95/501/501 141/498/498 120/500/500
f 120/500/500 141/498/498 118/499/499
f 65/505/505 48/487/487 113/507/507
f 113/507/507 48/487/487 100/488/488
f 113/507/507 100/488/488 172/509/509
f 172/509/509 100/488/488 187/489/489
f 172/509/509 187/489/489 208/511/511
f 208/511/511 187/489/489 270/491/491
f 208/511/511 270/491/491 287/492/492
f 187/489/489 262/490/490 270/491/491
f 287/492/492 300/493/493 208/511/511
f 208/511/511 300/493/493 224/512/512
f 208/511/511 224/512/512 172/509/509
f 172/509/509 224/512/512 184/510/510
f 172/509/509 184/510/510 113/507/507
f 113/507/507 184/510/510 153/508/508
f 113/507/507 153/508/508 65/505/505
f 65/505/505 153/508/508 106/506/506
f 300/493/493 280/494/494 224/512/512
f 224/512/512 280/494/494 278/495/495
f 224/512/512 278/495/495 199/496/496
f 224/512/512 199/496/496 184/510/510
f 184/510/510 199/496/496 164/497/497
f 184/510/510 164/497/497 153/508/508
f 153/508/508 164/497/497 141/498/498
f 153/508/508 141/498/498 106/506/506
f 278/513/513 280/514/514 276/520/520
f 276/520/520 280/514/514 296/519/519
f 296/519/519 280/514/514 300/515/515
f 296/519/519 300/515/515 302/518/518
f 302/518/518 300/515/515 287/516/516
f 302/518/518 287/516/516 285/517/517
f 270/522/522 268/523/523 287/521/521
f 287/521/521 268/523/523 285/524/524
f 270/525/525 262/526/526 268/533/533
f 268/533/533 262/526/526 255/532/532
f 255/532/532 262/526/526 240/527/527
f 255/532/532 240/527/527 226/531/531
f 226/531/531 240/527/527 220/528/528
f 226/531/531 220/528/528 204/530/530
f 204/530/530 220/528/528 206/529/529
f 885/534/534 881/535/535 909/547/547
f 909/547/547 881/535/535 879/536/536
f 909/547/547 879/536/536 907/538/538
f 907/538/538 879/536/536 874/537/537
f 909/547/547 907/538/538 966/546/546
f 966/546/546 907/538/538 978/539/539
f 966/546/546 978/539/539 1003/545/545
f 1003/545/545 978/539/539 1013/540/540
f 1003/545/545 1013/540/540 1009/543/543
f 1009/543/543 1013/540/540 1017/542/542
f 1017/542/542 1013/540/540 1021/541/541
f 1009/543/543 1005/544/544 1003/545/545
f 1005/548/548 1009/549/549 982/559/559
f 982/559/559 1009/549/549 1017/550/550
f 982/559/559 1017/550/550 995/552/552
f 995/552/552 1017/550/550 1021/551/551
f 995/552/552 994/553/553 982/559/559
f 982/559/559 994/553/553 981/558/558
f 981/558/558 994/553/553 1008/556/556
f 981/558/558 1008/556/556 1004/557/557
f 1020/554/554 1016/555/555 994/553/553
f 994/553/553 1016/555/555 1008/556/556
f 1004/560/560 1008/561/561 1002/573/573
f 1002/573/573 1008/561/561 1016/562/562
f 1002/573/573 1016/562/562 1012/564/564
f 1012/564/564 1016/562/562 1020/563/563
f 1002/573/573 1012/564/564 965/572/572
f 965/572/572 1012/564/564 977/565/565
f 965/572/572 977/565/565 908/571/571
f 908/571/571 977/565/565 906/566/566
f 908/571/571 906/566/566 880/569/569
f 880/569/569 906/566/566 878/568/568
f 878/568/568 906/566/566 873/567/567
f 880/569/569 884/570/570 908/571/571
f 884/574/574 880/575/575 808/585/585
f 808/585/585 880/575/575 878/576/576
f 808/585/585 878/576/576 799/578/578
f 799/578/578 878/576/576 873/577/577
f 799/578/578 711/579/579 808/585/585
f 808/585/585 711/579/579 715/584/584
f 715/584/584 711/579/579 669/582/582
f 715/584/584 669/582/582 671/583/583
f 662/580/580 666/581/581 711/579/579
f 711/579/579 666/581/581 669/582/582
f 671/586/586 669/587/587 631/599/599
f 631/599/599 669/587/587 666/588/588
f 631/599/599 666/588/588 627/590/590
f 627/590/590 666/588/588 662/589/589
f 631/599/599 627/590/590 624/598/598
f 624/598/598 627/590/590 623/591/591
f 624/598/598 623/591/591 632/597/597
f 632/597/597 623/591/591 628/592/592
f 632/597/597 628/592/592 670/595/595
f 670/595/595 628/592/592 667/594/594
f 667/594/594 628/592/592 663/593/593
f 670/595/595 672/596/596 632/597/597
f 672/600/600 670/601/601 716/611/611
f 716/611/611 670/601/601 667/602/602
f 716/611/611 667/602/602 712/604/604
f 712/604/604 667/602/602 663/603/603
f 712/604/604 800/605/605 716/611/611
f 716/611/611 800/605/605 809/610/610
f 809/610/610 800/605/605 881/608/608
f 809/610/610 881/608/608 885/609/609
f 874/606/606 879/607/607 800/605/605
f 800/605/605 879/607/607 881/608/608
f 631/613/613 634/622/622 671/612/612
f 671/612/612 634/622/622 636/623/623
f 671/612/612 636/623/623 641/624/624
f 641/624/624 636/623/623 633/631/631
f 641/624/624 633/631/631 638/632/632
f 638/632/632 633/631/631 645/639/639
f 638/632/632 645/639/639 650/640/640
f 650/640/640 645/639/639 678/617/617
f 650/640/640 678/617/617 655/641/641
f 655/641/641 678/617/617 665/642/642
f 655/641/641 665/642/642 646/634/634
f 646/634/634 665/642/642 653/635/635
f 646/634/634 653/635/635 654/627/627
f 654/627/627 653/635/635 664/628/628
f 654/627/627 664/628/628 677/621/621
f 677/621/621 664/628/628 673/620/620
f 673/620/620 664/628/628 668/619/619
f 668/619/619 664/628/628 653/635/635
f 668/619/619 653/635/635 674/618/618
f 674/618/618 653/635/635 665/642/642
f 674/618/618 665/642/642 678/617/617
f 634/622/622 631/613/613 629/629/629
f 629/629/629 631/613/613 624/614/614
f 629/629/629 624/614/614 635/636/636
f 635/636/636 624/614/614 632/615/615
f 635/636/636 632/615/615 672/616/616
f 672/616/616 678/617/617 635/636/636
f 635/636/636 678/617/617 637/637/637
f 635/636/636 637/637/637 629/629/629
f 629/629/629 637/637/637 630/630/630
f 629/629/629 630/630/630 634/622/622
f 634/622/622 630/630/630 636/623/623
f 671/612/612 644/625/625 677/621/621
f 677/621/621 644/625/625 649/626/626
f 677/621/621 649/626/626 654/627/627
f 654/627/627 649/626/626 646/634/634
f 644/625/625 671/612/612 641/624/624
f 633/631/631 636/623/623 630/630/630
f 641/624/624 638/632/632 644/625/625
f 644/625/625 638/632/632 643/633/633
f 644/625/625 643/633/633 649/626/626
f 649/626/626 643/633/633 646/634/634
f 633/631/631 630/630/630 642/638/638
f 642/638/638 630/630/630 637/637/637
f 642/638/638 637/637/637 678/617/617
f 655/641/641 646/634/634 643/633/633
f 655/641/641 643/633/633 650/640/640
f 650/640/640 643/633/633 638/632/632
f 678/617/617 645/639/639 642/638/638
f 642/638/638 645/639/639 633/631/631
f 716/644/644 738/651/651 672/643/643
f 672/643/643 738/651/651 720/649/649
f 672/643/643 720/649/649 678/650/650
f 716/644/644 809/645/645 738/651/651
f 738/651/651 809/645/645 900/647/647
f 738/651/651 900/647/647 819/648/648
f 809/645/645 885/646/646 900/647/647
f 819/648/648 720/649/649 738/651/651
f 909/653/653 911/662/662 885/652/652
f 885/652/652 911/662/662 913/663/663
f 885/652/652 913/663/663 915/664/664
f 915/664/664 913/663/663 952/671/671
f 915/664/664 952/671/671 950/672/672
f 950/672/672 952/671/671 980/679/679
f 950/672/672 980/679/679 969/680/680
f 969/680/680 980/679/679 948/657/657
f 969/680/680 948/657/657 962/681/681
f 962/681/681 948/657/657 954/682/682
f 962/681/681 954/682/682 941/674/674
f 941/674/674 954/682/682 939/675/675
f 941/674/674 939/675/675 921/667/667
f 921/667/667 939/675/675 923/668/668
f 921/667/667 923/668/668 900/661/661
f 900/661/661 923/668/668 925/660/660
f 925/660/660 923/668/668 935/659/659
f 935/659/659 923/668/668 939/675/675
f 935/659/659 939/675/675 946/658/658
f 946/658/658 939/675/675 954/682/682
f 946/658/658 954/682/682 948/657/657
f 911/662/662 909/653/653 964/669/669
f 964/669/669 909/653/653 966/654/654
f 964/669/669 966/654/654 998/676/676
f 998/676/676 966/654/654 1003/655/655
f 998/676/676 1003/655/655 1005/656/656
f 1005/656/656 948/657/657 998/676/676
f 998/676/676 948/657/657 991/677/677
f 998/676/676 991/677/677 964/669/669
f 964/669/669 991/677/677 958/670/670
f 964/669/669 958/670/670 911/662/662
f 911/662/662 958/670/670 913/663/663
f 885/652/652 917/665/665 900/661/661
f 900/661/661 917/665/665 919/666/666
f 900/661/661 919/666/666 921/667/667
f 921/667/667 919/666/666 941/674/674
f 917/665/665 885/652/652 915/664/664
f 952/671/671 913/663/663 958/670/670
f 915/664/664 950/672/672 917/665/665
f 917/665/665 950/672/672 944/673/673
f 917/665/665 944/673/673 919/666/666
f 919/666/666 944/673/673 941/674/674
f 952/671/671 958/670/670 987/678/678
f 987/678/678 958/670/670 991/677/677
f 987/678/678 991/677/677 948/657/657
f 962/681/681 941/674/674 944/673/673
f 962/681/681 944/673/673 969/680/680
f 969/680/680 944/673/673 950/672/672
f 948/657/657 980/679/679 987/678/678
f 987/678/678 980/679/679 952/671/671
f 871/692/692 873/683/683 904/691/691
f 904/691/691 873/683/683 906/684/684
f 904/691/691 906/684/684 975/690/690
f 975/690/690 906/684/684 977/685/685
f 975/690/690 977/685/685 1010/689/689
f 1010/689/689 977/685/685 1012/686/686
f 1010/689/689 1012/686/686 1018/688/688
f 1018/688/688 1012/686/686 1020/687/687
f 1019/702/702 1021/693/693 1011/701/701
f 1011/701/701 1021/693/693 1013/694/694
f 1011/701/701 1013/694/694 976/700/700
f 976/700/700 1013/694/694 978/695/695
f 976/700/700 978/695/695 905/699/699
f 905/699/699 978/695/695 907/696/696
f 905/699/699 907/696/696 872/698/698
f 872/698/698 907/696/696 874/697/697
f 808/704/704 737/711/711 884/703/703
f 884/703/703 737/711/711 818/709/709
f 884/703/703 818/709/709 899/710/710
f 808/704/704 715/705/705 737/711/711
f 737/711/711 715/705/705 677/707/707
f 737/711/711 677/707/707 719/708/708
f 715/705/705 671/706/706 677/707/707
f 719/708/708 818/709/709 737/711/711
f 982/713/713 942/720/720 1005/712/712
f 1005/712/712 942/720/720 927/718/718
f 1005/712/712 927/718/718 948/719/719
f 982/713/713 981/714/714 942/720/720
f 942/720/720 981/714/714 947/716/716
f 942/720/720 947/716/716 926/717/717
f 981/714/714 1004/715/715 947/716/716
f 926/717/717 927/718/718 942/720/720
f 1002/722/722 997/731/731 1004/721/721
f 1004/721/721 997/731/731 990/732/732
f 1004/721/721 990/732/732 986/733/733
f 986/733/733 990/732/732 951/740/740
f 986/733/733 951/740/740 949/741/741
f 949/741/741 951/740/740 916/748/748
f 949/741/741 916/748/748 918/749/749
f 918/749/749 916/748/748 899/726/726
f 918/749/749 899/726/726 920/750/750
f 920/750/750 899/726/726 922/751/751
f 920/750/750 922/751/751 940/743/743
f 940/743/743 922/751/751 938/744/744
f 940/743/743 938/744/744 961/736/736
f 961/736/736 938/744/744 953/737/737
f 961/736/736 953/737/737 947/730/730
f 947/730/730 953/737/737 945/729/729
f 945/729/729 953/737/737 934/728/728
f 934/728/728 953/737/737 938/744/744
f 934/728/728 938/744/744 924/727/727
f 924/727/727 938/744/744 922/751/751
f 924/727/727 922/751/751 899/726/726
f 997/731/731 1002/722/722 963/738/738
f 963/738/738 1002/722/722 965/723/723
f 963/738/738 965/723/723 910/745/745
f 910/745/745 965/723/723 908/724/724
f 910/745/745 908/724/724 884/725/725
f 884/725/725 899/726/726 910/745/745
f 910/745/745 899/726/726 912/746/746
f 910/745/745 912/746/746 963/738/738
f 963/738/738 912/746/746 957/739/739
f 963/738/738 957/739/739 997/731/731
f 997/731/731 957/739/739 990/732/732
f 1004/721/721 979/734/734 947/730/730
f 947/730/730 979/734/734 968/735/735
f 947/730/730 968/735/735 961/736/736
f 961/736/736 968/735/735 940/743/743
f 979/734/734 1004/721/721 986/733/733
f 951/740/740 990/732/732 957/739/739
f 986/733/733 949/741/741 979/734/734
f 979/734/734 949/741/741 943/742/742
f 979/734/734 943/742/742 968/735/735
f 968/735/735 943/742/742 940/743/743
f 951/740/740 957/739/739 914/747/747
f 914/747/747 957/739/739 912/746/746
f 914/747/747 912/746/746 899/726/726
f 920/750/750 940/743/743 943/742/742
f 920/750/750 943/742/742 918/749/749
f 918/749/749 943/742/742 949/741/741
f 899/726/726 916/748/748 914/747/747
f 914/747/747 916/748/748 951/740/740
f 661/761/761 663/752/752 626/760/760
f 626/760/760 663/752/752 628/753/753
f 626/760/760 628/753/753 622/759/759
f 622/759/759 628/753/753 623/754/754
f 622/759/759 623/754/754 625/758/758
f 625/758/758 623/754/754 627/755/755
f 625/758/758 627/755/755 660/757/757
f 660/757/757 627/755/755 662/756/756
f 818/763/763 926/778/778 899/762/762
f 899/762/762 926/778/778 947/779/779
f 899/762/762 947/779/779 924/782/782
f 924/782/782 947/779/779 934/781/781
f 934/781/781 947/779/779 945/780/780
f 719/764/764 720/770/770 818/763/763
f 818/763/763 720/770/770 819/771/771
f 818/763/763 819/771/771 926/778/778
f 926/778/778 819/771/771 927/777/777
f 927/777/777 819/771/771 900/772/772
f 927/777/777 900/772/772 948/776/776
f 948/776/776 900/772/772 925/773/773
f 948/776/776 925/773/773 935/774/774
f 720/770/770 719/764/764 678/769/769
f 678/769/769 719/764/764 677/765/765
f 678/769/769 677/765/765 674/768/768
f 674/768/768 677/765/765 673/766/766
f 674/768/768 673/766/766 668/767/767
f 935/774/774 946/775/775 948/776/776
f 517/784/784 515/785/785 523/783/783
f 523/783/783 515/785/785 559/804/804
f 523/783/783 559/804/804 560/801/801
f 560/801/801 559/804/804 576/805/805
f 560/801/801 576/805/805 583/807/807
f 583/807/807 576/805/805 615/806/806
f 583/807/807 615/806/806 616/803/803
f 616/803/803 615/806/806 622/795/795
f 616/803/803 622/795/795 625/796/796
f 515/785/785 516/786/786 559/804/804
f 559/804/804 516/786/786 524/788/788
f 559/804/804 524/788/788 561/789/789
f 516/786/786 518/787/787 524/788/788
f 586/790/790 584/808/808 561/789/789
f 561/789/789 584/808/808 576/805/805
f 561/789/789 576/805/805 559/804/804
f 621/791/791 619/802/802 586/790/790
f 586/790/790 619/802/802 617/809/809
f 586/790/790 617/809/809 584/808/808
f 584/808/808 617/809/809 576/805/805
f 619/802/802 621/791/791 626/794/794
f 626/794/794 621/791/791 659/792/792
f 626/794/794 659/792/792 661/793/793
f 626/794/794 622/795/795 619/802/802
f 619/802/802 622/795/795 617/809/809
f 660/797/797 658/798/798 625/796/796
f 625/796/796 658/798/798 620/799/799
f 625/796/796 620/799/799 618/810/810
f 618/810/810 620/799/799 585/800/800
f 618/810/810 585/800/800 616/803/803
f 616/803/803 585/800/800 583/807/807
f 585/800/800 560/801/801 583/807/807
f 576/805/805 617/809/809 615/806/806
f 615/806/806 617/809/809 622/795/795
f 616/803/803 625/796/796 618/810/810
f 1158/812/812 1116/813/813 1146/811/811
f 1146/811/811 1116/813/813 1049/832/832
f 1146/811/811 1049/832/832 1073/829/829
f 1073/829/829 1049/832/832 1027/833/833
f 1073/829/829 1027/833/833 1044/835/835
f 1044/835/835 1027/833/833 988/834/834
f 1044/835/835 988/834/834 1014/831/831
f 1014/831/831 988/834/834 975/823/823
f 1014/831/831 975/823/823 1010/824/824
f 1116/813/813 1089/814/814 1049/832/832
f 1049/832/832 1089/814/814 1062/816/816
f 1049/832/832 1062/816/816 1036/817/817
f 1089/814/814 1071/815/815 1062/816/816
f 973/818/818 984/836/836 1036/817/817
f 1036/817/817 984/836/836 1027/833/833
f 1036/817/817 1027/833/833 1049/832/832
f 902/819/819 932/830/830 973/818/818
f 973/818/818 932/830/830 955/837/837
f 973/818/818 955/837/837 984/836/836
f 984/836/836 955/837/837 1027/833/833
f 932/830/830 902/819/819 904/822/822
f 904/822/822 902/819/819 875/820/820
f 904/822/822 875/820/820 871/821/821
f 904/822/822 975/823/823 932/830/830
f 932/830/830 975/823/823 955/837/837
f 1018/825/825 1022/826/826 1010/824/824
f 1010/824/824 1022/826/826 1034/827/827
f 1010/824/824 1034/827/827 1029/838/838
f 1029/838/838 1034/827/827 1042/828/828
f 1029/838/838 1042/828/828 1014/831/831
f 1014/831/831 1042/828/828 1044/835/835
f 1042/828/828 1073/829/829 1044/835/835
f 1027/833/833 955/837/837 988/834/834
f 988/834/834 955/837/837 975/823/823
f 1014/831/831 1010/824/824 1029/838/838
f 1072/840/840 1090/841/841 1063/839/839
f 1063/839/839 1090/841/841 1050/860/860
f 1063/839/839 1050/860/860 1037/857/857
f 1037/857/857 1050/860/860 1028/861/861
f 1037/857/857 1028/861/861 985/863/863
f 985/863/863 1028/861/861 989/862/862
f 985/863/863 989/862/862 956/859/859
f 956/859/859 989/862/862 976/851/851
f 956/859/859 976/851/851 905/852/852
f 1090/841/841 1117/842/842 1050/860/860
f 1050/860/860 1117/842/842 1147/844/844
f 1050/860/860 1147/844/844 1074/845/845
f 1117/842/842 1159/843/843 1147/844/844
f 1043/846/846 1045/864/864 1074/845/845
f 1074/845/845 1045/864/864 1028/861/861
f 1074/845/845 1028/861/861 1050/860/860
f 1035/847/847 1030/858/858 1043/846/846
f 1043/846/846 1030/858/858 1015/865/865
f 1043/846/846 1015/865/865 1045/864/864
f 1045/864/864 1015/865/865 1028/861/861
f 1030/858/858 1035/847/847 1011/850/850
f 1011/850/850 1035/847/847 1023/848/848
f 1011/850/850 1023/848/848 1019/849/849
f 1011/850/850 976/851/851 1030/858/858
f 1030/858/858 976/851/851 1015/865/865
f 872/853/853 876/854/854 905/852/852
f 905/852/852 876/854/854 903/855/855
f 905/852/852 903/855/855 933/866/866
f 933/866/866 903/855/855 974/856/856
f 933/866/866 974/856/856 956/859/859
f 956/859/859 974/856/856 985/863/863
f 974/856/856 1037/857/857 985/863/863
f 1028/861/861 1015/865/865 989/862/862
f 989/862/862 1015/865/865 976/851/851
f 956/859/859 905/852/852 933/866/866
f 1071/867/867 1089/868/868 1083/876/876
f 1083/876/876 1089/868/868 1098/875/875
f 1098/875/875 1089/868/868 1113/874/874
f 1113/874/874 1089/868/868 1127/873/873
f 1127/873/873 1089/868/868 1116/869/869
f 1127/873/873 1116/869/869 1153/872/872
f 1153/872/872 1116/869/869 1162/871/871
f 1162/871/871 1116/869/869 1158/870/870
f 1159/877/877 1117/878/878 1163/886/886
f 1163/886/886 1117/878/878 1154/885/885
f 1154/885/885 1117/878/878 1128/884/884
f 1128/884/884 1117/878/878 1090/879/879
f 1128/884/884 1090/879/879 1114/883/883
f 1114/883/883 1090/879/879 1099/882/882
f 1099/882/882 1090/879/879 1084/881/881
f 1084/881/881 1090/879/879 1072/880/880
f 518/887/887 516/888/888 502/896/896
f 502/896/896 516/888/888 501/891/891
f 502/896/896 501/891/891 497/892/892
f 516/888/888 515/889/889 501/891/891
f 501/891/891 515/889/889 517/890/890
f 497/892/892 495/893/893 502/896/896
f 502/896/896 495/893/893 496/894/894
f 502/896/896 496/894/894 498/895/895
f 1112/897/897 1126/898/898 1114/900/900
f 1114/900/900 1126/898/898 1128/899/899
f 1061/910/910 1059/901/901 1072/908/908
f 1072/908/908 1059/901/901 1080/902/902
f 1072/908/908 1080/902/902 1084/907/907
f 1084/907/907 1080/902/902 1094/903/903
f 1084/907/907 1094/903/903 1099/906/906
f 1099/906/906 1094/903/903 1112/904/904
f 1099/906/906 1112/904/904 1114/905/905
f 1072/908/908 1063/909/909 1061/910/910
f 496/920/920 494/911/911 498/919/919
f 498/919/919 494/911/911 500/912/912
f 498/919/919 500/912/912 502/918/918
f 502/918/918 500/912/912 504/913/913
f 502/918/918 504/913/913 518/917/917
f 518/917/917 504/913/913 520/914/914
f 518/917/917 520/914/914 522/915/915
f 522/915/915 524/916/916 518/917/917
f 493/921/921 494/922/922 495/924/924
f 495/924/924 494/922/922 496/923/923
f 521/934/934 519/925/925 517/932/932
f 517/932/932 519/925/925 503/926/926
f 517/932/932 503/926/926 501/931/931
f 501/931/931 503/926/926 499/927/927
f 501/931/931 499/927/927 497/930/930
f 497/930/930 499/927/927 493/928/928
f 497/930/930 493/928/928 495/929/929
f 517/932/932 523/933/933 521/934/934
f 1113/944/944 1111/935/935 1098/943/943
f 1098/943/943 1111/935/935 1093/936/936
f 1098/943/943 1093/936/936 1083/942/942
f 1083/942/942 1093/936/936 1079/937/937
f 1083/942/942 1079/937/937 1071/941/941
f 1071/941/941 1079/937/937 1058/938/938
f 1071/941/941 1058/938/938 1060/939/939
f 1060/939/939 1062/940/940 1071/941/941
f 1125/945/945 1111/946/946 1127/948/948
f 1127/948/948 1111/946/946 1113/947/947
f 1144/958/958 1142/949/949 1158/956/956
f 1158/956/956 1142/949/949 1165/950/950
f 1158/956/956 1165/950/950 1162/955/955
f 1162/955/955 1165/950/950 1156/951/951
f 1162/955/955 1156/951/951 1153/954/954
f 1153/954/954 1156/951/951 1125/952/952
f 1153/954/954 1125/952/952 1127/953/953
f 1158/956/956 1146/957/957 1144/958/958
f 1128/968/968 1126/959/959 1154/967/967
f 1154/967/967 1126/959/959 1157/960/960
f 1154/967/967 1157/960/960 1163/966/966
f 1163/966/966 1157/960/960 1166/961/961
f 1163/966/966 1166/961/961 1159/965/965
f 1159/965/965 1166/961/961 1143/962/962
f 1159/965/965 1143/962/962 1145/963/963
f 1145/963/963 1147/964/964 1159/965/965
f 548/1018/1018 479/969/969 536/1022/1022
f 536/1022/1022 479/969/969 475/970/970
f 536/1022/1022 475/970/970 471/971/971
f 536/1022/1022 471/971/971 532/1021/1021
f 532/1021/1021 471/971/971 465/972/972
f 532/1021/1021 465/972/972 538/974/974
f 538/974/974 465/972/972 460/973/973
f 532/1021/1021 538/974/974 578/1023/1023
f 578/1023/1023 538/974/974 588/975/975
f 578/1023/1023 588/975/975 676/1025/1025
f 676/1025/1025 588/975/975 692/976/976
f 676/1025/1025 692/976/976 722/1027/1027
f 722/1027/1027 692/976/976 750/977/977
f 722/1027/1027 750/977/977 815/1029/1029
f 815/1029/1029 750/977/977 849/978/978
f 815/1029/1029 849/978/978 863/1031/1031
f 863/1031/1031 849/978/978 931/979/979
f 863/1031/1031 931/979/979 898/1033/1033
f 898/1033/1033 931/979/979 960/980/980
f 898/1033/1033 960/980/980 896/1035/1035
f 896/1035/1035 960/980/980 937/981/981
f 896/1035/1035 937/981/981 855/1036/1036
f 855/1036/1036 937/981/981 865/982/982
f 855/1036/1036 865/982/982 811/1038/1038
f 811/1038/1038 865/982/982 790/983/983
f 811/1038/1038 790/983/983 718/1040/1040
f 718/1040/1040 790/983/983 704/984/984
f 718/1040/1040 704/984/984 652/1042/1042
f 652/1042/1042 704/984/984 614/985/985
f 652/1042/1042 614/985/985 573/1044/1044
f 573/1044/1044 614/985/985 550/986/986
f 573/1044/1044 550/986/986 528/1046/1046
f 528/1046/1046 550/986/986 473/987/987
f 528/1046/1046 473/987/987 456/1048/1048
f 456/1048/1048 473/987/987 409/988/988
f 456/1048/1048 409/988/988 391/1049/1049
f 391/1049/1049 409/988/988 334/989/989
f 391/1049/1049 334/989/989 336/1051/1051
f 336/1051/1051 334/989/989 258/990/990
f 336/1051/1051 258/990/990 282/1053/1053
f 282/1053/1053 258/990/990 222/991/991
f 282/1053/1053 222/991/991 242/1055/1055
f 242/1055/1055 222/991/991 214/992/992
f 242/1055/1055 214/992/992 238/1057/1057
f 238/1057/1057 214/992/992 234/993/993
f 238/1057/1057 234/993/993 264/1059/1059
f 264/1059/1059 234/993/993 304/994/994
f 264/1059/1059 304/994/994 324/1061/1061
f 324/1061/1061 304/994/994 367/996/996
f 324/1061/1061 367/996/996 369/997/997
f 304/994/994 353/995/995 367/996/996
f 369/997/997 371/998/998 324/1061/1061
f 324/1061/1061 371/998/998 338/1062/1062
f 324/1061/1061 338/1062/1062 264/1059/1059
f 264/1059/1059 338/1062/1062 298/1060/1060
f 264/1059/1059 298/1060/1060 238/1057/1057
f 238/1057/1057 298/1060/1060 260/1058/1058
f 238/1057/1057 260/1058/1058 242/1055/1055
f 242/1055/1055 260/1058/1058 266/1056/1056
f 242/1055/1055 266/1056/1056 282/1053/1053
f 282/1053/1053 266/1056/1056 313/1054/1054
f 282/1053/1053 313/1054/1054 336/1051/1051
f 336/1051/1051 313/1054/1054 346/1052/1052
f 336/1051/1051 346/1052/1052 391/1049/1049
f 391/1049/1049 346/1052/1052 411/1050/1050
f 391/1049/1049 411/1050/1050 456/1048/1048
f 456/1048/1048 411/1050/1050 463/1019/1019
f 456/1048/1048 463/1019/1019 528/1046/1046
f 528/1046/1046 463/1019/1019 530/1047/1047
f 528/1046/1046 530/1047/1047 573/1044/1044
f 573/1044/1044 530/1047/1047 571/1045/1045
f 573/1044/1044 571/1045/1045 652/1042/1042
f 652/1042/1042 571/1045/1045 640/1043/1043
f 652/1042/1042 640/1043/1043 718/1040/1040
f 718/1040/1040 640/1043/1043 710/1041/1041
f 718/1040/1040 710/1041/1041 811/1038/1038
f 811/1038/1038 710/1041/1041 775/1039/1039
f 811/1038/1038 775/1039/1039 855/1036/1036
f 855/1036/1036 775/1039/1039 843/1037/1037
f 855/1036/1036 843/1037/1037 896/1035/1035
f 896/1035/1035 843/1037/1037 868/1020/1020
f 896/1035/1035 868/1020/1020 898/1033/1033
f 898/1033/1033 868/1020/1020 870/1034/1034
f 898/1033/1033 870/1034/1034 863/1031/1031
f 863/1031/1031 870/1034/1034 845/1032/1032
f 863/1031/1031 845/1032/1032 815/1029/1029
f 815/1029/1029 845/1032/1032 792/1030/1030
f 815/1029/1029 792/1030/1030 722/1027/1027
f 722/1027/1027 792/1030/1030 714/1028/1028
f 722/1027/1027 714/1028/1028 676/1025/1025
f 676/1025/1025 714/1028/1028 657/1026/1026
f 676/1025/1025 657/1026/1026 578/1023/1023
f 578/1023/1023 657/1026/1026 575/1024/1024
f 578/1023/1023 575/1024/1024 532/1021/1021
f 532/1021/1021 575/1024/1024 536/1022/1022
f 371/998/998 375/999/999 338/1062/1062
f 338/1062/1062 375/999/999 332/1000/1000
f 338/1062/1062 332/1000/1000 298/1060/1060
f 298/1060/1060 332/1000/1000 293/1001/1001
f 298/1060/1060 293/1001/1001 260/1058/1058
f 260/1058/1058 293/1001/1001 274/1002/1002
f 260/1058/1058 274/1002/1002 266/1056/1056
f 266/1056/1056 274/1002/1002 311/1003/1003
f 266/1056/1056 311/1003/1003 313/1054/1054
f 313/1054/1054 311/1003/1003 343/1004/1004
f 313/1054/1054 343/1004/1004 346/1052/1052
f 346/1052/1052 343/1004/1004 415/1005/1005
f 346/1052/1052 415/1005/1005 411/1050/1050
f 411/1050/1050 415/1005/1005 463/1019/1019
f 415/1005/1005 469/1006/1006 463/1019/1019
f 463/1019/1019 469/1006/1006 530/1047/1047
f 469/1006/1006 544/1007/1007 530/1047/1047
f 530/1047/1047 544/1007/1007 571/1045/1045
f 544/1007/1007 592/1008/1008 571/1045/1045
f 571/1045/1045 592/1008/1008 640/1043/1043
f 592/1008/1008 690/1009/1009 640/1043/1043
f 640/1043/1043 690/1009/1009 710/1041/1041
f 690/1009/1009 726/1010/1010 710/1041/1041
f 710/1041/1041 726/1010/1010 775/1039/1039
f 726/1010/1010 827/1011/1011 775/1039/1039
f 775/1039/1039 827/1011/1011 843/1037/1037
f 827/1011/1011 853/1012/1012 843/1037/1037
f 843/1037/1037 853/1012/1012 868/1020/1020
f 853/1012/1012 859/1013/1013 868/1020/1020
f 868/1020/1020 859/1013/1013 870/1034/1034
f 870/1034/1034 859/1013/1013 845/1032/1032
f 845/1032/1032 859/1013/1013 833/1014/1014
f 845/1032/1032 833/1014/1014 792/1030/1030
f 792/1030/1030 833/1014/1014 732/1015/1015
f 792/1030/1030 732/1015/1015 714/1028/1028
f 714/1028/1028 732/1015/1015 696/1016/1016
f 714/1028/1028 696/1016/1016 657/1026/1026
f 657/1026/1026 696/1016/1016 598/1017/1017
f 657/1026/1026 598/1017/1017 575/1024/1024
f 575/1024/1024 598/1017/1017 548/1018/1018
f 575/1024/1024 548/1018/1018 536/1022/1022
f 304/1064/1064 276/1120/1120 353/1063/1063
f 353/1063/1063 276/1120/1120 296/1121/1121
f 353/1063/1063 296/1121/1121 302/1122/1122
f 276/1120/1120 304/1064/1064 194/1119/1119
f 194/1119/1119 304/1064/1064 234/1065/1065
f 194/1119/1119 234/1065/1065 158/1118/1118
f 158/1118/1118 234/1065/1065 133/1117/1117
f 133/1117/1117 234/1065/1065 214/1066/1066
f 133/1117/1117 214/1066/1066 135/1116/1116
f 135/1116/1116 214/1066/1066 222/1067/1067
f 135/1116/1116 222/1067/1067 162/1115/1115
f 162/1115/1115 222/1067/1067 258/1068/1068
f 162/1115/1115 258/1068/1068 202/1114/1114
f 202/1114/1114 258/1068/1068 334/1069/1069
f 202/1114/1114 334/1069/1069 307/1113/1113
f 307/1113/1113 334/1069/1069 409/1070/1070
f 307/1113/1113 409/1070/1070 384/1112/1112
f 384/1112/1112 409/1070/1070 473/1071/1071
f 384/1112/1112 473/1071/1071 483/1111/1111
f 483/1111/1111 473/1071/1071 550/1072/1072
f 483/1111/1111 550/1072/1072 562/1110/1110
f 562/1110/1110 550/1072/1072 614/1073/1073
f 562/1110/1110 614/1073/1073 648/1109/1109
f 648/1109/1109 614/1073/1073 704/1074/1074
f 648/1109/1109 704/1074/1074 728/1108/1108
f 728/1108/1108 704/1074/1074 790/1075/1075
f 728/1108/1108 790/1075/1075 883/1107/1107
f 883/1107/1107 790/1075/1075 1033/1106/1106
f 1033/1106/1106 790/1075/1075 865/1076/1076
f 1033/1106/1106 865/1076/1076 1086/1105/1105
f 1086/1105/1105 865/1076/1076 937/1077/1077
f 1086/1105/1105 937/1077/1077 1138/1104/1104
f 1138/1104/1104 937/1077/1077 960/1078/1078
f 1138/1104/1104 960/1078/1078 1121/1103/1103
f 1121/1103/1103 960/1078/1078 931/1079/1079
f 1121/1103/1103 931/1079/1079 1057/1102/1102
f 1057/1102/1102 931/1079/1079 849/1080/1080
f 1057/1102/1102 849/1080/1080 972/1101/1101
f 972/1101/1101 849/1080/1080 750/1081/1081
f 972/1101/1101 750/1081/1081 835/1100/1100
f 835/1100/1100 750/1081/1081 692/1082/1082
f 835/1100/1100 692/1082/1082 708/1099/1099
f 708/1099/1099 692/1082/1082 588/1083/1083
f 708/1099/1099 588/1083/1083 594/1098/1098
f 594/1098/1098 588/1083/1083 534/1097/1097
f 534/1097/1097 588/1083/1083 538/1084/1084
f 534/1097/1097 538/1084/1084 444/1096/1096
f 444/1096/1096 538/1084/1084 460/1085/1085
f 444/1096/1096 460/1085/1085 431/1095/1095
f 431/1095/1095 460/1085/1085 427/1094/1094
f 427/1094/1094 460/1085/1085 419/1093/1093
f 419/1093/1093 460/1085/1085 365/1086/1086
f 419/1093/1093 365/1086/1086 397/1092/1092
f 397/1092/1092 365/1086/1086 387/1091/1091
f 387/1091/1091 365/1086/1086 377/1087/1087
f 387/1091/1091 377/1087/1087 402/1090/1090
f 402/1090/1090 377/1087/1087 407/1088/1088
f 402/1090/1090 407/1088/1088 423/1089/1089
f 302/1122/1122 285/1123/1123 353/1063/1063
f 353/1063/1063 285/1123/1123 248/1130/1130
f 248/1130/1130 285/1123/1123 268/1124/1124
f 248/1130/1130 268/1124/1124 255/1125/1125
f 248/1130/1130 255/1125/1125 230/1129/1129
f 230/1129/1129 255/1125/1125 226/1126/1126
f 230/1129/1129 226/1126/1126 217/1128/1128
f 217/1128/1128 226/1126/1126 204/1127/1127
f 465/1132/1132 471/1133/1133 460/1131/1131
f 460/1131/1131 471/1133/1133 475/1134/1134
f 460/1131/1131 475/1134/1134 479/1135/1135
f 477/1136/1136 363/1137/1137 479/1135/1135
f 479/1135/1135 363/1137/1137 460/1131/1131
f 363/1137/1137 365/1138/1138 460/1131/1131
f 1529/1188/1188 1546/1139/1139 1535/1192/1192
f 1535/1192/1192 1546/1139/1139 1549/1140/1140
f 1535/1192/1192 1549/1140/1140 1551/1141/1141
f 1535/1192/1192 1551/1141/1141 1542/1191/1191
f 1542/1191/1191 1551/1141/1141 1556/1142/1142
f 1542/1191/1191 1556/1142/1142 1553/1144/1144
f 1553/1144/1144 1556/1142/1142 1562/1143/1143
f 1542/1191/1191 1553/1144/1144 1517/1193/1193
f 1517/1193/1193 1553/1144/1144 1525/1145/1145
f 1517/1193/1193 1525/1145/1145 1433/1195/1195
f 1433/1195/1195 1525/1145/1145 1437/1146/1146
f 1433/1195/1195 1437/1146/1146 1408/1197/1197
f 1408/1197/1197 1437/1146/1146 1405/1147/1147
f 1408/1197/1197 1405/1147/1147 1378/1199/1199
f 1378/1199/1199 1405/1147/1147 1374/1148/1148
f 1378/1199/1199 1374/1148/1148 1343/1201/1201
f 1343/1201/1201 1374/1148/1148 1335/1149/1149
f 1343/1201/1201 1335/1149/1149 1305/1203/1203
f 1305/1203/1203 1335/1149/1149 1300/1150/1150
f 1305/1203/1203 1300/1150/1150 1279/1205/1205
f 1279/1205/1205 1300/1150/1150 1256/1151/1151
f 1279/1205/1205 1256/1151/1151 1242/1206/1206
f 1242/1206/1206 1256/1151/1151 1224/1152/1152
f 1242/1206/1206 1224/1152/1152 1222/1208/1208
f 1222/1208/1208 1224/1152/1152 1194/1153/1153
f 1222/1208/1208 1194/1153/1153 1202/1210/1210
f 1202/1210/1210 1194/1153/1153 1176/1154/1154
f 1202/1210/1210 1176/1154/1154 1201/1212/1212
f 1201/1212/1212 1176/1154/1154 1193/1155/1155
f 1201/1212/1212 1193/1155/1155 1221/1214/1214
f 1221/1214/1214 1193/1155/1155 1223/1156/1156
f 1221/1214/1214 1223/1156/1156 1241/1216/1216
f 1241/1216/1216 1223/1156/1156 1255/1157/1157
f 1241/1216/1216 1255/1157/1157 1278/1218/1218
f 1278/1218/1218 1255/1157/1157 1297/1158/1158
f 1278/1218/1218 1297/1158/1158 1304/1219/1219
f 1304/1219/1219 1297/1158/1158 1334/1159/1159
f 1304/1219/1219 1334/1159/1159 1341/1221/1221
f 1341/1221/1221 1334/1159/1159 1373/1160/1160
f 1341/1221/1221 1373/1160/1160 1377/1223/1223
f 1377/1223/1223 1373/1160/1160 1403/1161/1161
f 1377/1223/1223 1403/1161/1161 1407/1225/1225
f 1407/1225/1225 1403/1161/1161 1436/1162/1162
f 1407/1225/1225 1436/1162/1162 1431/1227/1227
f 1431/1227/1227 1436/1162/1162 1524/1163/1163
f 1431/1227/1227 1524/1163/1163 1513/1229/1229
f 1513/1229/1229 1524/1163/1163 1552/1164/1164
f 1513/1229/1229 1552/1164/1164 1541/1231/1231
f 1541/1231/1231 1552/1164/1164 1555/1166/1166
f 1541/1231/1231 1555/1166/1166 1550/1167/1167
f 1552/1164/1164 1561/1165/1165 1555/1166/1166
f 1550/1167/1167 1548/1168/1168 1541/1231/1231
f 1541/1231/1231 1548/1168/1168 1534/1232/1232
f 1541/1231/1231 1534/1232/1232 1513/1229/1229
f 1513/1229/1229 1534/1232/1232 1502/1230/1230
f 1513/1229/1229 1502/1230/1230 1431/1227/1227
f 1431/1227/1227 1502/1230/1230 1429/1228/1228
f 1431/1227/1227 1429/1228/1228 1407/1225/1225
f 1407/1225/1225 1429/1228/1228 1404/1226/1226
f 1407/1225/1225 1404/1226/1226 1377/1223/1223
f 1377/1223/1223 1404/1226/1226 1375/1224/1224
f 1377/1223/1223 1375/1224/1224 1341/1221/1221
f 1341/1221/1221 1375/1224/1224 1344/1222/1222
f 1341/1221/1221 1344/1222/1222 1304/1219/1219
f 1304/1219/1219 1344/1222/1222 1306/1220/1220
f 1304/1219/1219 1306/1220/1220 1278/1218/1218
f 1278/1218/1218 1306/1220/1220 1284/1189/1189
f 1278/1218/1218 1284/1189/1189 1241/1216/1216
f 1241/1216/1216 1284/1189/1189 1252/1217/1217
f 1241/1216/1216 1252/1217/1217 1221/1214/1214
f 1221/1214/1214 1252/1217/1217 1229/1215/1215
f 1221/1214/1214 1229/1215/1215 1201/1212/1212
f 1201/1212/1212 1229/1215/1215 1213/1213/1213
f 1201/1212/1212 1213/1213/1213 1202/1210/1210
f 1202/1210/1210 1213/1213/1213 1216/1211/1211
f 1202/1210/1210 1216/1211/1211 1222/1208/1208
f 1222/1208/1208 1216/1211/1211 1230/1209/1209
f 1222/1208/1208 1230/1209/1209 1242/1206/1206
f 1242/1206/1206 1230/1209/1209 1254/1207/1207
f 1242/1206/1206 1254/1207/1207 1279/1205/1205
f 1279/1205/1205 1254/1207/1207 1285/1190/1190
f 1279/1205/1205 1285/1190/1190 1305/1203/1203
f 1305/1203/1203 1285/1190/1190 1307/1204/1204
f 1305/1203/1203 1307/1204/1204 1343/1201/1201
f 1343/1201/1201 1307/1204/1204 1346/1202/1202
f 1343/1201/1201 1346/1202/1202 1378/1199/1199
f 1378/1199/1199 1346/1202/1202 1376/1200/1200
f 1378/1199/1199 1376/1200/1200 1408/1197/1197
f 1408/1197/1197 1376/1200/1200 1406/1198/1198
f 1408/1197/1197 1406/1198/1198 1433/1195/1195
f 1433/1195/1195 1406/1198/1198 1430/1196/1196
f 1433/1195/1195 1430/1196/1196 1517/1193/1193
f 1517/1193/1193 1430/1196/1196 1504/1194/1194
f 1517/1193/1193 1504/1194/1194 1542/1191/1191
f 1542/1191/1191 1504/1194/1194 1535/1192/1192
f 1548/1168/1168 1544/1169/1169 1534/1232/1232
f 1534/1232/1232 1544/1169/1169 1527/1170/1170
f 1534/1232/1232 1527/1170/1170 1502/1230/1230
f 1502/1230/1230 1527/1170/1170 1467/1171/1171
f 1502/1230/1230 1467/1171/1171 1429/1228/1228
f 1429/1228/1228 1467/1171/1171 1423/1172/1172
f 1429/1228/1228 1423/1172/1172 1404/1226/1226
f 1404/1226/1226 1423/1172/1172 1389/1173/1173
f 1404/1226/1226 1389/1173/1173 1375/1224/1224
f 1375/1224/1224 1389/1173/1173 1350/1174/1174
f 1375/1224/1224 1350/1174/1174 1344/1222/1222
f 1344/1222/1222 1350/1174/1174 1310/1175/1175
f 1344/1222/1222 1310/1175/1175 1306/1220/1220
f 1306/1220/1220 1310/1175/1175 1284/1189/1189
f 1310/1175/1175 1281/1176/1176 1284/1189/1189
f 1284/1189/1189 1281/1176/1176 1252/1217/1217
f 1281/1176/1176 1244/1177/1177 1252/1217/1217
f 1252/1217/1217 1244/1177/1177 1229/1215/1215
f 1244/1177/1177 1226/1178/1178 1229/1215/1215
f 1229/1215/1215 1226/1178/1178 1213/1213/1213
f 1226/1178/1178 1220/1179/1179 1213/1213/1213
f 1213/1213/1213 1220/1179/1179 1216/1211/1211
f 1220/1179/1179 1228/1180/1180 1216/1211/1211
f 1216/1211/1211 1228/1180/1180 1230/1209/1209
f 1228/1180/1180 1246/1181/1181 1230/1209/1209
f 1230/1209/1209 1246/1181/1181 1254/1207/1207
f 1246/1181/1181 1283/1182/1182 1254/1207/1207
f 1254/1207/1207 1283/1182/1182 1285/1190/1190
f 1283/1182/1182 1313/1183/1183 1285/1190/1190
f 1285/1190/1190 1313/1183/1183 1307/1204/1204
f 1307/1204/1204 1313/1183/1183 1346/1202/1202
f 1346/1202/1202 1313/1183/1183 1353/1184/1184
f 1346/1202/1202 1353/1184/1184 1376/1200/1200
f 1376/1200/1200 1353/1184/1184 1391/1185/1185
f 1376/1200/1200 1391/1185/1185 1406/1198/1198
f 1406/1198/1198 1391/1185/1185 1426/1186/1186
f 1406/1198/1198 1426/1186/1186 1430/1196/1196
f 1430/1196/1196 1426/1186/1186 1469/1187/1187
f 1430/1196/1196 1469/1187/1187 1504/1194/1194
f 1504/1194/1194 1469/1187/1187 1529/1188/1188
f 1504/1194/1194 1529/1188/1188 1535/1192/1192
f 1545/1274/1274 1546/1233/1233 1528/1273/1273
f 1528/1273/1273 1546/1233/1233 1529/1234/1234
f 1528/1273/1273 1529/1234/1234 1468/1272/1272
f 1468/1272/1272 1529/1234/1234 1469/1235/1235
f 1468/1272/1272 1469/1235/1235 1425/1271/1271
f 1425/1271/1271 1469/1235/1235 1426/1236/1236
f 1425/1271/1271 1426/1236/1236 1390/1270/1270
f 1390/1270/1270 1426/1236/1236 1391/1237/1237
f 1390/1270/1270 1391/1237/1237 1352/1269/1269
f 1352/1269/1269 1391/1237/1237 1353/1238/1238
f 1352/1269/1269 1353/1238/1238 1312/1268/1268
f 1312/1268/1268 1353/1238/1238 1313/1239/1239
f 1312/1268/1268 1313/1239/1239 1282/1267/1267
f 1282/1267/1267 1313/1239/1239 1283/1240/1240
f 1282/1267/1267 1283/1240/1240 1245/1266/1266
f 1245/1266/1266 1283/1240/1240 1246/1241/1241
f 1245/1266/1266 1246/1241/1241 1227/1265/1265
f 1227/1265/1265 1246/1241/1241 1228/1242/1242
f 1227/1265/1265 1228/1242/1242 1219/1264/1264
f 1219/1264/1264 1228/1242/1242 1220/1243/1243
f 1219/1264/1264 1220/1243/1243 1225/1263/1263
f 1225/1263/1263 1220/1243/1243 1226/1244/1244
f 1225/1263/1263 1226/1244/1244 1243/1262/1262
f 1243/1262/1262 1226/1244/1244 1244/1245/1245
f 1243/1262/1262 1244/1245/1245 1280/1261/1261
f 1280/1261/1261 1244/1245/1245 1281/1246/1246
f 1280/1261/1261 1281/1246/1246 1309/1260/1260
f 1309/1260/1260 1281/1246/1246 1310/1247/1247
f 1309/1260/1260 1310/1247/1247 1349/1259/1259
f 1349/1259/1259 1310/1247/1247 1350/1248/1248
f 1349/1259/1259 1350/1248/1248 1388/1258/1258
f 1388/1258/1258 1350/1248/1248 1389/1249/1249
f 1388/1258/1258 1389/1249/1249 1422/1257/1257
f 1422/1257/1257 1389/1249/1249 1423/1250/1250
f 1422/1257/1257 1423/1250/1250 1466/1256/1256
f 1466/1256/1256 1423/1250/1250 1467/1251/1251
f 1466/1256/1256 1467/1251/1251 1526/1255/1255
f 1526/1255/1255 1467/1251/1251 1527/1252/1252
f 1526/1255/1255 1527/1252/1252 1543/1254/1254
f 1543/1254/1254 1527/1252/1252 1544/1253/1253
f 1548/1276/1276 1561/1279/1279 1544/1275/1275
f 1544/1275/1275 1561/1279/1279 1645/1281/1281
f 1544/1275/1275 1645/1281/1281 1543/1282/1282
f 1548/1276/1276 1550/1277/1277 1561/1279/1279
f 1561/1279/1279 1550/1277/1277 1555/1278/1278
f 1561/1279/1279 1646/1280/1280 1645/1281/1281
f 331/1332/1332 374/1283/1283 337/1336/1336
f 337/1336/1336 374/1283/1283 370/1284/1284
f 337/1336/1336 370/1284/1284 368/1285/1285
f 337/1336/1336 368/1285/1285 323/1335/1335
f 323/1335/1335 368/1285/1285 366/1286/1286
f 323/1335/1335 366/1286/1286 303/1288/1288
f 303/1288/1288 366/1286/1286 352/1287/1287
f 323/1335/1335 303/1288/1288 263/1337/1337
f 263/1337/1337 303/1288/1288 233/1289/1289
f 263/1337/1337 233/1289/1289 237/1339/1339
f 237/1339/1339 233/1289/1289 213/1290/1290
f 237/1339/1339 213/1290/1290 241/1341/1341
f 241/1341/1341 213/1290/1290 221/1291/1291
f 241/1341/1341 221/1291/1291 281/1343/1343
f 281/1343/1343 221/1291/1291 257/1292/1292
f 281/1343/1343 257/1292/1292 335/1345/1345
f 335/1345/1345 257/1292/1292 333/1293/1293
f 335/1345/1345 333/1293/1293 390/1347/1347
f 390/1347/1347 333/1293/1293 408/1294/1294
f 390/1347/1347 408/1294/1294 455/1349/1349
f 455/1349/1349 408/1294/1294 472/1295/1295
f 455/1349/1349 472/1295/1295 527/1350/1350
f 527/1350/1350 472/1295/1295 549/1296/1296
f 527/1350/1350 549/1296/1296 572/1352/1352
f 572/1352/1352 549/1296/1296 613/1297/1297
f 572/1352/1352 613/1297/1297 651/1354/1354
f 651/1354/1354 613/1297/1297 703/1298/1298
f 651/1354/1354 703/1298/1298 717/1356/1356
f 717/1356/1356 703/1298/1298 789/1299/1299
f 717/1356/1356 789/1299/1299 810/1358/1358
f 810/1358/1358 789/1299/1299 864/1300/1300
f 810/1358/1358 864/1300/1300 854/1360/1360
f 854/1360/1360 864/1300/1300 936/1301/1301
f 854/1360/1360 936/1301/1301 895/1362/1362
f 895/1362/1362 936/1301/1301 959/1302/1302
f 895/1362/1362 959/1302/1302 897/1363/1363
f 897/1363/1363 959/1302/1302 930/1303/1303
f 897/1363/1363 930/1303/1303 862/1365/1365
f 862/1365/1365 930/1303/1303 848/1304/1304
f 862/1365/1365 848/1304/1304 814/1367/1367
f 814/1367/1367 848/1304/1304 749/1305/1305
f 814/1367/1367 749/1305/1305 721/1369/1369
f 721/1369/1369 749/1305/1305 691/1306/1306
f 721/1369/1369 691/1306/1306 675/1371/1371
f 675/1371/1371 691/1306/1306 587/1307/1307
f 675/1371/1371 587/1307/1307 577/1373/1373
f 577/1373/1373 587/1307/1307 537/1308/1308
f 577/1373/1373 537/1308/1308 531/1375/1375
f 531/1375/1375 537/1308/1308 464/1310/1310
f 531/1375/1375 464/1310/1310 470/1311/1311
f 537/1308/1308 459/1309/1309 464/1310/1310
f 470/1311/1311 474/1312/1312 531/1375/1375
f 531/1375/1375 474/1312/1312 535/1376/1376
f 531/1375/1375 535/1376/1376 577/1373/1373
f 577/1373/1373 535/1376/1376 574/1374/1374
f 577/1373/1373 574/1374/1374 675/1371/1371
f 675/1371/1371 574/1374/1374 656/1372/1372
f 675/1371/1371 656/1372/1372 721/1369/1369
f 721/1369/1369 656/1372/1372 713/1370/1370
f 721/1369/1369 713/1370/1370 814/1367/1367
f 814/1367/1367 713/1370/1370 791/1368/1368
f 814/1367/1367 791/1368/1368 862/1365/1365
f 862/1365/1365 791/1368/1368 844/1366/1366
f 862/1365/1365 844/1366/1366 897/1363/1363
f 897/1363/1363 844/1366/1366 869/1364/1364
f 897/1363/1363 869/1364/1364 895/1362/1362
f 895/1362/1362 869/1364/1364 867/1333/1333
f 895/1362/1362 867/1333/1333 854/1360/1360
f 854/1360/1360 867/1333/1333 842/1361/1361
f 854/1360/1360 842/1361/1361 810/1358/1358
f 810/1358/1358 842/1361/1361 774/1359/1359
f 810/1358/1358 774/1359/1359 717/1356/1356
f 717/1356/1356 774/1359/1359 709/1357/1357
f 717/1356/1356 709/1357/1357 651/1354/1354
f 651/1354/1354 709/1357/1357 639/1355/1355
f 651/1354/1354 639/1355/1355 572/1352/1352
f 572/1352/1352 639/1355/1355 570/1353/1353
f 572/1352/1352 570/1353/1353 527/1350/1350
f 527/1350/1350 570/1353/1353 529/1351/1351
f 527/1350/1350 529/1351/1351 455/1349/1349
f 455/1349/1349 529/1351/1351 462/1334/1334
f 455/1349/1349 462/1334/1334 390/1347/1347
f 390/1347/1347 462/1334/1334 410/1348/1348
f 390/1347/1347 410/1348/1348 335/1345/1345
f 335/1345/1345 410/1348/1348 345/1346/1346
f 335/1345/1345 345/1346/1346 281/1343/1343
f 281/1343/1343 345/1346/1346 312/1344/1344
f 281/1343/1343 312/1344/1344 241/1341/1341
f 241/1341/1341 312/1344/1344 265/1342/1342
f 241/1341/1341 265/1342/1342 237/1339/1339
f 237/1339/1339 265/1342/1342 259/1340/1340
f 237/1339/1339 259/1340/1340 263/1337/1337
f 263/1337/1337 259/1340/1340 297/1338/1338
f 263/1337/1337 297/1338/1338 323/1335/1335
f 323/1335/1335 297/1338/1338 337/1336/1336
f 474/1312/1312 478/1313/1313 535/1376/1376
f 535/1376/1376 478/1313/1313 547/1314/1314
f 535/1376/1376 547/1314/1314 574/1374/1374
f 574/1374/1374 547/1314/1314 597/1315/1315
f 574/1374/1374 597/1315/1315 656/1372/1372
f 656/1372/1372 597/1315/1315 695/1316/1316
f 656/1372/1372 695/1316/1316 713/1370/1370
f 713/1370/1370 695/1316/1316 731/1317/1317
f 713/1370/1370 731/1317/1317 791/1368/1368
f 791/1368/1368 731/1317/1317 832/1318/1318
f 791/1368/1368 832/1318/1318 844/1366/1366
f 844/1366/1366 832/1318/1318 858/1319/1319
f 844/1366/1366 858/1319/1319 869/1364/1364
f 869/1364/1364 858/1319/1319 867/1333/1333
f 858/1319/1319 852/1320/1320 867/1333/1333
f 867/1333/1333 852/1320/1320 842/1361/1361
f 852/1320/1320 826/1321/1321 842/1361/1361
f 842/1361/1361 826/1321/1321 774/1359/1359
f 826/1321/1321 725/1322/1322 774/1359/1359
f 774/1359/1359 725/1322/1322 709/1357/1357
f 725/1322/1322 689/1323/1323 709/1357/1357
f 709/1357/1357 689/1323/1323 639/1355/1355
f 689/1323/1323 591/1324/1324 639/1355/1355
f 639/1355/1355 591/1324/1324 570/1353/1353
f 591/1324/1324 543/1325/1325 570/1353/1353
f 570/1353/1353 543/1325/1325 529/1351/1351
f 543/1325/1325 468/1326/1326 529/1351/1351
f 529/1351/1351 468/1326/1326 462/1334/1334
f 468/1326/1326 414/1327/1327 462/1334/1334
f 462/1334/1334 414/1327/1327 410/1348/1348
f 410/1348/1348 414/1327/1327 345/1346/1346
f 345/1346/1346 414/1327/1327 342/1328/1328
f 345/1346/1346 342/1328/1328 312/1344/1344
f 312/1344/1344 342/1328/1328 310/1329/1329
f 312/1344/1344 310/1329/1329 265/1342/1342
f 265/1342/1342 310/1329/1329 273/1330/1330
f 265/1342/1342 273/1330/1330 259/1340/1340
f 259/1340/1340 273/1330/1330 292/1331/1331
f 259/1340/1340 292/1331/1331 297/1338/1338
f 297/1338/1338 292/1331/1331 331/1332/1332
f 297/1338/1338 331/1332/1332 337/1336/1336
f 537/1378/1378 443/1434/1434 459/1377/1377
f 459/1377/1377 443/1434/1434 430/1435/1435
f 459/1377/1377 430/1435/1435 426/1436/1436
f 443/1434/1434 537/1378/1378 533/1433/1433
f 533/1433/1433 537/1378/1378 587/1379/1379
f 533/1433/1433 587/1379/1379 593/1432/1432
f 593/1432/1432 587/1379/1379 707/1431/1431
f 707/1431/1431 587/1379/1379 691/1380/1380
f 707/1431/1431 691/1380/1380 834/1430/1430
f 834/1430/1430 691/1380/1380 749/1381/1381
f 834/1430/1430 749/1381/1381 971/1429/1429
f 971/1429/1429 749/1381/1381 848/1382/1382
f 971/1429/1429 848/1382/1382 1056/1428/1428
f 1056/1428/1428 848/1382/1382 930/1383/1383
f 1056/1428/1428 930/1383/1383 1120/1427/1427
f 1120/1427/1427 930/1383/1383 959/1384/1384
f 1120/1427/1427 959/1384/1384 1137/1426/1426
f 1137/1426/1426 959/1384/1384 936/1385/1385
f 1137/1426/1426 936/1385/1385 1085/1425/1425
f 1085/1425/1425 936/1385/1385 864/1386/1386
f 1085/1425/1425 864/1386/1386 1032/1424/1424
f 1032/1424/1424 864/1386/1386 789/1387/1387
f 1032/1424/1424 789/1387/1387 882/1423/1423
f 882/1423/1423 789/1387/1387 727/1422/1422
f 727/1422/1422 789/1387/1387 703/1388/1388
f 727/1422/1422 703/1388/1388 647/1421/1421
f 647/1421/1421 703/1388/1388 613/1389/1389
f 647/1421/1421 613/1389/1389 563/1420/1420
f 563/1420/1420 613/1389/1389 549/1390/1390
f 563/1420/1420 549/1390/1390 482/1419/1419
f 482/1419/1419 549/1390/1390 472/1391/1391
f 482/1419/1419 472/1391/1391 383/1418/1418
f 383/1418/1418 472/1391/1391 408/1392/1392
f 383/1418/1418 408/1392/1392 306/1417/1417
f 306/1417/1417 408/1392/1392 333/1393/1393
f 306/1417/1417 333/1393/1393 201/1416/1416
f 201/1416/1416 333/1393/1393 257/1394/1394
f 201/1416/1416 257/1394/1394 161/1415/1415
f 161/1415/1415 257/1394/1394 221/1395/1395
f 161/1415/1415 221/1395/1395 134/1414/1414
f 134/1414/1414 221/1395/1395 213/1396/1396
f 134/1414/1414 213/1396/1396 132/1413/1413
f 132/1413/1413 213/1396/1396 233/1397/1397
f 132/1413/1413 233/1397/1397 157/1412/1412
f 157/1412/1412 233/1397/1397 193/1411/1411
f 193/1411/1411 233/1397/1397 303/1398/1398
f 193/1411/1411 303/1398/1398 275/1410/1410
f 275/1410/1410 303/1398/1398 352/1399/1399
f 275/1410/1410 352/1399/1399 295/1409/1409
f 295/1409/1409 352/1399/1399 301/1408/1408
f 301/1408/1408 352/1399/1399 284/1407/1407
f 284/1407/1407 352/1399/1399 247/1400/1400
f 284/1407/1407 247/1400/1400 267/1406/1406
f 267/1406/1406 247/1400/1400 254/1405/1405
f 254/1405/1405 247/1400/1400 229/1401/1401
f 254/1405/1405 229/1401/1401 225/1404/1404
f 225/1404/1404 229/1401/1401 216/1402/1402
f 225/1404/1404 216/1402/1402 203/1403/1403
f 426/1436/1436 418/1437/1437 459/1377/1377
f 459/1377/1377 418/1437/1437 364/1444/1444
f 364/1444/1444 418/1437/1437 396/1438/1438
f 364/1444/1444 396/1438/1438 386/1439/1439
f 364/1444/1444 386/1439/1439 376/1443/1443
f 376/1443/1443 386/1439/1439 401/1440/1440
f 376/1443/1443 401/1440/1440 406/1442/1442
f 406/1442/1442 401/1440/1440 422/1441/1441
f 366/1446/1446 368/1447/1447 352/1445/1445
f 352/1445/1445 368/1447/1447 370/1448/1448
f 352/1445/1445 370/1448/1448 374/1449/1449
f 372/1450/1450 245/1451/1451 374/1449/1449
f 374/1449/1449 245/1451/1451 352/1445/1445
f 245/1451/1451 247/1452/1452 352/1445/1445
f 477/1494/1494 479/1453/1453 546/1493/1493
f 546/1493/1493 479/1453/1453 548/1454/1454
f 546/1493/1493 548/1454/1454 596/1492/1492
f 596/1492/1492 548/1454/1454 598/1455/1455
f 596/1492/1492 598/1455/1455 694/1491/1491
f 694/1491/1491 598/1455/1455 696/1456/1456
f 694/1491/1491 696/1456/1456 730/1490/1490
f 730/1490/1490 696/1456/1456 732/1457/1457
f 730/1490/1490 732/1457/1457 831/1489/1489
f 831/1489/1489 732/1457/1457 833/1458/1458
f 831/1489/1489 833/1458/1458 857/1488/1488
f 857/1488/1488 833/1458/1458 859/1459/1459
f 857/1488/1488 859/1459/1459 851/1487/1487
f 851/1487/1487 859/1459/1459 853/1460/1460
f 851/1487/1487 853/1460/1460 825/1486/1486
f 825/1486/1486 853/1460/1460 827/1461/1461
f 825/1486/1486 827/1461/1461 724/1485/1485
f 724/1485/1485 827/1461/1461 726/1462/1462
f 724/1485/1485 726/1462/1462 688/1484/1484
f 688/1484/1484 726/1462/1462 690/1463/1463
f 688/1484/1484 690/1463/1463 590/1483/1483
f 590/1483/1483 690/1463/1463 592/1464/1464
f 590/1483/1483 592/1464/1464 542/1482/1482
f 542/1482/1482 592/1464/1464 544/1465/1465
f 542/1482/1482 544/1465/1465 467/1481/1481
f 467/1481/1481 544/1465/1465 469/1466/1466
f 467/1481/1481 469/1466/1466 413/1480/1480
f 413/1480/1480 469/1466/1466 415/1467/1467
f 413/1480/1480 415/1467/1467 341/1479/1479
f 341/1479/1479 415/1467/1467 343/1468/1468
f 341/1479/1479 343/1468/1468 309/1478/1478
f 309/1478/1478 343/1468/1468 311/1469/1469
f 309/1478/1478 311/1469/1469 272/1477/1477
f 272/1477/1477 311/1469/1469 274/1470/1470
f 272/1477/1477 274/1470/1470 291/1476/1476
f 291/1476/1476 274/1470/1470 293/1471/1471
f 291/1476/1476 293/1471/1471 330/1475/1475
f 330/1475/1475 293/1471/1471 332/1472/1472
f 330/1475/1475 332/1472/1472 373/1474/1474
f 373/1474/1474 332/1472/1472 375/1473/1473
f 371/1496/1496 353/1499/1499 375/1495/1495
f 375/1495/1495 353/1499/1499 246/1501/1501
f 375/1495/1495 246/1501/1501 373/1502/1502
f 371/1496/1496 369/1497/1497 353/1499/1499
f 353/1499/1499 369/1497/1497 367/1498/1498
f 353/1499/1499 248/1500/1500 246/1501/1501
f 372/1544/1544 374/1503/1503 329/1543/1543
f 329/1543/1543 374/1503/1503 331/1504/1504
f 329/1543/1543 331/1504/1504 290/1542/1542
f 290/1542/1542 331/1504/1504 292/1505/1505
f 290/1542/1542 292/1505/1505 271/1541/1541
f 271/1541/1541 292/1505/1505 273/1506/1506
f 271/1541/1541 273/1506/1506 308/1540/1540
f 308/1540/1540 273/1506/1506 310/1507/1507
f 308/1540/1540 310/1507/1507 340/1539/1539
f 340/1539/1539 310/1507/1507 342/1508/1508
f 340/1539/1539 342/1508/1508 412/1538/1538
f 412/1538/1538 342/1508/1508 414/1509/1509
f 412/1538/1538 414/1509/1509 466/1537/1537
f 466/1537/1537 414/1509/1509 468/1510/1510
f 466/1537/1537 468/1510/1510 541/1536/1536
f 541/1536/1536 468/1510/1510 543/1511/1511
f 541/1536/1536 543/1511/1511 589/1535/1535
f 589/1535/1535 543/1511/1511 591/1512/1512
f 589/1535/1535 591/1512/1512 687/1534/1534
f 687/1534/1534 591/1512/1512 689/1513/1513
f 687/1534/1534 689/1513/1513 723/1533/1533
f 723/1533/1533 689/1513/1513 725/1514/1514
f 723/1533/1533 725/1514/1514 824/1532/1532
f 824/1532/1532 725/1514/1514 826/1515/1515
f 824/1532/1532 826/1515/1515 850/1531/1531
f 850/1531/1531 826/1515/1515 852/1516/1516
f 850/1531/1531 852/1516/1516 856/1530/1530
f 856/1530/1530 852/1516/1516 858/1517/1517
f 856/1530/1530 858/1517/1517 830/1529/1529
f 830/1529/1529 858/1517/1517 832/1518/1518
f 830/1529/1529 832/1518/1518 729/1528/1528
f 729/1528/1528 832/1518/1518 731/1519/1519
f 729/1528/1528 731/1519/1519 693/1527/1527
f 693/1527/1527 731/1519/1519 695/1520/1520
f 693/1527/1527 695/1520/1520 595/1526/1526
f 595/1526/1526 695/1520/1520 597/1521/1521
f 595/1526/1526 597/1521/1521 545/1525/1525
f 545/1525/1525 597/1521/1521 547/1522/1522
f 545/1525/1525 547/1522/1522 476/1524/1524
f 476/1524/1524 547/1522/1522 478/1523/1523
f 474/1546/1546 459/1549/1549 478/1545/1545
f 478/1545/1545 459/1549/1549 362/1551/1551
f 478/1545/1545 362/1551/1551 476/1552/1552
f 474/1546/1546 470/1547/1547 459/1549/1549
f 459/1549/1549 470/1547/1547 464/1548/1548
f 459/1549/1549 364/1550/1550 362/1551/1551
f 1556/1554/1554 1551/1555/1555 1562/1553/1553
f 1562/1553/1553 1551/1555/1555 1549/1556/1556
f 1562/1553/1553 1549/1556/1556 1546/1557/1557
f 1545/1558/1558 1647/1559/1559 1546/1557/1557
f 1546/1557/1557 1647/1559/1559 1562/1553/1553
f 1647/1559/1559 1648/1560/1560 1562/1553/1553
f 365/1561/1561 363/1562/1562 377/1575/1575
f 377/1575/1575 363/1562/1562 407/1574/1574
f 407/1574/1574 363/1562/1562 423/1573/1573
f 423/1573/1573 363/1562/1562 458/1563/1563
f 423/1573/1573 458/1563/1563 425/1572/1572
f 425/1572/1572 458/1563/1563 514/1571/1571
f 514/1571/1571 458/1563/1563 540/1564/1564
f 514/1571/1571 540/1564/1564 580/1570/1570
f 580/1570/1570 540/1564/1564 600/1565/1565
f 580/1570/1570 600/1565/1565 700/1569/1569
f 700/1569/1569 600/1565/1565 706/1566/1566
f 700/1569/1569 706/1566/1566 823/1568/1568
f 823/1568/1568 706/1566/1566 821/1567/1567
f 247/1576/1576 245/1577/1577 229/1590/1590
f 229/1590/1590 245/1577/1577 216/1589/1589
f 216/1589/1589 245/1577/1577 203/1588/1588
f 203/1588/1588 245/1577/1577 180/1578/1578
f 203/1588/1588 180/1578/1578 205/1587/1587
f 205/1587/1587 180/1578/1578 144/1586/1586
f 144/1586/1586 180/1578/1578 86/1579/1579
f 144/1586/1586 86/1579/1579 45/1585/1585
f 45/1585/1585 86/1579/1579 41/1580/1580
f 45/1585/1585 41/1580/1580 33/1584/1584
f 33/1584/1584 41/1580/1580 29/1581/1581
f 33/1584/1584 29/1581/1581 23/1583/1583
f 23/1583/1583 29/1581/1581 21/1582/1582
f 1648/1591/1591 1647/1592/1592 1644/1605/1605
f 1644/1605/1605 1647/1592/1592 1642/1604/1604
f 1642/1604/1604 1647/1592/1592 1639/1603/1603
f 1639/1603/1603 1647/1592/1592 1627/1593/1593
f 1639/1603/1603 1627/1593/1593 1640/1602/1602
f 1640/1602/1602 1627/1593/1593 1619/1601/1601
f 1619/1601/1601 1627/1593/1593 1614/1594/1594
f 1619/1601/1601 1614/1594/1594 1597/1600/1600
f 1597/1600/1600 1614/1594/1594 1588/1595/1595
f 1597/1600/1600 1588/1595/1595 1571/1599/1599
f 1571/1599/1599 1588/1595/1595 1566/1596/1596
f 1571/1599/1599 1566/1596/1596 1533/1598/1598
f 1533/1598/1598 1566/1596/1596 1532/1597/1597
f 1646/1607/1607 1643/1608/1608 1645/1606/1606
f 1645/1606/1606 1643/1608/1608 1641/1609/1609
f 1645/1606/1606 1641/1609/1609 1637/1610/1610
f 1645/1606/1606 1637/1610/1610 1625/1624/1624
f 1625/1624/1624 1637/1610/1610 1638/1611/1611
f 1625/1624/1624 1638/1611/1611 1622/1612/1612
f 1625/1624/1624 1622/1612/1612 1613/1623/1623
f 1613/1623/1623 1622/1612/1612 1604/1613/1613
f 1613/1623/1623 1604/1613/1613 1587/1622/1622
f 1587/1622/1622 1604/1613/1613 1574/1614/1614
f 1587/1622/1622 1574/1614/1614 1565/1621/1621
f 1565/1621/1621 1574/1614/1614 1554/1615/1615
f 1565/1621/1621 1554/1615/1615 1530/1620/1620
f 1530/1620/1620 1554/1615/1615 1531/1619/1619
f 1531/1619/1619 1554/1615/1615 1522/1618/1618
f 1522/1618/1618 1554/1615/1615 1519/1617/1617
f 1519/1617/1617 1554/1615/1615 1506/1616/1616
f 1184/1647/1647 1112/1625/1625 1115/1648/1648
f 1115/1648/1648 1112/1625/1625 1094/1626/1626
f 1115/1648/1648 1094/1626/1626 1101/1655/1655
f 1101/1655/1655 1094/1626/1626 1080/1627/1627
f 1101/1655/1655 1080/1627/1627 1091/1654/1654
f 1091/1654/1654 1080/1627/1627 1081/1653/1653
f 1091/1654/1654 1081/1653/1653 1129/1658/1658
f 1129/1658/1658 1081/1653/1653 1118/1657/1657
f 1129/1658/1658 1118/1657/1657 1169/1668/1668
f 1169/1668/1668 1118/1657/1657 1151/1669/1669
f 1169/1668/1668 1151/1669/1669 1174/1663/1663
f 1174/1663/1663 1151/1669/1669 1160/1662/1662
f 1174/1663/1663 1160/1662/1662 1161/1671/1671
f 1161/1671/1671 1160/1662/1662 1141/1670/1670
f 1161/1671/1671 1141/1670/1670 1119/1680/1680
f 1119/1680/1680 1141/1670/1670 1106/1681/1681
f 1119/1680/1680 1106/1681/1681 1082/1676/1676
f 1082/1676/1676 1106/1681/1681 1077/1675/1675
f 1082/1676/1676 1077/1675/1675 1046/1685/1685
f 1046/1685/1685 1077/1675/1675 1041/1684/1684
f 1046/1685/1685 1041/1684/1684 983/1690/1690
f 983/1690/1690 1041/1684/1684 970/1689/1689
f 983/1690/1690 970/1689/1689 886/1695/1695
f 886/1695/1695 970/1689/1689 877/1694/1694
f 886/1695/1695 877/1694/1694 813/1638/1638
f 813/1638/1638 877/1694/1694 805/1637/1637
f 805/1637/1637 877/1694/1694 866/1693/1693
f 805/1637/1637 866/1693/1693 802/1636/1636
f 802/1636/1636 866/1693/1693 889/1635/1635
f 889/1635/1635 866/1693/1693 967/1688/1688
f 889/1635/1635 967/1688/1688 1000/1634/1634
f 1000/1634/1634 967/1688/1688 1040/1683/1683
f 1000/1634/1634 1040/1683/1683 1052/1633/1633
f 1052/1633/1633 1040/1683/1683 1075/1674/1674
f 1052/1633/1633 1075/1674/1674 1097/1632/1632
f 1097/1632/1632 1075/1674/1674 1103/1682/1682
f 1097/1632/1632 1103/1682/1682 1124/1651/1651
f 1124/1651/1651 1103/1682/1682 1106/1681/1681
f 1124/1651/1651 1106/1681/1681 1141/1670/1670
f 1080/1627/1627 1059/1628/1628 1081/1653/1653
f 1081/1653/1653 1059/1628/1628 1078/1652/1652
f 1081/1653/1653 1078/1652/1652 1118/1657/1657
f 1118/1657/1657 1078/1652/1652 1108/1656/1656
f 1118/1657/1657 1108/1656/1656 1151/1669/1669
f 1151/1669/1669 1108/1656/1656 1133/1649/1649
f 1151/1669/1669 1133/1649/1649 1160/1662/1662
f 1160/1662/1662 1133/1649/1649 1148/1661/1661
f 1160/1662/1662 1148/1661/1661 1141/1670/1670
f 1141/1670/1670 1148/1661/1661 1124/1651/1651
f 1059/1628/1628 1105/1629/1629 1078/1652/1652
f 1078/1652/1652 1105/1629/1629 1108/1656/1656
f 1108/1656/1656 1105/1629/1629 1133/1649/1649
f 1133/1649/1649 1105/1629/1629 1140/1630/1630
f 1133/1649/1649 1140/1630/1630 1148/1661/1661
f 1148/1661/1661 1140/1630/1630 1131/1631/1631
f 1148/1661/1661 1131/1631/1631 1124/1651/1651
f 1124/1651/1651 1131/1631/1631 1097/1632/1632
f 813/1638/1638 817/1639/1639 886/1695/1695
f 886/1695/1695 817/1639/1639 891/1696/1696
f 886/1695/1695 891/1696/1696 983/1690/1690
f 983/1690/1690 891/1696/1696 993/1691/1691
f 983/1690/1690 993/1691/1691 1046/1685/1685
f 1046/1685/1685 993/1691/1691 1047/1686/1686
f 1046/1685/1685 1047/1686/1686 1082/1676/1676
f 1082/1676/1676 1047/1686/1686 1092/1677/1677
f 1082/1676/1676 1092/1677/1677 1119/1680/1680
f 1119/1680/1680 1092/1677/1677 1132/1679/1679
f 1119/1680/1680 1132/1679/1679 1161/1671/1671
f 1161/1671/1671 1132/1679/1679 1175/1672/1672
f 1161/1671/1671 1175/1672/1672 1174/1663/1663
f 1174/1663/1663 1175/1672/1672 1181/1664/1664
f 1174/1663/1663 1181/1664/1664 1169/1668/1668
f 1169/1668/1668 1181/1664/1664 1178/1667/1667
f 1169/1668/1668 1178/1667/1667 1129/1658/1658
f 1129/1658/1658 1178/1667/1667 1150/1659/1659
f 1129/1658/1658 1150/1659/1659 1091/1654/1654
f 1091/1654/1654 1150/1659/1659 1101/1655/1655
f 891/1696/1696 817/1639/1639 893/1697/1697
f 893/1697/1697 817/1639/1639 829/1640/1640
f 893/1697/1697 829/1640/1640 929/1641/1641
f 893/1697/1697 929/1641/1641 1007/1692/1692
f 1007/1692/1692 929/1641/1641 1039/1642/1642
f 1007/1692/1692 1039/1642/1642 1054/1687/1687
f 1054/1687/1687 1039/1642/1642 1088/1643/1643
f 1054/1687/1687 1088/1643/1643 1107/1678/1678
f 1107/1678/1678 1088/1643/1643 1173/1644/1644
f 1107/1678/1678 1173/1644/1644 1167/1650/1650
f 1167/1650/1650 1173/1644/1644 1196/1645/1645
f 1167/1650/1650 1196/1645/1645 1186/1673/1673
f 1186/1673/1673 1196/1645/1645 1192/1665/1665
f 1186/1673/1673 1192/1665/1665 1181/1664/1664
f 1181/1664/1664 1192/1665/1665 1178/1667/1667
f 1196/1645/1645 1198/1646/1646 1192/1665/1665
f 1192/1665/1665 1198/1646/1646 1189/1666/1666
f 1192/1665/1665 1189/1666/1666 1178/1667/1667
f 1178/1667/1667 1189/1666/1666 1150/1659/1659
f 1198/1646/1646 1184/1647/1647 1189/1666/1666
f 1189/1666/1666 1184/1647/1647 1171/1660/1660
f 1189/1666/1666 1171/1660/1660 1150/1659/1659
f 1150/1659/1659 1171/1660/1660 1101/1655/1655
f 1171/1660/1660 1184/1647/1647 1115/1648/1648
f 1171/1660/1660 1115/1648/1648 1101/1655/1655
f 1186/1673/1673 1181/1664/1664 1175/1672/1672
f 1167/1650/1650 1186/1673/1673 1175/1672/1672
f 1167/1650/1650 1175/1672/1672 1132/1679/1679
f 1106/1681/1681 1103/1682/1682 1077/1675/1675
f 1077/1675/1675 1103/1682/1682 1075/1674/1674
f 1077/1675/1675 1075/1674/1674 1041/1684/1684
f 1041/1684/1684 1075/1674/1674 1040/1683/1683
f 1041/1684/1684 1040/1683/1683 970/1689/1689
f 970/1689/1689 1040/1683/1683 967/1688/1688
f 970/1689/1689 967/1688/1688 877/1694/1694
f 877/1694/1694 967/1688/1688 866/1693/1693
f 1167/1650/1650 1132/1679/1679 1107/1678/1678
f 1107/1678/1678 1132/1679/1679 1092/1677/1677
f 1107/1678/1678 1092/1677/1677 1054/1687/1687
f 1054/1687/1687 1092/1677/1677 1047/1686/1686
f 1054/1687/1687 1047/1686/1686 1007/1692/1692
f 1007/1692/1692 1047/1686/1686 993/1691/1691
f 1007/1692/1692 993/1691/1691 893/1697/1697
f 893/1697/1697 993/1691/1691 891/1696/1696
f 772/1711/1711 764/1698/1698 756/1716/1716
f 756/1716/1716 764/1698/1698 742/1699/1699
f 756/1716/1716 742/1699/1699 751/1715/1715
f 751/1715/1715 742/1699/1699 739/1714/1714
f 751/1715/1715 739/1714/1714 773/1720/1720
f 773/1720/1720 739/1714/1714 776/1719/1719
f 773/1720/1720 776/1719/1719 805/1707/1707
f 805/1707/1707 776/1719/1719 813/1706/1706
f 813/1706/1706 776/1719/1719 783/1718/1718
f 813/1706/1706 783/1718/1718 817/1705/1705
f 817/1705/1705 783/1718/1718 796/1717/1717
f 817/1705/1705 796/1717/1717 829/1704/1704
f 829/1704/1704 796/1717/1717 807/1703/1703
f 807/1703/1703 796/1717/1717 778/1702/1702
f 778/1702/1702 796/1717/1717 753/1712/1712
f 778/1702/1702 753/1712/1712 748/1701/1701
f 748/1701/1701 753/1712/1712 743/1713/1713
f 748/1701/1701 743/1713/1713 734/1700/1700
f 734/1700/1700 743/1713/1713 739/1714/1714
f 734/1700/1700 739/1714/1714 742/1699/1699
f 773/1720/1720 805/1707/1707 779/1721/1721
f 779/1721/1721 805/1707/1707 802/1708/1708
f 779/1721/1721 802/1708/1708 795/1709/1709
f 795/1709/1709 785/1710/1710 779/1721/1721
f 779/1721/1721 785/1710/1710 772/1711/1711
f 779/1721/1721 772/1711/1711 756/1716/1716
f 776/1719/1719 739/1714/1714 743/1713/1713
f 796/1717/1717 783/1718/1718 753/1712/1712
f 753/1712/1712 783/1718/1718 743/1713/1713
f 783/1718/1718 776/1719/1719 743/1713/1713
f 779/1721/1721 756/1716/1716 751/1715/1715
f 779/1721/1721 751/1715/1715 773/1720/1720
f 748/1723/1723 734/1724/1724 747/1722/1722
f 747/1722/1722 734/1724/1724 736/1729/1729
f 736/1729/1729 734/1724/1724 742/1725/1725
f 736/1729/1729 742/1725/1725 760/1728/1728
f 760/1728/1728 742/1725/1725 764/1726/1726
f 760/1728/1728 764/1726/1726 762/1727/1727
f 118/1737/1737 122/1730/1730 120/1736/1736
f 120/1736/1736 122/1730/1730 104/1731/1731
f 120/1736/1736 104/1731/1731 95/1735/1735
f 95/1735/1735 104/1731/1731 89/1732/1732
f 95/1735/1735 89/1732/1732 70/1734/1734
f 70/1734/1734 89/1732/1732 72/1733/1733
f 129/1751/1751 131/1738/1738 116/1756/1756
f 116/1756/1756 131/1738/1738 108/1739/1739
f 116/1756/1756 108/1739/1739 96/1755/1755
f 96/1755/1755 108/1739/1739 83/1740/1740
f 96/1755/1755 83/1740/1740 81/1754/1754
f 81/1754/1754 83/1740/1740 74/1753/1753
f 81/1754/1754 74/1753/1753 85/1759/1759
f 85/1759/1759 74/1753/1753 76/1758/1758
f 85/1759/1759 76/1758/1758 91/1764/1764
f 91/1764/1764 76/1758/1758 79/1763/1763
f 91/1764/1764 79/1763/1763 89/1746/1746
f 89/1746/1746 79/1763/1763 68/1762/1762
f 89/1746/1746 68/1762/1762 72/1745/1745
f 72/1745/1745 68/1762/1762 56/1744/1744
f 56/1744/1744 68/1762/1762 61/1757/1757
f 56/1744/1744 61/1757/1757 54/1743/1743
f 54/1743/1743 61/1757/1757 59/1752/1752
f 54/1743/1743 59/1752/1752 52/1742/1742
f 52/1742/1742 59/1752/1752 63/1741/1741
f 63/1741/1741 59/1752/1752 74/1753/1753
f 63/1741/1741 74/1753/1753 83/1740/1740
f 89/1746/1746 104/1747/1747 91/1764/1764
f 91/1764/1764 104/1747/1747 102/1765/1765
f 91/1764/1764 102/1765/1765 85/1759/1759
f 85/1759/1759 102/1765/1765 98/1760/1760
f 85/1759/1759 98/1760/1760 81/1754/1754
f 81/1754/1754 98/1760/1760 96/1755/1755
f 102/1765/1765 104/1747/1747 111/1766/1766
f 111/1766/1766 104/1747/1747 122/1748/1748
f 111/1766/1766 122/1748/1748 125/1749/1749
f 111/1766/1766 125/1749/1749 110/1761/1761
f 110/1761/1761 125/1749/1749 127/1750/1750
f 110/1761/1761 127/1750/1750 116/1756/1756
f 116/1756/1756 127/1750/1750 129/1751/1751
f 76/1758/1758 74/1753/1753 59/1752/1752
f 110/1761/1761 116/1756/1756 96/1755/1755
f 110/1761/1761 96/1755/1755 98/1760/1760
f 79/1763/1763 76/1758/1758 61/1757/1757
f 61/1757/1757 76/1758/1758 59/1752/1752
f 68/1762/1762 79/1763/1763 61/1757/1757
f 111/1766/1766 110/1761/1761 98/1760/1760
f 111/1766/1766 98/1760/1760 102/1765/1765
f 453/1789/1789 520/1767/1767 461/1794/1794
f 461/1794/1794 520/1767/1767 504/1768/1768
f 461/1794/1794 504/1768/1768 454/1793/1793
f 454/1793/1793 504/1768/1768 500/1769/1769
f 454/1793/1793 500/1769/1769 451/1792/1792
f 451/1792/1792 500/1769/1769 449/1791/1791
f 451/1792/1792 449/1791/1791 394/1797/1797
f 394/1797/1797 449/1791/1791 382/1796/1796
f 394/1797/1797 382/1796/1796 322/1802/1802
f 322/1802/1802 382/1796/1796 321/1801/1801
f 322/1802/1802 321/1801/1801 227/1807/1807
f 227/1807/1807 321/1801/1801 218/1806/1806
f 227/1807/1807 218/1806/1806 189/1812/1812
f 189/1812/1812 218/1806/1806 185/1811/1811
f 189/1812/1812 185/1811/1811 156/1817/1817
f 156/1817/1817 185/1811/1811 154/1816/1816
f 156/1817/1817 154/1816/1816 123/1822/1822
f 123/1822/1822 154/1816/1816 93/1821/1821
f 123/1822/1822 93/1821/1821 83/1780/1780
f 83/1780/1780 93/1821/1821 78/1820/1820
f 83/1780/1780 78/1820/1820 63/1779/1779
f 63/1779/1779 78/1820/1820 52/1778/1778
f 52/1778/1778 78/1820/1820 67/1777/1777
f 67/1777/1777 78/1820/1820 139/1776/1776
f 139/1776/1776 78/1820/1820 147/1815/1815
f 139/1776/1776 147/1815/1815 177/1775/1775
f 177/1775/1775 147/1815/1815 179/1810/1810
f 177/1775/1775 179/1810/1810 211/1774/1774
f 211/1774/1774 179/1810/1810 215/1805/1805
f 211/1774/1774 215/1805/1805 289/1773/1773
f 289/1773/1773 215/1805/1805 319/1800/1800
f 289/1773/1773 319/1800/1800 351/1772/1772
f 351/1772/1772 319/1800/1800 378/1795/1795
f 351/1772/1772 378/1795/1795 433/1771/1771
f 433/1771/1771 378/1795/1795 448/1790/1790
f 433/1771/1771 448/1790/1790 494/1770/1770
f 494/1770/1770 448/1790/1790 500/1769/1769
f 500/1769/1769 448/1790/1790 449/1791/1791
f 83/1780/1780 108/1781/1781 123/1822/1822
f 123/1822/1822 108/1781/1781 142/1823/1823
f 123/1822/1822 142/1823/1823 156/1817/1817
f 156/1817/1817 142/1823/1823 160/1818/1818
f 156/1817/1817 160/1818/1818 189/1812/1812
f 189/1812/1812 160/1818/1818 190/1813/1813
f 189/1812/1812 190/1813/1813 227/1807/1807
f 227/1807/1807 190/1813/1813 231/1808/1808
f 227/1807/1807 231/1808/1808 322/1802/1802
f 322/1802/1802 231/1808/1808 325/1803/1803
f 322/1802/1802 325/1803/1803 394/1797/1797
f 394/1797/1797 325/1803/1803 400/1798/1798
f 394/1797/1797 400/1798/1798 451/1792/1792
f 451/1792/1792 400/1798/1798 454/1793/1793
f 108/1781/1781 131/1782/1782 142/1823/1823
f 142/1823/1823 131/1782/1782 148/1824/1824
f 142/1823/1823 148/1824/1824 160/1818/1818
f 160/1818/1818 148/1824/1824 166/1819/1819
f 160/1818/1818 166/1819/1819 190/1813/1813
f 190/1813/1813 166/1819/1819 191/1814/1814
f 190/1813/1813 191/1814/1814 231/1808/1808
f 231/1808/1808 191/1814/1814 236/1809/1809
f 231/1808/1808 236/1809/1809 325/1803/1803
f 325/1803/1803 236/1809/1809 328/1804/1804
f 325/1803/1803 328/1804/1804 400/1798/1798
f 400/1798/1798 328/1804/1804 416/1799/1799
f 400/1798/1798 416/1799/1799 454/1793/1793
f 454/1793/1793 416/1799/1799 461/1794/1794
f 131/1782/1782 150/1783/1783 148/1824/1824
f 148/1824/1824 150/1783/1783 166/1819/1819
f 150/1783/1783 174/1784/1784 166/1819/1819
f 166/1819/1819 174/1784/1784 191/1814/1814
f 174/1784/1784 196/1785/1785 191/1814/1814
f 191/1814/1814 196/1785/1785 236/1809/1809
f 196/1785/1785 244/1786/1786 236/1809/1809
f 236/1809/1809 244/1786/1786 327/1787/1787
f 236/1809/1809 327/1787/1787 328/1804/1804
f 328/1804/1804 327/1787/1787 381/1788/1788
f 328/1804/1804 381/1788/1788 416/1799/1799
f 416/1799/1799 381/1788/1788 453/1789/1789
f 416/1799/1799 453/1789/1789 461/1794/1794
f 382/1796/1796 449/1791/1791 448/1790/1790
f 321/1801/1801 382/1796/1796 378/1795/1795
f 378/1795/1795 382/1796/1796 448/1790/1790
f 218/1806/1806 321/1801/1801 319/1800/1800
f 319/1800/1800 321/1801/1801 378/1795/1795
f 185/1811/1811 218/1806/1806 215/1805/1805
f 215/1805/1805 218/1806/1806 319/1800/1800
f 154/1816/1816 185/1811/1811 179/1810/1810
f 179/1810/1810 185/1811/1811 215/1805/1805
f 93/1821/1821 154/1816/1816 147/1815/1815
f 147/1815/1815 154/1816/1816 179/1810/1810
f 78/1820/1820 93/1821/1821 147/1815/1815
f 70/1825/1825 72/1826/1826 58/1829/1829
f 58/1829/1829 72/1826/1826 50/1828/1828
f 50/1828/1828 72/1826/1826 44/1827/1827
f 44/1838/1838 72/1830/1830 40/1837/1837
f 40/1837/1837 72/1830/1830 56/1831/1831
f 40/1837/1837 56/1831/1831 32/1836/1836
f 32/1836/1836 56/1831/1831 54/1832/1832
f 32/1836/1836 54/1832/1832 28/1835/1835
f 28/1835/1835 54/1832/1832 52/1833/1833
f 28/1835/1835 52/1833/1833 25/1834/1834
f 52/1839/1839 67/1840/1840 25/1858/1858
f 25/1858/1858 67/1840/1840 139/1841/1841
f 25/1858/1858 139/1841/1841 138/1854/1854
f 138/1854/1854 139/1841/1841 176/1853/1853
f 176/1853/1853 139/1841/1841 177/1842/1842
f 176/1853/1853 177/1842/1842 210/1852/1852
f 210/1852/1852 177/1842/1842 211/1843/1843
f 210/1852/1852 211/1843/1843 288/1851/1851
f 288/1851/1851 211/1843/1843 289/1844/1844
f 288/1851/1851 289/1844/1844 350/1850/1850
f 350/1850/1850 289/1844/1844 351/1845/1845
f 350/1850/1850 351/1845/1845 432/1849/1849
f 432/1849/1849 351/1845/1845 433/1846/1846
f 432/1849/1849 433/1846/1846 493/1848/1848
f 493/1848/1848 433/1846/1846 494/1847/1847
f 25/1858/1858 138/1854/1854 24/1857/1857
f 24/1857/1857 138/1854/1854 66/1855/1855
f 24/1857/1857 66/1855/1855 51/1856/1856
f 432/1881/1881 493/1859/1859 486/1882/1882
f 486/1882/1882 493/1859/1859 499/1860/1860
f 486/1882/1882 499/1860/1860 487/1889/1889
f 487/1889/1889 499/1860/1860 503/1861/1861
f 487/1889/1889 503/1861/1861 488/1888/1888
f 488/1888/1888 503/1861/1861 491/1887/1887
f 488/1888/1888 491/1887/1887 440/1892/1892
f 440/1892/1892 491/1887/1887 447/1891/1891
f 440/1892/1892 447/1891/1891 395/1902/1902
f 395/1902/1902 447/1891/1891 403/1903/1903
f 395/1902/1902 403/1903/1903 347/1897/1897
f 347/1897/1897 403/1903/1903 348/1896/1896
f 347/1897/1897 348/1896/1896 305/1905/1905
f 305/1905/1905 348/1896/1896 314/1904/1904
f 305/1905/1905 314/1904/1904 235/1914/1914
f 235/1914/1914 314/1904/1904 249/1915/1915
f 235/1914/1914 249/1915/1915 200/1910/1910
f 200/1910/1910 249/1915/1915 209/1909/1909
f 200/1910/1910 209/1909/1909 178/1919/1919
f 178/1919/1919 209/1909/1909 182/1918/1918
f 178/1919/1919 182/1918/1918 151/1924/1924
f 151/1924/1924 182/1918/1918 155/1923/1923
f 151/1924/1924 155/1923/1923 109/1929/1929
f 109/1929/1929 155/1923/1923 137/1928/1928
f 109/1929/1929 137/1928/1928 82/1872/1872
f 82/1872/1872 137/1928/1928 107/1871/1871
f 107/1871/1871 137/1928/1928 143/1927/1927
f 107/1871/1871 143/1927/1927 130/1870/1870
f 130/1870/1870 143/1927/1927 149/1869/1869
f 149/1869/1869 143/1927/1927 159/1922/1922
f 149/1869/1869 159/1922/1922 173/1868/1868
f 173/1868/1868 159/1922/1922 188/1917/1917
f 173/1868/1868 188/1917/1917 195/1867/1867
f 195/1867/1867 188/1917/1917 212/1908/1908
f 195/1867/1867 212/1908/1908 243/1866/1866
f 243/1866/1866 212/1908/1908 256/1916/1916
f 243/1866/1866 256/1916/1916 320/1885/1885
f 320/1885/1885 256/1916/1916 249/1915/1915
f 320/1885/1885 249/1915/1915 314/1904/1904
f 503/1861/1861 519/1862/1862 491/1887/1887
f 491/1887/1887 519/1862/1862 492/1886/1886
f 491/1887/1887 492/1886/1886 447/1891/1891
f 447/1891/1891 492/1886/1886 450/1890/1890
f 447/1891/1891 450/1890/1890 403/1903/1903
f 403/1903/1903 450/1890/1890 417/1883/1883
f 403/1903/1903 417/1883/1883 348/1896/1896
f 348/1896/1896 417/1883/1883 349/1895/1895
f 348/1896/1896 349/1895/1895 314/1904/1904
f 314/1904/1904 349/1895/1895 320/1885/1885
f 519/1862/1862 452/1863/1863 492/1886/1886
f 492/1886/1886 452/1863/1863 450/1890/1890
f 450/1890/1890 452/1863/1863 417/1883/1883
f 417/1883/1883 452/1863/1863 380/1864/1864
f 417/1883/1883 380/1864/1864 349/1895/1895
f 349/1895/1895 380/1864/1864 326/1865/1865
f 349/1895/1895 326/1865/1865 320/1885/1885
f 320/1885/1885 326/1865/1865 243/1866/1866
f 82/1872/1872 62/1873/1873 109/1929/1929
f 109/1929/1929 62/1873/1873 92/1930/1930
f 109/1929/1929 92/1930/1930 151/1924/1924
f 151/1924/1924 92/1930/1930 146/1925/1925
f 151/1924/1924 146/1925/1925 178/1919/1919
f 178/1919/1919 146/1925/1925 175/1920/1920
f 178/1919/1919 175/1920/1920 200/1910/1910
f 200/1910/1910 175/1920/1920 197/1911/1911
f 200/1910/1910 197/1911/1911 235/1914/1914
f 235/1914/1914 197/1911/1911 232/1913/1913
f 235/1914/1914 232/1913/1913 305/1905/1905
f 305/1905/1905 232/1913/1913 294/1906/1906
f 305/1905/1905 294/1906/1906 347/1897/1897
f 347/1897/1897 294/1906/1906 344/1898/1898
f 347/1897/1897 344/1898/1898 395/1902/1902
f 395/1902/1902 344/1898/1898 385/1901/1901
f 395/1902/1902 385/1901/1901 440/1892/1892
f 440/1892/1892 385/1901/1901 439/1893/1893
f 440/1892/1892 439/1893/1893 488/1888/1888
f 488/1888/1888 439/1893/1893 487/1889/1889
f 92/1930/1930 62/1873/1873 77/1931/1931
f 77/1931/1931 62/1873/1873 51/1874/1874
f 77/1931/1931 51/1874/1874 66/1875/1875
f 77/1931/1931 66/1875/1875 136/1926/1926
f 136/1926/1926 66/1875/1875 138/1876/1876
f 136/1926/1926 138/1876/1876 165/1921/1921
f 165/1921/1921 138/1876/1876 176/1877/1877
f 165/1921/1921 176/1877/1877 192/1912/1912
f 192/1912/1912 176/1877/1877 210/1878/1878
f 192/1912/1912 210/1878/1878 228/1884/1884
f 228/1884/1884 210/1878/1878 288/1879/1879
f 228/1884/1884 288/1879/1879 283/1907/1907
f 283/1907/1907 288/1879/1879 339/1899/1899
f 283/1907/1907 339/1899/1899 344/1898/1898
f 344/1898/1898 339/1899/1899 385/1901/1901
f 288/1879/1879 350/1880/1880 339/1899/1899
f 339/1899/1899 350/1880/1880 379/1900/1900
f 339/1899/1899 379/1900/1900 385/1901/1901
f 385/1901/1901 379/1900/1900 439/1893/1893
f 350/1880/1880 432/1881/1881 379/1900/1900
f 379/1900/1900 432/1881/1881 434/1894/1894
f 379/1900/1900 434/1894/1894 439/1893/1893
f 439/1893/1893 434/1894/1894 487/1889/1889
f 434/1894/1894 432/1881/1881 486/1882/1882
f 434/1894/1894 486/1882/1882 487/1889/1889
f 283/1907/1907 344/1898/1898 294/1906/1906
f 228/1884/1884 283/1907/1907 294/1906/1906
f 228/1884/1884 294/1906/1906 232/1913/1913
f 249/1915/1915 256/1916/1916 209/1909/1909
f 209/1909/1909 256/1916/1916 212/1908/1908
f 209/1909/1909 212/1908/1908 182/1918/1918
f 182/1918/1918 212/1908/1908 188/1917/1917
f 182/1918/1918 188/1917/1917 155/1923/1923
f 155/1923/1923 188/1917/1917 159/1922/1922
f 155/1923/1923 159/1922/1922 137/1928/1928
f 137/1928/1928 159/1922/1922 143/1927/1927
f 228/1884/1884 232/1913/1913 192/1912/1912
f 192/1912/1912 232/1913/1913 197/1911/1911
f 192/1912/1912 197/1911/1911 165/1921/1921
f 165/1921/1921 197/1911/1911 175/1920/1920
f 165/1921/1921 175/1920/1920 136/1926/1926
f 136/1926/1926 175/1920/1920 146/1925/1925
f 136/1926/1926 146/1925/1925 77/1931/1931
f 77/1931/1931 146/1925/1925 92/1930/1930
f 124/1945/1945 121/1932/1932 114/1950/1950
f 114/1950/1950 121/1932/1932 103/1933/1933
f 114/1950/1950 103/1933/1933 101/1949/1949
f 101/1949/1949 103/1933/1933 90/1948/1948
f 101/1949/1949 90/1948/1948 97/1954/1954
f 97/1954/1954 90/1948/1948 84/1953/1953
f 97/1954/1954 84/1953/1953 107/1941/1941
f 107/1941/1941 84/1953/1953 82/1940/1940
f 82/1940/1940 84/1953/1953 75/1952/1952
f 82/1940/1940 75/1952/1952 62/1939/1939
f 62/1939/1939 75/1952/1952 60/1951/1951
f 62/1939/1939 60/1951/1951 51/1938/1938
f 51/1938/1938 60/1951/1951 53/1937/1937
f 53/1937/1937 60/1951/1951 55/1936/1936
f 55/1936/1936 60/1951/1951 73/1946/1946
f 55/1936/1936 73/1946/1946 71/1935/1935
f 71/1935/1935 73/1946/1946 80/1947/1947
f 71/1935/1935 80/1947/1947 88/1934/1934
f 88/1934/1934 80/1947/1947 90/1948/1948
f 88/1934/1934 90/1948/1948 103/1933/1933
f 97/1954/1954 107/1941/1941 115/1955/1955
f 115/1955/1955 107/1941/1941 130/1942/1942
f 115/1955/1955 130/1942/1942 128/1943/1943
f 128/1943/1943 126/1944/1944 115/1955/1955
f 115/1955/1955 126/1944/1944 124/1945/1945
f 115/1955/1955 124/1945/1945 114/1950/1950
f 84/1953/1953 90/1948/1948 80/1947/1947
f 60/1951/1951 75/1952/1952 73/1946/1946
f 73/1946/1946 75/1952/1952 80/1947/1947
f 75/1952/1952 84/1953/1953 80/1947/1947
f 115/1955/1955 114/1950/1950 101/1949/1949
f 115/1955/1955 101/1949/1949 97/1954/1954
f 71/1957/1957 88/1958/1958 69/1956/1956
f 69/1956/1956 88/1958/1958 94/1963/1963
f 94/1963/1963 88/1958/1958 103/1959/1959
f 94/1963/1963 103/1959/1959 119/1962/1962
f 119/1962/1962 103/1959/1959 121/1960/1960
f 119/1962/1962 121/1960/1960 117/1961/1961
f 761/1971/1971 763/1964/1964 759/1970/1970
f 759/1970/1970 763/1964/1964 741/1965/1965
f 759/1970/1970 741/1965/1965 735/1969/1969
f 735/1969/1969 741/1965/1965 733/1966/1966
f 735/1969/1969 733/1966/1966 745/1968/1968
f 745/1968/1968 733/1966/1966 746/1967/1967
f 794/1985/1985 801/1972/1972 782/1990/1990
f 782/1990/1990 801/1972/1972 803/1973/1973
f 782/1990/1990 803/1973/1973 781/1989/1989
f 781/1989/1989 803/1973/1973 812/1974/1974
f 781/1989/1989 812/1974/1974 786/1988/1988
f 786/1988/1988 812/1974/1974 793/1987/1987
f 786/1988/1988 793/1987/1987 766/1993/1993
f 766/1993/1993 793/1987/1987 767/1992/1992
f 766/1993/1993 767/1992/1992 740/1998/1998
f 740/1998/1998 767/1992/1992 744/1997/1997
f 740/1998/1998 744/1997/1997 733/1980/1980
f 733/1980/1980 744/1997/1997 754/1996/1996
f 733/1980/1980 754/1996/1996 746/1979/1979
f 746/1979/1979 754/1996/1996 777/1978/1978
f 777/1978/1978 754/1996/1996 780/1991/1991
f 777/1978/1978 780/1991/1991 806/1977/1977
f 806/1977/1977 780/1991/1991 804/1986/1986
f 806/1977/1977 804/1986/1986 828/1976/1976
f 828/1976/1976 804/1986/1986 816/1975/1975
f 816/1975/1975 804/1986/1986 793/1987/1987
f 816/1975/1975 793/1987/1987 812/1974/1974
f 733/1980/1980 741/1981/1981 740/1998/1998
f 740/1998/1998 741/1981/1981 752/1999/1999
f 740/1998/1998 752/1999/1999 766/1993/1993
f 766/1993/1993 752/1999/1999 765/1994/1994
f 766/1993/1993 765/1994/1994 786/1988/1988
f 786/1988/1988 765/1994/1994 781/1989/1989
f 752/1999/1999 741/1981/1981 755/2000/2000
f 755/2000/2000 741/1981/1981 763/1982/1982
f 755/2000/2000 763/1982/1982 771/1983/1983
f 755/2000/2000 771/1983/1983 768/1995/1995
f 768/1995/1995 771/1983/1983 784/1984/1984
f 768/1995/1995 784/1984/1984 782/1990/1990
f 782/1990/1990 784/1984/1984 794/1985/1985
f 767/1992/1992 793/1987/1987 804/1986/1986
f 768/1995/1995 782/1990/1990 781/1989/1989
f 768/1995/1995 781/1989/1989 765/1994/1994
f 744/1997/1997 767/1992/1992 780/1991/1991
f 780/1991/1991 767/1992/1992 804/1986/1986
f 754/1996/1996 744/1997/1997 780/1991/1991
f 755/2000/2000 768/1995/1995 765/1994/1994
f 755/2000/2000 765/1994/1994 752/1999/1999
f 1104/2023/2023 1058/2001/2001 1102/2028/2028
f 1102/2028/2028 1058/2001/2001 1079/2002/2002
f 1102/2028/2028 1079/2002/2002 1110/2027/2027
f 1110/2027/2027 1079/2002/2002 1093/2003/2003
f 1110/2027/2027 1093/2003/2003 1123/2026/2026
f 1123/2026/2026 1093/2003/2003 1135/2025/2025
f 1123/2026/2026 1135/2025/2025 1168/2031/2031
f 1168/2031/2031 1135/2025/2025 1177/2030/2030
f 1168/2031/2031 1177/2030/2030 1170/2036/2036
f 1170/2036/2036 1177/2030/2030 1179/2035/2035
f 1170/2036/2036 1179/2035/2035 1109/2041/2041
f 1109/2041/2041 1179/2035/2035 1122/2040/2040
f 1109/2041/2041 1122/2040/2040 1055/2046/2046
f 1055/2046/2046 1122/2040/2040 1069/2045/2045
f 1055/2046/2046 1069/2045/2045 1006/2051/2051
f 1006/2051/2051 1069/2045/2045 1024/2050/2050
f 1006/2051/2051 1024/2050/2050 892/2056/2056
f 892/2056/2056 1024/2050/2050 894/2055/2055
f 892/2056/2056 894/2055/2055 812/2014/2014
f 812/2014/2014 894/2055/2055 901/2054/2054
f 812/2014/2014 901/2054/2054 816/2013/2013
f 816/2013/2013 901/2054/2054 828/2012/2012
f 828/2012/2012 901/2054/2054 928/2011/2011
f 928/2011/2011 901/2054/2054 1038/2010/2010
f 1038/2010/2010 901/2054/2054 1031/2049/2049
f 1038/2010/2010 1031/2049/2049 1087/2009/2009
f 1087/2009/2009 1031/2049/2049 1076/2044/2044
f 1087/2009/2009 1076/2044/2044 1172/2008/2008
f 1172/2008/2008 1076/2044/2044 1149/2039/2039
f 1172/2008/2008 1149/2039/2039 1195/2007/2007
f 1195/2007/2007 1149/2039/2039 1191/2034/2034
f 1195/2007/2007 1191/2034/2034 1197/2006/2006
f 1197/2006/2006 1191/2034/2034 1190/2029/2029
f 1197/2006/2006 1190/2029/2029 1183/2005/2005
f 1183/2005/2005 1190/2029/2029 1164/2024/2024
f 1183/2005/2005 1164/2024/2024 1111/2004/2004
f 1111/2004/2004 1164/2024/2024 1093/2003/2003
f 1093/2003/2003 1164/2024/2024 1135/2025/2025
f 812/2014/2014 803/2015/2015 892/2056/2056
f 892/2056/2056 803/2015/2015 890/2057/2057
f 892/2056/2056 890/2057/2057 1006/2051/2051
f 1006/2051/2051 890/2057/2057 1001/2052/2052
f 1006/2051/2051 1001/2052/2052 1055/2046/2046
f 1055/2046/2046 1001/2052/2052 1053/2047/2047
f 1055/2046/2046 1053/2047/2047 1109/2041/2041
f 1109/2041/2041 1053/2047/2047 1100/2042/2042
f 1109/2041/2041 1100/2042/2042 1170/2036/2036
f 1170/2036/2036 1100/2042/2042 1155/2037/2037
f 1170/2036/2036 1155/2037/2037 1168/2031/2031
f 1168/2031/2031 1155/2037/2037 1152/2032/2032
f 1168/2031/2031 1152/2032/2032 1123/2026/2026
f 1123/2026/2026 1152/2032/2032 1110/2027/2027
f 803/2015/2015 801/2016/2016 890/2057/2057
f 890/2057/2057 801/2016/2016 887/2058/2058
f 890/2057/2057 887/2058/2058 1001/2052/2052
f 1001/2052/2052 887/2058/2058 996/2053/2053
f 1001/2052/2052 996/2053/2053 1053/2047/2047
f 1053/2047/2047 996/2053/2053 1048/2048/2048
f 1053/2047/2047 1048/2048/2048 1100/2042/2042
f 1100/2042/2042 1048/2048/2048 1095/2043/2043
f 1100/2042/2042 1095/2043/2043 1155/2037/2037
f 1155/2037/2037 1095/2043/2043 1136/2038/2038
f 1155/2037/2037 1136/2038/2038 1152/2032/2032
f 1152/2032/2032 1136/2038/2038 1134/2033/2033
f 1152/2032/2032 1134/2033/2033 1110/2027/2027
f 1110/2027/2027 1134/2033/2033 1102/2028/2028
f 801/2016/2016 888/2017/2017 887/2058/2058
f 887/2058/2058 888/2017/2017 996/2053/2053
f 888/2017/2017 999/2018/2018 996/2053/2053
f 996/2053/2053 999/2018/2018 1048/2048/2048
f 999/2018/2018 1051/2019/2019 1048/2048/2048
f 1048/2048/2048 1051/2019/2019 1095/2043/2043
f 1051/2019/2019 1096/2020/2020 1095/2043/2043
f 1095/2043/2043 1096/2020/2020 1130/2021/2021
f 1095/2043/2043 1130/2021/2021 1136/2038/2038
f 1136/2038/2038 1130/2021/2021 1139/2022/2022
f 1136/2038/2038 1139/2022/2022 1134/2033/2033
f 1134/2033/2033 1139/2022/2022 1104/2023/2023
f 1134/2033/2033 1104/2023/2023 1102/2028/2028
f 1177/2030/2030 1135/2025/2025 1164/2024/2024
f 1179/2035/2035 1177/2030/2030 1190/2029/2029
f 1190/2029/2029 1177/2030/2030 1164/2024/2024
f 1122/2040/2040 1179/2035/2035 1191/2034/2034
f 1191/2034/2034 1179/2035/2035 1190/2029/2029
f 1069/2045/2045 1122/2040/2040 1149/2039/2039
f 1149/2039/2039 1122/2040/2040 1191/2034/2034
f 1024/2050/2050 1069/2045/2045 1076/2044/2044
f 1076/2044/2044 1069/2045/2045 1149/2039/2039
f 894/2055/2055 1024/2050/2050 1031/2049/2049
f 1031/2049/2049 1024/2050/2050 1076/2044/2044
f 901/2054/2054 894/2055/2055 1031/2049/2049
f 745/2059/2059 746/2060/2060 757/2063/2063
f 757/2063/2063 746/2060/2060 769/2062/2062
f 769/2062/2062 746/2060/2060 787/2061/2061
f 787/2072/2072 746/2064/2064 797/2071/2071
f 797/2071/2071 746/2064/2064 777/2065/2065
f 797/2071/2071 777/2065/2065 836/2070/2070
f 836/2070/2070 777/2065/2065 806/2066/2066
f 836/2070/2070 806/2066/2066 846/2069/2069
f 846/2069/2069 806/2066/2066 828/2067/2067
f 846/2069/2069 828/2067/2067 860/2068/2068
f 828/2073/2073 928/2074/2074 860/2092/2092
f 860/2092/2092 928/2074/2074 1038/2075/2075
f 860/2092/2092 1038/2075/2075 1387/2088/2088
f 1387/2088/2088 1038/2075/2075 1359/2087/2087
f 1359/2087/2087 1038/2075/2075 1087/2076/2076
f 1359/2087/2087 1087/2076/2076 1331/2086/2086
f 1331/2086/2086 1087/2076/2076 1172/2077/2077
f 1331/2086/2086 1172/2077/2077 1294/2085/2085
f 1294/2085/2085 1172/2077/2077 1195/2078/2078
f 1294/2085/2085 1195/2078/2078 1253/2084/2084
f 1253/2084/2084 1195/2078/2078 1197/2079/2079
f 1253/2084/2084 1197/2079/2079 1210/2083/2083
f 1210/2083/2083 1197/2079/2079 1183/2080/2080
f 1210/2083/2083 1183/2080/2080 1125/2082/2082
f 1125/2082/2082 1183/2080/2080 1111/2081/2081
f 860/2092/2092 1387/2088/2088 1503/2091/2091
f 1503/2091/2091 1387/2088/2088 1418/2089/2089
f 1503/2091/2091 1418/2089/2089 1456/2090/2090
f 1210/2115/2115 1125/2093/2093 1180/2116/2116
f 1180/2116/2116 1125/2093/2093 1156/2094/2094
f 1180/2116/2116 1156/2094/2094 1182/2123/2123
f 1182/2123/2123 1156/2094/2094 1165/2095/2095
f 1182/2123/2123 1165/2095/2095 1187/2122/2122
f 1187/2122/2122 1165/2095/2095 1188/2121/2121
f 1187/2122/2122 1188/2121/2121 1217/2126/2126
f 1217/2126/2126 1188/2121/2121 1218/2125/2125
f 1217/2126/2126 1218/2125/2125 1240/2136/2136
f 1240/2136/2136 1218/2125/2125 1239/2137/2137
f 1240/2136/2136 1239/2137/2137 1261/2131/2131
f 1261/2131/2131 1239/2137/2137 1260/2130/2130
f 1261/2131/2131 1260/2130/2130 1301/2139/2139
f 1301/2139/2139 1260/2130/2130 1298/2138/2138
f 1301/2139/2139 1298/2138/2138 1324/2148/2148
f 1324/2148/2148 1298/2138/2138 1314/2149/2149
f 1324/2148/2148 1314/2149/2149 1339/2144/2144
f 1339/2144/2144 1314/2149/2149 1337/2143/2143
f 1339/2144/2144 1337/2143/2143 1370/2153/2153
f 1370/2153/2153 1337/2143/2143 1369/2152/2152
f 1370/2153/2153 1369/2152/2152 1396/2158/2158
f 1396/2158/2158 1369/2152/2152 1395/2157/2157
f 1396/2158/2158 1395/2157/2157 1420/2163/2163
f 1420/2163/2163 1395/2157/2157 1419/2162/2162
f 1420/2163/2163 1419/2162/2162 1443/2106/2106
f 1443/2106/2106 1419/2162/2162 1438/2105/2105
f 1438/2105/2105 1419/2162/2162 1417/2161/2161
f 1438/2105/2105 1417/2161/2161 1434/2104/2104
f 1434/2104/2104 1417/2161/2161 1410/2103/2103
f 1410/2103/2103 1417/2161/2161 1394/2156/2156
f 1410/2103/2103 1394/2156/2156 1380/2102/2102
f 1380/2102/2102 1394/2156/2156 1368/2151/2151
f 1380/2102/2102 1368/2151/2151 1348/2101/2101
f 1348/2101/2101 1368/2151/2151 1336/2142/2142
f 1348/2101/2101 1336/2142/2142 1326/2100/2100
f 1326/2100/2100 1336/2142/2142 1308/2150/2150
f 1326/2100/2100 1308/2150/2150 1295/2119/2119
f 1295/2119/2119 1308/2150/2150 1314/2149/2149
f 1295/2119/2119 1314/2149/2149 1298/2138/2138
f 1165/2095/2095 1142/2096/2096 1188/2121/2121
f 1188/2121/2121 1142/2096/2096 1185/2120/2120
f 1188/2121/2121 1185/2120/2120 1218/2125/2125
f 1218/2125/2125 1185/2120/2120 1214/2124/2124
f 1218/2125/2125 1214/2124/2124 1239/2137/2137
f 1239/2137/2137 1214/2124/2124 1235/2117/2117
f 1239/2137/2137 1235/2117/2117 1260/2130/2130
f 1260/2130/2130 1235/2117/2117 1258/2129/2129
f 1260/2130/2130 1258/2129/2129 1298/2138/2138
f 1298/2138/2138 1258/2129/2129 1295/2119/2119
f 1142/2096/2096 1212/2097/2097 1185/2120/2120
f 1185/2120/2120 1212/2097/2097 1214/2124/2124
f 1214/2124/2124 1212/2097/2097 1235/2117/2117
f 1235/2117/2117 1212/2097/2097 1250/2098/2098
f 1235/2117/2117 1250/2098/2098 1258/2129/2129
f 1258/2129/2129 1250/2098/2098 1292/2099/2099
f 1258/2129/2129 1292/2099/2099 1295/2119/2119
f 1295/2119/2119 1292/2099/2099 1326/2100/2100
f 1443/2106/2106 1449/2107/2107 1420/2163/2163
f 1420/2163/2163 1449/2107/2107 1421/2164/2164
f 1420/2163/2163 1421/2164/2164 1396/2158/2158
f 1396/2158/2158 1421/2164/2164 1397/2159/2159
f 1396/2158/2158 1397/2159/2159 1370/2153/2153
f 1370/2153/2153 1397/2159/2159 1372/2154/2154
f 1370/2153/2153 1372/2154/2154 1339/2144/2144
f 1339/2144/2144 1372/2154/2154 1340/2145/2145
f 1339/2144/2144 1340/2145/2145 1324/2148/2148
f 1324/2148/2148 1340/2145/2145 1323/2147/2147
f 1324/2148/2148 1323/2147/2147 1301/2139/2139
f 1301/2139/2139 1323/2147/2147 1299/2140/2140
f 1301/2139/2139 1299/2140/2140 1261/2131/2131
f 1261/2131/2131 1299/2140/2140 1259/2132/2132
f 1261/2131/2131 1259/2132/2132 1240/2136/2136
f 1240/2136/2136 1259/2132/2132 1238/2135/2135
f 1240/2136/2136 1238/2135/2135 1217/2126/2126
f 1217/2126/2126 1238/2135/2135 1215/2127/2127
f 1217/2126/2126 1215/2127/2127 1187/2122/2122
f 1187/2122/2122 1215/2127/2127 1182/2123/2123
f 1421/2164/2164 1449/2107/2107 1424/2165/2165
f 1424/2165/2165 1449/2107/2107 1456/2108/2108
f 1424/2165/2165 1456/2108/2108 1418/2109/2109
f 1424/2165/2165 1418/2109/2109 1398/2160/2160
f 1398/2160/2160 1418/2109/2109 1387/2110/2110
f 1398/2160/2160 1387/2110/2110 1371/2155/2155
f 1371/2155/2155 1387/2110/2110 1359/2111/2111
f 1371/2155/2155 1359/2111/2111 1338/2146/2146
f 1338/2146/2146 1359/2111/2111 1331/2112/2112
f 1338/2146/2146 1331/2112/2112 1311/2118/2118
f 1311/2118/2118 1331/2112/2112 1294/2113/2113
f 1311/2118/2118 1294/2113/2113 1296/2141/2141
f 1296/2141/2141 1294/2113/2113 1257/2133/2133
f 1296/2141/2141 1257/2133/2133 1259/2132/2132
f 1259/2132/2132 1257/2133/2133 1238/2135/2135
f 1294/2113/2113 1253/2114/2114 1257/2133/2133
f 1257/2133/2133 1253/2114/2114 1233/2134/2134
f 1257/2133/2133 1233/2134/2134 1238/2135/2135
f 1238/2135/2135 1233/2134/2134 1215/2127/2127
f 1253/2114/2114 1210/2115/2115 1233/2134/2134
f 1233/2134/2134 1210/2115/2115 1209/2128/2128
f 1233/2134/2134 1209/2128/2128 1215/2127/2127
f 1215/2127/2127 1209/2128/2128 1182/2123/2123
f 1209/2128/2128 1210/2115/2115 1180/2116/2116
f 1209/2128/2128 1180/2116/2116 1182/2123/2123
f 1296/2141/2141 1259/2132/2132 1299/2140/2140
f 1311/2118/2118 1296/2141/2141 1299/2140/2140
f 1311/2118/2118 1299/2140/2140 1323/2147/2147
f 1314/2149/2149 1308/2150/2150 1337/2143/2143
f 1337/2143/2143 1308/2150/2150 1336/2142/2142
f 1337/2143/2143 1336/2142/2142 1369/2152/2152
f 1369/2152/2152 1336/2142/2142 1368/2151/2151
f 1369/2152/2152 1368/2151/2151 1395/2157/2157
f 1395/2157/2157 1368/2151/2151 1394/2156/2156
f 1395/2157/2157 1394/2156/2156 1419/2162/2162
f 1419/2162/2162 1394/2156/2156 1417/2161/2161
f 1311/2118/2118 1323/2147/2147 1338/2146/2146
f 1338/2146/2146 1323/2147/2147 1340/2145/2145
f 1338/2146/2146 1340/2145/2145 1371/2155/2155
f 1371/2155/2155 1340/2145/2145 1372/2154/2154
f 1371/2155/2155 1372/2154/2154 1398/2160/2160
f 1398/2160/2160 1372/2154/2154 1397/2159/2159
f 1398/2160/2160 1397/2159/2159 1424/2165/2165
f 1424/2165/2165 1397/2159/2159 1421/2164/2164
f 1451/2179/2179 1458/2166/2166 1464/2184/2184
f 1464/2184/2184 1458/2166/2166 1476/2167/2167
f 1464/2184/2184 1476/2167/2167 1475/2183/2183
f 1475/2183/2183 1476/2167/2167 1486/2182/2182
f 1475/2183/2183 1486/2182/2182 1461/2188/2188
f 1461/2188/2188 1486/2182/2182 1470/2187/2187
f 1461/2188/2188 1470/2187/2187 1438/2175/2175
f 1438/2175/2175 1470/2187/2187 1443/2174/2174
f 1443/2174/2174 1470/2187/2187 1477/2186/2186
f 1443/2174/2174 1477/2186/2186 1449/2173/2173
f 1449/2173/2173 1477/2186/2186 1481/2185/2185
f 1449/2173/2173 1481/2185/2185 1456/2172/2172
f 1456/2172/2172 1481/2185/2185 1484/2171/2171
f 1484/2171/2171 1481/2185/2185 1495/2170/2170
f 1495/2170/2170 1481/2185/2185 1496/2180/2180
f 1495/2170/2170 1496/2180/2180 1498/2169/2169
f 1498/2169/2169 1496/2180/2180 1490/2181/2181
f 1498/2169/2169 1490/2181/2181 1489/2168/2168
f 1489/2168/2168 1490/2181/2181 1486/2182/2182
f 1489/2168/2168 1486/2182/2182 1476/2167/2167
f 1461/2188/2188 1438/2175/2175 1447/2189/2189
f 1447/2189/2189 1438/2175/2175 1434/2176/2176
f 1447/2189/2189 1434/2176/2176 1439/2177/2177
f 1439/2177/2177 1444/2178/2178 1447/2189/2189
f 1447/2189/2189 1444/2178/2178 1451/2179/2179
f 1447/2189/2189 1451/2179/2179 1464/2184/2184
f 1470/2187/2187 1486/2182/2182 1490/2181/2181
f 1481/2185/2185 1477/2186/2186 1496/2180/2180
f 1496/2180/2180 1477/2186/2186 1490/2181/2181
f 1477/2186/2186 1470/2187/2187 1490/2181/2181
f 1447/2189/2189 1464/2184/2184 1475/2183/2183
f 1447/2189/2189 1475/2183/2183 1461/2188/2188
f 1498/2191/2191 1489/2192/2192 1497/2190/2190
f 1497/2190/2190 1489/2192/2192 1483/2197/2197
f 1483/2197/2197 1489/2192/2192 1476/2193/2193
f 1483/2197/2197 1476/2193/2193 1459/2196/2196
f 1459/2196/2196 1476/2193/2193 1458/2194/2194
f 1459/2196/2196 1458/2194/2194 1457/2195/2195
f 1453/2205/2205 1454/2198/2198 1455/2204/2204
f 1455/2204/2204 1454/2198/2198 1472/2199/2199
f 1455/2204/2204 1472/2199/2199 1478/2203/2203
f 1478/2203/2203 1472/2199/2199 1487/2200/2200
f 1478/2203/2203 1487/2200/2200 1493/2202/2202
f 1493/2202/2202 1487/2200/2200 1494/2201/2201
f 1441/2218/2218 1432/2206/2206 1442/2223/2223
f 1442/2223/2223 1432/2206/2206 1435/2207/2207
f 1442/2223/2223 1435/2207/2207 1450/2222/2222
f 1450/2222/2222 1435/2207/2207 1440/2208/2208
f 1450/2222/2222 1440/2208/2208 1462/2221/2221
f 1462/2221/2221 1440/2208/2208 1465/2220/2220
f 1462/2221/2221 1465/2220/2220 1474/2226/2226
f 1474/2226/2226 1465/2220/2220 1479/2225/2225
f 1474/2226/2226 1479/2225/2225 1482/2231/2231
f 1482/2231/2231 1479/2225/2225 1488/2230/2230
f 1482/2231/2231 1488/2230/2230 1487/2214/2214
f 1487/2214/2214 1488/2230/2230 1492/2229/2229
f 1487/2214/2214 1492/2229/2229 1494/2213/2213
f 1494/2213/2213 1492/2229/2229 1491/2212/2212
f 1491/2212/2212 1492/2229/2229 1485/2224/2224
f 1491/2212/2212 1485/2224/2224 1480/2211/2211
f 1480/2211/2211 1485/2224/2224 1473/2219/2219
f 1480/2211/2211 1473/2219/2219 1452/2210/2210
f 1452/2210/2210 1473/2219/2219 1445/2209/2209
f 1445/2209/2209 1473/2219/2219 1465/2220/2220
f 1445/2209/2209 1465/2220/2220 1440/2208/2208
f 1487/2214/2214 1472/2215/2215 1482/2231/2231
f 1482/2231/2231 1472/2215/2215 1471/2232/2232
f 1482/2231/2231 1471/2232/2232 1474/2226/2226
f 1474/2226/2226 1471/2232/2232 1463/2227/2227
f 1474/2226/2226 1463/2227/2227 1462/2221/2221
f 1462/2221/2221 1463/2227/2227 1450/2222/2222
f 1471/2232/2232 1472/2215/2215 1460/2233/2233
f 1460/2233/2233 1472/2215/2215 1454/2216/2216
f 1460/2233/2233 1454/2216/2216 1446/2217/2217
f 1460/2233/2233 1446/2217/2217 1448/2228/2228
f 1448/2228/2228 1446/2217/2217 1441/2218/2218
f 1448/2228/2228 1441/2218/2218 1442/2223/2223
f 1479/2225/2225 1465/2220/2220 1473/2219/2219
f 1448/2228/2228 1442/2223/2223 1450/2222/2222
f 1448/2228/2228 1450/2222/2222 1463/2227/2227
f 1488/2230/2230 1479/2225/2225 1485/2224/2224
f 1485/2224/2224 1479/2225/2225 1473/2219/2219
f 1492/2229/2229 1488/2230/2230 1485/2224/2224
f 1460/2233/2233 1448/2228/2228 1463/2227/2227
f 1460/2233/2233 1463/2227/2227 1471/2232/2232
f 1211/2256/2256 1143/2234/2234 1205/2261/2261
f 1205/2261/2261 1143/2234/2234 1166/2235/2235
f 1205/2261/2261 1166/2235/2235 1207/2260/2260
f 1207/2260/2260 1166/2235/2235 1206/2259/2259
f 1207/2260/2260 1206/2259/2259 1236/2265/2265
f 1236/2265/2265 1206/2259/2259 1237/2264/2264
f 1236/2265/2265 1237/2264/2264 1288/2270/2270
f 1288/2270/2270 1237/2264/2264 1290/2269/2269
f 1288/2270/2270 1290/2269/2269 1330/2275/2275
f 1330/2275/2275 1290/2269/2269 1333/2274/2274
f 1330/2275/2275 1333/2274/2274 1354/2280/2280
f 1354/2280/2280 1333/2274/2274 1357/2279/2279
f 1354/2280/2280 1357/2279/2279 1382/2285/2285
f 1382/2285/2285 1357/2279/2279 1383/2284/2284
f 1382/2285/2285 1383/2284/2284 1412/2290/2290
f 1412/2290/2290 1383/2284/2284 1413/2289/2289
f 1412/2290/2290 1413/2289/2289 1435/2248/2248
f 1435/2248/2248 1413/2289/2289 1440/2247/2247
f 1440/2247/2247 1413/2289/2289 1414/2288/2288
f 1440/2247/2247 1414/2288/2288 1415/2287/2287
f 1415/2287/2287 1414/2288/2288 1385/2282/2282
f 1415/2287/2287 1385/2282/2282 1386/2243/2243
f 1386/2243/2243 1385/2282/2282 1355/2242/2242
f 1355/2242/2242 1385/2282/2282 1356/2277/2277
f 1355/2242/2242 1356/2277/2277 1329/2241/2241
f 1329/2241/2241 1356/2277/2277 1328/2272/2272
f 1329/2241/2241 1328/2272/2272 1293/2240/2240
f 1293/2240/2240 1328/2272/2272 1287/2267/2267
f 1293/2240/2240 1287/2267/2267 1251/2239/2239
f 1251/2239/2239 1287/2267/2267 1231/2262/2262
f 1251/2239/2239 1231/2262/2262 1208/2238/2238
f 1208/2238/2238 1231/2262/2262 1203/2257/2257
f 1208/2238/2238 1203/2257/2257 1126/2237/2237
f 1126/2237/2237 1203/2257/2257 1157/2236/2236
f 1157/2236/2236 1203/2257/2257 1204/2258/2258
f 1157/2236/2236 1204/2258/2258 1206/2259/2259
f 1206/2259/2259 1204/2258/2258 1237/2264/2264
f 1166/2235/2235 1157/2236/2236 1206/2259/2259
f 1386/2243/2243 1416/2244/2244 1415/2287/2287
f 1415/2287/2287 1416/2244/2244 1452/2245/2245
f 1415/2287/2287 1452/2245/2245 1445/2246/2246
f 1445/2246/2246 1440/2247/2247 1415/2287/2287
f 1435/2248/2248 1432/2249/2249 1412/2290/2290
f 1412/2290/2290 1432/2249/2249 1411/2291/2291
f 1412/2290/2290 1411/2291/2291 1382/2285/2285
f 1382/2285/2285 1411/2291/2291 1381/2286/2286
f 1382/2285/2285 1381/2286/2286 1354/2280/2280
f 1354/2280/2280 1381/2286/2286 1351/2281/2281
f 1354/2280/2280 1351/2281/2281 1330/2275/2275
f 1330/2275/2275 1351/2281/2281 1327/2276/2276
f 1330/2275/2275 1327/2276/2276 1288/2270/2270
f 1288/2270/2270 1327/2276/2276 1286/2271/2271
f 1288/2270/2270 1286/2271/2271 1236/2265/2265
f 1236/2265/2265 1286/2271/2271 1232/2266/2266
f 1236/2265/2265 1232/2266/2266 1207/2260/2260
f 1207/2260/2260 1232/2266/2266 1205/2261/2261
f 1432/2249/2249 1409/2250/2250 1411/2291/2291
f 1411/2291/2291 1409/2250/2250 1381/2286/2286
f 1409/2250/2250 1379/2251/2251 1381/2286/2286
f 1381/2286/2286 1379/2251/2251 1351/2281/2281
f 1379/2251/2251 1347/2252/2252 1351/2281/2281
f 1351/2281/2281 1347/2252/2252 1327/2276/2276
f 1347/2252/2252 1325/2253/2253 1327/2276/2276
f 1327/2276/2276 1325/2253/2253 1291/2254/2254
f 1327/2276/2276 1291/2254/2254 1286/2271/2271
f 1286/2271/2271 1291/2254/2254 1248/2255/2255
f 1286/2271/2271 1248/2255/2255 1232/2266/2266
f 1232/2266/2266 1248/2255/2255 1211/2256/2256
f 1232/2266/2266 1211/2256/2256 1205/2261/2261
f 1204/2258/2258 1203/2257/2257 1234/2263/2263
f 1234/2263/2263 1203/2257/2257 1231/2262/2262
f 1234/2263/2263 1231/2262/2262 1289/2268/2268
f 1289/2268/2268 1231/2262/2262 1287/2267/2267
f 1289/2268/2268 1287/2267/2267 1332/2273/2273
f 1332/2273/2273 1287/2267/2267 1328/2272/2272
f 1332/2273/2273 1328/2272/2272 1358/2278/2278
f 1358/2278/2278 1328/2272/2272 1356/2277/2277
f 1358/2278/2278 1356/2277/2277 1384/2283/2283
f 1384/2283/2283 1356/2277/2277 1385/2282/2282
f 1384/2283/2283 1385/2282/2282 1414/2288/2288
f 1290/2269/2269 1237/2264/2264 1234/2263/2263
f 1234/2263/2263 1237/2264/2264 1204/2258/2258
f 1290/2269/2269 1234/2263/2263 1289/2268/2268
f 1333/2274/2274 1290/2269/2269 1289/2268/2268
f 1333/2274/2274 1289/2268/2268 1332/2273/2273
f 1357/2279/2279 1333/2274/2274 1332/2273/2273
f 1357/2279/2279 1332/2273/2273 1358/2278/2278
f 1383/2284/2284 1357/2279/2279 1358/2278/2278
f 1383/2284/2284 1358/2278/2278 1384/2283/2283
f 1413/2289/2289 1383/2284/2284 1384/2283/2283
f 1413/2289/2289 1384/2283/2283 1414/2288/2288
f 269/2292/2292 286/2293/2293 267/2295/2295
f 267/2295/2295 286/2293/2293 284/2294/2294
f 392/2296/2296 489/2297/2297 388/2310/2310
f 388/2310/2310 489/2297/2297 404/2309/2309
f 404/2309/2309 489/2297/2297 424/2308/2308
f 424/2308/2308 489/2297/2297 513/2307/2307
f 513/2307/2307 489/2297/2297 568/2298/2298
f 513/2307/2307 568/2298/2298 579/2306/2306
f 579/2306/2306 568/2298/2298 699/2305/2305
f 699/2305/2305 568/2298/2298 683/2299/2299
f 699/2305/2305 683/2299/2299 822/2304/2304
f 822/2304/2304 683/2299/2299 836/2301/2301
f 822/2304/2304 836/2301/2301 846/2302/2302
f 683/2299/2299 797/2300/2300 836/2301/2301
f 846/2302/2302 860/2303/2303 822/2304/2304
f 284/2318/2318 286/2311/2311 301/2317/2317
f 301/2317/2317 286/2311/2311 299/2312/2312
f 301/2317/2317 299/2312/2312 295/2316/2316
f 295/2316/2316 299/2312/2312 279/2313/2313
f 295/2316/2316 279/2313/2313 275/2315/2315
f 275/2315/2315 279/2313/2313 277/2314/2314
f 248/2320/2320 230/2321/2321 246/2319/2319
f 246/2319/2319 230/2321/2321 217/2322/2322
f 246/2319/2319 217/2322/2322 204/2323/2323
f 246/2319/2319 204/2323/2323 181/2333/2333
f 181/2333/2333 204/2323/2323 206/2324/2324
f 181/2333/2333 206/2324/2324 145/2325/2325
f 181/2333/2333 145/2325/2325 87/2332/2332
f 87/2332/2332 145/2325/2325 46/2326/2326
f 87/2332/2332 46/2326/2326 42/2331/2331
f 42/2331/2331 46/2326/2326 34/2327/2327
f 42/2331/2331 34/2327/2327 30/2330/2330
f 30/2330/2330 34/2327/2327 26/2328/2328
f 30/2330/2330 26/2328/2328 22/2329/2329
f 262/2334/2334 187/2335/2335 240/2348/2348
f 240/2348/2348 187/2335/2335 220/2347/2347
f 220/2347/2347 187/2335/2335 206/2346/2346
f 206/2346/2346 187/2335/2335 145/2345/2345
f 145/2345/2345 187/2335/2335 100/2336/2336
f 145/2345/2345 100/2336/2336 46/2344/2344
f 46/2344/2344 100/2336/2336 48/2337/2337
f 46/2344/2344 48/2337/2337 34/2343/2343
f 34/2343/2343 48/2337/2337 40/2338/2338
f 34/2343/2343 40/2338/2338 26/2342/2342
f 26/2342/2342 40/2338/2338 32/2339/2339
f 26/2342/2342 32/2339/2339 28/2340/2340
f 28/2340/2340 25/2341/2341 26/2342/2342
f 1518/2363/2363 1514/2349/2349 1533/2360/2360
f 1533/2360/2360 1514/2349/2349 1560/2350/2350
f 1533/2360/2360 1560/2350/2350 1571/2359/2359
f 1571/2359/2359 1560/2350/2350 1597/2358/2358
f 1597/2358/2358 1560/2350/2350 1586/2351/2351
f 1597/2358/2358 1586/2351/2351 1619/2357/2357
f 1619/2357/2357 1586/2351/2351 1608/2352/2352
f 1619/2357/2357 1608/2352/2352 1640/2356/2356
f 1640/2356/2356 1608/2352/2352 1621/2353/2353
f 1640/2356/2356 1621/2353/2353 1628/2354/2354
f 1628/2354/2354 1636/2355/2355 1640/2356/2356
f 1503/2361/2361 1511/2362/2362 1533/2360/2360
f 1533/2360/2360 1511/2362/2362 1518/2363/2363
f 364/2365/2365 376/2366/2366 362/2364/2364
f 362/2364/2364 376/2366/2366 406/2367/2367
f 362/2364/2364 406/2367/2367 422/2368/2368
f 362/2364/2364 422/2368/2368 457/2378/2378
f 457/2378/2378 422/2368/2368 424/2369/2369
f 457/2378/2378 424/2369/2369 513/2370/2370
f 457/2378/2378 513/2370/2370 539/2377/2377
f 539/2377/2377 513/2370/2370 579/2371/2371
f 539/2377/2377 579/2371/2371 599/2376/2376
f 599/2376/2376 579/2371/2371 699/2372/2372
f 599/2376/2376 699/2372/2372 705/2375/2375
f 705/2375/2375 699/2372/2372 822/2373/2373
f 705/2375/2375 822/2373/2373 820/2374/2374
f 1626/2392/2392 1620/2379/2379 1638/2390/2390
f 1638/2390/2390 1620/2379/2379 1607/2380/2380
f 1638/2390/2390 1607/2380/2380 1622/2389/2389
f 1622/2389/2389 1607/2380/2380 1604/2388/2388
f 1604/2388/2388 1607/2380/2380 1585/2381/2381
f 1604/2388/2388 1585/2381/2381 1574/2387/2387
f 1574/2387/2387 1585/2381/2381 1558/2382/2382
f 1574/2387/2387 1558/2382/2382 1554/2386/2386
f 1554/2386/2386 1558/2382/2382 1512/2383/2383
f 1554/2386/2386 1512/2383/2383 1515/2384/2384
f 1515/2384/2384 1506/2385/2385 1554/2386/2386
f 1638/2390/2390 1635/2391/2391 1626/2392/2392
f 861/2401/2401 829/2393/2393 847/2400/2400
f 847/2400/2400 829/2393/2393 807/2394/2394
f 847/2400/2400 807/2394/2394 837/2399/2399
f 837/2399/2399 807/2394/2394 778/2395/2395
f 837/2399/2399 778/2395/2395 798/2398/2398
f 798/2398/2398 778/2395/2395 748/2396/2396
f 798/2398/2398 748/2396/2396 788/2397/2397
f 1126/2421/2421 1112/2402/2402 1208/2420/2420
f 1208/2420/2420 1112/2402/2402 1184/2403/2403
f 1208/2420/2420 1184/2403/2403 1251/2419/2419
f 1251/2419/2419 1184/2403/2403 1198/2404/2404
f 1251/2419/2419 1198/2404/2404 1293/2418/2418
f 1293/2418/2418 1198/2404/2404 1196/2405/2405
f 1293/2418/2418 1196/2405/2405 1329/2417/2417
f 1329/2417/2417 1196/2405/2405 1173/2406/2406
f 1329/2417/2417 1173/2406/2406 1355/2416/2416
f 1355/2416/2416 1173/2406/2406 1088/2407/2407
f 1355/2416/2416 1088/2407/2407 1386/2415/2415
f 1386/2415/2415 1088/2407/2407 1039/2408/2408
f 1386/2415/2415 1039/2408/2408 1500/2412/2412
f 1500/2412/2412 1039/2408/2408 861/2411/2411
f 861/2411/2411 1039/2408/2408 929/2409/2409
f 861/2411/2411 929/2409/2409 829/2410/2410
f 1452/2413/2413 1416/2414/2414 1500/2412/2412
f 1500/2412/2412 1416/2414/2414 1386/2415/2415
f 24/2430/2430 51/2422/2422 27/2429/2429
f 27/2429/2429 51/2422/2422 53/2423/2423
f 27/2429/2429 53/2423/2423 31/2428/2428
f 31/2428/2428 53/2423/2423 55/2424/2424
f 31/2428/2428 55/2424/2424 39/2427/2427
f 39/2427/2427 55/2424/2424 71/2425/2425
f 39/2427/2427 71/2425/2425 43/2426/2426
f 69/2432/2432 57/2433/2433 71/2431/2431
f 71/2431/2431 57/2433/2433 49/2434/2434
f 71/2431/2431 49/2434/2434 43/2435/2435
f 1503/2444/2444 1456/2436/2436 1511/2443/2443
f 1511/2443/2443 1456/2436/2436 1484/2437/2437
f 1511/2443/2443 1484/2437/2437 1518/2442/2442
f 1518/2442/2442 1484/2437/2437 1495/2438/2438
f 1518/2442/2442 1495/2438/2438 1514/2441/2441
f 1514/2441/2441 1495/2438/2438 1498/2439/2439
f 1514/2441/2441 1498/2439/2439 1510/2440/2440
f 1509/2459/2459 1494/2445/2445 1512/2458/2458
f 1512/2458/2458 1494/2445/2445 1491/2446/2446
f 1512/2458/2458 1491/2446/2446 1515/2457/2457
f 1515/2457/2457 1491/2446/2446 1480/2447/2447
f 1515/2457/2457 1480/2447/2447 1506/2456/2456
f 1506/2456/2456 1480/2447/2447 1452/2448/2448
f 1506/2456/2456 1452/2448/2448 1507/2450/2450
f 1507/2450/2450 1452/2448/2448 1500/2449/2449
f 1507/2450/2450 1516/2451/2451 1506/2456/2456
f 1506/2456/2456 1516/2451/2451 1519/2455/2455
f 1519/2455/2455 1516/2451/2451 1520/2452/2452
f 1519/2455/2455 1520/2452/2452 1522/2454/2454
f 1522/2454/2454 1520/2452/2452 1531/2453/2453
f 1520/2461/2461 1500/2464/2464 1531/2460/2460
f 1531/2460/2460 1500/2464/2464 861/2465/2465
f 1531/2460/2460 861/2465/2465 821/2467/2467
f 821/2467/2467 861/2465/2465 823/2466/2466
f 1516/2462/2462 1507/2463/2463 1520/2461/2461
f 1520/2461/2461 1507/2463/2463 1500/2464/2464
f 821/2467/2467 1530/2468/2468 1531/2460/2460
f 23/2470/2470 21/2471/2471 24/2469/2469
f 24/2469/2469 21/2471/2471 22/2472/2472
f 24/2469/2469 22/2472/2472 25/2474/2474
f 25/2474/2474 22/2472/2472 26/2473/2473
f 747/2476/2476 758/2477/2477 748/2475/2475
f 748/2475/2475 758/2477/2477 770/2478/2478
f 748/2475/2475 770/2478/2478 788/2479/2479
f 1497/2481/2481 1501/2482/2482 1498/2480/2480
f 1498/2480/2480 1501/2482/2482 1508/2483/2483
f 1498/2480/2480 1508/2483/2483 1510/2484/2484
f 1493/2485/2485 1494/2486/2486 1499/2489/2489
f 1499/2489/2489 1494/2486/2486 1505/2488/2488
f 1505/2488/2488 1494/2486/2486 1509/2487/2487
f 798/2490/2490 684/2491/2491 837/2504/2504
f 837/2504/2504 684/2491/2491 823/2501/2501
f 837/2504/2504 823/2501/2501 847/2503/2503
f 847/2503/2503 823/2501/2501 861/2502/2502
f 823/2501/2501 684/2491/2491 700/2500/2500
f 700/2500/2500 684/2491/2491 569/2492/2492
f 700/2500/2500 569/2492/2492 580/2499/2499
f 580/2499/2499 569/2492/2492 514/2498/2498
f 514/2498/2498 569/2492/2492 490/2493/2493
f 514/2498/2498 490/2493/2493 425/2497/2497
f 425/2497/2497 490/2493/2493 405/2496/2496
f 405/2496/2496 490/2493/2493 389/2495/2495
f 389/2495/2495 490/2493/2493 393/2494/2494
f 1533/2506/2506 1532/2507/2507 1503/2505/2505
f 1503/2505/2505 1532/2507/2507 820/2508/2508
f 1503/2505/2505 820/2508/2508 860/2510/2510
f 860/2510/2510 820/2508/2508 822/2509/2509
f 1552/2512/2512 1591/2568/2568 1561/2511/2511
f 1561/2511/2511 1591/2568/2568 1598/2569/2569
f 1561/2511/2511 1598/2569/2569 1605/2570/2570
f 1591/2568/2568 1552/2512/2512 1575/2567/2567
f 1575/2567/2567 1552/2512/2512 1524/2513/2513
f 1575/2567/2567 1524/2513/2513 1557/2566/2566
f 1557/2566/2566 1524/2513/2513 1521/2565/2565
f 1521/2565/2565 1524/2513/2513 1436/2514/2514
f 1521/2565/2565 1436/2514/2514 1427/2564/2564
f 1427/2564/2564 1436/2514/2514 1403/2515/2515
f 1427/2564/2564 1403/2515/2515 1392/2563/2563
f 1392/2563/2563 1403/2515/2515 1373/2516/2516
f 1392/2563/2563 1373/2516/2516 1342/2562/2562
f 1342/2562/2562 1373/2516/2516 1334/2517/2517
f 1342/2562/2562 1334/2517/2517 1302/2561/2561
f 1302/2561/2561 1334/2517/2517 1297/2518/2518
f 1302/2561/2561 1297/2518/2518 1247/2560/2560
f 1247/2560/2560 1297/2518/2518 1255/2519/2519
f 1247/2560/2560 1255/2519/2519 1199/2559/2559
f 1199/2559/2559 1255/2519/2519 1223/2520/2520
f 1199/2559/2559 1223/2520/2520 1068/2558/2558
f 1068/2558/2558 1223/2520/2520 1193/2521/2521
f 1068/2558/2558 1193/2521/2521 1025/2557/2557
f 1025/2557/2557 1193/2521/2521 1176/2522/2522
f 1025/2557/2557 1176/2522/2522 992/2556/2556
f 992/2556/2556 1176/2522/2522 1026/2555/2555
f 1026/2555/2555 1176/2522/2522 1194/2523/2523
f 1026/2555/2555 1194/2523/2523 1070/2554/2554
f 1070/2554/2554 1194/2523/2523 1224/2524/2524
f 1070/2554/2554 1224/2524/2524 1200/2553/2553
f 1200/2553/2553 1224/2524/2524 1256/2525/2525
f 1200/2553/2553 1256/2525/2525 1249/2552/2552
f 1249/2552/2552 1256/2525/2525 1300/2526/2526
f 1249/2552/2552 1300/2526/2526 1303/2551/2551
f 1303/2551/2551 1300/2526/2526 1335/2527/2527
f 1303/2551/2551 1335/2527/2527 1345/2550/2550
f 1345/2550/2550 1335/2527/2527 1374/2528/2528
f 1345/2550/2550 1374/2528/2528 1393/2549/2549
f 1393/2549/2549 1374/2528/2528 1405/2529/2529
f 1393/2549/2549 1405/2529/2529 1428/2548/2548
f 1428/2548/2548 1405/2529/2529 1437/2530/2530
f 1428/2548/2548 1437/2530/2530 1523/2547/2547
f 1523/2547/2547 1437/2530/2530 1525/2531/2531
f 1523/2547/2547 1525/2531/2531 1559/2546/2546
f 1559/2546/2546 1525/2531/2531 1576/2545/2545
f 1576/2545/2545 1525/2531/2531 1553/2532/2532
f 1576/2545/2545 1553/2532/2532 1594/2544/2544
f 1594/2544/2544 1553/2532/2532 1562/2533/2533
f 1594/2544/2544 1562/2533/2533 1599/2543/2543
f 1599/2543/2543 1562/2533/2533 1606/2542/2542
f 1606/2542/2542 1562/2533/2533 1611/2541/2541
f 1611/2541/2541 1562/2533/2533 1648/2534/2534
f 1611/2541/2541 1648/2534/2534 1617/2540/2540
f 1617/2540/2540 1648/2534/2534 1624/2539/2539
f 1624/2539/2539 1648/2534/2534 1644/2535/2535
f 1624/2539/2539 1644/2535/2535 1634/2538/2538
f 1634/2538/2538 1644/2535/2535 1642/2536/2536
f 1634/2538/2538 1642/2536/2536 1639/2537/2537
f 1605/2570/2570 1609/2571/2571 1561/2511/2511
f 1561/2511/2511 1609/2571/2571 1646/2578/2578
f 1646/2578/2578 1609/2571/2571 1615/2572/2572
f 1646/2578/2578 1615/2572/2572 1623/2573/2573
f 1646/2578/2578 1623/2573/2573 1643/2577/2577
f 1643/2577/2577 1623/2573/2573 1631/2574/2574
f 1643/2577/2577 1631/2574/2574 1641/2576/2576
f 1641/2576/2576 1631/2574/2574 1637/2575/2575
f 21/2580/2580 4/2679/2679 22/2579/2579
f 22/2579/2579 4/2679/2679 8/2680/2680
f 22/2579/2579 8/2680/2680 30/2677/2677
f 30/2677/2677 8/2680/2680 12/2681/2681
f 30/2677/2677 12/2681/2681 42/2676/2676
f 42/2676/2676 12/2681/2681 16/2682/2682
f 42/2676/2676 16/2682/2682 87/2675/2675
f 87/2675/2675 16/2682/2682 20/2683/2683
f 87/2675/2675 20/2683/2683 181/2674/2674
f 181/2674/2674 20/2683/2683 38/2684/2684
f 181/2674/2674 38/2684/2684 246/2673/2673
f 246/2673/2673 38/2684/2684 170/2685/2685
f 246/2673/2673 170/2685/2685 363/2651/2651
f 363/2651/2651 170/2685/2685 318/2686/2686
f 363/2651/2651 318/2686/2686 458/2650/2650
f 458/2650/2650 318/2686/2686 438/2687/2687
f 458/2650/2650 438/2687/2687 540/2649/2649
f 540/2649/2649 438/2687/2687 558/2688/2688
f 540/2649/2649 558/2688/2688 600/2648/2648
f 600/2648/2648 558/2688/2688 682/2689/2689
f 600/2648/2648 682/2689/2689 706/2647/2647
f 706/2647/2647 682/2689/2689 841/2690/2690
f 706/2647/2647 841/2690/2690 821/2646/2646
f 821/2646/2646 841/2690/2690 1067/2691/2691
f 821/2646/2646 1067/2691/2691 1530/2645/2645
f 1530/2645/2645 1067/2691/2691 1580/2692/2692
f 1530/2645/2645 1580/2692/2692 1565/2644/2644
f 1565/2644/2644 1580/2692/2692 1630/2693/2693
f 1565/2644/2644 1630/2693/2693 1587/2643/2643
f 1587/2643/2643 1630/2693/2693 1650/2694/2694
f 1587/2643/2643 1650/2694/2694 1654/2695/2695
f 29/2581/2581 7/2716/2716 21/2580/2580
f 21/2580/2580 7/2716/2716 3/2678/2678
f 21/2580/2580 3/2678/2678 4/2679/2679
f 7/2716/2716 29/2581/2581 11/2715/2715
f 11/2715/2715 29/2581/2581 41/2582/2582
f 11/2715/2715 41/2582/2582 15/2714/2714
f 15/2714/2714 41/2582/2582 86/2583/2583
f 15/2714/2714 86/2583/2583 19/2713/2713
f 19/2713/2713 86/2583/2583 180/2584/2584
f 19/2713/2713 180/2584/2584 37/2712/2712
f 37/2712/2712 180/2584/2584 245/2585/2585
f 37/2712/2712 245/2585/2585 169/2711/2711
f 169/2711/2711 245/2585/2585 362/2607/2607
f 169/2711/2711 362/2607/2607 317/2710/2710
f 317/2710/2710 362/2607/2607 457/2608/2608
f 317/2710/2710 457/2608/2608 437/2709/2709
f 437/2709/2709 457/2608/2608 539/2609/2609
f 437/2709/2709 539/2609/2609 557/2708/2708
f 557/2708/2708 539/2609/2609 599/2610/2610
f 557/2708/2708 599/2610/2610 681/2707/2707
f 681/2707/2707 599/2610/2610 705/2611/2611
f 681/2707/2707 705/2611/2611 839/2706/2706
f 839/2706/2706 705/2611/2611 820/2612/2612
f 839/2706/2706 820/2612/2612 1066/2705/2705
f 1066/2705/2705 820/2612/2612 1532/2613/2613
f 1066/2705/2705 1532/2613/2613 1582/2704/2704
f 1582/2704/2704 1532/2613/2613 1566/2614/2614
f 1582/2704/2704 1566/2614/2614 1633/2703/2703
f 1633/2703/2703 1566/2614/2614 1588/2615/2615
f 1633/2703/2703 1588/2615/2615 1652/2702/2702
f 1652/2702/2702 1588/2615/2615 1656/2701/2701
f 1656/2701/2701 1588/2615/2615 1614/2616/2616
f 1656/2701/2701 1614/2616/2616 1660/2700/2700
f 1660/2700/2700 1614/2616/2616 1627/2617/2617
f 1660/2700/2700 1627/2617/2617 1664/2699/2699
f 1664/2699/2699 1627/2617/2617 1647/2618/2618
f 1664/2699/2699 1647/2618/2618 1666/2698/2698
f 1666/2698/2698 1647/2618/2618 1645/2640/2640
f 1666/2698/2698 1645/2640/2640 1662/2697/2697
f 1662/2697/2697 1645/2640/2640 1625/2641/2641
f 1662/2697/2697 1625/2641/2641 1658/2696/2696
f 1658/2696/2696 1625/2641/2641 1613/2642/2642
f 1658/2696/2696 1613/2642/2642 1654/2695/2695
f 1654/2695/2695 1613/2642/2642 1587/2643/2643
f 245/2585/2585 372/2586/2586 362/2607/2607
f 362/2607/2607 372/2586/2586 476/2606/2606
f 476/2606/2606 372/2586/2586 340/2591/2591
f 476/2606/2606 340/2591/2591 412/2592/2592
f 372/2586/2586 329/2587/2587 340/2591/2591
f 340/2591/2591 329/2587/2587 308/2590/2590
f 308/2590/2590 329/2587/2587 290/2588/2588
f 308/2590/2590 290/2588/2588 271/2589/2589
f 412/2592/2592 466/2593/2593 476/2606/2606
f 476/2606/2606 466/2593/2593 541/2594/2594
f 476/2606/2606 541/2594/2594 545/2605/2605
f 545/2605/2605 541/2594/2594 589/2595/2595
f 545/2605/2605 589/2595/2595 595/2604/2604
f 595/2604/2604 589/2595/2595 687/2596/2596
f 595/2604/2604 687/2596/2596 693/2603/2603
f 693/2603/2603 687/2596/2596 723/2597/2597
f 693/2603/2603 723/2597/2597 729/2602/2602
f 729/2602/2602 723/2597/2597 824/2598/2598
f 729/2602/2602 824/2598/2598 830/2601/2601
f 830/2601/2601 824/2598/2598 850/2599/2599
f 830/2601/2601 850/2599/2599 856/2600/2600
f 1647/2618/2618 1545/2619/2619 1645/2640/2640
f 1645/2640/2640 1545/2619/2619 1543/2639/2639
f 1543/2639/2639 1545/2619/2619 1528/2620/2620
f 1543/2639/2639 1528/2620/2620 1526/2638/2638
f 1526/2638/2638 1528/2620/2620 1468/2621/2621
f 1526/2638/2638 1468/2621/2621 1466/2637/2637
f 1466/2637/2637 1468/2621/2621 1425/2622/2622
f 1466/2637/2637 1425/2622/2622 1422/2636/2636
f 1422/2636/2636 1425/2622/2622 1390/2623/2623
f 1422/2636/2636 1390/2623/2623 1388/2635/2635
f 1388/2635/2635 1390/2623/2623 1352/2624/2624
f 1388/2635/2635 1352/2624/2624 1349/2634/2634
f 1349/2634/2634 1352/2624/2624 1312/2625/2625
f 1349/2634/2634 1312/2625/2625 1309/2633/2633
f 1309/2633/2633 1312/2625/2625 1282/2626/2626
f 1309/2633/2633 1282/2626/2626 1280/2632/2632
f 1280/2632/2632 1282/2626/2626 1245/2627/2627
f 1280/2632/2632 1245/2627/2627 1243/2631/2631
f 1243/2631/2631 1245/2627/2627 1227/2628/2628
f 1243/2631/2631 1227/2628/2628 1225/2630/2630
f 1225/2630/2630 1227/2628/2628 1219/2629/2629
f 246/2673/2673 363/2651/2651 373/2672/2672
f 373/2672/2672 363/2651/2651 477/2652/2652
f 373/2672/2672 477/2652/2652 341/2667/2667
f 341/2667/2667 477/2652/2652 413/2666/2666
f 413/2666/2666 477/2652/2652 467/2665/2665
f 467/2665/2665 477/2652/2652 542/2664/2664
f 542/2664/2664 477/2652/2652 546/2653/2653
f 542/2664/2664 546/2653/2653 590/2663/2663
f 590/2663/2663 546/2653/2653 596/2654/2654
f 590/2663/2663 596/2654/2654 688/2662/2662
f 688/2662/2662 596/2654/2654 694/2655/2655
f 688/2662/2662 694/2655/2655 724/2661/2661
f 724/2661/2661 694/2655/2655 730/2656/2656
f 724/2661/2661 730/2656/2656 825/2660/2660
f 825/2660/2660 730/2656/2656 831/2657/2657
f 825/2660/2660 831/2657/2657 851/2659/2659
f 851/2659/2659 831/2657/2657 857/2658/2658
f 373/2672/2672 341/2667/2667 330/2671/2671
f 330/2671/2671 341/2667/2667 309/2668/2668
f 330/2671/2671 309/2668/2668 291/2670/2670
f 291/2670/2670 309/2668/2668 272/2669/2669
f 1065/2717/2717 1579/2718/2718 1067/2720/2720
f 1067/2720/2720 1579/2718/2718 1580/2719/2719
f 4/2746/2746 2/2721/2721 8/2745/2745
f 8/2745/2745 2/2721/2721 6/2722/2722
f 8/2745/2745 6/2722/2722 12/2744/2744
f 12/2744/2744 6/2722/2722 10/2723/2723
f 12/2744/2744 10/2723/2723 16/2743/2743
f 16/2743/2743 10/2723/2723 14/2724/2724
f 16/2743/2743 14/2724/2724 20/2742/2742
f 20/2742/2742 14/2724/2724 18/2725/2725
f 20/2742/2742 18/2725/2725 38/2741/2741
f 38/2741/2741 18/2725/2725 36/2726/2726
f 38/2741/2741 36/2726/2726 170/2740/2740
f 170/2740/2740 36/2726/2726 168/2727/2727
f 170/2740/2740 168/2727/2727 318/2739/2739
f 318/2739/2739 168/2727/2727 316/2728/2728
f 318/2739/2739 316/2728/2728 438/2738/2738
f 438/2738/2738 316/2728/2728 436/2729/2729
f 438/2738/2738 436/2729/2729 558/2737/2737
f 558/2737/2737 436/2729/2729 556/2730/2730
f 558/2737/2737 556/2730/2730 682/2736/2736
f 682/2736/2736 556/2730/2730 680/2731/2731
f 682/2736/2736 680/2731/2731 841/2735/2735
f 841/2735/2735 680/2731/2731 840/2732/2732
f 841/2735/2735 840/2732/2732 1067/2734/2734
f 1067/2734/2734 840/2732/2732 1065/2733/2733
f 1/2747/2747 2/2748/2748 3/2750/2750
f 3/2750/2750 2/2748/2748 4/2749/2749
f 1066/2776/2776 1064/2751/2751 839/2775/2775
f 839/2775/2775 1064/2751/2751 838/2752/2752
f 839/2775/2775 838/2752/2752 681/2774/2774
f 681/2774/2774 838/2752/2752 679/2753/2753
f 681/2774/2774 679/2753/2753 557/2773/2773
f 557/2773/2773 679/2753/2753 555/2754/2754
f 557/2773/2773 555/2754/2754 437/2772/2772
f 437/2772/2772 555/2754/2754 435/2755/2755
f 437/2772/2772 435/2755/2755 317/2771/2771
f 317/2771/2771 435/2755/2755 315/2756/2756
f 317/2771/2771 315/2756/2756 169/2770/2770
f 169/2770/2770 315/2756/2756 167/2757/2757
f 169/2770/2770 167/2757/2757 37/2769/2769
f 37/2769/2769 167/2757/2757 35/2758/2758
f 37/2769/2769 35/2758/2758 19/2768/2768
f 19/2768/2768 35/2758/2758 17/2759/2759
f 19/2768/2768 17/2759/2759 15/2767/2767
f 15/2767/2767 17/2759/2759 13/2760/2760
f 15/2767/2767 13/2760/2760 11/2766/2766
f 11/2766/2766 13/2760/2760 9/2761/2761
f 11/2766/2766 9/2761/2761 7/2765/2765
f 7/2765/2765 9/2761/2761 5/2762/2762
f 7/2765/2765 5/2762/2762 3/2764/2764
f 3/2764/2764 5/2762/2762 1/2763/2763
f 1581/2777/2777 1064/2778/2778 1582/2780/2780
f 1582/2780/2780 1064/2778/2778 1066/2779/2779
f 1580/2806/2806 1579/2781/2781 1630/2805/2805
f 1630/2805/2805 1579/2781/2781 1629/2782/2782
f 1630/2805/2805 1629/2782/2782 1650/2804/2804
f 1650/2804/2804 1629/2782/2782 1649/2783/2783
f 1650/2804/2804 1649/2783/2783 1654/2803/2803
f 1654/2803/2803 1649/2783/2783 1653/2784/2784
f 1654/2803/2803 1653/2784/2784 1658/2802/2802
f 1658/2802/2802 1653/2784/2784 1657/2785/2785
f 1658/2802/2802 1657/2785/2785 1662/2801/2801
f 1662/2801/2801 1657/2785/2785 1661/2786/2786
f 1662/2801/2801 1661/2786/2786 1666/2800/2800
f 1666/2800/2800 1661/2786/2786 1665/2787/2787
f 1666/2800/2800 1665/2787/2787 1664/2799/2799
f 1664/2799/2799 1665/2787/2787 1663/2788/2788
f 1664/2799/2799 1663/2788/2788 1660/2798/2798
f 1660/2798/2798 1663/2788/2788 1659/2789/2789
f 1660/2798/2798 1659/2789/2789 1656/2797/2797
f 1656/2797/2797 1659/2789/2789 1655/2790/2790
f 1656/2797/2797 1655/2790/2790 1652/2796/2796
f 1652/2796/2796 1655/2790/2790 1651/2791/2791
f 1652/2796/2796 1651/2791/2791 1633/2795/2795
f 1633/2795/2795 1651/2791/2791 1632/2792/2792
f 1633/2795/2795 1632/2792/2792 1582/2794/2794
f 1582/2794/2794 1632/2792/2792 1581/2793/2793
f 1360/2808/2808 1315/2815/2815 1399/2807/2807
f 1399/2807/2807 1315/2815/2815 1581/2841/2841
f 1399/2807/2807 1581/2841/2841 1632/2842/2842
f 1315/2815/2815 1360/2808/2808 1316/2814/2814
f 1316/2814/2814 1360/2808/2808 1361/2809/2809
f 1316/2814/2814 1361/2809/2809 1265/2813/2813
f 1265/2813/2813 1361/2809/2809 606/2810/2810
f 1265/2813/2813 606/2810/2810 605/2811/2811
f 605/2811/2811 1264/2812/2812 1265/2813/2813
f 1581/2841/2841 1315/2815/2815 1064/2879/2879
f 1064/2879/2879 1315/2815/2815 1262/2816/2816
f 1064/2879/2879 1262/2816/2816 564/2818/2818
f 564/2818/2818 1262/2816/2816 1263/2817/2817
f 505/2819/2819 17/2871/2871 564/2818/2818
f 564/2818/2818 17/2871/2871 35/2872/2872
f 564/2818/2818 35/2872/2872 167/2873/2873
f 506/2820/2820 354/2822/2822 505/2819/2819
f 505/2819/2819 354/2822/2822 250/2823/2823
f 505/2819/2819 250/2823/2823 9/2869/2869
f 9/2869/2869 250/2823/2823 5/2868/2868
f 5/2868/2868 250/2823/2823 1/2867/2867
f 1/2867/2867 250/2823/2823 2/2866/2866
f 2/2866/2866 250/2823/2823 251/2824/2824
f 2/2866/2866 251/2824/2824 6/2865/2865
f 6/2865/2865 251/2824/2824 10/2864/2864
f 10/2864/2864 251/2824/2824 508/2828/2828
f 10/2864/2864 508/2828/2828 14/2863/2863
f 14/2863/2863 508/2828/2828 18/2862/2862
f 18/2862/2862 508/2828/2828 565/2829/2829
f 18/2862/2862 565/2829/2829 36/2861/2861
f 36/2861/2861 565/2829/2829 168/2860/2860
f 168/2860/2860 565/2829/2829 316/2859/2859
f 316/2859/2859 565/2829/2829 436/2858/2858
f 436/2858/2858 565/2829/2829 556/2857/2857
f 556/2857/2857 565/2829/2829 680/2856/2856
f 680/2856/2856 565/2829/2829 840/2855/2855
f 840/2855/2855 565/2829/2829 1065/2854/2854
f 1065/2854/2854 565/2829/2829 1269/2831/2831
f 1065/2854/2854 1269/2831/2831 1318/2832/2832
f 506/2820/2820 355/2821/2821 354/2822/2822
f 251/2824/2824 357/2825/2825 508/2828/2828
f 508/2828/2828 357/2825/2825 507/2827/2827
f 507/2827/2827 357/2825/2825 356/2826/2826
f 565/2829/2829 1268/2830/2830 1269/2831/2831
f 1317/2833/2833 1363/2839/2839 1318/2832/2832
f 1318/2832/2832 1363/2839/2839 1400/2840/2840
f 1318/2832/2832 1400/2840/2840 1579/2853/2853
f 1579/2853/2853 1400/2840/2840 1629/2852/2852
f 1629/2852/2852 1400/2840/2840 1649/2851/2851
f 1649/2851/2851 1400/2840/2840 1653/2850/2850
f 1653/2850/2850 1400/2840/2840 1657/2849/2849
f 1657/2849/2849 1400/2840/2840 1661/2848/2848
f 1661/2848/2848 1400/2840/2840 1665/2847/2847
f 1665/2847/2847 1400/2840/2840 1399/2807/2807
f 1665/2847/2847 1399/2807/2807 1663/2846/2846
f 1663/2846/2846 1399/2807/2807 1659/2845/2845
f 1659/2845/2845 1399/2807/2807 1655/2844/2844
f 1655/2844/2844 1399/2807/2807 1651/2843/2843
f 1651/2843/2843 1399/2807/2807 1632/2842/2842
f 1363/2839/2839 1317/2833/2833 1362/2838/2838
f 1362/2838/2838 1317/2833/2833 1266/2834/2834
f 1362/2838/2838 1266/2834/2834 607/2837/2837
f 607/2837/2837 1266/2834/2834 608/2836/2836
f 608/2836/2836 1266/2834/2834 1267/2835/2835
f 1579/2853/2853 1065/2854/2854 1318/2832/2832
f 9/2869/2869 13/2870/2870 505/2819/2819
f 505/2819/2819 13/2870/2870 17/2871/2871
f 167/2873/2873 315/2874/2874 564/2818/2818
f 564/2818/2818 315/2874/2874 435/2875/2875
f 564/2818/2818 435/2875/2875 555/2876/2876
f 555/2876/2876 679/2877/2877 564/2818/2818
f 564/2818/2818 679/2877/2877 838/2878/2878
f 564/2818/2818 838/2878/2878 1064/2879/2879
f 1360/2880/2880 1399/2881/2881 1364/2883/2883
f 1364/2883/2883 1399/2881/2881 1401/2882/2882
f 1399/2884/2884 1400/2885/2885 1401/2887/2887
f 1401/2887/2887 1400/2885/2885 1402/2886/2886
f 1400/2888/2888 1363/2889/2889 1402/2891/2891
f 1402/2891/2891 1363/2889/2889 1367/2890/2890
f 1363/2892/2892 1362/2893/2893 1367/2895/2895
f 1367/2895/2895 1362/2893/2893 1366/2894/2894
f 1362/2896/2896 607/2897/2897 1366/2899/2899
f 1366/2899/2899 607/2897/2897 611/2898/2898
f 607/2900/2900 608/2901/2901 611/2903/2903
f 611/2903/2903 608/2901/2901 612/2902/2902
f 608/2904/2904 1267/2905/2905 612/2907/2907
f 612/2907/2907 1267/2905/2905 1275/2906/2906
f 1361/2908/2908 1360/2909/2909 1365/2911/2911
f 1365/2911/2911 1360/2909/2909 1364/2910/2910
f 1364/2913/2913 1401/2914/2914 1365/2912/2912
f 1365/2912/2912 1401/2914/2914 1402/2915/2915
f 1365/2912/2912 1402/2915/2915 1366/2917/2917
f 1366/2917/2917 1402/2915/2915 1367/2916/2916
f 1365/2912/2912 1366/2917/2917 610/2945/2945
f 610/2945/2945 1366/2917/2917 611/2918/2918
f 610/2945/2945 611/2918/2918 510/2935/2935
f 510/2935/2935 611/2918/2918 511/2928/2928
f 510/2935/2935 511/2928/2928 359/2934/2934
f 359/2934/2934 511/2928/2928 360/2929/2929
f 359/2934/2934 360/2929/2929 252/2932/2932
f 252/2932/2932 360/2929/2929 253/2931/2931
f 253/2931/2931 360/2929/2929 361/2930/2930
f 611/2918/2918 612/2919/2919 511/2928/2928
f 511/2928/2928 612/2919/2919 512/2927/2927
f 512/2927/2927 612/2919/2919 567/2926/2926
f 567/2926/2926 612/2919/2919 1276/2925/2925
f 1276/2925/2925 612/2919/2919 1275/2920/2920
f 1276/2925/2925 1275/2920/2920 1322/2923/2923
f 1322/2923/2923 1275/2920/2920 1321/2922/2922
f 1321/2922/2922 1275/2920/2920 1274/2921/2921
f 1322/2923/2923 1277/2924/2924 1276/2925/2925
f 252/2932/2932 358/2933/2933 359/2934/2934
f 610/2945/2945 510/2935/2935 609/2944/2944
f 609/2944/2944 510/2935/2935 509/2936/2936
f 609/2944/2944 509/2936/2936 566/2937/2937
f 566/2937/2937 1271/2938/2938 609/2944/2944
f 609/2944/2944 1271/2938/2938 1272/2943/2943
f 1272/2943/2943 1271/2938/2938 1320/2941/2941
f 1272/2943/2943 1320/2941/2941 1273/2942/2942
f 1270/2939/2939 1319/2940/2940 1271/2938/2938
f 1271/2938/2938 1319/2940/2940 1320/2941/2941
f 1267/2946/2946 1266/2947/2947 1275/2949/2949
f 1275/2949/2949 1266/2947/2947 1274/2948/2948
f 1266/2950/2950 1317/2951/2951 1274/2953/2953
f 1274/2953/2953 1317/2951/2951 1321/2952/2952
f 606/2954/2954 1361/2955/2955 610/2957/2957
f 610/2957/2957 1361/2955/2955 1365/2956/2956
f 1317/2958/2958 1318/2959/2959 1321/2961/2961
f 1321/2961/2961 1318/2959/2959 1322/2960/2960
f 605/2962/2962 606/2963/2963 609/2965/2965
f 609/2965/2965 606/2963/2963 610/2964/2964
f 1318/2966/2966 1269/2967/2967 1322/2969/2969
f 1322/2969/2969 1269/2967/2967 1277/2968/2968
f 1264/2970/2970 605/2971/2971 1272/2973/2973
f 1272/2973/2973 605/2971/2971 609/2972/2972
f 1269/2974/2974 1268/2975/2975 1277/2977/2977
f 1277/2977/2977 1268/2975/2975 1276/2976/2976
f 1265/2978/2978 1264/2979/2979 1273/2981/2981
f 1273/2981/2981 1264/2979/2979 1272/2980/2980
f 1268/2982/2982 565/2983/2983 1276/2985/2985
f 1276/2985/2985 565/2983/2983 567/2984/2984
f 1316/2986/2986 1265/2987/2987 1320/2989/2989
f 1320/2989/2989 1265/2987/2987 1273/2988/2988
f 565/2990/2990 508/2991/2991 567/2993/2993
f 567/2993/2993 508/2991/2991 512/2992/2992
f 1315/2994/2994 1316/2995/2995 1319/2997/2997
f 1319/2997/2997 1316/2995/2995 1320/2996/2996
f 508/2998/2998 507/2999/2999 512/3001/3001
f 512/3001/3001 507/2999/2999 511/3000/3000
f 1262/3002/3002 1315/3003/3003 1270/3005/3005
f 1270/3005/3005 1315/3003/3003 1319/3004/3004
f 507/3006/3006 356/3007/3007 511/3009/3009
f 511/3009/3009 356/3007/3007 360/3008/3008
f 1263/3010/3010 1262/3011/3011 1271/3013/3013
f 1271/3013/3013 1262/3011/3011 1270/3012/3012
f 356/3014/3014 357/3015/3015 360/3017/3017
f 360/3017/3017 357/3015/3015 361/3016/3016
f 564/3018/3018 1263/3019/3019 566/3021/3021
f 566/3021/3021 1263/3019/3019 1271/3020/3020
f 357/3022/3022 251/3023/3023 361/3025/3025
f 361/3025/3025 251/3023/3023 253/3024/3024
f 505/3026/3026 564/3027/3027 509/3029/3029
f 509/3029/3029 564/3027/3027 566/3028/3028
f 251/3030/3030 250/3031/3031 253/3033/3033
f 253/3033/3033 250/3031/3031 252/3032/3032
f 506/3034/3034 505/3035/3035 510/3037/3037
f 510/3037/3037 505/3035/3035 509/3036/3036
f 250/3038/3038 354/3039/3039 252/3041/3041
f 252/3041/3041 354/3039/3039 358/3040/3040
f 355/3042/3042 506/3043/3043 359/3045/3045
f 359/3045/3045 506/3043/3043 510/3044/3044
f 354/3046/3046 355/3047/3047 358/3049/3049
f 358/3049/3049 355/3047/3047 359/3048/3048
# 1666 vertices
# 3049 texture params
# 3049 normals
# 3328 facets

# 1 groups
