# WaveFront *.obj file (generated by Autodesk ATF)

mtllib 3_Body_Lower_Standing_Chalk_Holder.mtl

g Solid1

v -0.440000 0.000000 -0.500000
v -0.440000 0.000000 0.000000
v -0.440000 0.080000 -0.500000
v -0.440000 0.080000 0.000000
v -0.433315 0.000000 -0.576405
v -0.433315 0.000000 0.076406
v -0.433315 0.080000 -0.576405
v -0.433315 0.080000 0.076406
v -0.413465 0.000000 -0.650489
v -0.413465 0.000000 0.150490
v -0.413465 0.080000 -0.650489
v -0.413465 0.080000 0.150490
v -0.381051 0.000000 -0.720000
v -0.381051 0.000000 0.220001
v -0.381051 0.080000 -0.720000
v -0.381051 0.080000 0.220001
v -0.337060 0.000000 -0.782827
v -0.337059 0.000000 0.282828
v -0.337060 0.080000 -0.782827
v -0.337059 0.080000 0.282828
v -0.290000 0.080000 -0.500000
v -0.290000 0.080000 0.000000
v -0.290000 0.855000 -0.500000
v -0.290000 0.855000 -0.480000
v -0.290000 0.855000 -0.020000
v -0.290000 0.855000 0.000000
v -0.288545 0.855000 -0.486780
v -0.288545 0.855000 -0.013220
v -0.284945 0.080000 -0.553908
v -0.284945 0.080000 0.053909
v -0.284351 0.855000 -0.492757
v -0.284351 0.855000 -0.007243
v -0.283598 0.855000 -0.560599
v -0.283598 0.855000 0.060600
v -0.282827 0.000000 -0.837060
v -0.282825 0.000000 0.337061
v -0.282827 0.080000 -0.837060
v -0.282825 0.080000 0.337061
v -0.270000 0.855000 -0.499650
v -0.270000 0.855000 -0.000350
v -0.269958 0.080000 -0.605938
v -0.269958 0.080000 0.105938
v -0.265649 0.854683 -0.500000
v -0.265649 0.854683 0.000000
v -0.264674 0.855000 -0.618523
v -0.264674 0.855000 0.118524
v -0.263009 0.855000 -0.561045
v -0.263008 0.855000 0.061045
v -0.259903 0.853250 -0.500000
v -0.259903 0.853250 0.000000
v -0.257336 0.900730 -0.480000
v -0.257336 0.900730 -0.020000
v -0.256678 0.897436 -0.489591
v -0.256678 0.897436 -0.010408
v -0.254765 0.891323 -0.495660
v -0.254768 0.891328 -0.004334
v -0.254550 0.850716 -0.500000
v -0.254550 0.850716 0.000000
v -0.253639 0.900956 -0.011470
v -0.253339 0.899708 -0.490364
v -0.252550 0.896439 -0.006259
v -0.252389 0.904360 -0.480805
v -0.252389 0.904360 -0.019195
v -0.252090 0.850981 -0.538415
v -0.252090 0.850981 0.038415
v -0.250338 0.910527 -0.438040
v -0.250338 0.910527 -0.061960
v -0.249847 0.886699 -0.001266
v -0.249800 0.847180 -0.500000
v -0.249800 0.847180 0.000000
v -0.249800 0.876871 -0.500000
v -0.249800 0.876871 0.000000
v -0.249822 0.886693 -0.498727
v -0.249426 0.901595 -0.010743
v -0.249152 0.900151 -0.491031
v -0.248559 0.896566 -0.005859
v -0.248285 0.911593 -0.444408
v -0.247176 0.913157 -0.060316
v -0.246506 0.886523 -0.001778
v -0.246461 0.886515 -0.498199
v -0.246211 0.901092 -0.010898
v -0.246220 0.904374 -0.481302
v -0.246220 0.904374 -0.018698
v -0.246068 0.899636 -0.490755
v -0.245620 0.896054 -0.006409
v -0.245560 0.080000 -0.654274
v -0.245559 0.080000 0.154275
v -0.244916 0.876871 -0.498726
v -0.244916 0.876871 -0.001274
v -0.244197 0.886205 -0.497128
v -0.244199 0.886209 -0.002863
v -0.244157 0.912600 -0.445683
v -0.243058 0.914179 -0.058998
v -0.242811 0.837716 -0.497153
v -0.242811 0.837716 -0.002847
v -0.242594 0.899137 -0.012065
v -0.242535 0.897824 -0.489327
v -0.242387 0.894616 -0.008230
v -0.242242 0.855000 -0.619243
v -0.242242 0.855000 0.119244
v -0.241754 0.885578 -0.494860
v -0.241769 0.885586 -0.005115
v -0.241276 0.876871 -0.495229
v -0.241276 0.876871 -0.004771
v -0.241234 0.840000 -0.536760
v -0.241234 0.840000 0.036761
v -0.241192 0.900766 -0.481300
v -0.241192 0.900766 -0.018700
v -0.240869 0.912136 -0.446296
v -0.240260 0.892571 -0.010957
v -0.240226 0.884800 -0.008028
v -0.240193 0.850981 -0.585629
v -0.240193 0.850981 0.085629
v -0.240212 0.884785 -0.491926
v -0.240197 0.895112 -0.487005
v -0.240180 0.896144 -0.014052
v -0.240000 0.000000 -0.500000
v -0.240000 0.000000 0.000000
v -0.240000 0.030000 -0.500000
v -0.240000 0.030000 0.000000
v -0.239808 0.825000 -0.490400
v -0.239808 0.825000 -0.009600
v -0.239812 0.825153 -0.490487
v -0.239812 0.825153 -0.009513
v -0.239808 0.876871 -0.490400
v -0.239808 0.876871 -0.009600
v -0.239757 0.913735 -0.058390
v -0.239715 0.887707 -0.488317
v -0.239716 0.887711 -0.011680
v -0.239556 0.892336 -0.485404
v -0.239556 0.892335 -0.014596
v -0.239419 0.894044 -0.483311
v -0.239418 0.894046 -0.016701
v -0.239231 0.894917 -0.480800
v -0.239231 0.894917 -0.019200
v -0.238754 0.155000 -0.524423
v -0.238754 0.155000 0.024424
v -0.237581 0.155000 -0.466011
v -0.237581 0.155000 -0.033988
v -0.237301 0.927056 -0.409272
v -0.237084 0.909896 -0.446459
v -0.236327 0.930143 -0.397874
v -0.236327 0.930143 -0.102126
v -0.236187 0.825000 -0.542614
v -0.236186 0.825000 0.042614
v -0.235962 0.911540 -0.058307
v -0.234746 0.000000 -0.549942
v -0.234746 0.000000 -0.450058
v -0.234746 0.000000 -0.049942
v -0.234746 0.000000 0.049942
v -0.234746 0.030000 -0.549942
v -0.234746 0.030000 -0.450058
v -0.234746 0.030000 -0.049942
v -0.234746 0.030000 0.049942
v -0.234449 0.906341 -0.445937
v -0.234064 0.855000 -0.671213
v -0.234063 0.855000 0.171214
v -0.233489 0.927820 -0.411226
v -0.233388 0.932568 -0.100032
v -0.233295 0.908047 -0.058983
v -0.232387 0.904897 -0.440033
v -0.232387 0.904897 -0.059967
v -0.230368 0.927301 -0.412186
v -0.229850 0.840000 -0.581941
v -0.229850 0.840000 0.081942
v -0.229683 0.933260 -0.097930
v -0.226634 0.925184 -0.412497
v -0.226607 0.932724 -0.096884
v -0.225779 0.155000 -0.581387
v -0.225778 0.155000 0.081388
v -0.223844 0.921912 -0.411784
v -0.222899 0.930648 -0.096522
v -0.222329 0.155000 -0.409613
v -0.222330 0.155000 -0.090386
v -0.221332 0.825000 -0.592801
v -0.221332 0.825000 0.092802
v -0.221067 0.949898 -0.375971
v -0.220067 0.927469 -0.097250
v -0.220000 0.000000 -0.881051
v -0.219998 0.000000 0.381052
v -0.220000 0.080000 -0.881051
v -0.219998 0.080000 0.381052
v -0.219539 0.850981 -0.629721
v -0.219539 0.850981 0.129722
v -0.219215 0.000000 -0.597697
v -0.219215 0.000000 -0.402303
v -0.219215 0.000000 -0.097697
v -0.219215 0.000000 0.097697
v -0.219215 0.030000 -0.597697
v -0.219215 0.030000 -0.402303
v -0.219215 0.030000 -0.097697
v -0.219215 0.030000 0.097697
v -0.218650 0.924931 -0.401044
v -0.218650 0.924931 -0.098956
v -0.217647 0.950384 -0.378387
v -0.215709 0.959008 -0.360665
v -0.215709 0.959008 -0.139335
v -0.214745 0.949804 -0.379619
v -0.213010 0.961234 -0.136914
v -0.212602 0.080000 -0.697232
v -0.212601 0.080000 0.197233
v -0.211107 0.947830 -0.380134
v -0.210085 0.840000 -0.624135
v -0.210085 0.840000 0.124136
v -0.209764 0.961611 -0.134365
v -0.208787 0.855000 -0.671195
v -0.208787 0.855000 0.171196
v -0.208169 0.944884 -0.379436
v -0.206952 0.961006 -0.133036
v -0.203373 0.959093 -0.132428
v -0.200390 0.956283 -0.133070
v -0.199929 0.979623 -0.345325
v -0.199424 0.155000 -0.633529
v -0.199424 0.155000 0.133530
v -0.198425 0.954425 -0.364991
v -0.198425 0.954425 -0.135009
v -0.196922 0.979846 -0.348027
v -0.195952 0.825000 -0.638575
v -0.195951 0.825000 0.138575
v -0.194268 0.979210 -0.349463
v -0.194215 0.000000 -0.640998
v -0.194215 0.000000 -0.359002
v -0.194215 0.000000 -0.140998
v -0.194215 0.000000 0.140998
v -0.194215 0.030000 -0.640998
v -0.194215 0.030000 -0.359002
v -0.194215 0.030000 -0.140998
v -0.194215 0.030000 0.140998
v -0.193902 0.155000 -0.358572
v -0.193903 0.155000 -0.141427
v -0.193119 0.155000 -0.716344
v -0.193118 0.155000 0.216345
v -0.193119 0.855000 -0.716344
v -0.193118 0.855000 0.216345
v -0.190881 0.850981 -0.669084
v -0.190881 0.850981 0.169084
v -0.190781 0.977375 -0.350211
v -0.189081 0.996287 -0.327490
v -0.189081 0.996287 -0.172510
v -0.187751 0.974740 -0.349677
v -0.187120 0.155000 -0.511935
v -0.187120 0.155000 0.011936
v -0.186541 0.998444 -0.169952
v -0.186333 0.155000 -0.722216
v -0.186332 0.155000 0.222217
v -0.183762 0.998538 -0.167154
v -0.183633 0.855000 -0.721054
v -0.183632 0.855000 0.221054
v -0.183533 0.155000 -0.461636
v -0.183533 0.155000 -0.038363
v -0.182662 0.840000 -0.661803
v -0.182661 0.840000 0.161803
v -0.182527 0.155000 -0.721237
v -0.182526 0.155000 0.221238
v -0.181243 0.997876 -0.165625
v -0.180511 1.006915 -0.323921
v -0.179369 0.155000 -0.727875
v -0.179368 0.155000 0.227876
v -0.177864 0.996113 -0.164749
v -0.177820 1.006955 -0.326751
v -0.177172 0.155000 -0.561372
v -0.177171 0.155000 0.061372
v -0.175371 1.006284 -0.328306
v -0.174817 0.993637 -0.165151
v -0.174145 0.151651 -0.517277
v -0.174145 0.151651 0.017278
v -0.173072 0.855000 -0.720258
v -0.173071 0.855000 0.220259
v -0.172788 0.151651 -0.472267
v -0.172789 0.151651 -0.027733
v -0.172314 0.992503 -0.332944
v -0.172314 0.992503 -0.167056
v -0.172232 0.080000 -0.733315
v -0.172231 0.080000 0.233316
v -0.172232 0.155000 -0.733315
v -0.172231 0.155000 0.233316
v -0.172035 1.004547 -0.329237
v -0.171008 0.155000 -0.719387
v -0.171007 0.155000 0.219388
v -0.168985 1.002129 -0.328893
v -0.166672 0.155000 -0.414112
v -0.166672 0.155000 -0.085888
v -0.165039 0.142500 -0.516373
v -0.165039 0.142500 0.016374
v -0.164397 0.855000 -0.714181
v -0.164396 0.855000 0.214182
v -0.163971 0.151651 -0.561143
v -0.163971 0.151651 0.061144
v -0.163753 0.142500 -0.473717
v -0.163754 0.142500 -0.026282
v -0.162480 0.155000 -0.711424
v -0.162479 0.155000 0.211425
v -0.162480 0.854812 -0.711424
v -0.162479 0.854812 0.211425
v -0.162393 0.080000 -0.494114
v -0.162393 0.080000 -0.005885
v -0.162393 0.130000 -0.494114
v -0.162393 0.130000 -0.005885
v -0.161995 0.080000 -0.512795
v -0.161995 0.080000 0.012796
v -0.161252 0.155000 -0.677758
v -0.161251 0.155000 0.177759
v -0.161252 0.825000 -0.677758
v -0.161251 0.825000 0.177759
v -0.161185 0.825116 -0.677819
v -0.161184 0.825116 0.177820
v -0.160624 0.000000 -0.678326
v -0.160624 0.000000 -0.321674
v -0.160624 0.000000 -0.178326
v -0.160624 0.000000 0.178326
v -0.160624 0.030000 -0.678326
v -0.160624 0.030000 -0.321674
v -0.160624 0.030000 -0.178326
v -0.160624 0.030000 0.178326
v -0.159991 0.151651 -0.429093
v -0.159991 0.151651 -0.070907
v -0.159965 0.080000 -0.471411
v -0.159966 0.080000 -0.028588
v -0.158687 1.037577 -0.304896
v -0.157369 0.155000 -0.702571
v -0.157368 0.155000 0.202572
v -0.157369 0.851798 -0.702571
v -0.157368 0.851798 0.202572
v -0.157214 1.040901 -0.299311
v -0.157214 1.040901 -0.200689
v -0.157130 0.080000 -0.541429
v -0.157130 0.080000 0.041430
v -0.157130 0.130000 -0.541429
v -0.157130 0.130000 0.041430
v -0.156302 1.037458 -0.307793
v -0.156127 0.155000 -0.685125
v -0.156126 0.155000 0.185126
v -0.155397 0.142500 -0.557946
v -0.155397 0.142500 0.057947
v -0.155154 0.839920 -0.688282
v -0.155153 0.839920 0.188283
v -0.154740 0.155000 -0.693991
v -0.154739 0.155000 0.193992
v -0.154408 0.155000 -0.606369
v -0.154408 0.155000 0.106369
v -0.154061 1.036756 -0.309437
v -0.153985 0.155000 -0.315911
v -0.153986 0.155000 -0.184088
v -0.153718 0.080000 -0.447304
v -0.153719 0.080000 -0.052695
v -0.153718 0.130000 -0.447304
v -0.153719 0.130000 -0.052695
v -0.153494 0.080000 -0.553347
v -0.153493 0.080000 0.053348
v -0.151625 0.142500 -0.432800
v -0.151626 0.142500 -0.067199
v -0.150905 1.035107 -0.310542
v -0.150489 0.000000 -0.913465
v -0.150487 0.000000 0.413466
v -0.150489 0.080000 -0.913465
v -0.150487 0.080000 0.413466
v -0.149484 1.050507 -0.201906
v -0.147883 1.032880 -0.310417
v -0.147536 0.080000 -0.431886
v -0.147536 0.080000 -0.068113
v -0.147220 1.050333 -0.199000
v -0.145055 1.049620 -0.197323
v -0.142940 0.151651 -0.600961
v -0.142940 0.151651 0.100961
v -0.141981 1.048005 -0.196153
v -0.141091 1.038037 -0.305853
v -0.141091 1.038037 -0.194147
v -0.138986 1.045850 -0.196185
v -0.138381 0.080000 -0.585188
v -0.138380 0.080000 0.085189
v -0.138381 0.130000 -0.585188
v -0.138380 0.130000 0.085189
v -0.137754 0.155000 -0.372800
v -0.137755 0.155000 -0.127200
v -0.136600 0.151651 -0.390614
v -0.136601 0.151651 -0.109386
v -0.135466 0.142500 -0.595682
v -0.135466 0.142500 0.095682
v -0.135013 0.080000 -0.590431
v -0.135012 0.080000 0.090432
v -0.133476 1.072985 -0.287733
v -0.131850 0.080000 -0.405017
v -0.131851 0.080000 -0.094982
v -0.131850 0.130000 -0.405017
v -0.131851 0.130000 -0.094982
v -0.131398 1.072722 -0.290647
v -0.129458 0.142500 -0.396334
v -0.129458 0.142500 -0.103666
v -0.129378 1.071995 -0.292354
v -0.126437 1.070427 -0.293626
v -0.125514 0.080000 -0.396789
v -0.125514 0.080000 -0.103210
v -0.123494 1.068375 -0.293744
v -0.121030 1.091558 -0.276941
v -0.121030 1.091558 -0.223059
v -0.120477 0.155000 -0.643672
v -0.120476 0.155000 0.143672
v -0.120000 0.000000 -0.707846
v -0.120000 0.000000 -0.292154
v -0.120000 0.000000 -0.207846
v -0.120000 0.000000 0.207846
v -0.120000 0.030000 -0.707846
v -0.120000 0.030000 -0.292154
v -0.120000 0.030000 -0.207846
v -0.120000 0.030000 0.207846
v -0.115941 0.080000 -0.765815
v -0.115939 0.080000 0.265816
v -0.115941 0.155000 -0.765815
v -0.115939 0.155000 0.265816
v -0.115642 0.153119 -0.635298
v -0.115642 0.153119 0.135299
v -0.111520 0.147740 -0.628157
v -0.111519 0.147740 0.128158
v -0.108738 0.139628 -0.623340
v -0.108738 0.139628 0.123341
v -0.107754 0.080000 -0.621636
v -0.107754 0.080000 0.121636
v -0.107754 0.130000 -0.621636
v -0.107754 0.130000 0.121636
v -0.107661 0.155000 -0.769275
v -0.107660 0.155000 0.269276
v -0.106801 1.110441 -0.226015
v -0.106336 1.111091 -0.273768
v -0.105683 1.089675 -0.284521
v -0.105683 1.089675 -0.215479
v -0.105012 1.110058 -0.223130
v -0.104942 0.155000 -0.284160
v -0.104943 0.155000 -0.215840
v -0.104548 1.110705 -0.276654
v -0.104491 0.155000 -0.757791
v -0.104490 0.155000 0.257791
v -0.104213 0.855000 -0.760013
v -0.104212 0.855000 0.260014
v -0.104165 0.151651 -0.359378
v -0.104166 0.151651 -0.140622
v -0.103287 0.855000 -0.749463
v -0.103286 0.855000 0.249463
v -0.103204 1.109310 -0.221381
v -0.102749 1.109958 -0.278397
v -0.101859 0.155000 -0.746424
v -0.101857 0.155000 0.246425
v -0.101859 0.854812 -0.746424
v -0.101857 0.854812 0.246425
v -0.100497 1.107815 -0.219968
v -0.100333 0.155000 -0.768692
v -0.100332 0.155000 0.268693
v -0.100043 1.108462 -0.279814
v -0.099593 0.000000 -0.509018
v -0.099593 0.000000 -0.490982
v -0.099593 0.000000 -0.009018
v -0.099593 0.000000 0.009018
v -0.099593 0.030000 -0.509018
v -0.099593 0.030000 -0.490982
v -0.099593 0.030000 -0.009018
v -0.099593 0.030000 0.009018
v -0.099622 0.855000 -0.769557
v -0.099620 0.855000 0.269558
v -0.099278 0.155000 -0.772477
v -0.099277 0.155000 0.272478
v -0.098873 0.155000 -0.340688
v -0.098874 0.155000 -0.159312
v -0.098718 0.142500 -0.366731
v -0.098719 0.142500 -0.133269
v -0.098665 0.080000 -0.370882
v -0.098666 0.080000 -0.129117
v -0.098665 0.130000 -0.370882
v -0.098666 0.130000 -0.129117
v -0.097681 1.105914 -0.219612
v -0.097226 1.106561 -0.280172
v -0.096747 0.155000 -0.737571
v -0.096746 0.155000 0.237571
v -0.096747 0.851798 -0.737571
v -0.096746 0.851798 0.237571
v -0.096353 0.000000 -0.526762
v -0.096353 0.000000 -0.473238
v -0.096353 0.000000 -0.026762
v -0.096353 0.000000 0.026762
v -0.096353 0.030000 -0.526762
v -0.096353 0.030000 -0.473238
v -0.096353 0.030000 -0.026762
v -0.096353 0.030000 0.026762
v -0.095332 0.080000 -0.368402
v -0.095333 0.080000 -0.131598
v -0.090800 0.155000 -0.775419
v -0.090799 0.155000 0.275419
v -0.090800 0.855000 -0.775419
v -0.090799 0.855000 0.275419
v -0.090631 0.155000 -0.731004
v -0.090630 0.155000 0.231005
v -0.085501 0.839944 -0.728515
v -0.085500 0.839944 0.228516
v -0.082259 0.155000 -0.727773
v -0.082258 0.155000 0.227773
v -0.081578 1.146790 -0.261031
v -0.081578 1.146790 -0.238969
v -0.077671 1.151329 -0.263245
v -0.076405 0.000000 -0.933315
v -0.076402 0.000000 0.433316
v -0.076405 0.080000 -0.933315
v -0.076402 0.080000 0.433316
v -0.076156 1.150838 -0.266069
v -0.074574 1.150075 -0.267824
v -0.074123 0.000000 -0.728267
v -0.074123 0.000000 -0.271733
v -0.074123 0.000000 -0.228267
v -0.074123 0.000000 0.228267
v -0.074123 0.030000 -0.728267
v -0.074123 0.030000 -0.271733
v -0.074123 0.030000 -0.228267
v -0.074123 0.030000 0.228267
v -0.073431 0.825153 -0.728491
v -0.073430 0.825153 0.228491
v -0.073317 0.155000 -0.728527
v -0.073316 0.155000 0.228527
v -0.073317 0.825000 -0.728527
v -0.073316 0.825000 0.228527
v -0.072119 1.148642 -0.269357
v -0.071820 1.159544 -0.238445
v -0.071353 0.000000 -0.570063
v -0.071353 0.000000 -0.429937
v -0.071353 0.000000 -0.070063
v -0.071353 0.000000 0.070063
v -0.071353 0.030000 -0.570063
v -0.071353 0.030000 -0.429937
v -0.071353 0.030000 -0.070063
v -0.071353 0.030000 0.070063
v -0.070360 1.159036 -0.235640
v -0.069467 1.146870 -0.269940
v -0.068816 1.158268 -0.233880
v -0.067138 1.145885 -0.269582
v -0.067138 1.145885 -0.230418
v -0.066416 1.156849 -0.232328
v -0.064833 0.151651 -0.337452
v -0.064833 0.151651 -0.162547
v -0.064507 0.080000 -0.782735
v -0.064506 0.080000 0.282735
v -0.064185 0.155000 -0.676172
v -0.064184 0.155000 0.176172
v -0.063804 1.155103 -0.231701
v -0.061442 0.142500 -0.345952
v -0.061443 0.142500 -0.154048
v -0.059351 0.153119 -0.667799
v -0.059350 0.153119 0.167799
v -0.058953 0.080000 -0.348571
v -0.058953 0.080000 -0.151429
v -0.057606 0.000000 -0.581740
v -0.057606 0.000000 -0.418260
v -0.057606 0.000000 -0.081740
v -0.057606 0.000000 0.081740
v -0.057606 0.030000 -0.581740
v -0.057606 0.030000 -0.418260
v -0.057606 0.030000 -0.081740
v -0.057606 0.030000 0.081740
v -0.057012 0.080000 -0.347829
v -0.057013 0.080000 -0.152170
v -0.057012 0.130000 -0.347829
v -0.057013 0.130000 -0.152170
v -0.055228 0.147740 -0.660658
v -0.055227 0.147740 0.160658
v -0.052841 0.155000 -0.320100
v -0.052841 0.155000 -0.179900
v -0.052447 0.139628 -0.655840
v -0.052446 0.139628 0.155840
v -0.051463 0.080000 -0.654136
v -0.051462 0.080000 0.154136
v -0.051463 0.130000 -0.654136
v -0.051462 0.130000 0.154136
v -0.050990 0.850981 -0.749850
v -0.050989 0.850981 0.249850
v -0.049681 0.155000 -0.265198
v -0.049682 0.155000 -0.234801
v -0.048794 0.840000 -0.739091
v -0.048793 0.840000 0.239091
v -0.047928 1.193071 -0.256301
v -0.046668 1.192491 -0.259034
v -0.045298 1.191716 -0.260777
v -0.043866 0.855000 -0.766413
v -0.043864 0.855000 0.266413
v -0.043105 1.190338 -0.262398
v -0.041986 0.000000 -0.590759
v -0.041986 0.000000 -0.409241
v -0.041986 0.000000 -0.090759
v -0.041986 0.000000 0.090759
v -0.041986 0.030000 -0.590759
v -0.041986 0.030000 -0.409241
v -0.041986 0.030000 -0.090759
v -0.041986 0.030000 0.090759
v -0.040650 1.188677 -0.263181
v -0.040000 1.205000 -0.252039
v -0.040000 1.205000 -0.247961
v -0.040000 2.205000 -0.252039
v -0.040000 2.205000 -0.247961
v -0.039323 2.205000 -0.255291
v -0.039323 2.205000 -0.244709
v -0.038752 1.205000 -0.256388
v -0.038747 1.205000 -0.243604
v -0.037366 2.205000 -0.258129
v -0.037366 2.205000 -0.241871
v -0.035507 1.205000 -0.259598
v -0.035507 1.205000 -0.240402
v -0.031243 0.855000 -0.788312
v -0.031242 0.855000 0.288312
v -0.031131 2.205000 -0.253805
v -0.031131 2.205000 -0.246195
v -0.030584 2.205000 -0.261396
v -0.030584 2.205000 -0.238604
v -0.026603 1.205000 -0.261479
v -0.026603 1.205000 -0.238521
v -0.026603 2.205000 -0.261479
v -0.026603 2.205000 -0.238521
v -0.026603 2.205092 -0.261479
v -0.026603 2.205092 -0.238521
v -0.025000 0.000000 -0.738694
v -0.025000 0.000000 -0.596825
v -0.025000 0.000000 -0.403175
v -0.025000 0.000000 -0.261306
v -0.025000 0.000000 -0.238694
v -0.025000 0.000000 -0.096825
v -0.025000 0.000000 0.096825
v -0.025000 0.000000 0.238694
v -0.025000 0.030000 -0.738694
v -0.025000 0.030000 -0.596825
v -0.025000 0.030000 -0.403175
v -0.025000 0.030000 -0.261306
v -0.025000 0.030000 -0.238694
v -0.025000 0.030000 -0.096825
v -0.025000 0.030000 0.096825
v -0.025000 0.030000 0.238694
v -0.022033 0.825000 -0.738986
v -0.022032 0.825000 0.238987
v -0.021207 0.151651 -0.326290
v -0.021208 0.151651 -0.173710
v -0.020098 0.142500 -0.335373
v -0.020099 0.142500 -0.164627
v -0.018740 0.080000 -0.338584
v -0.018741 0.080000 -0.161416
v -0.015964 0.151651 -0.674270
v -0.015964 0.151651 0.174270
v -0.015927 0.155000 -0.739471
v -0.015926 0.155000 0.239471
v -0.015130 0.142500 -0.665158
v -0.015129 0.142500 0.165158
v -0.014914 0.155000 -0.686906
v -0.014913 0.155000 0.186906
v -0.010825 0.080000 -0.789798
v -0.010809 0.080000 -0.662140
v -0.010809 0.080000 0.162140
v -0.010823 0.080000 0.289798
v -0.010466 0.080000 -0.337837
v -0.010466 0.080000 -0.162163
v -0.010466 0.130000 -0.337837
v -0.010466 0.130000 -0.162163
v -0.004585 0.080000 -0.662435
v -0.004584 0.080000 0.162435
v -0.004585 0.130000 -0.662435
v -0.004584 0.130000 0.162435
v -0.002986 0.155000 -0.312524
v -0.002987 0.155000 -0.187476
v -0.002572 0.850981 -0.754987
v -0.002570 0.850981 0.254987
v -0.002461 0.840000 -0.744007
v -0.002460 0.840000 0.244007
v 0.000000 0.000000 -0.940000
v 0.000003 0.000000 0.440000
v 0.000000 0.080000 -0.940000
v 0.000003 0.080000 0.440000
v 0.001329 2.211470 -0.250000
v 0.005532 2.213000 -0.260064
v 0.005532 2.213000 -0.239936
v 0.008523 0.155000 -0.239849
v 0.008524 0.155000 -0.260151
v 0.017853 0.855000 -0.769409
v 0.017855 0.855000 0.269409
v 0.022576 0.142500 -0.335694
v 0.022576 0.142500 -0.164306
v 0.022690 0.080000 -0.339092
v 0.022689 0.080000 -0.160908
v 0.023822 0.151651 -0.326629
v 0.023821 0.151651 -0.173371
v 0.025000 0.000000 -0.738694
v 0.025000 0.000000 -0.596825
v 0.025000 0.000000 -0.403175
v 0.025000 0.000000 -0.261306
v 0.025000 0.000000 -0.238694
v 0.025000 0.000000 -0.096825
v 0.025000 0.000000 0.096825
v 0.025000 0.000000 0.238694
v 0.025000 0.030000 -0.738694
v 0.025000 0.030000 -0.596825
v 0.025000 0.030000 -0.403175
v 0.025000 0.030000 -0.261306
v 0.025000 0.030000 -0.238694
v 0.025000 0.030000 -0.096825
v 0.025000 0.030000 0.096825
v 0.025000 0.030000 0.238694
v 0.027516 0.142500 -0.663551
v 0.027517 0.142500 0.163551
v 0.028905 2.229896 -0.250000
v 0.029034 0.151651 -0.672575
v 0.029035 0.151651 0.172575
v 0.029693 0.855000 -0.788476
v 0.029695 0.855000 0.288476
v 0.030298 0.825000 -0.738080
v 0.030300 0.825000 0.238080
v 0.030399 2.229896 -0.261607
v 0.030399 2.229896 -0.238393
v 0.030547 0.080000 -0.659603
v 0.030547 0.080000 0.159603
v 0.032717 2.232033 -0.262238
v 0.032717 2.232033 -0.237762
v 0.035436 0.155000 -0.684121
v 0.035437 0.155000 0.184121
v 0.036979 0.080000 -0.341763
v 0.036978 0.080000 -0.158237
v 0.036979 0.130000 -0.341763
v 0.036978 0.130000 -0.158237
v 0.041986 0.000000 -0.590759
v 0.041986 0.000000 -0.409241
v 0.041986 0.000000 -0.090759
v 0.041986 0.000000 0.090759
v 0.041986 0.030000 -0.590759
v 0.041986 0.030000 -0.409241
v 0.041986 0.030000 -0.090759
v 0.041986 0.030000 0.090759
v 0.042406 0.155000 -0.736224
v 0.042407 0.155000 0.236224
v 0.042687 0.080000 -0.656793
v 0.042687 0.080000 0.156793
v 0.042687 0.130000 -0.656793
v 0.042687 0.130000 0.156793
v 0.043234 0.080000 -0.786759
v 0.043237 0.080000 0.286759
v 0.043962 0.840000 -0.740027
v 0.043963 0.840000 0.240026
v 0.045940 0.850981 -0.750828
v 0.045942 0.850981 0.250827
v 0.047085 0.155000 -0.318508
v 0.047084 0.155000 -0.181492
v 0.047331 2.257472 -0.250000
v 0.048224 2.257472 -0.256940
v 0.048224 2.257472 -0.243060
v 0.050846 2.257472 -0.263427
v 0.050846 2.257472 -0.236573
v 0.052974 2.258575 -0.265908
v 0.052974 2.258575 -0.234092
v 0.053801 2.290000 -0.250000
v 0.053801 2.521690 -0.250000
v 0.056576 2.688264 -0.250000
v 0.057606 0.000000 -0.581740
v 0.057606 0.000000 -0.418260
v 0.057606 0.000000 -0.081740
v 0.057606 0.000000 0.081740
v 0.057606 0.030000 -0.581740
v 0.057606 0.030000 -0.418260
v 0.057606 0.030000 -0.081740
v 0.057606 0.030000 0.081740
v 0.057945 2.290000 -0.262502
v 0.057945 2.290000 -0.237498
v 0.057945 2.521690 -0.262502
v 0.057945 2.521690 -0.237498
v 0.058105 2.734106 -0.250000
v 0.059633 2.779948 -0.250000
v 0.060171 2.688264 -0.260845
v 0.060171 2.688264 -0.239155
v 0.061161 2.825790 -0.250000
v 0.061397 2.734106 -0.259932
v 0.061397 2.734106 -0.240068
v 0.062646 0.080000 -0.350061
v 0.062645 0.080000 -0.149940
v 0.062622 2.779948 -0.259019
v 0.062622 2.779948 -0.240981
v 0.062689 2.871632 -0.250000
v 0.063756 0.142500 -0.346895
v 0.063756 0.142500 -0.153105
v 0.063848 2.825790 -0.258106
v 0.063848 2.825790 -0.241894
v 0.064217 2.917474 -0.250000
v 0.065073 2.871632 -0.257194
v 0.065073 2.871632 -0.242806
v 0.065745 2.963316 -0.250000
v 0.066224 0.155000 -0.269318
v 0.066223 0.155000 -0.230683
v 0.066299 2.917474 -0.256281
v 0.066299 2.917474 -0.243719
v 0.067274 0.151651 -0.338447
v 0.067273 0.151651 -0.161553
v 0.067273 3.009158 -0.250000
v 0.067524 2.963316 -0.255368
v 0.067524 2.963316 -0.244632
v 0.068340 0.142500 -0.651115
v 0.068341 0.142500 0.151114
v 0.068632 2.289770 -0.270023
v 0.068632 2.289770 -0.229977
v 0.068737 2.290000 -0.270054
v 0.068737 2.290000 -0.229946
v 0.068737 2.521690 -0.270054
v 0.068737 2.521690 -0.229946
v 0.068750 3.009158 -0.254455
v 0.068750 3.009158 -0.245545
v 0.068825 2.577224 -0.269758
v 0.068825 2.577224 -0.230242
v 0.068801 3.055000 -0.250000
v 0.069090 2.632751 -0.268872
v 0.069090 2.632751 -0.231128
v 0.069532 2.688264 -0.267395
v 0.069532 2.688264 -0.232605
v 0.069917 0.080000 -0.646690
v 0.069917 0.080000 0.146689
v 0.069975 3.055000 -0.253543
v 0.069975 3.055000 -0.246457
v 0.071353 0.000000 -0.570063
v 0.071353 0.000000 -0.429937
v 0.071353 0.000000 -0.070063
v 0.071353 0.000000 0.070063
v 0.071353 0.030000 -0.570063
v 0.071353 0.030000 -0.429937
v 0.071353 0.030000 -0.070063
v 0.071353 0.030000 0.070063
v 0.072110 0.151651 -0.659452
v 0.072111 0.151651 0.159452
v 0.073033 3.055000 -0.255682
v 0.073033 3.055000 -0.244318
v 0.074123 0.000000 -0.728267
v 0.074123 0.000000 -0.271733
v 0.074123 0.000000 -0.228267
v 0.074123 0.000000 0.228267
v 0.074123 0.030000 -0.728267
v 0.074123 0.030000 -0.271733
v 0.074123 0.030000 -0.228267
v 0.074123 0.030000 0.228267
v 0.076405 0.000000 -0.933315
v 0.076409 0.000000 0.433315
v 0.076405 0.080000 -0.933315
v 0.076409 0.080000 0.433315
v 0.078638 0.855000 -0.758295
v 0.078640 0.855000 0.258294
v 0.081189 0.825000 -0.725850
v 0.081190 0.825000 0.225850
v 0.081250 0.080000 -0.359271
v 0.081249 0.080000 -0.140730
v 0.081250 0.130000 -0.359271
v 0.081249 0.130000 -0.140730
v 0.083223 0.155000 -0.668018
v 0.083224 0.155000 0.168018
v 0.086294 0.080000 -0.637694
v 0.086295 0.080000 0.137693
v 0.086294 0.130000 -0.637694
v 0.086295 0.130000 0.137693
v 0.088782 0.840000 -0.727295
v 0.088784 0.840000 0.227295
v 0.089318 0.855000 -0.775903
v 0.089321 0.855000 0.275902
v 0.092777 0.850981 -0.737524
v 0.092779 0.850981 0.237523
v 0.093750 0.155000 -0.337620
v 0.093749 0.155000 -0.162380
v 0.095787 0.080000 -0.773724
v 0.095789 0.080000 0.273723
v 0.096353 0.000000 -0.526762
v 0.096353 0.000000 -0.473238
v 0.096353 0.000000 -0.026762
v 0.096353 0.000000 0.026762
v 0.096353 0.030000 -0.526762
v 0.096353 0.030000 -0.473238
v 0.096353 0.030000 -0.026762
v 0.096353 0.030000 0.026762
v 0.098226 0.155000 -0.718978
v 0.098227 0.155000 0.218978
v 0.098528 0.080000 -0.370778
v 0.098528 0.080000 -0.129223
v 0.099593 0.000000 -0.509018
v 0.099593 0.000000 -0.490982
v 0.099593 0.000000 -0.009018
v 0.099593 0.000000 0.009018
v 0.099593 0.030000 -0.509018
v 0.099593 0.030000 -0.490982
v 0.099593 0.030000 -0.009018
v 0.099593 0.030000 0.009018
v 0.100715 0.142500 -0.368233
v 0.100714 0.142500 -0.131768
v 0.103503 2.521690 -0.283465
v 0.103503 2.521690 -0.216535
v 0.104639 0.142500 -0.628673
v 0.104639 0.142500 0.128673
v 0.104700 2.688264 -0.280961
v 0.104700 2.688264 -0.219039
v 0.104741 0.080000 -0.624240
v 0.104742 0.080000 0.124239
v 0.106272 0.151651 -0.360963
v 0.106271 0.151651 -0.139038
v 0.109972 3.055000 -0.269932
v 0.109972 3.055000 -0.230068
v 0.110412 0.151651 -0.635773
v 0.110413 0.151651 0.135772
v 0.118547 0.080000 -0.388857
v 0.118547 0.080000 -0.111144
v 0.118547 0.130000 -0.388857
v 0.118547 0.130000 -0.111144
v 0.120000 0.000000 -0.707846
v 0.120000 0.000000 -0.292154
v 0.120000 0.000000 -0.207846
v 0.120000 0.000000 0.207846
v 0.120000 0.030000 -0.707846
v 0.120000 0.030000 -0.292154
v 0.120000 0.030000 -0.207846
v 0.120000 0.030000 0.207846
v 0.120000 0.155000 -0.292154
v 0.119999 0.155000 -0.207847
v 0.122495 0.080000 -0.606776
v 0.122496 0.080000 0.106775
v 0.122495 0.130000 -0.606776
v 0.122496 0.130000 0.106775
v 0.123561 0.876871 -0.711466
v 0.123563 0.876871 0.211465
v 0.123871 0.837716 -0.708857
v 0.123873 0.837716 0.208856
v 0.124444 2.871632 -0.284457
v 0.124444 2.871632 -0.215543
v 0.124580 0.886166 0.210042
v 0.124580 0.886213 -0.710052
v 0.124770 0.876871 -0.706566
v 0.124772 0.876871 0.206565
v 0.124781 0.886475 0.212536
v 0.124793 0.886527 -0.712592
v 0.124900 0.847180 -0.716333
v 0.124900 0.876871 -0.716333
v 0.124902 0.847180 0.216332
v 0.124902 0.876871 0.216332
v 0.124991 0.155000 -0.639763
v 0.124991 0.155000 0.139762
v 0.125324 0.885542 0.206795
v 0.125314 0.885590 -0.706821
v 0.126000 0.886653 0.215710
v 0.126022 0.886702 -0.715741
v 0.127066 0.884803 -0.704028
v 0.127095 0.884753 0.203994
v 0.127275 0.850716 -0.720447
v 0.127277 0.850716 0.220446
v 0.128005 0.080000 -0.399896
v 0.128005 0.080000 -0.100105
v 0.128145 0.825153 -0.702926
v 0.128147 0.825153 0.202925
v 0.128218 0.825000 -0.702880
v 0.128220 0.825000 0.202879
v 0.128218 0.876871 -0.702880
v 0.128220 0.876871 0.202879
v 0.128325 0.894623 -0.705797
v 0.128365 0.896061 -0.709507
v 0.129359 0.896574 -0.712327
v 0.129622 0.892577 -0.702591
v 0.129951 0.853250 -0.725082
v 0.129954 0.853250 0.225081
v 0.129973 0.887711 -0.701760
v 0.129977 0.887707 0.201757
v 0.130500 0.897810 0.204711
v 0.131005 0.142500 -0.398296
v 0.131004 0.142500 -0.101705
v 0.131028 0.899619 0.208484
v 0.131137 0.891328 -0.718468
v 0.131143 0.891323 0.218462
v 0.131345 0.895101 0.201523
v 0.131702 0.896447 -0.715584
v 0.131749 0.899140 -0.704058
v 0.132262 0.896146 -0.700974
v 0.132329 0.900135 0.211293
v 0.132418 0.892335 -0.700164
v 0.132420 0.892336 0.200162
v 0.132548 0.901096 -0.707774
v 0.132756 0.080000 -0.593713
v 0.132757 0.080000 0.093712
v 0.132824 0.854683 -0.730058
v 0.132826 0.854683 0.230057
v 0.133634 0.155000 -0.368477
v 0.133633 0.155000 -0.131523
v 0.134009 0.142500 -0.597712
v 0.134010 0.142500 0.097711
v 0.134022 0.901598 -0.710635
v 0.134173 0.894046 -0.698992
v 0.134165 0.894044 0.198997
v 0.134999 0.899694 0.214585
v 0.135303 0.855000 -0.733652
v 0.135305 0.855000 0.233650
v 0.135773 2.521690 -0.302097
v 0.135773 2.521690 -0.197903
v 0.136243 0.894917 -0.697580
v 0.136245 0.894917 0.197579
v 0.136791 0.900766 -0.699528
v 0.136757 0.900959 -0.713921
v 0.136793 0.900766 0.199527
v 0.137352 0.897436 -0.717085
v 0.137355 0.897436 0.217084
v 0.137343 2.688264 -0.299808
v 0.137343 2.688264 -0.200192
v 0.138233 0.151651 -0.392684
v 0.138232 0.151651 -0.107317
v 0.139303 0.904374 -0.703884
v 0.139305 0.904374 0.203882
v 0.141403 0.151651 -0.603103
v 0.141404 0.151651 0.103102
v 0.142818 0.904360 -0.708978
v 0.142820 0.904360 0.208977
v 0.144259 3.055000 -0.289728
v 0.144259 3.055000 -0.210272
v 0.145000 0.080000 -0.751147
v 0.145002 0.080000 0.251146
v 0.145000 0.855000 -0.751147
v 0.145002 0.855000 0.251146
v 0.145670 0.080000 -0.427982
v 0.145669 0.080000 -0.072019
v 0.145670 0.130000 -0.427982
v 0.145669 0.130000 -0.072019
v 0.145989 0.900730 -0.712860
v 0.145991 0.900730 0.212858
v 0.148183 0.080000 -0.566694
v 0.148183 0.080000 0.066693
v 0.148183 0.130000 -0.566694
v 0.148183 0.130000 0.066693
v 0.148226 0.155000 -0.688757
v 0.148227 0.155000 0.188756
v 0.148448 0.855000 -0.742634
v 0.148450 0.855000 0.242632
v 0.149160 0.080000 -0.435522
v 0.149160 0.080000 -0.064479
v 0.150489 0.000000 -0.913465
v 0.150489 0.080000 -0.913465
v 0.150492 0.000000 0.413463
v 0.150492 0.080000 0.413463
v 0.152140 0.080000 -0.557093
v 0.152141 0.080000 0.057092
v 0.152620 0.142500 -0.435092
v 0.152620 0.142500 -0.064908
v 0.154507 0.142500 -0.560280
v 0.154507 0.142500 0.060280
v 0.155721 0.855000 -0.743277
v 0.155723 0.855000 0.243276
v 0.157717 0.155000 -0.601398
v 0.157718 0.155000 0.101397
v 0.160290 0.080000 -0.473289
v 0.160289 0.080000 -0.026712
v 0.160290 0.130000 -0.473289
v 0.160289 0.130000 -0.026712
v 0.160624 0.000000 -0.678326
v 0.160624 0.000000 -0.321674
v 0.160624 0.000000 -0.178326
v 0.160624 0.000000 0.178326
v 0.160624 0.030000 -0.678326
v 0.160624 0.030000 -0.321674
v 0.160624 0.030000 -0.178326
v 0.160624 0.030000 0.178326
v 0.160618 0.080000 -0.475340
v 0.160618 0.080000 -0.024661
v 0.161041 0.151651 -0.431511
v 0.161041 0.151651 -0.068490
v 0.161152 0.080000 -0.520888
v 0.161152 0.080000 0.020887
v 0.161152 0.130000 -0.520888
v 0.161152 0.130000 0.020887
v 0.161633 0.080000 -0.516761
v 0.161633 0.080000 0.016760
v 0.162321 0.855000 -0.741147
v 0.162323 0.855000 0.241146
v 0.163031 0.151651 -0.563606
v 0.163032 0.151651 0.063605
v 0.163852 0.155000 -0.408848
v 0.163852 0.155000 -0.091153
v 0.164046 0.906341 0.176006
v 0.164131 0.142500 -0.476187
v 0.164131 0.142500 -0.023814
v 0.164774 0.142500 -0.518858
v 0.164774 0.142500 0.018857
v 0.164771 2.290000 -0.325499
v 0.164771 2.290000 -0.174501
v 0.164771 2.521690 -0.325499
v 0.164771 2.521690 -0.174501
v 0.164850 2.289770 -0.325574
v 0.164850 2.289770 -0.174426
v 0.164912 0.909896 0.178549
v 0.164982 2.577224 -0.325275
v 0.164982 2.577224 -0.174725
v 0.165618 2.632751 -0.324602
v 0.165618 2.632751 -0.175398
v 0.166665 0.155000 -0.327307
v 0.166664 0.155000 -0.172694
v 0.166676 2.688264 -0.323481
v 0.166676 2.688264 -0.176519
v 0.166945 0.912136 0.181745
v 0.167728 0.908009 -0.672527
v 0.168127 0.904897 -0.671270
v 0.168129 0.904897 0.171268
v 0.168470 0.911526 -0.675180
v 0.169120 0.912600 0.184286
v 0.170446 0.913735 -0.678441
v 0.172289 0.911593 0.187223
v 0.172593 0.914180 -0.680964
v 0.173187 0.151651 -0.474873
v 0.173187 0.151651 -0.025128
v 0.173865 0.151651 -0.519898
v 0.173865 0.151651 0.019897
v 0.175069 3.055000 -0.314593
v 0.175069 3.055000 -0.185407
v 0.175807 0.913166 -0.683891
v 0.176243 2.258575 -0.337077
v 0.176243 2.258576 -0.162923
v 0.176706 2.290000 -0.331069
v 0.176706 2.290000 -0.168931
v 0.176706 2.521690 -0.331069
v 0.176706 2.521690 -0.168931
v 0.177029 2.688264 -0.328312
v 0.177029 2.688264 -0.171688
v 0.177207 2.734106 -0.326795
v 0.177207 2.734106 -0.173205
v 0.177384 2.779948 -0.325277
v 0.177384 2.779948 -0.174723
v 0.177562 2.825790 -0.323759
v 0.177562 2.825790 -0.176241
v 0.177740 2.871632 -0.322242
v 0.177740 2.871632 -0.177758
v 0.177918 2.917474 -0.320724
v 0.177918 2.917474 -0.179276
v 0.178095 2.963316 -0.319206
v 0.178095 2.963316 -0.180794
v 0.178273 3.009158 -0.317689
v 0.178273 3.009158 -0.182311
v 0.178451 3.055000 -0.316171
v 0.178451 3.055000 -0.183829
v 0.178782 3.055000 -0.269796
v 0.178782 3.055000 -0.230204
v 0.178828 0.910527 -0.685819
v 0.178829 0.910527 0.185817
v 0.179036 0.155000 -0.555699
v 0.179036 0.155000 0.055698
v 0.179455 2.257472 -0.337680
v 0.179455 2.257472 -0.162320
v 0.182106 3.055000 -0.315417
v 0.182106 3.055000 -0.184583
v 0.182219 0.155000 -0.455811
v 0.182218 0.155000 -0.044190
v 0.182870 3.009158 -0.316740
v 0.182870 3.009158 -0.183260
v 0.183634 2.963316 -0.318063
v 0.183634 2.963316 -0.181937
v 0.184125 2.871632 -0.250000
v 0.184398 2.917474 -0.319387
v 0.184398 2.917474 -0.180613
v 0.184587 3.055000 -0.312628
v 0.184587 3.055000 -0.187372
v 0.184911 3.055000 -0.308910
v 0.184911 3.055000 -0.191090
v 0.185162 2.871632 -0.320710
v 0.185162 2.871632 -0.179290
v 0.185926 2.825790 -0.322033
v 0.185926 2.825790 -0.177967
v 0.185990 3.009158 -0.313233
v 0.185990 3.009158 -0.186767
v 0.186384 2.257472 -0.336707
v 0.186384 2.257472 -0.163293
v 0.186690 2.779948 -0.323357
v 0.186690 2.779948 -0.176643
v 0.187405 0.155000 -0.505971
v 0.187405 0.155000 0.005970
v 0.187393 2.963316 -0.313838
v 0.187393 2.963316 -0.186162
v 0.187454 2.734106 -0.324680
v 0.187454 2.734106 -0.175320
v 0.188218 2.688264 -0.326003
v 0.188218 2.688264 -0.173997
v 0.188321 0.921912 0.149745
v 0.188796 2.917474 -0.314443
v 0.188796 2.917474 -0.185557
v 0.189098 0.925184 0.152518
v 0.189442 0.155000 -0.647349
v 0.189443 0.155000 0.147348
v 0.189550 2.232033 -0.352785
v 0.189549 2.232034 -0.147216
v 0.189606 2.290000 -0.328407
v 0.189606 2.290000 -0.171593
v 0.189606 2.521690 -0.328407
v 0.189606 2.521690 -0.171593
v 0.190200 2.871632 -0.315048
v 0.190200 2.871632 -0.184952
v 0.190970 2.688264 -0.268847
v 0.190970 2.688264 -0.231153
v 0.191235 0.927301 0.155596
v 0.191255 2.229896 -0.354477
v 0.191255 2.229896 -0.145523
v 0.191603 2.825790 -0.315653
v 0.191603 2.825790 -0.184347
v 0.192841 2.257472 -0.334010
v 0.192841 2.257472 -0.165990
v 0.193006 2.779948 -0.316258
v 0.193006 2.779948 -0.183742
v 0.193013 0.000000 -0.250000
v 0.193013 0.030000 -0.250000
v 0.193013 0.155000 -0.250559
v 0.193627 0.927820 0.157819
v 0.193737 2.521690 -0.268631
v 0.193737 2.521690 -0.231369
v 0.194215 0.000000 -0.640998
v 0.194215 0.000000 -0.359002
v 0.194215 0.000000 -0.140998
v 0.194215 0.000000 0.140998
v 0.194215 0.030000 -0.640998
v 0.194215 0.030000 -0.359002
v 0.194215 0.030000 -0.140998
v 0.194215 0.030000 0.140998
v 0.194254 0.927434 -0.641935
v 0.194409 2.734106 -0.316863
v 0.194409 2.734106 -0.183137
v 0.195023 0.924931 -0.639878
v 0.195025 0.924931 0.139876
v 0.195033 0.930635 -0.644760
v 0.195812 2.688264 -0.317468
v 0.195812 2.688264 -0.182532
v 0.196805 2.688264 -0.306086
v 0.196805 2.688264 -0.193914
v 0.197207 0.932724 -0.647805
v 0.197225 0.927056 0.160143
v 0.198266 0.000000 -0.299942
v 0.198266 0.000000 -0.200058
v 0.198266 0.030000 -0.299942
v 0.198266 0.030000 -0.200058
v 0.198305 2.632751 -0.305730
v 0.198305 2.632751 -0.194270
v 0.198361 2.290000 -0.318567
v 0.198361 2.290000 -0.181433
v 0.198361 2.521690 -0.318567
v 0.198361 2.521690 -0.181433
v 0.198404 2.257472 -0.329767
v 0.198404 2.257472 -0.170233
v 0.199205 2.577224 -0.305516
v 0.199205 2.577224 -0.194484
v 0.199505 2.290000 -0.305445
v 0.199505 2.290000 -0.194555
v 0.199505 2.521690 -0.305445
v 0.199505 2.521690 -0.194555
v 0.199530 2.289770 -0.305551
v 0.199530 2.289770 -0.194449
v 0.199617 0.933259 -0.649921
v 0.199989 0.155000 -0.192553
v 0.200259 0.155000 -0.308531
v 0.202054 2.229896 -0.349967
v 0.202054 2.229896 -0.150033
v 0.202712 2.257472 -0.324252
v 0.202712 2.257472 -0.175748
v 0.203305 0.932575 -0.652096
v 0.203453 0.155000 -0.372694
v 0.203452 0.155000 -0.127307
v 0.203796 2.258575 -0.321170
v 0.203796 2.258576 -0.178831
v 0.205025 2.213000 -0.375241
v 0.205024 2.213001 -0.124760
v 0.206607 0.930143 -0.653602
v 0.206608 0.930143 0.153600
v 0.208498 0.944884 0.119996
v 0.209362 0.947830 0.122889
v 0.210746 2.232033 -0.340547
v 0.210746 2.232034 -0.159453
v 0.211358 2.229896 -0.342870
v 0.211358 2.229896 -0.157130
v 0.211627 0.949804 0.125782
v 0.213797 0.000000 -0.347697
v 0.213797 0.000000 -0.152303
v 0.213797 0.030000 -0.347697
v 0.213797 0.030000 -0.152303
v 0.214145 0.950384 0.127679
v 0.215436 0.956253 -0.606981
v 0.215842 2.211470 -0.373849
v 0.215842 2.211470 -0.126151
v 0.215917 2.221316 -0.352320
v 0.215916 2.221317 -0.147681
v 0.216134 0.954425 -0.604337
v 0.216135 0.954425 0.104335
v 0.216364 0.959081 -0.609898
v 0.217947 0.949898 0.129433
v 0.218689 0.961006 -0.612707
v 0.219215 0.000000 -0.597697
v 0.219215 0.000000 -0.402303
v 0.219215 0.000000 -0.097697
v 0.219215 0.000000 0.097697
v 0.219215 0.030000 -0.597697
v 0.219215 0.030000 -0.402303
v 0.219215 0.030000 -0.097697
v 0.219215 0.030000 0.097697
v 0.219432 0.155000 -0.597210
v 0.219432 0.155000 0.097209
v 0.219867 1.205000 -0.403778
v 0.219866 1.205000 -0.096224
v 0.219867 2.205000 -0.403778
v 0.219866 2.205000 -0.096224
v 0.219867 2.205092 -0.403778
v 0.219866 2.205092 -0.096224
v 0.220000 0.000000 -0.881051
v 0.220004 0.000000 0.381049
v 0.220000 0.080000 -0.881051
v 0.220004 0.080000 0.381049
v 0.220774 0.155000 -0.137952
v 0.221210 0.961608 -0.614459
v 0.221298 0.155000 -0.363036
v 0.221930 2.205000 -0.407185
v 0.221930 2.205000 -0.092816
v 0.222456 2.213000 -0.365177
v 0.222455 2.213001 -0.134824
v 0.224060 0.974740 0.087433
v 0.225057 0.961239 -0.616010
v 0.225112 0.977375 0.090325
v 0.225416 1.188677 -0.083208
v 0.225948 1.205000 -0.410549
v 0.225947 1.205000 -0.089453
v 0.227321 1.190338 -0.081474
v 0.227503 0.979210 0.092971
v 0.228150 2.205000 -0.411424
v 0.228150 2.205000 -0.088577
v 0.228185 0.155000 -0.425624
v 0.228184 0.155000 -0.074377
v 0.228522 0.959008 -0.617142
v 0.228523 0.959008 0.117139
v 0.228776 2.205000 -0.403862
v 0.228777 2.205000 -0.096138
v 0.229821 1.191716 -0.080384
v 0.230074 0.979846 0.094550
v 0.230341 1.205000 -0.411754
v 0.230349 1.205000 -0.088248
v 0.230429 0.993610 -0.568793
v 0.230460 2.207478 -0.378733
v 0.230459 2.207479 -0.121268
v 0.230832 0.992503 -0.565701
v 0.230833 0.992503 0.065698
v 0.231586 2.205000 -0.411701
v 0.231586 2.205000 -0.088302
v 0.231599 0.996102 -0.571647
v 0.232016 1.192491 -0.080069
v 0.232547 1.155085 -0.439384
v 0.232676 1.002129 0.060789
v 0.233117 1.145885 -0.442935
v 0.233116 1.145885 -0.057068
v 0.233903 1.004547 0.063603
v 0.233918 0.979623 0.095804
v 0.233970 1.146870 -0.054872
v 0.234057 0.997876 -0.574148
v 0.234399 1.156841 -0.441346
v 0.234741 1.205000 -0.410660
v 0.234740 1.205000 -0.089342
v 0.234741 2.205000 -0.410660
v 0.234740 2.205000 -0.089342
v 0.234746 0.000000 -0.549942
v 0.234746 0.000000 -0.450058
v 0.234746 0.000000 -0.049942
v 0.234746 0.000000 0.049942
v 0.234746 0.030000 -0.549942
v 0.234746 0.030000 -0.450058
v 0.234746 0.030000 -0.049942
v 0.234746 0.030000 0.049942
v 0.235013 1.193071 -0.080345
v 0.235367 2.205000 -0.400057
v 0.235367 2.205000 -0.099943
v 0.235801 1.148642 -0.052867
v 0.236377 1.006284 0.066026
v 0.236418 0.155000 -0.541310
v 0.236418 0.155000 0.041309
v 0.236605 0.998534 -0.575550
v 0.236954 1.158268 -0.442657
v 0.238126 1.032880 0.033277
v 0.238272 1.205000 -0.408622
v 0.238271 1.205000 -0.091380
v 0.238272 2.205000 -0.408622
v 0.238271 2.205000 -0.091380
v 0.238357 1.150075 -0.051507
v 0.238682 1.038037 -0.525115
v 0.238683 1.038037 0.025113
v 0.238797 0.000000 -0.390998
v 0.238797 0.000000 -0.109002
v 0.238797 0.030000 -0.390998
v 0.238797 0.030000 -0.109002
v 0.238949 1.006955 0.067370
v 0.238989 1.106561 -0.025716
v 0.239019 1.105894 -0.474763
v 0.239220 1.159028 -0.443111
v 0.239386 1.045827 -0.522246
v 0.239394 0.155000 -0.482962
v 0.239394 0.155000 -0.017039
v 0.239452 1.089675 -0.483784
v 0.239451 1.089675 -0.016218
v 0.239528 1.035107 0.035956
v 0.239749 1.205000 -0.392299
v 0.239747 1.205000 -0.107703
v 0.239749 2.205000 -0.392299
v 0.239747 2.205000 -0.107703
v 0.239749 2.205092 -0.392299
v 0.239747 2.205092 -0.107703
v 0.240000 0.000000 -0.500000
v 0.240000 0.000000 0.000000
v 0.240000 0.030000 -0.500000
v 0.240000 0.030000 0.000000
v 0.240370 1.068375 0.003819
v 0.240434 0.998447 -0.576571
v 0.240667 1.150838 -0.051015
v 0.240708 1.108462 -0.023455
v 0.240736 1.107807 -0.477039
v 0.240750 2.205000 -0.406410
v 0.240748 2.205000 -0.093592
v 0.240854 1.047996 -0.524871
v 0.241415 1.205000 -0.405366
v 0.241417 1.205000 -0.094644
v 0.241667 2.205000 -0.395789
v 0.241667 2.205000 -0.104211
v 0.241944 1.070427 0.006308
v 0.242064 1.036756 0.038137
v 0.242229 2.205000 -0.403296
v 0.242227 2.205000 -0.096705
v 0.242394 1.159543 -0.442978
v 0.242572 1.205000 -0.400951
v 0.242571 1.205000 -0.099051
v 0.242745 1.006915 0.068285
v 0.243323 1.109310 -0.478686
v 0.243288 1.109958 -0.021821
v 0.243414 1.049620 -0.526960
v 0.243871 1.151329 -0.051115
v 0.243938 0.996287 -0.577494
v 0.243939 0.996287 0.077491
v 0.244516 1.071995 0.008219
v 0.244607 1.037458 0.039256
v 0.245513 0.155000 -0.250437
v 0.245710 1.110051 -0.479372
v 0.245698 1.110705 -0.021134
v 0.245915 1.050327 -0.527986
v 0.245932 1.193070 -0.413351
v 0.247015 0.155000 -0.226310
v 0.247004 1.072722 0.009115
v 0.247128 0.155000 -0.274557
v 0.247671 1.192487 -0.410886
v 0.247743 1.146790 -0.451164
v 0.247742 1.146790 -0.048838
v 0.248242 1.188668 -0.403603
v 0.248309 1.037577 0.039873
v 0.248489 1.191716 -0.408841
v 0.248795 1.190335 -0.406125
v 0.249091 1.111091 -0.021029
v 0.249119 1.110441 -0.479487
v 0.249580 1.050508 -0.528503
v 0.250567 1.072985 0.009458
v 0.252178 0.155000 -0.200452
v 0.252411 0.155000 -0.300390
v 0.252409 1.040901 -0.535806
v 0.252409 1.040901 0.035804
v 0.253690 1.091558 -0.493286
v 0.253690 1.091558 -0.006716
v 0.254136 0.155000 -0.089990
v 0.254883 0.155000 -0.410841
v 0.259218 0.155000 -0.179631
v 0.259415 0.151651 -0.227889
v 0.259520 0.151651 -0.272919
v 0.259548 0.155000 -0.321178
v 0.261756 1.160834 -0.069266
v 0.263460 1.160315 -0.071940
v 0.263587 1.156377 -0.079569
v 0.264203 1.159555 -0.074123
v 0.264352 1.158130 -0.076986
v 0.266720 1.147022 -0.059986
v 0.266817 1.151329 -0.435637
v 0.266848 1.146790 -0.440134
v 0.266912 1.146118 -0.076764
v 0.267034 1.145885 -0.423353
v 0.268492 0.142500 -0.229045
v 0.268502 1.146861 -0.425179
v 0.268507 1.150834 -0.432905
v 0.268592 0.142500 -0.271721
v 0.269229 1.150075 -0.430671
v 0.269329 1.148639 -0.427772
v 0.270513 0.130000 -0.250378
v 0.270805 0.151651 -0.184322
v 0.271112 0.151651 -0.316432
v 0.271791 0.080000 -0.229659
v 0.271791 0.130000 -0.229659
v 0.271887 0.080000 -0.271092
v 0.271887 0.130000 -0.271092
v 0.271923 0.155000 -0.154051
v 0.272371 0.155000 -0.346698
v 0.272389 0.000000 -0.428326
v 0.272389 0.000000 -0.071674
v 0.272389 0.030000 -0.428326
v 0.272389 0.030000 -0.071674
v 0.277377 0.130000 -0.203269
v 0.277596 0.130000 -0.297455
v 0.279286 0.142500 -0.187757
v 0.279578 0.142500 -0.312959
v 0.282176 0.080000 -0.189547
v 0.282176 0.130000 -0.189547
v 0.282459 0.080000 -0.311155
v 0.282459 0.130000 -0.311155
v 0.282929 0.155000 -0.137612
v 0.283454 0.155000 -0.363086
v 0.289154 1.112891 -0.045646
v 0.290159 1.108348 -0.056717
v 0.290263 1.111091 -0.455200
v 0.290765 1.112494 -0.048639
v 0.291242 1.106551 -0.444103
v 0.291254 1.110253 -0.054092
v 0.291372 1.111752 -0.051037
v 0.291869 1.110701 -0.452200
v 0.292346 1.108458 -0.446726
v 0.292473 1.109958 -0.449785
v 0.292934 0.151651 -0.145105
v 0.293424 0.151651 -0.355547
v 0.297599 0.130000 -0.160170
v 0.298019 0.130000 -0.340459
v 0.298098 0.155000 -0.051511
v 0.298966 1.090110 -0.050924
v 0.299024 0.155000 -0.449116
v 0.299244 1.089675 -0.449263
v 0.300062 1.091990 -0.033846
v 0.300259 0.142500 -0.150590
v 0.300353 1.091558 -0.466345
v 0.300723 0.142500 -0.350028
v 0.302367 0.080000 -0.153366
v 0.302367 0.130000 -0.153366
v 0.302819 0.080000 -0.347241
v 0.302819 0.130000 -0.347241
v 0.303319 0.155000 -0.114590
v 0.303951 0.155000 -0.386012
v 0.313013 0.000000 -0.457846
v 0.313013 0.000000 -0.042154
v 0.313013 0.030000 -0.457846
v 0.313013 0.030000 -0.042154
v 0.315927 1.072985 -0.471720
v 0.316129 1.068365 -0.460067
v 0.316576 0.155000 -0.103035
v 0.317262 0.155000 -0.397506
v 0.317411 1.072719 -0.468455
v 0.317504 1.070423 -0.462678
v 0.317875 1.071995 -0.465868
v 0.324339 0.151651 -0.112832
v 0.324979 0.151651 -0.387672
v 0.329443 0.130000 -0.124782
v 0.330028 0.130000 -0.375699
v 0.330021 0.142500 -0.120005
v 0.330628 0.142500 -0.380474
v 0.330999 1.047908 -0.032302
v 0.331052 0.080000 -0.123468
v 0.331052 0.130000 -0.123468
v 0.331272 1.052584 -0.020372
v 0.331643 0.080000 -0.377006
v 0.331643 0.130000 -0.377006
v 0.332524 1.050066 -0.029714
v 0.332667 1.052394 -0.023790
v 0.333038 1.051686 -0.026458
v 0.333420 0.000000 -0.259018
v 0.333420 0.000000 -0.240982
v 0.333420 0.030000 -0.259018
v 0.333420 0.030000 -0.240982
v 0.334964 1.038625 -0.030942
v 0.335422 1.038037 -0.469262
v 0.336660 0.000000 -0.276762
v 0.336660 0.000000 -0.223238
v 0.336660 0.030000 -0.276762
v 0.336660 0.030000 -0.223238
v 0.337338 1.041484 -0.013712
v 0.337817 1.040901 -0.486496
v 0.342761 1.032869 -0.472853
v 0.343396 1.037577 -0.484971
v 0.344096 0.155000 -0.084924
v 0.344387 1.035102 -0.475410
v 0.344711 1.037455 -0.481448
v 0.344866 0.155000 -0.415489
v 0.345010 1.036756 -0.478702
v 0.350055 0.155000 -0.024793
v 0.351105 0.155000 -0.475590
v 0.357934 0.155000 -0.078188
v 0.358735 0.155000 -0.422160
v 0.358890 0.000000 -0.478267
v 0.358890 0.000000 -0.021733
v 0.358890 0.030000 -0.478267
v 0.358890 0.030000 -0.021733
v 0.361660 0.000000 -0.320063
v 0.361660 0.000000 -0.179937
v 0.361660 0.030000 -0.320063
v 0.361660 0.030000 -0.179937
v 0.362939 0.151651 -0.089642
v 0.363687 0.151651 -0.410683
v 0.366366 0.080000 -0.101796
v 0.366366 0.130000 -0.101796
v 0.366603 0.142500 -0.098027
v 0.367057 0.080000 -0.398513
v 0.367057 0.130000 -0.398513
v 0.367312 0.142500 -0.402281
v 0.369311 1.002117 -0.481890
v 0.370177 0.130000 -0.100140
v 0.370783 1.006917 -0.494358
v 0.370876 0.130000 -0.400151
v 0.371142 1.004542 -0.484361
v 0.371887 1.006953 -0.490603
v 0.372007 1.006284 -0.487723
v 0.373848 0.993178 -0.017407
v 0.374495 0.992503 -0.482757
v 0.375406 0.000000 -0.331740
v 0.375406 0.000000 -0.168260
v 0.375406 0.030000 -0.331740
v 0.375406 0.030000 -0.168260
v 0.375744 0.995294 -0.016442
v 0.377449 1.000104 -0.003900
v 0.377480 0.996955 -0.000161
v 0.377627 0.997768 -0.013994
v 0.378155 0.996287 -0.500003
v 0.378489 1.000186 -0.007715
v 0.378557 0.999530 -0.010616
v 0.391027 0.000000 -0.340759
v 0.391027 0.000000 -0.159241
v 0.391027 0.030000 -0.340759
v 0.391027 0.030000 -0.159241
v 0.391305 0.155000 -0.067198
v 0.392157 0.155000 -0.432995
v 0.396694 0.974726 -0.487750
v 0.398679 0.977369 -0.490108
v 0.399028 0.979625 -0.500472
v 0.399778 0.979210 -0.493509
v 0.399862 0.979844 -0.496507
v 0.404262 0.155000 -0.064717
v 0.405125 0.155000 -0.435415
v 0.406013 0.080000 -0.089759
v 0.406013 0.130000 -0.089759
v 0.406179 0.151651 -0.077070
v 0.406760 0.080000 -0.410365
v 0.406760 0.130000 -0.410365
v 0.406928 0.155000 -0.011422
v 0.406985 0.151651 -0.423054
v 0.407582 0.142500 -0.086112
v 0.408013 0.000000 -0.488694
v 0.408013 0.000000 -0.346825
v 0.408013 0.000000 -0.153175
v 0.408013 0.000000 -0.011306
v 0.408013 0.030000 -0.488694
v 0.408013 0.030000 -0.346825
v 0.408013 0.030000 -0.153175
v 0.408013 0.030000 -0.011306
v 0.408039 0.155000 -0.488697
v 0.408346 0.142500 -0.414005
v 0.414473 0.955106 -0.010717
v 0.415305 0.954425 -0.489346
v 0.416303 0.130000 -0.088361
v 0.416359 0.957540 -0.010044
v 0.417057 0.130000 -0.411715
v 0.418422 0.960351 -0.007773
v 0.419333 0.959683 0.006416
v 0.419337 0.962507 0.002797
v 0.419686 0.962267 -0.004356
v 0.419932 0.962868 -0.001302
v 0.420199 0.959008 -0.506476
v 0.432675 0.944869 -0.490555
v 0.434755 0.947824 -0.492751
v 0.436132 0.949804 -0.496165
v 0.436136 0.949901 -0.503455
v 0.436516 0.950383 -0.499275
v 0.441531 0.155000 -0.062694
v 0.442403 0.155000 -0.437265
v 0.447415 0.080000 -0.088140
v 0.447415 0.130000 -0.088140
v 0.448169 0.080000 -0.411792
v 0.448169 0.130000 -0.411792
v 0.450245 0.142500 -0.085048
v 0.451013 0.142500 -0.414870
v 0.451195 0.151651 -0.075947
v 0.452006 0.151651 -0.423966
v 0.452494 0.155000 -0.063515
v 0.453363 0.155000 -0.436392
v 0.455644 0.925530 -0.011069
v 0.456639 0.924931 -0.488834
v 0.457318 0.928322 -0.010650
v 0.458013 0.000000 -0.488694
v 0.458013 0.000000 -0.346825
v 0.458013 0.000000 -0.153175
v 0.458013 0.000000 -0.011306
v 0.458013 0.030000 -0.488694
v 0.458013 0.030000 -0.346825
v 0.458013 0.030000 -0.153175
v 0.458013 0.030000 -0.011306
v 0.459383 0.931508 -0.008558
v 0.460927 0.933590 -0.005151
v 0.461542 0.934126 -0.002009
v 0.461559 0.933452 0.002269
v 0.461696 0.930736 0.005832
v 0.462732 0.930143 -0.505728
v 0.463864 0.130000 -0.090456
v 0.464607 0.130000 -0.409399
v 0.465346 0.155000 -0.012188
v 0.466454 0.155000 -0.487659
v 0.468528 0.921895 -0.487957
v 0.470546 0.925177 -0.490016
v 0.472147 0.927301 -0.493412
v 0.472874 0.927820 -0.496575
v 0.473091 0.927060 -0.500863
v 0.474999 0.000000 -0.340759
v 0.474999 0.000000 -0.159241
v 0.474999 0.030000 -0.340759
v 0.474999 0.030000 -0.159241
v 0.487881 0.080000 -0.097043
v 0.487881 0.130000 -0.097043
v 0.488593 0.080000 -0.402699
v 0.488593 0.130000 -0.402699
v 0.490619 0.000000 -0.331740
v 0.490619 0.000000 -0.168260
v 0.490619 0.030000 -0.331740
v 0.490619 0.030000 -0.168260
v 0.491140 0.155000 -0.071738
v 0.491766 0.142500 -0.094906
v 0.491970 0.155000 -0.427990
v 0.492488 0.142500 -0.404818
v 0.495008 0.151651 -0.086349
v 0.495770 0.151651 -0.413360
v 0.496149 0.905320 -0.018453
v 0.497273 0.904897 -0.481237
v 0.497387 0.908447 -0.018152
v 0.499240 0.911986 -0.016158
v 0.499436 0.155000 -0.074660
v 0.500252 0.155000 -0.425029
v 0.500986 0.914222 -0.012791
v 0.502018 0.914693 -0.009651
v 0.502827 0.913720 -0.005374
v 0.503352 0.910947 -0.001896
v 0.503409 0.906323 -0.480064
v 0.504365 0.000000 -0.320063
v 0.504365 0.000000 -0.179937
v 0.504365 0.030000 -0.320063
v 0.504365 0.030000 -0.179937
v 0.504523 0.910527 -0.497779
v 0.505182 0.909889 -0.482085
v 0.506938 0.912136 -0.485450
v 0.507135 0.000000 -0.478267
v 0.507135 0.000000 -0.021733
v 0.507135 0.030000 -0.478267
v 0.507135 0.030000 -0.021733
v 0.508045 0.912600 -0.488584
v 0.508777 0.130000 -0.106243
v 0.509009 0.911598 -0.492808
v 0.509446 0.130000 -0.393402
v 0.515777 0.898925 -0.024722
v 0.516949 0.898625 -0.474844
v 0.521849 0.155000 -0.027047
v 0.522886 0.155000 -0.472537
v 0.524779 0.080000 -0.115891
v 0.524779 0.130000 -0.115891
v 0.525403 0.080000 -0.383680
v 0.525403 0.130000 -0.383680
v 0.529365 0.000000 -0.276762
v 0.529365 0.000000 -0.223238
v 0.529365 0.030000 -0.276762
v 0.529365 0.030000 -0.223238
v 0.529398 0.142500 -0.115034
v 0.530026 0.142500 -0.384516
v 0.532605 0.000000 -0.259018
v 0.532605 0.000000 -0.240982
v 0.532605 0.030000 -0.259018
v 0.532605 0.030000 -0.240982
v 0.534716 0.151651 -0.107587
v 0.534795 0.895072 -0.032652
v 0.535378 0.151651 -0.391938
v 0.535961 0.894759 -0.033201
v 0.536000 0.894917 -0.466780
v 0.536241 0.900914 -0.031215
v 0.536545 0.155000 -0.093676
v 0.537050 0.894186 -0.033722
v 0.537174 0.894613 -0.466218
v 0.537272 0.155000 -0.405840
v 0.537414 0.900766 -0.468229
v 0.538047 0.893405 -0.034204
v 0.538269 0.894044 -0.465688
v 0.538756 0.904519 -0.026861
v 0.538937 0.892470 -0.034640
v 0.539262 0.893268 -0.465200
v 0.539715 0.896288 -0.034366
v 0.539930 0.904374 -0.472582
v 0.540150 0.892336 -0.464759
v 0.540410 0.890289 -0.035370
v 0.541379 0.904508 -0.021257
v 0.541537 0.887850 -0.035938
v 0.541626 0.890155 -0.464017
v 0.541865 0.895102 -0.464510
v 0.541980 0.155000 -0.097415
v 0.542421 0.892741 -0.035816
v 0.542584 0.904360 -0.478173
v 0.542642 0.899275 -0.033256
v 0.542690 0.155000 -0.402076
v 0.542753 0.887707 -0.463441
v 0.542935 0.882550 -0.036653
v 0.543105 0.900884 -0.016548
v 0.543381 0.825000 -0.036883
v 0.543381 0.877031 -0.036883
v 0.543459 0.825153 -0.036923
v 0.544156 0.882403 -0.462714
v 0.544360 0.900730 -0.482860
v 0.544603 0.825000 -0.462480
v 0.544603 0.876871 -0.462480
v 0.544680 0.825153 -0.462440
v 0.544954 0.884965 -0.037298
v 0.545048 0.897811 -0.465372
v 0.545450 0.901228 -0.030695
v 0.545843 0.894787 -0.035317
v 0.546131 0.884756 -0.462064
v 0.547177 0.901731 -0.027980
v 0.547187 0.130000 -0.134369
v 0.547725 0.130000 -0.365097
v 0.548052 0.899621 -0.467715
v 0.548249 0.885752 -0.037399
v 0.548304 0.877031 -0.037998
v 0.548631 0.901095 -0.023961
v 0.549025 0.896226 -0.033408
v 0.549442 0.885545 -0.461931
v 0.549519 0.876871 -0.461337
v 0.549834 0.900137 -0.470246
v 0.550736 0.837716 -0.037617
v 0.550957 0.896739 -0.031125
v 0.551069 0.897562 -0.021858
v 0.551350 0.899695 -0.474206
v 0.551408 0.886375 -0.036401
v 0.551953 0.837716 -0.461704
v 0.552338 0.897436 -0.477494
v 0.552585 0.896611 -0.027458
v 0.552626 0.886170 -0.462910
v 0.553013 0.000000 -0.457846
v 0.553013 0.000000 -0.042154
v 0.553013 0.030000 -0.457846
v 0.553013 0.030000 -0.042154
v 0.553144 0.877031 -0.036567
v 0.553494 0.886689 -0.034934
v 0.554367 0.876871 -0.462740
v 0.554686 0.886479 -0.464332
v 0.555375 0.891459 -0.026510
v 0.555591 0.886865 -0.032283
v 0.555712 0.080000 -0.143458
v 0.555712 0.130000 -0.143458
v 0.556207 0.080000 -0.355969
v 0.556207 0.130000 -0.355969
v 0.556669 0.847180 -0.032954
v 0.556669 0.877031 -0.032954
v 0.556637 0.891323 -0.472803
v 0.556824 0.886657 -0.466975
v 0.557913 0.847180 -0.466333
v 0.557913 0.876871 -0.466333
v 0.559035 0.850734 -0.028800
v 0.559329 0.855000 0.011929
v 0.560288 0.850716 -0.470447
v 0.560648 0.142500 -0.144097
v 0.560692 0.855000 -0.511147
v 0.561139 0.142500 -0.355307
v 0.561703 0.853273 -0.024118
v 0.562620 0.855000 0.009426
v 0.562688 0.854346 0.009990
v 0.562964 0.853250 -0.475082
v 0.564539 0.853837 0.008458
v 0.564566 0.854698 -0.019093
v 0.564569 0.855000 0.007148
v 0.565837 0.854683 -0.480058
v 0.565836 0.855000 -0.506497
v 0.566141 0.855000 0.004512
v 0.566312 0.852362 0.007549
v 0.566379 0.855000 -0.015238
v 0.567300 0.855000 0.001576
v 0.567690 0.151651 -0.138254
v 0.567710 0.855000 -0.484002
v 0.568023 0.855000 -0.001596
v 0.568105 0.855000 -0.008374
v 0.568193 0.850140 0.006812
v 0.568209 0.151651 -0.361117
v 0.568293 0.855000 -0.004937
v 0.568916 0.855000 -0.499876
v 0.569331 0.848775 0.005963
v 0.571643 0.844774 0.004719
v 0.572657 0.842496 0.004234
v 0.573087 0.155000 -0.055117
v 0.573483 0.840321 0.003709
v 0.573993 0.155000 -0.444228
v 0.574462 0.155000 -0.126921
v 0.575033 0.155000 -0.372419
v 0.575798 0.130000 -0.172420
v 0.575843 0.830580 0.002388
v 0.576158 0.130000 -0.326914
v 0.576569 0.080000 0.001975
v 0.576569 0.820752 0.001975
v 0.577310 0.155000 -0.130273
v 0.577866 0.155000 -0.369054
v 0.578013 0.080000 -0.501147
v 0.578013 0.855000 -0.501147
v 0.578667 0.080000 -0.177952
v 0.578667 0.130000 -0.177952
v 0.579001 0.080000 -0.321369
v 0.579001 0.130000 -0.321369
v 0.583446 0.142500 -0.180173
v 0.583770 0.142500 -0.319125
v 0.584500 0.840000 -0.058696
v 0.585554 0.840000 -0.440464
v 0.587113 0.825000 -0.066008
v 0.588117 0.825000 -0.433146
v 0.591317 0.850981 -0.050088
v 0.591746 0.151651 -0.176321
v 0.592088 0.151651 -0.322939
v 0.592153 0.080000 -0.217129
v 0.592153 0.130000 -0.217129
v 0.592305 0.080000 -0.282129
v 0.592305 0.130000 -0.282129
v 0.592418 0.850981 -0.449035
v 0.593636 0.000000 -0.428326
v 0.593636 0.000000 -0.071674
v 0.593636 0.030000 -0.428326
v 0.593636 0.030000 -0.071674
v 0.594121 0.139628 -0.217125
v 0.594273 0.139628 -0.282125
v 0.599684 0.147740 -0.217112
v 0.599835 0.147740 -0.282112
v 0.602147 0.155000 -0.169069
v 0.602522 0.155000 -0.330143
v 0.603084 0.155000 -0.171058
v 0.603450 0.155000 -0.328149
v 0.606971 0.855000 -0.017969
v 0.607930 0.153119 -0.217093
v 0.608081 0.153119 -0.282092
v 0.616025 0.155000 -0.094737
v 0.616427 0.855000 -0.051861
v 0.616746 0.155000 -0.404409
v 0.617498 0.855000 -0.447142
v 0.617598 0.155000 -0.217070
v 0.617750 0.155000 -0.282070
v 0.618208 0.840000 -0.091103
v 0.619048 0.840000 -0.407912
v 0.621057 0.080000 -0.029230
v 0.622274 0.080000 -0.469728
v 0.623459 0.825000 -0.103952
v 0.624216 0.825000 -0.395056
v 0.626541 0.850981 -0.083953
v 0.627228 0.000000 -0.390998
v 0.627228 0.000000 -0.109002
v 0.627228 0.030000 -0.390998
v 0.627228 0.030000 -0.109002
v 0.627420 0.850981 -0.415018
v 0.627417 0.855000 -0.465190
v 0.645115 0.840000 -0.129344
v 0.645727 0.840000 -0.369575
v 0.645701 0.855000 -0.052862
v 0.648117 0.155000 -0.143557
v 0.648610 0.155000 -0.355440
v 0.650677 0.825000 -0.148895
v 0.651173 0.825000 -0.350031
v 0.651235 0.000000 0.132072
v 0.651235 0.080000 0.132072
v 0.652228 0.000000 -0.347697
v 0.652228 0.000000 -0.152303
v 0.652228 0.030000 -0.347697
v 0.652228 0.030000 -0.152303
v 0.653013 0.000000 -0.631051
v 0.653013 0.080000 -0.631051
v 0.654660 0.850981 -0.123914
v 0.655299 0.850981 -0.374956
v 0.656798 0.855000 -0.098937
v 0.657576 0.855000 -0.399905
v 0.658943 0.080000 -0.068188
v 0.659905 0.080000 -0.430610
v 0.664235 0.840000 -0.172015
v 0.664612 0.840000 -0.326857
v 0.667463 0.155000 -0.198685
v 0.667463 0.825000 -0.198685
v 0.667480 0.825105 -0.198765
v 0.667699 0.155000 -0.300223
v 0.667699 0.825000 -0.300223
v 0.667716 0.825105 -0.300142
v 0.667759 0.000000 -0.299942
v 0.667759 0.000000 -0.200058
v 0.667759 0.030000 -0.299942
v 0.667759 0.030000 -0.200058
v 0.668191 0.855000 -0.419679
v 0.668920 0.155000 -0.202959
v 0.669137 0.155000 -0.295942
v 0.671299 0.155000 -0.206797
v 0.671498 0.155000 -0.292093
v 0.673013 0.000000 -0.250000
v 0.673013 0.030000 -0.250000
v 0.673924 0.840451 -0.209542
v 0.674110 0.840451 -0.289335
v 0.674479 0.155000 -0.210004
v 0.674662 0.155000 -0.288871
v 0.674640 0.850981 -0.168506
v 0.675034 0.850981 -0.330315
v 0.677559 0.855000 -0.094125
v 0.678297 0.155000 -0.212415
v 0.678469 0.155000 -0.286442
v 0.682558 0.155000 -0.213909
v 0.682724 0.155000 -0.284928
v 0.685363 0.855000 -0.153983
v 0.685832 0.855000 -0.344776
v 0.687047 0.155000 -0.214408
v 0.687047 0.851798 -0.214408
v 0.687210 0.155000 -0.284408
v 0.687210 0.851798 -0.284408
v 0.688895 0.080000 -0.113530
v 0.689587 0.080000 -0.385166
v 0.697269 0.155000 -0.214384
v 0.697269 0.854812 -0.214384
v 0.697432 0.155000 -0.284384
v 0.697432 0.854812 -0.284384
v 0.698524 0.855000 -0.366635
v 0.700615 0.855000 -0.214095
v 0.700779 0.855000 -0.284658
v 0.701514 0.855000 -0.140424
v 0.702288 0.155000 -0.213733
v 0.702454 0.155000 -0.285013
v 0.705013 0.855000 -0.212805
v 0.706982 0.155000 -0.211842
v 0.707156 0.155000 -0.286882
v 0.708421 0.155000 -0.210955
v 0.708600 0.155000 -0.287762
v 0.709002 0.855000 -0.210547
v 0.709863 0.080000 -0.163664
v 0.710204 0.855000 -0.209599
v 0.710280 0.080000 -0.334986
v 0.710389 0.855000 -0.289109
v 0.711051 0.155000 -0.208834
v 0.711240 0.155000 -0.289871
v 0.712373 0.855000 -0.207441
v 0.714235 0.155000 -0.204900
v 0.714398 0.000000 0.088264
v 0.714398 0.080000 0.088264
v 0.714442 0.155000 -0.293789
v 0.714948 0.855000 -0.203649
v 0.715762 0.155000 -0.201887
v 0.715970 0.000000 -0.586950
v 0.715970 0.080000 -0.586950
v 0.715983 0.155000 -0.296796
v 0.716153 0.855000 -0.200837
v 0.716330 0.155000 -0.200294
v 0.716379 0.855000 -0.297844
v 0.716558 0.155000 -0.298386
v 0.716591 0.855000 -0.199370
v 0.716794 0.155000 -0.190265
v 0.716794 0.855000 -0.190265
v 0.717069 0.155000 -0.308413
v 0.717069 0.855000 -0.308413
v 0.717201 0.155000 -0.195309
v 0.717218 0.855000 -0.194829
v 0.717453 0.155000 -0.303367
v 0.718506 0.155000 -0.199074
v 0.718740 0.155000 -0.299596
v 0.719945 0.155000 -0.207931
v 0.720138 0.155000 -0.290732
v 0.721109 0.080000 -0.216829
v 0.721109 0.155000 -0.216829
v 0.721261 0.080000 -0.281829
v 0.721261 0.155000 -0.281829
v 0.768972 0.000000 0.034133
v 0.768972 0.080000 0.034133
v 0.770292 0.000000 -0.532565
v 0.770292 0.080000 -0.532565
v 0.813293 0.000000 -0.028670
v 0.813293 0.080000 -0.028670
v 0.814320 0.000000 -0.469556
v 0.814320 0.080000 -0.469556
v 0.846008 0.000000 -0.098228
v 0.846008 0.080000 -0.098228
v 0.846711 0.000000 -0.399847
v 0.846711 0.080000 -0.399847
v 0.866119 0.000000 -0.172418
v 0.866119 0.080000 -0.172418
v 0.866476 0.000000 -0.325564
v 0.866476 0.080000 -0.325564
v 0.873011 0.000000 -0.248975
v 0.873011 0.080000 -0.248975
vt 0.128232 -0.414058 0.000000
vt 0.119695 -0.413684 0.000000
vt 0.119695 -0.558621 0.000000
vt 0.119695 -0.703559 0.000000
vt 0.119695 -0.848497 0.000000
vt 0.119695 -0.993434 0.000000
vt 0.130787 -0.992615 0.000000
vt 0.145853 -0.992615 0.000000
vt 0.160919 -0.992615 0.000000
vt 0.175985 -0.992615 0.000000
vt 0.206037 -1.000024 0.000000
vt 0.239000 -1.017670 0.000000
vt 0.239389 -1.017899 0.000000
vt 0.239389 -0.879815 0.000000
vt 0.239389 -0.741732 0.000000
vt 0.239389 -0.603648 0.000000
vt 0.239389 -0.465564 0.000000
vt 0.239095 -0.465325 0.000000
vt 0.199725 -0.435541 0.000000
vt 0.155219 -0.417363 0.000000
vt 0.159593 -0.897056 0.000000
vt 0.159593 -0.534527 0.000000
vt 0.199491 -0.534527 0.000000
vt 0.159593 -0.655370 0.000000
vt 0.199491 -0.655370 0.000000
vt 0.159593 -0.776213 0.000000
vt 0.199491 -0.776213 0.000000
vt 0.199491 -0.897056 0.000000
vt -0.634111 -1.235726 0.000000
vt -0.790055 -1.217968 0.000000
vt -0.937877 -1.165220 0.000000
vt -1.069836 -1.080246 0.000000
vt -1.179020 -0.967496 0.000000
vt -1.194456 -0.989528 0.000000
vt -1.196476 -1.016353 0.000000
vt -1.184515 -1.040449 0.000000
vt -1.069882 -1.144449 0.000000
vt -0.936048 -1.222198 0.000000
vt -0.788922 -1.270265 0.000000
vt -0.635000 -1.286526 0.000000
vt -0.584200 -1.286526 0.000000
vt -0.601422 -1.282829 0.000000
vt -0.616604 -1.272177 0.000000
vt 1.968500 0.036570 0.000000
vt 1.968022 0.045109 0.000000
vt 0.190500 0.045109 0.000000
vt 0.190500 0.015036 0.000000
vt 0.190500 -0.015036 0.000000
vt 0.190500 -0.045109 0.000000
vt 1.968500 -0.045109 0.000000
vt 1.968500 -0.017883 0.000000
vt 1.968500 0.009343 0.000000
vt 0.130787 0.330872 0.000000
vt 0.119695 0.331691 0.000000
vt 0.119695 0.186753 0.000000
vt 0.119695 0.041816 0.000000
vt 0.119695 -0.103122 0.000000
vt 0.119695 -0.248060 0.000000
vt 0.128232 -0.247686 0.000000
vt 0.155219 -0.244380 0.000000
vt 0.199655 -0.226249 0.000000
vt 0.239001 -0.196495 0.000000
vt 0.239389 -0.196179 0.000000
vt 0.239389 -0.058096 0.000000
vt 0.239389 0.079988 0.000000
vt 0.239389 0.218072 0.000000
vt 0.239389 0.356155 0.000000
vt 0.239000 0.355927 0.000000
vt 0.206037 0.338280 0.000000
vt 0.175985 0.330872 0.000000
vt 0.160919 0.330872 0.000000
vt 0.145853 0.330872 0.000000
vt 0.159593 0.235312 0.000000
vt 0.199491 0.235312 0.000000
vt 0.159593 0.114469 0.000000
vt 0.199491 0.114469 0.000000
vt 0.159593 -0.006374 0.000000
vt 0.199491 -0.006374 0.000000
vt 0.159593 -0.127217 0.000000
vt 0.199491 -0.127217 0.000000
vt 1.701800 -0.996782 0.000000
vt 1.833552 -0.996782 0.000000
vt 1.861076 -0.991486 0.000000
vt 1.872833 -0.984076 0.000000
vt 1.877171 -0.978748 0.000000
vt 1.879390 -0.972353 0.000000
vt 1.904739 -0.867224 0.000000
vt 1.955625 -0.762096 0.000000
vt 2.030539 -0.656967 0.000000
vt 2.127259 -0.551839 0.000000
vt 2.242914 -0.446710 0.000000
vt 2.374074 -0.341582 0.000000
vt 2.516848 -0.236453 0.000000
vt 2.667000 -0.131325 0.000000
vt 5.207000 -0.131325 0.000000
vt 5.207233 -0.131325 0.000000
vt 5.227321 -0.049563 0.000000
vt 5.275663 0.019745 0.000000
vt 5.343081 0.072048 0.000000
vt 5.422316 0.113179 0.000000
vt 5.422900 0.113456 0.000000
vt 6.011393 0.113456 0.000000
vt 6.011393 0.208199 0.000000
vt 6.011393 0.302942 0.000000
vt 6.011393 0.397684 0.000000
vt 5.422900 0.397684 0.000000
vt 5.422316 0.397962 0.000000
vt 5.343081 0.439093 0.000000
vt 5.275663 0.491396 0.000000
vt 5.227321 0.560704 0.000000
vt 5.207233 0.642466 0.000000
vt 5.207000 0.642466 0.000000
vt 2.667000 0.642466 0.000000
vt 2.516848 0.747594 0.000000
vt 2.374074 0.852723 0.000000
vt 2.242914 0.957851 0.000000
vt 2.127259 1.062980 0.000000
vt 2.030539 1.168108 0.000000
vt 1.955625 1.273237 0.000000
vt 1.904739 1.378365 0.000000
vt 1.879390 1.483493 0.000000
vt 1.877177 1.489859 0.000000
vt 1.872832 1.495218 0.000000
vt 1.861086 1.502634 0.000000
vt 1.833552 1.507923 0.000000
vt 1.701800 1.507923 0.000000
vt 1.701800 1.641130 0.000000
vt 1.701800 1.774336 0.000000
vt 1.701800 1.907543 0.000000
vt 1.701800 2.040750 0.000000
vt 0.000000 2.040750 0.000000
vt 0.000000 1.891985 0.000000
vt 0.000000 1.743220 0.000000
vt 0.000000 1.594455 0.000000
vt 0.000000 1.445690 0.000000
vt 0.000000 1.296925 0.000000
vt 0.000000 1.148160 0.000000
vt 0.000000 0.999395 0.000000
vt 0.000000 0.850630 0.000000
vt 0.000000 0.701865 0.000000
vt 0.000000 0.553100 0.000000
vt 0.000000 0.404335 0.000000
vt 0.000000 0.255570 0.000000
vt 0.000000 0.106805 0.000000
vt 0.000000 -0.041959 0.000000
vt 0.000000 -0.190724 0.000000
vt 0.000000 -0.339489 0.000000
vt 0.000000 -0.488254 0.000000
vt 0.000000 -0.637019 0.000000
vt 0.000000 -0.785784 0.000000
vt 0.000000 -0.934549 0.000000
vt 0.000000 -1.083314 0.000000
vt 0.000000 -1.232079 0.000000
vt 0.000000 -1.380844 0.000000
vt 0.000000 -1.529609 0.000000
vt 1.701800 -1.529609 0.000000
vt 1.701800 -1.396402 0.000000
vt 1.701800 -1.263196 0.000000
vt 1.701800 -1.129989 0.000000
vt 1.701800 -0.034484 0.000000
vt 1.702188 -0.034179 0.000000
vt 1.739758 -0.003036 0.000000
vt 1.769868 0.034484 0.000000
vt -0.000000 0.034484 0.000000
vt -0.000000 0.011495 0.000000
vt -0.000000 -0.011495 0.000000
vt -0.000000 -0.034484 0.000000
vt -0.042372 1.769868 0.000000
vt -0.068338 1.777522 0.000000
vt -0.068338 0.000000 0.000000
vt -0.042372 0.000000 0.000000
vt -1.968022 0.045109 0.000000
vt -1.968500 0.036570 0.000000
vt -1.968500 0.009343 0.000000
vt -1.968500 -0.017883 0.000000
vt -1.968500 -0.045109 0.000000
vt -0.190500 -0.045109 0.000000
vt -0.190500 -0.015036 0.000000
vt -0.190500 0.015036 0.000000
vt -0.190500 0.045109 0.000000
vt 0.128232 0.910901 0.000000
vt 0.119695 0.911275 0.000000
vt 0.119695 0.765969 0.000000
vt 0.119695 0.620664 0.000000
vt 0.119695 0.475358 0.000000
vt 0.119695 0.330053 0.000000
vt 0.130787 0.330872 0.000000
vt 0.145853 0.330872 0.000000
vt 0.160919 0.330872 0.000000
vt 0.175985 0.330872 0.000000
vt 0.206037 0.323463 0.000000
vt 0.239000 0.305817 0.000000
vt 0.239389 0.305588 0.000000
vt 0.239389 0.444040 0.000000
vt 0.239389 0.582491 0.000000
vt 0.239389 0.720943 0.000000
vt 0.239389 0.859394 0.000000
vt 0.239122 0.859612 0.000000
vt 0.198162 0.890418 0.000000
vt 0.155219 0.907596 0.000000
vt 0.159593 0.426726 0.000000
vt 0.159593 0.790138 0.000000
vt 0.199491 0.790138 0.000000
vt 0.159593 0.669000 0.000000
vt 0.199491 0.669000 0.000000
vt 0.159593 0.547863 0.000000
vt 0.199491 0.547863 0.000000
vt 0.199491 0.426726 0.000000
vt 1.968500 0.036570 0.000000
vt 1.968022 0.045109 0.000000
vt 0.190500 0.045109 0.000000
vt 0.190500 0.015036 0.000000
vt 0.190500 -0.015036 0.000000
vt 0.190500 -0.045109 0.000000
vt 1.968500 -0.045109 0.000000
vt 1.968500 -0.017883 0.000000
vt 1.968500 0.009343 0.000000
vt -0.059795 1.777522 0.000000
vt -0.085761 1.769868 0.000000
vt -0.085761 0.000000 0.000000
vt -0.059795 0.000000 0.000000
vt -1.769868 0.034484 0.000000
vt -1.741045 -0.001833 0.000000
vt -1.702067 -0.034275 0.000000
vt -1.701800 -0.034484 0.000000
vt -0.000000 -0.034484 0.000000
vt -0.000000 -0.011495 0.000000
vt -0.000000 0.011495 0.000000
vt -0.000000 0.034484 0.000000
vt 1.701800 -0.892657 0.000000
vt 1.701800 -0.759095 0.000000
vt 1.701800 -0.625534 0.000000
vt 1.701800 -0.491972 0.000000
vt 1.701800 -0.358411 0.000000
vt 1.833552 -0.358411 0.000000
vt 1.847604 -0.357129 0.000000
vt 1.861076 -0.353115 0.000000
vt 1.867293 -0.349900 0.000000
vt 1.872833 -0.345704 0.000000
vt 1.875200 -0.343188 0.000000
vt 1.877171 -0.340376 0.000000
vt 1.878616 -0.337286 0.000000
vt 1.879390 -0.333981 0.000000
vt 1.888807 -0.281417 0.000000
vt 1.904739 -0.228853 0.000000
vt 1.955625 -0.123724 0.000000
vt 2.030539 -0.018596 0.000000
vt 2.127259 0.086533 0.000000
vt 2.242914 0.191661 0.000000
vt 2.374074 0.296790 0.000000
vt 2.516848 0.401918 0.000000
vt 2.667000 0.507047 0.000000
vt 5.207000 0.507047 0.000000
vt 5.207233 0.507047 0.000000
vt 5.213295 0.548815 0.000000
vt 5.227321 0.588808 0.000000
vt 5.248443 0.625452 0.000000
vt 5.275663 0.658116 0.000000
vt 5.343081 0.710420 0.000000
vt 5.422316 0.751550 0.000000
vt 5.422900 0.751828 0.000000
vt 6.011393 0.751828 0.000000
vt 6.011393 0.846571 0.000000
vt 6.011393 0.941313 0.000000
vt 6.011393 1.036056 0.000000
vt 5.422900 1.036056 0.000000
vt 5.422316 1.036334 0.000000
vt 5.343082 1.077464 0.000000
vt 5.275666 1.129766 0.000000
vt 5.248445 1.162429 0.000000
vt 5.227323 1.199072 0.000000
vt 5.213296 1.239064 0.000000
vt 5.207233 1.280832 0.000000
vt 5.207000 1.280832 0.000000
vt 2.667000 1.280832 0.000000
vt 2.517439 1.385538 0.000000
vt 2.375179 1.490244 0.000000
vt 2.244407 1.594950 0.000000
vt 2.128971 1.699656 0.000000
vt 2.032269 1.804362 0.000000
vt 1.957146 1.909068 0.000000
vt 1.905813 2.013774 0.000000
vt 1.889569 2.066128 0.000000
vt 1.879782 2.118481 0.000000
vt 1.878987 2.121754 0.000000
vt 1.877532 2.124820 0.000000
vt 1.875549 2.127634 0.000000
vt 1.873173 2.130151 0.000000
vt 1.867634 2.134326 0.000000
vt 1.861438 2.137531 0.000000
vt 1.847977 2.141521 0.000000
vt 1.833958 2.142796 0.000000
vt 1.701800 2.142796 0.000000
vt 1.701800 2.276522 0.000000
vt 1.701800 2.410249 0.000000
vt 1.701800 2.543975 0.000000
vt 1.701800 2.677702 0.000000
vt 0.000000 2.677702 0.000000
vt 0.000000 2.528937 0.000000
vt 0.000000 2.380172 0.000000
vt 0.000000 2.231407 0.000000
vt 0.000000 2.082642 0.000000
vt 0.000000 1.933877 0.000000
vt 0.000000 1.785112 0.000000
vt 0.000000 1.636347 0.000000
vt 0.000000 1.487582 0.000000
vt 0.000000 1.338817 0.000000
vt 0.000000 1.190052 0.000000
vt 0.000000 1.041287 0.000000
vt 0.000000 0.892522 0.000000
vt 0.000000 0.743757 0.000000
vt 0.000000 0.594992 0.000000
vt 0.000000 0.446227 0.000000
vt 0.000000 0.297463 0.000000
vt 0.000000 0.148698 0.000000
vt 0.000000 -0.000067 0.000000
vt 0.000000 -0.148832 0.000000
vt 0.000000 -0.297597 0.000000
vt 0.000000 -0.446362 0.000000
vt 0.000000 -0.595127 0.000000
vt 0.000000 -0.743892 0.000000
vt 0.000000 -0.892657 0.000000
vt 0.130520 1.657986 0.000000
vt 0.119695 1.658764 0.000000
vt 0.119695 1.513298 0.000000
vt 0.119695 1.367831 0.000000
vt 0.119695 1.222365 0.000000
vt 0.119695 1.076899 0.000000
vt 0.128232 1.077273 0.000000
vt 0.155219 1.080578 0.000000
vt 0.198163 1.097757 0.000000
vt 0.239122 1.128562 0.000000
vt 0.239389 1.128780 0.000000
vt 0.239389 1.267402 0.000000
vt 0.239389 1.406024 0.000000
vt 0.239389 1.544647 0.000000
vt 0.239389 1.683269 0.000000
vt 0.239000 1.683041 0.000000
vt 0.206037 1.665394 0.000000
vt 0.175985 1.657986 0.000000
vt 0.160830 1.657986 0.000000
vt 0.145675 1.657986 0.000000
vt 0.159593 1.561995 0.000000
vt 0.199491 1.561995 0.000000
vt 0.159593 1.440721 0.000000
vt 0.199491 1.440721 0.000000
vt 0.159593 1.319447 0.000000
vt 0.199491 1.319447 0.000000
vt 0.159593 1.198173 0.000000
vt 0.199491 1.198173 0.000000
vt 1.701800 -0.034484 0.000000
vt 1.702067 -0.034275 0.000000
vt 1.741045 -0.001834 0.000000
vt 1.769868 0.034484 0.000000
vt -0.000000 0.034484 0.000000
vt -0.000000 0.011495 0.000000
vt -0.000000 -0.011495 0.000000
vt -0.000000 -0.034484 0.000000
vt -0.042372 1.769868 0.000000
vt -0.068338 1.777522 0.000000
vt -0.068338 0.000000 0.000000
vt -0.042372 0.000000 0.000000
vt -1.968022 0.045109 0.000000
vt -1.968500 0.036570 0.000000
vt -1.968500 0.009343 0.000000
vt -1.968500 -0.017883 0.000000
vt -1.968500 -0.045109 0.000000
vt -0.190500 -0.045109 0.000000
vt -0.190500 -0.015036 0.000000
vt -0.190500 0.015036 0.000000
vt -0.190500 0.045109 0.000000
vt 0.128232 -1.737548 0.000000
vt 0.119695 -1.737174 0.000000
vt 0.119695 -1.882112 0.000000
vt 0.119695 -2.027050 0.000000
vt 0.119695 -2.171989 0.000000
vt 0.119695 -2.316927 0.000000
vt 0.130787 -2.316108 0.000000
vt 0.145853 -2.316108 0.000000
vt 0.160919 -2.316108 0.000000
vt 0.175985 -2.316108 0.000000
vt 0.206037 -2.323517 0.000000
vt 0.239000 -2.341163 0.000000
vt 0.239389 -2.341392 0.000000
vt 0.239389 -2.203307 0.000000
vt 0.239389 -2.065223 0.000000
vt 0.239389 -1.927139 0.000000
vt 0.239389 -1.789054 0.000000
vt 0.239001 -1.788738 0.000000
vt 0.199655 -1.758985 0.000000
vt 0.155219 -1.740853 0.000000
vt 0.159593 -2.220548 0.000000
vt 0.159593 -1.858017 0.000000
vt 0.199491 -1.858017 0.000000
vt 0.159593 -1.978861 0.000000
vt 0.199491 -1.978861 0.000000
vt 0.159593 -2.099705 0.000000
vt 0.199491 -2.099705 0.000000
vt 0.199491 -2.220548 0.000000
vt 1.968500 0.036570 0.000000
vt 1.968022 0.045109 0.000000
vt 0.190500 0.045109 0.000000
vt 0.190500 0.015036 0.000000
vt 0.190500 -0.015036 0.000000
vt 0.190500 -0.045109 0.000000
vt 1.968500 -0.045109 0.000000
vt 1.968500 -0.017883 0.000000
vt 1.968500 0.009343 0.000000
vt -0.059795 1.777522 0.000000
vt -0.085761 1.769868 0.000000
vt -0.085761 0.000000 0.000000
vt -0.059795 0.000000 0.000000
vt -1.769868 0.034484 0.000000
vt -1.739758 -0.003036 0.000000
vt -1.702188 -0.034179 0.000000
vt -1.701800 -0.034484 0.000000
vt -0.000000 -0.034484 0.000000
vt -0.000000 -0.011495 0.000000
vt -0.000000 0.011495 0.000000
vt -0.000000 0.034484 0.000000
vt 1.701800 -1.529606 0.000000
vt 1.701800 -1.396399 0.000000
vt 1.701800 -1.263191 0.000000
vt 1.701800 -1.129984 0.000000
vt 1.701800 -0.996777 0.000000
vt 1.833552 -0.996777 0.000000
vt 1.861076 -0.991480 0.000000
vt 1.872833 -0.984070 0.000000
vt 1.877171 -0.978742 0.000000
vt 1.879390 -0.972347 0.000000
vt 1.904739 -0.867218 0.000000
vt 1.955625 -0.762090 0.000000
vt 2.030539 -0.656961 0.000000
vt 2.127259 -0.551833 0.000000
vt 2.242914 -0.446705 0.000000
vt 2.374074 -0.341576 0.000000
vt 2.516848 -0.236448 0.000000
vt 2.667000 -0.131319 0.000000
vt 5.207000 -0.131319 0.000000
vt 5.207233 -0.131319 0.000000
vt 5.227323 -0.049560 0.000000
vt 5.275666 0.019747 0.000000
vt 5.343082 0.072049 0.000000
vt 5.422316 0.113179 0.000000
vt 5.422900 0.113456 0.000000
vt 6.011393 0.113456 0.000000
vt 6.011393 0.208199 0.000000
vt 6.011393 0.302942 0.000000
vt 6.011393 0.397684 0.000000
vt 5.422900 0.397684 0.000000
vt 5.422316 0.397962 0.000000
vt 5.343081 0.439093 0.000000
vt 5.275663 0.491396 0.000000
vt 5.227321 0.560704 0.000000
vt 5.207233 0.642466 0.000000
vt 5.207000 0.642466 0.000000
vt 2.667000 0.642466 0.000000
vt 2.516848 0.747594 0.000000
vt 2.374074 0.852723 0.000000
vt 2.242914 0.957851 0.000000
vt 2.127259 1.062980 0.000000
vt 2.030539 1.168108 0.000000
vt 1.955625 1.273237 0.000000
vt 1.904739 1.378365 0.000000
vt 1.879390 1.483493 0.000000
vt 1.877177 1.489859 0.000000
vt 1.872832 1.495218 0.000000
vt 1.861086 1.502634 0.000000
vt 1.833552 1.507923 0.000000
vt 1.701800 1.507923 0.000000
vt 1.701800 1.641131 0.000000
vt 1.701800 1.774338 0.000000
vt 1.701800 1.907545 0.000000
vt 1.701800 2.040753 0.000000
vt 0.000000 2.040753 0.000000
vt 0.000000 1.891988 0.000000
vt 0.000000 1.743223 0.000000
vt 0.000000 1.594458 0.000000
vt 0.000000 1.445693 0.000000
vt 0.000000 1.296928 0.000000
vt 0.000000 1.148163 0.000000
vt 0.000000 0.999398 0.000000
vt 0.000000 0.850633 0.000000
vt 0.000000 0.701868 0.000000
vt 0.000000 0.553103 0.000000
vt 0.000000 0.404338 0.000000
vt 0.000000 0.255573 0.000000
vt 0.000000 0.106808 0.000000
vt 0.000000 -0.041957 0.000000
vt 0.000000 -0.190722 0.000000
vt 0.000000 -0.339486 0.000000
vt 0.000000 -0.488251 0.000000
vt 0.000000 -0.637016 0.000000
vt 0.000000 -0.785781 0.000000
vt 0.000000 -0.934546 0.000000
vt 0.000000 -1.083311 0.000000
vt 0.000000 -1.232076 0.000000
vt 0.000000 -1.380841 0.000000
vt 0.000000 -1.529606 0.000000
vt 0.130787 -0.992615 0.000000
vt 0.119695 -0.991796 0.000000
vt 0.119695 -1.136734 0.000000
vt 0.119695 -1.281673 0.000000
vt 0.119695 -1.426611 0.000000
vt 0.119695 -1.571550 0.000000
vt 0.128232 -1.571176 0.000000
vt 0.155219 -1.567870 0.000000
vt 0.199725 -1.549693 0.000000
vt 0.239095 -1.519908 0.000000
vt 0.239389 -1.519669 0.000000
vt 0.239389 -1.381585 0.000000
vt 0.239389 -1.243500 0.000000
vt 0.239389 -1.105416 0.000000
vt 0.239389 -0.967332 0.000000
vt 0.239000 -0.967560 0.000000
vt 0.206037 -0.985207 0.000000
vt 0.175985 -0.992615 0.000000
vt 0.160919 -0.992615 0.000000
vt 0.145853 -0.992615 0.000000
vt 0.159593 -1.088175 0.000000
vt 0.199491 -1.088175 0.000000
vt 0.159593 -1.209019 0.000000
vt 0.199491 -1.209019 0.000000
vt 0.159593 -1.329863 0.000000
vt 0.199491 -1.329863 0.000000
vt 0.159593 -1.450706 0.000000
vt 0.199491 -1.450706 0.000000
vt 1.701800 -0.034484 0.000000
vt 1.702094 -0.034253 0.000000
vt 1.739697 -0.003093 0.000000
vt 1.769868 0.034484 0.000000
vt -0.000000 0.034484 0.000000
vt -0.000000 0.011495 0.000000
vt -0.000000 -0.011495 0.000000
vt -0.000000 -0.034484 0.000000
vt -0.042372 1.769868 0.000000
vt -0.068338 1.777522 0.000000
vt -0.068338 0.000000 0.000000
vt -0.042372 0.000000 0.000000
vt -1.968022 0.045109 0.000000
vt -1.968500 0.036570 0.000000
vt -1.968500 0.009343 0.000000
vt -1.968500 -0.017883 0.000000
vt -1.968500 -0.045109 0.000000
vt -0.190500 -0.045109 0.000000
vt -0.190500 -0.015036 0.000000
vt -0.190500 0.015036 0.000000
vt -0.190500 0.045109 0.000000
vt -0.423177 -0.038897 0.000000
vt -0.282118 -0.038897 0.000000
vt -0.141059 -0.038897 0.000000
vt -0.000000 -0.038897 0.000000
vt -0.000000 -0.005992 0.000000
vt -0.000000 0.026914 0.000000
vt -0.000000 0.059819 0.000000
vt -0.000000 0.092724 0.000000
vt -0.141059 0.092724 0.000000
vt -0.282118 0.092724 0.000000
vt -0.423177 0.092724 0.000000
vt -0.423177 0.059819 0.000000
vt -0.423177 0.026914 0.000000
vt -0.423177 -0.005992 0.000000
vt 39.475048 -1.102851 0.000000
vt 39.616108 -1.102851 0.000000
vt 39.757168 -1.102851 0.000000
vt 39.898228 -1.102851 0.000000
vt 39.898228 -1.007834 0.000000
vt 39.898228 -0.912818 0.000000
vt 39.898228 -0.817801 0.000000
vt 39.757168 -0.817801 0.000000
vt 39.616108 -0.817801 0.000000
vt 39.475048 -0.817801 0.000000
vt 39.475048 -0.912818 0.000000
vt 39.475048 -1.007834 0.000000
vt -0.423177 0.068758 0.000000
vt -0.282118 0.068758 0.000000
vt -0.141059 0.068758 0.000000
vt -0.000000 0.068758 0.000000
vt -0.000000 0.101663 0.000000
vt -0.000000 0.134569 0.000000
vt -0.000000 0.167474 0.000000
vt -0.000000 0.200379 0.000000
vt -0.141059 0.200379 0.000000
vt -0.282118 0.200379 0.000000
vt -0.423177 0.200379 0.000000
vt -0.423177 0.167474 0.000000
vt -0.423177 0.134569 0.000000
vt -0.423177 0.101663 0.000000
vt 39.475048 1.458018 0.000000
vt 39.616108 1.458018 0.000000
vt 39.757168 1.458018 0.000000
vt 39.898228 1.458018 0.000000
vt 39.898228 1.553035 0.000000
vt 39.898228 1.648052 0.000000
vt 39.898228 1.743068 0.000000
vt 39.757168 1.743068 0.000000
vt 39.616108 1.743068 0.000000
vt 39.475048 1.743068 0.000000
vt 39.475048 1.648052 0.000000
vt 39.475048 1.553035 0.000000
vt -0.423177 -0.146552 0.000000
vt -0.282118 -0.146552 0.000000
vt -0.141059 -0.146552 0.000000
vt -0.000000 -0.146552 0.000000
vt -0.000000 -0.113646 0.000000
vt -0.000000 -0.080741 0.000000
vt -0.000000 -0.047836 0.000000
vt -0.000000 -0.014931 0.000000
vt -0.141059 -0.014931 0.000000
vt -0.282118 -0.014931 0.000000
vt -0.423177 -0.014931 0.000000
vt -0.423177 -0.047836 0.000000
vt -0.423177 -0.080741 0.000000
vt -0.423177 -0.113646 0.000000
vt 39.475048 0.177584 0.000000
vt 39.616108 0.177584 0.000000
vt 39.757168 0.177584 0.000000
vt 39.898228 0.177584 0.000000
vt 39.898228 0.272600 0.000000
vt 39.898228 0.367617 0.000000
vt 39.898228 0.462634 0.000000
vt 39.757168 0.462634 0.000000
vt 39.616108 0.462634 0.000000
vt 39.475048 0.462634 0.000000
vt 39.475048 0.367617 0.000000
vt 39.475048 0.272600 0.000000
vt 0.360209 -0.039164 0.000000
vt 0.360209 -0.019582 0.000000
vt 0.360209 0.000000 0.000000
vt 0.360209 0.019582 0.000000
vt 0.360209 0.039164 0.000000
vt -0.571817 0.039164 0.000000
vt -0.571817 0.019582 0.000000
vt -0.571817 0.000000 0.000000
vt -0.571817 -0.019582 0.000000
vt -0.571817 -0.039164 0.000000
vt 0.243706 -0.019582 0.000000
vt 0.127203 -0.019582 0.000000
vt 0.010699 -0.019582 0.000000
vt -0.105804 -0.019582 0.000000
vt -0.222307 -0.019582 0.000000
vt -0.338811 -0.019582 0.000000
vt -0.455314 -0.019582 0.000000
vt 0.243706 0.000000 0.000000
vt 0.127203 0.000000 0.000000
vt 0.010699 0.000000 0.000000
vt -0.105804 0.000000 0.000000
vt -0.222307 0.000000 0.000000
vt -0.338811 0.000000 0.000000
vt -0.455314 0.000000 0.000000
vt 0.243706 0.019582 0.000000
vt 0.127203 0.019582 0.000000
vt 0.010699 0.019582 0.000000
vt -0.105804 0.019582 0.000000
vt -0.222307 0.019582 0.000000
vt -0.338811 0.019582 0.000000
vt -0.455314 0.019582 0.000000
vt -0.360210 0.412412 0.000000
vt -0.360210 0.314160 0.000000
vt -0.360210 0.215909 0.000000
vt -0.360210 0.117658 0.000000
vt 0.571817 0.117658 0.000000
vt 0.571817 0.215909 0.000000
vt 0.571817 0.314160 0.000000
vt 0.571817 0.412412 0.000000
vt 0.105804 0.265035 0.000000
vt 0.360209 -0.071197 0.000000
vt 0.360209 -0.051615 0.000000
vt 0.360209 -0.032033 0.000000
vt 0.360209 -0.012451 0.000000
vt 0.360209 0.007131 0.000000
vt -0.571817 0.007131 0.000000
vt -0.571817 -0.012451 0.000000
vt -0.571817 -0.032033 0.000000
vt -0.571817 -0.051615 0.000000
vt -0.571817 -0.071197 0.000000
vt 0.243706 -0.051615 0.000000
vt 0.127203 -0.051615 0.000000
vt 0.010699 -0.051615 0.000000
vt -0.105804 -0.051615 0.000000
vt -0.222307 -0.051615 0.000000
vt -0.338811 -0.051615 0.000000
vt -0.455314 -0.051615 0.000000
vt 0.243706 -0.032033 0.000000
vt 0.127203 -0.032033 0.000000
vt 0.010699 -0.032033 0.000000
vt -0.105804 -0.032033 0.000000
vt -0.222307 -0.032033 0.000000
vt -0.338811 -0.032033 0.000000
vt -0.455314 -0.032033 0.000000
vt 0.243706 -0.012451 0.000000
vt 0.127203 -0.012451 0.000000
vt 0.010699 -0.012451 0.000000
vt -0.105804 -0.012451 0.000000
vt -0.222307 -0.012451 0.000000
vt -0.338811 -0.012451 0.000000
vt -0.455314 -0.012451 0.000000
vt -0.804392 0.123740 0.000000
vt -0.804392 0.089707 0.000000
vt -0.804392 0.055673 0.000000
vt -0.804392 0.021640 0.000000
vt -0.804392 -0.012394 0.000000
vt -0.215900 -0.012394 0.000000
vt -0.215900 0.021640 0.000000
vt -0.215900 0.055673 0.000000
vt -0.215900 0.089707 0.000000
vt -0.215900 0.123740 0.000000
vt -0.804392 0.012394 0.000000
vt -0.804392 -0.021640 0.000000
vt -0.804392 -0.055673 0.000000
vt -0.804392 -0.089707 0.000000
vt -0.804392 -0.123740 0.000000
vt -0.215900 -0.123740 0.000000
vt -0.215900 -0.089707 0.000000
vt -0.215900 -0.055673 0.000000
vt -0.215900 -0.021640 0.000000
vt -0.215900 0.012394 0.000000
vt -0.360210 0.412412 0.000000
vt -0.360210 0.314160 0.000000
vt -0.360210 0.215909 0.000000
vt -0.360210 0.117658 0.000000
vt 0.571817 0.117658 0.000000
vt 0.571817 0.215909 0.000000
vt 0.571817 0.314160 0.000000
vt 0.571817 0.412412 0.000000
vt 0.105804 0.265035 0.000000
vt -0.360210 1.074424 0.000000
vt -0.360210 0.976172 0.000000
vt -0.360210 0.877921 0.000000
vt -0.360210 0.779670 0.000000
vt 0.571817 0.779670 0.000000
vt 0.571817 0.877921 0.000000
vt 0.571817 0.976172 0.000000
vt 0.571817 1.074424 0.000000
vt 0.105804 0.927047 0.000000
vt 0.360209 -0.007131 0.000000
vt 0.360209 0.012451 0.000000
vt 0.360209 0.032033 0.000000
vt 0.360209 0.051615 0.000000
vt 0.360209 0.071197 0.000000
vt -0.571817 0.071197 0.000000
vt -0.571817 0.051615 0.000000
vt -0.571817 0.032033 0.000000
vt -0.571817 0.012451 0.000000
vt -0.571817 -0.007131 0.000000
vt 0.243706 0.012451 0.000000
vt 0.127203 0.012451 0.000000
vt 0.010699 0.012451 0.000000
vt -0.105804 0.012451 0.000000
vt -0.222307 0.012451 0.000000
vt -0.338811 0.012451 0.000000
vt -0.455314 0.012451 0.000000
vt 0.243706 0.032033 0.000000
vt 0.127203 0.032033 0.000000
vt 0.010699 0.032033 0.000000
vt -0.105804 0.032033 0.000000
vt -0.222307 0.032033 0.000000
vt -0.338811 0.032033 0.000000
vt -0.455314 0.032033 0.000000
vt 0.243706 0.051615 0.000000
vt 0.127203 0.051615 0.000000
vt 0.010699 0.051615 0.000000
vt -0.105804 0.051615 0.000000
vt -0.222307 0.051615 0.000000
vt -0.338811 0.051615 0.000000
vt -0.455314 0.051615 0.000000
vt -0.804392 -0.098952 0.000000
vt -0.804392 -0.132986 0.000000
vt -0.804392 -0.167020 0.000000
vt -0.804392 -0.201053 0.000000
vt -0.804392 -0.235087 0.000000
vt -0.215900 -0.235087 0.000000
vt -0.215900 -0.201053 0.000000
vt -0.215900 -0.167020 0.000000
vt -0.215900 -0.132986 0.000000
vt -0.215900 -0.098952 0.000000
vt -0.164065 0.122257 0.000000
vt -0.100909 0.044000 0.000000
vt -0.050627 -0.043090 0.000000
vt -0.014433 -0.136914 0.000000
vt -0.008998 -0.144680 0.000000
vt 0.000000 -0.147663 0.000000
vt 0.008998 -0.144680 0.000000
vt 0.014433 -0.136914 0.000000
vt 0.050627 -0.043090 0.000000
vt 0.100909 0.044000 0.000000
vt 0.164065 0.122257 0.000000
vt 0.168074 0.130847 0.000000
vt 0.166158 0.140131 0.000000
vt 0.159076 0.146432 0.000000
vt 0.149632 0.147256 0.000000
vt 0.050281 0.131689 0.000000
vt -0.050281 0.131689 0.000000
vt -0.149632 0.147256 0.000000
vt -0.159076 0.146432 0.000000
vt -0.166158 0.140131 0.000000
vt -0.168074 0.130847 0.000000
vt 0.349167 -0.169711 0.000000
vt 0.339135 -0.170294 0.000000
vt 0.339135 -0.178658 0.000000
vt 0.339135 -0.187022 0.000000
vt 0.339135 -0.195386 0.000000
vt 0.349167 -0.195970 0.000000
vt 0.433563 -0.199650 0.000000
vt 0.516253 -0.215831 0.000000
vt 0.596510 -0.256323 0.000000
vt 0.677686 -0.331261 0.000000
vt 0.678270 -0.331869 0.000000
vt 0.678270 -0.257355 0.000000
vt 0.678270 -0.182840 0.000000
vt 0.678270 -0.108325 0.000000
vt 0.678270 -0.033811 0.000000
vt 0.677686 -0.034419 0.000000
vt 0.596510 -0.109357 0.000000
vt 0.516253 -0.149849 0.000000
vt 0.433563 -0.166030 0.000000
vt 0.593486 -0.242452 0.000000
vt 0.593486 -0.153034 0.000000
vt 0.423919 -0.182840 0.000000
vt 0.508702 -0.182840 0.000000
vt 0.593486 -0.182840 0.000000
vt 0.508702 -0.153034 0.000000
vt 0.508702 -0.212646 0.000000
vt 0.593486 -0.212646 0.000000
vt 0.593486 -0.123228 0.000000
vt 0.349167 0.074076 0.000000
vt 0.339135 0.073493 0.000000
vt 0.339135 0.065129 0.000000
vt 0.339135 0.056765 0.000000
vt 0.339135 0.048401 0.000000
vt 0.349167 0.047817 0.000000
vt 0.433563 0.044136 0.000000
vt 0.516253 0.027956 0.000000
vt 0.596510 -0.012537 0.000000
vt 0.677686 -0.087474 0.000000
vt 0.678270 -0.088083 0.000000
vt 0.678270 -0.013568 0.000000
vt 0.678270 0.060947 0.000000
vt 0.678270 0.135461 0.000000
vt 0.678270 0.209976 0.000000
vt 0.677686 0.209368 0.000000
vt 0.596510 0.134430 0.000000
vt 0.516253 0.093938 0.000000
vt 0.433563 0.077757 0.000000
vt 0.593486 0.001335 0.000000
vt 0.593486 0.090753 0.000000
vt 0.423919 0.060947 0.000000
vt 0.508702 0.060947 0.000000
vt 0.593486 0.060947 0.000000
vt 0.508702 0.090753 0.000000
vt 0.508702 0.031141 0.000000
vt 0.593486 0.031141 0.000000
vt 0.593486 0.120558 0.000000
vt 0.349173 0.317863 0.000000
vt 0.339135 0.317279 0.000000
vt 0.339135 0.308915 0.000000
vt 0.339135 0.300552 0.000000
vt 0.339135 0.292188 0.000000
vt 0.349173 0.291604 0.000000
vt 0.433567 0.287923 0.000000
vt 0.516256 0.271742 0.000000
vt 0.596512 0.231249 0.000000
vt 0.677686 0.156312 0.000000
vt 0.678270 0.155704 0.000000
vt 0.678270 0.230219 0.000000
vt 0.678270 0.304734 0.000000
vt 0.678270 0.379248 0.000000
vt 0.678270 0.453763 0.000000
vt 0.677686 0.453155 0.000000
vt 0.596512 0.378218 0.000000
vt 0.516255 0.337725 0.000000
vt 0.433567 0.321544 0.000000
vt 0.593486 0.245122 0.000000
vt 0.593486 0.334539 0.000000
vt 0.423919 0.304734 0.000000
vt 0.508702 0.304734 0.000000
vt 0.593486 0.304734 0.000000
vt 0.508702 0.334539 0.000000
vt 0.508702 0.274928 0.000000
vt 0.593486 0.274928 0.000000
vt 0.593486 0.364345 0.000000
vt -0.399302 0.306283 0.000000
vt -0.390864 0.323674 0.000000
vt -0.381199 0.340414 0.000000
vt -0.370357 0.356417 0.000000
vt -0.389425 0.357844 0.000000
vt -0.397334 0.354088 0.000000
vt -0.402953 0.347793 0.000000
vt -0.408131 0.338823 0.000000
vt -0.410773 0.330810 0.000000
vt -0.410072 0.322083 0.000000
vt 0.370251 0.356416 0.000000
vt 0.381092 0.340414 0.000000
vt 0.390757 0.323674 0.000000
vt 0.399194 0.306285 0.000000
vt 0.409960 0.322083 0.000000
vt 0.410660 0.330809 0.000000
vt 0.408018 0.338821 0.000000
vt 0.402840 0.347789 0.000000
vt 0.397223 0.354083 0.000000
vt 0.389316 0.357839 0.000000
vt 0.028891 -0.335102 0.000000
vt 0.009611 -0.336490 0.000000
vt -0.009719 -0.336490 0.000000
vt -0.028999 -0.335102 0.000000
vt -0.020700 -0.352328 0.000000
vt -0.013493 -0.357300 0.000000
vt -0.005232 -0.359018 0.000000
vt 0.005125 -0.359018 0.000000
vt 0.013386 -0.357300 0.000000
vt 0.020593 -0.352328 0.000000
vt 0.000000 0.000000 0.000000
vt 0.010355 0.000000 0.000000
vt 0.010355 2.540000 0.000000
vt 0.000000 2.540000 0.000000
vt -0.000000 -0.043897 0.000000
vt -0.000000 -0.022021 0.000000
vt -0.000000 -0.009935 0.000000
vt -0.000000 0.002887 0.000000
vt -2.540000 0.002887 0.000000
vt -2.540000 -0.006515 0.000000
vt -2.540000 -0.015916 0.000000
vt -2.540000 -0.034719 0.000000
vt -2.540233 -0.043897 0.000000
vt -2.540000 -0.043897 0.000000
vt -0.000000 0.085959 0.000000
vt -0.000000 0.098804 0.000000
vt -0.000000 0.110866 0.000000
vt -0.000000 0.132743 0.000000
vt -2.540000 0.132743 0.000000
vt -2.540233 0.132743 0.000000
vt -2.540000 0.123570 0.000000
vt -2.540000 0.104764 0.000000
vt -2.540000 0.095362 0.000000
vt -2.540000 0.085959 0.000000
vt 0.000000 0.000000 0.000000
vt 0.010357 0.000000 0.000000
vt 0.010357 2.540000 0.000000
vt 0.000000 2.540000 0.000000
vt -0.000000 0.044949 0.000000
vt -0.000000 0.066825 0.000000
vt -0.000000 0.078911 0.000000
vt -0.000000 0.091733 0.000000
vt -2.540000 0.091733 0.000000
vt -2.540000 0.082330 0.000000
vt -2.540000 0.072927 0.000000
vt -2.540000 0.054121 0.000000
vt -2.540233 0.044949 0.000000
vt -2.540000 0.044949 0.000000
vt -0.000000 0.085959 0.000000
vt -0.000000 0.098804 0.000000
vt -0.000000 0.110866 0.000000
vt -0.000000 0.132743 0.000000
vt -2.540000 0.132743 0.000000
vt -2.540233 0.132743 0.000000
vt -2.540000 0.123570 0.000000
vt -2.540000 0.104764 0.000000
vt -2.540000 0.095362 0.000000
vt -2.540000 0.085959 0.000000
vt 0.000000 0.000000 0.000000
vt 0.010357 0.000000 0.000000
vt 0.010357 2.540000 0.000000
vt 0.000000 2.540000 0.000000
vt -0.000000 0.044949 0.000000
vt -0.000000 0.066825 0.000000
vt -0.000000 0.078911 0.000000
vt -0.000000 0.091733 0.000000
vt -2.540000 0.091733 0.000000
vt -2.540000 0.082330 0.000000
vt -2.540000 0.072927 0.000000
vt -2.540000 0.054121 0.000000
vt -2.540233 0.044949 0.000000
vt -2.540000 0.044949 0.000000
vt -0.000000 -0.002886 0.000000
vt -0.000000 0.009958 0.000000
vt -0.000000 0.022021 0.000000
vt -0.000000 0.043897 0.000000
vt -2.540000 0.043897 0.000000
vt -2.540233 0.043897 0.000000
vt -2.540000 0.034719 0.000000
vt -2.540000 0.015916 0.000000
vt -2.540000 0.006515 0.000000
vt -2.540000 -0.002886 0.000000
vt 0.199491 -1.216126 0.000000
vt 0.174386 -1.215093 0.000000
vt 0.149394 -1.212302 0.000000
vt 0.124537 -1.208479 0.000000
vt 0.099746 -1.204417 0.000000
vt 0.099746 -1.320778 0.000000
vt 0.099746 -1.437140 0.000000
vt 0.099746 -1.553501 0.000000
vt 0.099746 -1.669863 0.000000
vt 0.099746 -1.786224 0.000000
vt 0.099746 -1.902585 0.000000
vt 0.099746 -2.018947 0.000000
vt 0.099746 -2.135308 0.000000
vt 0.099746 -2.251670 0.000000
vt 0.099746 -2.368031 0.000000
vt 0.099746 -2.484392 0.000000
vt 0.099746 -2.600754 0.000000
vt 0.099746 -2.717115 0.000000
vt 0.099746 -2.833477 0.000000
vt 0.099746 -2.949838 0.000000
vt 0.099746 -3.066199 0.000000
vt 0.099746 -3.182561 0.000000
vt 0.099746 -3.298922 0.000000
vt 0.099746 -3.415283 0.000000
vt 0.099746 -3.531645 0.000000
vt 0.099746 -3.648006 0.000000
vt 0.099746 -3.764368 0.000000
vt 0.124537 -3.760306 0.000000
vt 0.149394 -3.756483 0.000000
vt 0.174386 -3.753691 0.000000
vt 0.199491 -3.752659 0.000000
vt 0.199491 -3.625832 0.000000
vt 0.199491 -3.499006 0.000000
vt 0.199491 -3.372179 0.000000
vt 0.199491 -3.245352 0.000000
vt 0.199491 -3.118526 0.000000
vt 0.199491 -2.991699 0.000000
vt 0.199491 -2.864872 0.000000
vt 0.199491 -2.738045 0.000000
vt 0.199491 -2.611219 0.000000
vt 0.199491 -2.484392 0.000000
vt 0.199491 -2.357566 0.000000
vt 0.199491 -2.230739 0.000000
vt 0.199491 -2.103912 0.000000
vt 0.199491 -1.977086 0.000000
vt 0.199491 -1.850259 0.000000
vt 0.199491 -1.723432 0.000000
vt 0.199491 -1.596606 0.000000
vt 0.199491 -1.469779 0.000000
vt 0.199491 -1.342952 0.000000
vt 0.166243 -2.873950 0.000000
vt 0.166243 -2.094835 0.000000
vt 0.132994 -1.315719 0.000000
vt 0.166243 -1.315719 0.000000
vt 0.132994 -1.427021 0.000000
vt 0.166243 -1.427021 0.000000
vt 0.132994 -1.538324 0.000000
vt 0.166243 -1.538324 0.000000
vt 0.132994 -1.649626 0.000000
vt 0.166243 -1.649626 0.000000
vt 0.132994 -1.760928 0.000000
vt 0.166243 -1.760928 0.000000
vt 0.132994 -1.872230 0.000000
vt 0.166243 -1.872230 0.000000
vt 0.132994 -1.983532 0.000000
vt 0.166243 -1.983532 0.000000
vt 0.132994 -2.094835 0.000000
vt 0.132994 -2.206137 0.000000
vt 0.166243 -2.206137 0.000000
vt 0.132994 -2.317439 0.000000
vt 0.166243 -2.317439 0.000000
vt 0.132994 -2.428741 0.000000
vt 0.166243 -2.428741 0.000000
vt 0.132994 -2.540043 0.000000
vt 0.166243 -2.540043 0.000000
vt 0.132994 -2.651345 0.000000
vt 0.166243 -2.651345 0.000000
vt 0.132994 -2.762648 0.000000
vt 0.166243 -2.762648 0.000000
vt 0.132994 -2.873950 0.000000
vt 0.132994 -2.985252 0.000000
vt 0.166243 -2.985252 0.000000
vt 0.132994 -3.096555 0.000000
vt 0.166243 -3.096555 0.000000
vt 0.132994 -3.207857 0.000000
vt 0.166243 -3.207857 0.000000
vt 0.132994 -3.319159 0.000000
vt 0.166243 -3.319159 0.000000
vt 0.132994 -3.430461 0.000000
vt 0.166243 -3.430461 0.000000
vt 0.132994 -3.541763 0.000000
vt 0.166243 -3.541763 0.000000
vt 0.132994 -3.653065 0.000000
vt 0.166243 -3.653065 0.000000
vt 0.999928 -0.855935 0.000000
vt 0.905178 -0.942122 0.000000
vt 0.790886 -0.999941 0.000000
vt 0.665318 -1.025210 0.000000
vt 0.537558 -1.016101 0.000000
vt 0.416845 -0.973273 0.000000
vt 0.311912 -0.899824 0.000000
vt 0.230349 -0.801066 0.000000
vt 0.178054 -0.684143 0.000000
vt 0.158810 -0.557512 0.000000
vt 0.174010 -0.430333 0.000000
vt 0.222554 -0.311803 0.000000
vt 0.300931 -0.210497 0.000000
vt 0.403471 -0.133743 0.000000
vt 0.522758 -0.087092 0.000000
vt 0.650163 -0.073918 0.000000
vt 0.776472 -0.095174 0.000000
vt 0.892548 -0.149323 0.000000
vt 0.989995 -0.232448 0.000000
vt 1.061765 -0.338537 0.000000
vt 1.102667 -0.459915 0.000000
vt 1.109741 -0.587805 0.000000
vt 1.082477 -0.712954 0.000000
vt 1.310172 -0.844412 0.000000
vt 1.318960 -0.823382 0.000000
vt 1.327093 -0.802089 0.000000
vt 1.334564 -0.780555 0.000000
vt 1.317479 -0.804770 0.000000
vt 1.289790 -0.815331 0.000000
vt 1.260918 -0.808644 0.000000
vt 1.238432 -0.795661 0.000000
vt 1.221752 -0.780126 0.000000
vt 1.213543 -0.758861 0.000000
vt 1.215460 -0.736148 0.000000
vt 1.243256 -0.590379 0.000000
vt 1.235008 -0.442212 0.000000
vt 1.191204 -0.300429 0.000000
vt 1.114440 -0.173430 0.000000
vt 1.009265 -0.068742 0.000000
vt 0.881911 0.007431 0.000000
vt 0.739925 0.050576 0.000000
vt 0.591722 0.058136 0.000000
vt 0.446083 0.029662 0.000000
vt 0.311639 -0.033157 0.000000
vt 0.196358 -0.126600 0.000000
vt 0.107069 -0.245129 0.000000
vt 0.049066 -0.381719 0.000000
vt 0.025785 -0.528278 0.000000
vt 0.038605 -0.676119 0.000000
vt 0.086766 -0.816482 0.000000
vt 0.167416 -0.941050 0.000000
vt 0.275774 -1.042439 0.000000
vt 0.405420 -1.114643 0.000000
vt 0.548670 -1.153382 0.000000
vt 0.697037 -1.156361 0.000000
vt 0.841727 -1.123404 0.000000
vt 0.974166 -1.056462 0.000000
vt 1.086507 -0.959504 0.000000
vt 1.105219 -0.946487 0.000000
vt 1.127739 -0.942963 0.000000
vt 1.149532 -0.949641 0.000000
vt 1.172019 -0.962623 0.000000
vt 1.192246 -0.984283 0.000000
vt 1.196945 -1.013543 0.000000
vt 1.184517 -1.040447 0.000000
vt 1.199431 -1.023210 0.000000
vt 1.213804 -1.005520 0.000000
vt 1.227623 -0.987394 0.000000
vt -0.064630 0.000000 0.000000
vt -0.040072 0.004779 0.000000
vt -0.019128 0.018440 0.000000
vt -0.004998 0.039044 0.000000
vt -0.000000 0.063500 0.000000
vt -0.000000 0.190500 0.000000
vt -0.327549 0.190500 0.000000
vt -0.327549 0.000000 0.000000
vt 0.199491 0.591710 0.000000
vt 0.174386 0.592743 0.000000
vt 0.149394 0.595534 0.000000
vt 0.124537 0.599357 0.000000
vt 0.099746 0.603419 0.000000
vt 0.099746 0.487058 0.000000
vt 0.099746 0.370696 0.000000
vt 0.099746 0.254335 0.000000
vt 0.099746 0.137973 0.000000
vt 0.099746 0.021612 0.000000
vt 0.099746 -0.094749 0.000000
vt 0.099746 -0.211111 0.000000
vt 0.099746 -0.327472 0.000000
vt 0.099746 -0.443834 0.000000
vt 0.099746 -0.560195 0.000000
vt 0.099746 -0.676556 0.000000
vt 0.099746 -0.792918 0.000000
vt 0.099746 -0.909279 0.000000
vt 0.099746 -1.025641 0.000000
vt 0.099746 -1.142002 0.000000
vt 0.099746 -1.258363 0.000000
vt 0.099746 -1.374725 0.000000
vt 0.099746 -1.491086 0.000000
vt 0.099746 -1.607448 0.000000
vt 0.099746 -1.723809 0.000000
vt 0.099746 -1.840170 0.000000
vt 0.099746 -1.956532 0.000000
vt 0.124537 -1.952470 0.000000
vt 0.149394 -1.948647 0.000000
vt 0.174386 -1.945855 0.000000
vt 0.199491 -1.944823 0.000000
vt 0.199491 -1.817996 0.000000
vt 0.199491 -1.691170 0.000000
vt 0.199491 -1.564343 0.000000
vt 0.199491 -1.437516 0.000000
vt 0.199491 -1.310690 0.000000
vt 0.199491 -1.183863 0.000000
vt 0.199491 -1.057036 0.000000
vt 0.199491 -0.930210 0.000000
vt 0.199491 -0.803383 0.000000
vt 0.199491 -0.676556 0.000000
vt 0.199491 -0.549730 0.000000
vt 0.199491 -0.422903 0.000000
vt 0.199491 -0.296076 0.000000
vt 0.199491 -0.169250 0.000000
vt 0.199491 -0.042423 0.000000
vt 0.199491 0.084403 0.000000
vt 0.199491 0.211230 0.000000
vt 0.199491 0.338057 0.000000
vt 0.199491 0.464883 0.000000
vt 0.166243 -1.066114 0.000000
vt 0.166243 -0.286999 0.000000
vt 0.132994 0.492117 0.000000
vt 0.166243 0.492117 0.000000
vt 0.132994 0.380815 0.000000
vt 0.166243 0.380815 0.000000
vt 0.132994 0.269512 0.000000
vt 0.166243 0.269512 0.000000
vt 0.132994 0.158210 0.000000
vt 0.166243 0.158210 0.000000
vt 0.132994 0.046908 0.000000
vt 0.166243 0.046908 0.000000
vt 0.132994 -0.064394 0.000000
vt 0.166243 -0.064394 0.000000
vt 0.132994 -0.175696 0.000000
vt 0.166243 -0.175696 0.000000
vt 0.132994 -0.286999 0.000000
vt 0.132994 -0.398301 0.000000
vt 0.166243 -0.398301 0.000000
vt 0.132994 -0.509603 0.000000
vt 0.166243 -0.509603 0.000000
vt 0.132994 -0.620905 0.000000
vt 0.166243 -0.620905 0.000000
vt 0.132994 -0.732207 0.000000
vt 0.166243 -0.732207 0.000000
vt 0.132994 -0.843510 0.000000
vt 0.166243 -0.843510 0.000000
vt 0.132994 -0.954812 0.000000
vt 0.166243 -0.954812 0.000000
vt 0.132994 -1.066114 0.000000
vt 0.132994 -1.177416 0.000000
vt 0.166243 -1.177416 0.000000
vt 0.132994 -1.288718 0.000000
vt 0.166243 -1.288718 0.000000
vt 0.132994 -1.400021 0.000000
vt 0.166243 -1.400021 0.000000
vt 0.132994 -1.511323 0.000000
vt 0.166243 -1.511323 0.000000
vt 0.132994 -1.622625 0.000000
vt 0.166243 -1.622625 0.000000
vt 0.132994 -1.733927 0.000000
vt 0.166243 -1.733927 0.000000
vt 0.132994 -1.845230 0.000000
vt 0.166243 -1.845230 0.000000
vt 0.063500 -0.082149 0.000000
vt 0.063500 -0.187678 0.000000
vt 0.063500 -0.293207 0.000000
vt 0.063500 -0.398736 0.000000
vt 0.063500 -0.504265 0.000000
vt 0.063500 -0.609793 0.000000
vt 0.063500 -0.715322 0.000000
vt 0.063500 -0.820851 0.000000
vt 0.063500 -0.926380 0.000000
vt 0.063500 -1.031909 0.000000
vt 0.063500 -1.137438 0.000000
vt 0.063500 -1.242967 0.000000
vt 0.063500 -1.348496 0.000000
vt 0.063500 -1.454024 0.000000
vt 0.063500 -1.559553 0.000000
vt 0.063500 -1.665082 0.000000
vt 0.063500 -1.770611 0.000000
vt 0.063500 -1.876140 0.000000
vt 0.063500 -1.981669 0.000000
vt 0.063500 -2.087198 0.000000
vt 0.063500 -2.192726 0.000000
vt 0.063500 -2.298255 0.000000
vt 0.063500 -2.403784 0.000000
vt 0.063500 -2.509313 0.000000
vt 0.190500 -2.509313 0.000000
vt 0.190500 -2.403784 0.000000
vt 0.190500 -2.298255 0.000000
vt 0.190500 -2.192726 0.000000
vt 0.190500 -2.087198 0.000000
vt 0.190500 -1.981669 0.000000
vt 0.190500 -1.876140 0.000000
vt 0.190500 -1.770611 0.000000
vt 0.190500 -1.665082 0.000000
vt 0.190500 -1.559553 0.000000
vt 0.190500 -1.454024 0.000000
vt 0.190500 -1.348496 0.000000
vt 0.190500 -1.242967 0.000000
vt 0.190500 -1.137438 0.000000
vt 0.190500 -1.031909 0.000000
vt 0.190500 -0.926380 0.000000
vt 0.190500 -0.820851 0.000000
vt 0.190500 -0.715322 0.000000
vt 0.190500 -0.609793 0.000000
vt 0.190500 -0.504265 0.000000
vt 0.190500 -0.398736 0.000000
vt 0.190500 -0.293207 0.000000
vt 0.190500 -0.187678 0.000000
vt 0.190500 -0.082149 0.000000
vt -0.327549 0.063500 0.000000
vt -0.322551 0.039044 0.000000
vt -0.308421 0.018440 0.000000
vt -0.287477 0.004779 0.000000
vt -0.262919 0.000000 0.000000
vt -0.000000 0.000000 0.000000
vt -0.000000 0.190500 0.000000
vt -0.327549 0.190500 0.000000
vt 0.199491 -0.312709 0.000000
vt 0.174386 -0.311677 0.000000
vt 0.149394 -0.308885 0.000000
vt 0.124537 -0.305062 0.000000
vt 0.099746 -0.301000 0.000000
vt 0.099746 -0.417362 0.000000
vt 0.099746 -0.533723 0.000000
vt 0.099746 -0.650084 0.000000
vt 0.099746 -0.766446 0.000000
vt 0.099746 -0.882807 0.000000
vt 0.099746 -0.999169 0.000000
vt 0.099746 -1.115530 0.000000
vt 0.099746 -1.231892 0.000000
vt 0.099746 -1.348253 0.000000
vt 0.099746 -1.464614 0.000000
vt 0.099746 -1.580976 0.000000
vt 0.099746 -1.697337 0.000000
vt 0.099746 -1.813698 0.000000
vt 0.099746 -1.930060 0.000000
vt 0.099746 -2.046421 0.000000
vt 0.099746 -2.162783 0.000000
vt 0.099746 -2.279144 0.000000
vt 0.099746 -2.395505 0.000000
vt 0.099746 -2.511867 0.000000
vt 0.099746 -2.628228 0.000000
vt 0.099746 -2.744590 0.000000
vt 0.099746 -2.860951 0.000000
vt 0.124537 -2.856889 0.000000
vt 0.149394 -2.853066 0.000000
vt 0.174386 -2.850275 0.000000
vt 0.199491 -2.849242 0.000000
vt 0.199491 -2.722415 0.000000
vt 0.199491 -2.595589 0.000000
vt 0.199491 -2.468762 0.000000
vt 0.199491 -2.341935 0.000000
vt 0.199491 -2.215109 0.000000
vt 0.199491 -2.088282 0.000000
vt 0.199491 -1.961455 0.000000
vt 0.199491 -1.834629 0.000000
vt 0.199491 -1.707802 0.000000
vt 0.199491 -1.580976 0.000000
vt 0.199491 -1.454149 0.000000
vt 0.199491 -1.327322 0.000000
vt 0.199491 -1.200496 0.000000
vt 0.199491 -1.073669 0.000000
vt 0.199491 -0.946842 0.000000
vt 0.199491 -0.820016 0.000000
vt 0.199491 -0.693189 0.000000
vt 0.199491 -0.566362 0.000000
vt 0.199491 -0.439536 0.000000
vt 0.166243 -1.970533 0.000000
vt 0.166243 -1.191418 0.000000
vt 0.132994 -0.412302 0.000000
vt 0.166243 -0.412302 0.000000
vt 0.132994 -0.523605 0.000000
vt 0.166243 -0.523605 0.000000
vt 0.132994 -0.634907 0.000000
vt 0.166243 -0.634907 0.000000
vt 0.132994 -0.746209 0.000000
vt 0.166243 -0.746209 0.000000
vt 0.132994 -0.857511 0.000000
vt 0.166243 -0.857511 0.000000
vt 0.132994 -0.968814 0.000000
vt 0.166243 -0.968814 0.000000
vt 0.132994 -1.080116 0.000000
vt 0.166243 -1.080116 0.000000
vt 0.132994 -1.191418 0.000000
vt 0.132994 -1.302720 0.000000
vt 0.166243 -1.302720 0.000000
vt 0.132994 -1.414022 0.000000
vt 0.166243 -1.414022 0.000000
vt 0.132994 -1.525325 0.000000
vt 0.166243 -1.525325 0.000000
vt 0.132994 -1.636627 0.000000
vt 0.166243 -1.636627 0.000000
vt 0.132994 -1.747929 0.000000
vt 0.166243 -1.747929 0.000000
vt 0.132994 -1.859231 0.000000
vt 0.166243 -1.859231 0.000000
vt 0.132994 -1.970533 0.000000
vt 0.132994 -2.081836 0.000000
vt 0.166243 -2.081836 0.000000
vt 0.132994 -2.193138 0.000000
vt 0.166243 -2.193138 0.000000
vt 0.132994 -2.304440 0.000000
vt 0.166243 -2.304440 0.000000
vt 0.132994 -2.415742 0.000000
vt 0.166243 -2.415742 0.000000
vt 0.132994 -2.527044 0.000000
vt 0.166243 -2.527044 0.000000
vt 0.132994 -2.638346 0.000000
vt 0.166243 -2.638346 0.000000
vt 0.132994 -2.749649 0.000000
vt 0.166243 -2.749649 0.000000
vt -1.082476 -0.712956 0.000000
vt -1.109741 -0.587807 0.000000
vt -1.102667 -0.459918 0.000000
vt -1.061766 -0.338539 0.000000
vt -0.989997 -0.232450 0.000000
vt -0.892550 -0.149324 0.000000
vt -0.776474 -0.095174 0.000000
vt -0.650166 -0.073918 0.000000
vt -0.522760 -0.087091 0.000000
vt -0.403473 -0.133742 0.000000
vt -0.300932 -0.210496 0.000000
vt -0.222555 -0.311801 0.000000
vt -0.174011 -0.430330 0.000000
vt -0.158810 -0.557510 0.000000
vt -0.178053 -0.684141 0.000000
vt -0.230347 -0.801064 0.000000
vt -0.311911 -0.899822 0.000000
vt -0.416843 -0.973272 0.000000
vt -0.537556 -1.016101 0.000000
vt -0.665316 -1.025210 0.000000
vt -0.790884 -0.999942 0.000000
vt -0.905176 -0.942124 0.000000
vt -0.999927 -0.855937 0.000000
vt -1.227621 -0.987396 0.000000
vt -1.213802 -1.005523 0.000000
vt -1.199428 -1.023213 0.000000
vt -1.184515 -1.040449 0.000000
vt -1.196943 -1.013546 0.000000
vt -1.192244 -0.984285 0.000000
vt -1.172017 -0.962626 0.000000
vt -1.149530 -0.949643 0.000000
vt -1.127737 -0.942966 0.000000
vt -1.105217 -0.946490 0.000000
vt -1.086505 -0.959506 0.000000
vt -0.974164 -1.056464 0.000000
vt -0.841724 -1.123405 0.000000
vt -0.697034 -1.156362 0.000000
vt -0.548668 -1.153382 0.000000
vt -0.405417 -1.114642 0.000000
vt -0.275772 -1.042438 0.000000
vt -0.167414 -0.941047 0.000000
vt -0.086765 -0.816480 0.000000
vt -0.038604 -0.676116 0.000000
vt -0.025785 -0.528275 0.000000
vt -0.049067 -0.381716 0.000000
vt -0.107071 -0.245126 0.000000
vt -0.196360 -0.126598 0.000000
vt -0.311642 -0.033156 0.000000
vt -0.446086 0.029663 0.000000
vt -0.591725 0.058136 0.000000
vt -0.739928 0.050576 0.000000
vt -0.881913 0.007430 0.000000
vt -1.009267 -0.068744 0.000000
vt -1.114442 -0.173432 0.000000
vt -1.191205 -0.300431 0.000000
vt -1.235009 -0.442215 0.000000
vt -1.243256 -0.590382 0.000000
vt -1.215459 -0.736151 0.000000
vt -1.213542 -0.758864 0.000000
vt -1.221750 -0.780129 0.000000
vt -1.238430 -0.795664 0.000000
vt -1.260917 -0.808647 0.000000
vt -1.289788 -0.815334 0.000000
vt -1.317478 -0.804773 0.000000
vt -1.334563 -0.780558 0.000000
vt -1.327092 -0.802092 0.000000
vt -1.318959 -0.823385 0.000000
vt -1.310171 -0.844416 0.000000
vt -0.064630 0.000000 0.000000
vt -0.040072 0.004779 0.000000
vt -0.019128 0.018440 0.000000
vt -0.004998 0.039044 0.000000
vt -0.000000 0.063500 0.000000
vt -0.000000 0.190500 0.000000
vt -0.327549 0.190500 0.000000
vt -0.327549 0.000000 0.000000
vt 0.063500 0.781349 0.000000
vt 0.063500 0.659991 0.000000
vt 0.063500 0.538633 0.000000
vt 0.063500 0.417275 0.000000
vt 0.063500 0.295916 0.000000
vt 0.063500 0.174558 0.000000
vt 0.063500 0.053200 0.000000
vt 0.063500 -0.068158 0.000000
vt 0.063500 -0.189516 0.000000
vt 0.063500 -0.310875 0.000000
vt 0.063500 -0.432233 0.000000
vt 0.063500 -0.553591 0.000000
vt 0.063500 -0.674949 0.000000
vt 0.063500 -0.796307 0.000000
vt 0.063500 -0.917665 0.000000
vt 0.063500 -1.039024 0.000000
vt 0.063500 -1.160382 0.000000
vt 0.063500 -1.281740 0.000000
vt 0.063500 -1.403098 0.000000
vt 0.063500 -1.524457 0.000000
vt 0.063500 -1.645815 0.000000
vt 0.190500 -1.645815 0.000000
vt 0.190500 -1.524457 0.000000
vt 0.190500 -1.403098 0.000000
vt 0.190500 -1.281740 0.000000
vt 0.190500 -1.160382 0.000000
vt 0.190500 -1.039024 0.000000
vt 0.190500 -0.917665 0.000000
vt 0.190500 -0.796307 0.000000
vt 0.190500 -0.674949 0.000000
vt 0.190500 -0.553591 0.000000
vt 0.190500 -0.432233 0.000000
vt 0.190500 -0.310875 0.000000
vt 0.190500 -0.189516 0.000000
vt 0.190500 -0.068158 0.000000
vt 0.190500 0.053200 0.000000
vt 0.190500 0.174558 0.000000
vt 0.190500 0.295916 0.000000
vt 0.190500 0.417275 0.000000
vt 0.190500 0.538633 0.000000
vt 0.190500 0.659991 0.000000
vt 0.190500 0.781349 0.000000
vt -0.327549 0.063500 0.000000
vt -0.322551 0.039044 0.000000
vt -0.308421 0.018440 0.000000
vt -0.287477 0.004779 0.000000
vt -0.262919 0.000000 0.000000
vt -0.000000 0.000000 0.000000
vt -0.000000 0.190500 0.000000
vt -0.327549 0.190500 0.000000
vt 0.063500 -0.947572 0.000000
vt 0.063500 -1.068930 0.000000
vt 0.063500 -1.190288 0.000000
vt 0.063500 -1.311647 0.000000
vt 0.063500 -1.433005 0.000000
vt 0.063500 -1.554363 0.000000
vt 0.063500 -1.675721 0.000000
vt 0.063500 -1.797079 0.000000
vt 0.063500 -1.918437 0.000000
vt 0.063500 -2.039796 0.000000
vt 0.063500 -2.161154 0.000000
vt 0.063500 -2.282512 0.000000
vt 0.063500 -2.403870 0.000000
vt 0.063500 -2.525229 0.000000
vt 0.063500 -2.646587 0.000000
vt 0.063500 -2.767945 0.000000
vt 0.063500 -2.889303 0.000000
vt 0.063500 -3.010661 0.000000
vt 0.063500 -3.132020 0.000000
vt 0.063500 -3.253378 0.000000
vt 0.063500 -3.374736 0.000000
vt 0.190500 -3.374736 0.000000
vt 0.190500 -3.253378 0.000000
vt 0.190500 -3.132020 0.000000
vt 0.190500 -3.010661 0.000000
vt 0.190500 -2.889303 0.000000
vt 0.190500 -2.767945 0.000000
vt 0.190500 -2.646587 0.000000
vt 0.190500 -2.525229 0.000000
vt 0.190500 -2.403870 0.000000
vt 0.190500 -2.282512 0.000000
vt 0.190500 -2.161154 0.000000
vt 0.190500 -2.039796 0.000000
vt 0.190500 -1.918437 0.000000
vt 0.190500 -1.797079 0.000000
vt 0.190500 -1.675721 0.000000
vt 0.190500 -1.554363 0.000000
vt 0.190500 -1.433005 0.000000
vt 0.190500 -1.311647 0.000000
vt 0.190500 -1.190288 0.000000
vt 0.190500 -1.068930 0.000000
vt 0.190500 -0.947572 0.000000
vt -0.327549 0.063500 0.000000
vt -0.322551 0.039044 0.000000
vt -0.308421 0.018440 0.000000
vt -0.287477 0.004779 0.000000
vt -0.262919 0.000000 0.000000
vt -0.000000 0.000000 0.000000
vt -0.000000 0.190500 0.000000
vt -0.327549 0.190500 0.000000
vt -0.064630 0.000000 0.000000
vt -0.040072 0.004779 0.000000
vt -0.019128 0.018440 0.000000
vt -0.004998 0.039044 0.000000
vt -0.000000 0.063500 0.000000
vt -0.000000 0.190500 0.000000
vt -0.327549 0.190500 0.000000
vt -0.327549 0.000000 0.000000
vt -0.190500 0.854093 0.000000
vt -0.000000 0.854093 0.000000
vt -0.000000 0.991822 0.000000
vt -0.000000 1.129551 0.000000
vt -0.000000 1.267280 0.000000
vt -0.000000 1.405009 0.000000
vt -0.000000 1.542738 0.000000
vt -1.968500 1.542738 0.000000
vt -1.968500 1.387673 0.000000
vt -1.968500 1.232607 0.000000
vt -1.968500 1.077541 0.000000
vt -1.968500 0.922475 0.000000
vt -0.190500 0.922475 0.000000
vt -0.190500 0.899681 0.000000
vt -0.190500 0.876887 0.000000
vt -0.190500 0.854089 0.000000
vt -0.000000 0.854089 0.000000
vt -0.000000 0.991818 0.000000
vt -0.000000 1.129546 0.000000
vt -0.000000 1.267275 0.000000
vt -0.000000 1.405003 0.000000
vt -0.000000 1.542731 0.000000
vt -1.968500 1.542731 0.000000
vt -1.968500 1.387666 0.000000
vt -1.968500 1.232601 0.000000
vt -1.968500 1.077536 0.000000
vt -1.968500 0.922471 0.000000
vt -0.190500 0.922471 0.000000
vt -0.190500 0.899677 0.000000
vt -0.190500 0.876884 0.000000
vt -0.190500 0.856602 0.000000
vt -0.000000 0.856602 0.000000
vt -0.000000 0.994673 0.000000
vt -0.000000 1.132745 0.000000
vt -0.000000 1.270816 0.000000
vt -0.000000 1.408888 0.000000
vt -0.000000 1.546959 0.000000
vt -1.968500 1.546959 0.000000
vt -1.968500 1.391465 0.000000
vt -1.968500 1.235971 0.000000
vt -1.968500 1.080478 0.000000
vt -1.968500 0.924984 0.000000
vt -0.190500 0.924984 0.000000
vt -0.190500 0.902190 0.000000
vt -0.190500 0.879396 0.000000
vt -0.000000 0.691154 0.000000
vt -0.190500 0.691154 0.000000
vt -0.190500 0.668360 0.000000
vt -0.190500 0.645566 0.000000
vt -0.190500 0.622772 0.000000
vt -1.968500 0.622772 0.000000
vt -1.968500 0.490183 0.000000
vt -1.968500 0.357594 0.000000
vt -1.968500 0.225005 0.000000
vt -1.968500 0.092416 0.000000
vt -1.968500 -0.040173 0.000000
vt -1.965547 -0.034713 0.000000
vt -1.961800 -0.029652 0.000000
vt -1.952688 -0.020991 0.000000
vt -1.942525 -0.014321 0.000000
vt -1.931216 -0.008990 0.000000
vt -1.906474 -0.002119 0.000000
vt -1.881509 0.000000 0.000000
vt -0.000000 0.000000 0.000000
vt -0.000000 0.138231 0.000000
vt -0.000000 0.276462 0.000000
vt -0.000000 0.414693 0.000000
vt -0.000000 0.552923 0.000000
vt -0.055749 -1.250608 0.000000
vt -0.040647 -1.251423 0.000000
vt -0.026277 -1.254787 0.000000
vt -0.000000 -1.265105 0.000000
vt -0.000000 -1.115640 0.000000
vt -0.000000 -0.966182 0.000000
vt -0.000000 -0.816709 0.000000
vt -0.000000 -0.667256 0.000000
vt -0.000000 -0.517778 0.000000
vt -0.000000 -0.368328 0.000000
vt -0.000000 -0.218775 0.000000
vt -0.000000 -0.069391 0.000000
vt -0.013837 -0.069231 0.000000
vt -0.027879 -0.069165 0.000000
vt -0.041946 -0.069242 0.000000
vt -0.055749 -0.069393 0.000000
vt -0.055749 -0.216969 0.000000
vt -0.055749 -0.364703 0.000000
vt -0.055749 -0.512343 0.000000
vt -0.055749 -0.660007 0.000000
vt -0.055749 -0.807650 0.000000
vt -0.055749 -0.955308 0.000000
vt -0.055749 -1.102957 0.000000
vt -0.045678 -1.220870 0.000000
vt -0.007732 -1.007874 0.000000
vt -0.045678 -0.693659 0.000000
vt -0.007732 -0.794878 0.000000
vt -0.007732 -1.220870 0.000000
vt -0.017803 -1.220870 0.000000
vt -0.027874 -1.220870 0.000000
vt -0.035606 -1.220870 0.000000
vt -0.007732 -1.114372 0.000000
vt -0.017803 -1.114372 0.000000
vt -0.027874 -1.114372 0.000000
vt -0.035606 -1.114372 0.000000
vt -0.045678 -1.114372 0.000000
vt -0.007732 -0.901376 0.000000
vt -0.017803 -0.901376 0.000000
vt -0.027874 -0.901376 0.000000
vt -0.035606 -0.901376 0.000000
vt -0.045678 -0.901376 0.000000
vt -0.045678 -1.007874 0.000000
vt -0.035606 -1.007874 0.000000
vt -0.027874 -1.007874 0.000000
vt -0.017803 -1.007874 0.000000
vt -0.017803 -0.794878 0.000000
vt -0.027874 -0.794878 0.000000
vt -0.035606 -0.794878 0.000000
vt -0.045678 -0.794878 0.000000
vt -0.007732 -0.592440 0.000000
vt -0.017803 -0.592440 0.000000
vt -0.027874 -0.592440 0.000000
vt -0.035606 -0.592440 0.000000
vt -0.045678 -0.592440 0.000000
vt -0.035606 -0.693659 0.000000
vt -0.027874 -0.693659 0.000000
vt -0.017803 -0.693659 0.000000
vt -0.007732 -0.693659 0.000000
vt -0.007732 -0.461621 0.000000
vt -0.017803 -0.461621 0.000000
vt -0.027874 -0.461621 0.000000
vt -0.035606 -0.461621 0.000000
vt -0.045678 -0.461621 0.000000
vt -0.007732 -0.330802 0.000000
vt -0.017803 -0.330802 0.000000
vt -0.027874 -0.330802 0.000000
vt -0.035606 -0.330802 0.000000
vt -0.045678 -0.330802 0.000000
vt -0.007732 -0.199984 0.000000
vt -0.017803 -0.199984 0.000000
vt -0.027874 -0.199984 0.000000
vt -0.035606 -0.199984 0.000000
vt -0.045678 -0.199984 0.000000
vt -0.000000 0.081107 0.000000
vt -0.017405 0.081107 0.000000
vt -0.034848 0.081107 0.000000
vt -0.052252 0.081107 0.000000
vt -0.052252 0.040554 0.000000
vt -0.052252 0.020277 0.000000
vt -0.052252 0.000000 0.000000
vt -0.039240 0.000000 0.000000
vt -0.026126 0.000000 0.000000
vt -0.013012 0.000000 0.000000
vt -0.000000 0.000000 0.000000
vt -0.000000 0.010138 0.000000
vt -0.000000 0.020277 0.000000
vt -0.000000 0.040554 0.000000
vt -0.042728 0.054438 0.000000
vt -0.033203 0.054438 0.000000
vt -0.026126 0.054438 0.000000
vt -0.016602 0.054438 0.000000
vt -0.007077 0.054438 0.000000
vt -0.042728 0.017880 0.000000
vt -0.033203 0.017880 0.000000
vt -0.026126 0.017880 0.000000
vt -0.016602 0.017880 0.000000
vt -0.007077 0.017880 0.000000
vt -1.758137 0.019441 0.000000
vt -1.833552 0.019441 0.000000
vt -1.833552 0.006480 0.000000
vt -1.833552 -0.006480 0.000000
vt -1.833552 -0.019441 0.000000
vt -1.701800 -0.019441 0.000000
vt -1.702189 -0.019221 0.000000
vt -1.734098 -0.000213 0.000000
vt -1.833552 0.019441 0.000000
vt -1.833552 0.006480 0.000000
vt -1.833552 -0.006480 0.000000
vt -1.833552 -0.019441 0.000000
vt -1.758137 -0.019441 0.000000
vt -1.734098 0.000213 0.000000
vt -1.702189 0.019221 0.000000
vt -1.701800 0.019441 0.000000
vt -0.000000 0.081095 0.000000
vt -0.013012 0.081095 0.000000
vt -0.026126 0.081095 0.000000
vt -0.039240 0.081095 0.000000
vt -0.052252 0.081095 0.000000
vt -0.052252 0.060821 0.000000
vt -0.052252 0.040547 0.000000
vt -0.052252 0.000000 0.000000
vt -0.034847 0.000000 0.000000
vt -0.017405 0.000000 0.000000
vt -0.000000 0.000000 0.000000
vt -0.000000 0.040547 0.000000
vt -0.000000 0.060821 0.000000
vt -0.000000 0.070958 0.000000
vt -0.042791 0.067333 0.000000
vt -0.033330 0.067333 0.000000
vt -0.026126 0.067333 0.000000
vt -0.016665 0.067333 0.000000
vt -0.007204 0.067333 0.000000
vt -0.042791 0.053571 0.000000
vt -0.033330 0.053571 0.000000
vt -0.026126 0.053571 0.000000
vt -0.016665 0.053571 0.000000
vt -0.007204 0.053571 0.000000
vt -0.042791 0.026785 0.000000
vt -0.033330 0.026785 0.000000
vt -0.026126 0.026785 0.000000
vt -0.016665 0.026785 0.000000
vt -0.007204 0.026785 0.000000
vt -0.000000 1.265205 0.000000
vt -0.026264 1.254887 0.000000
vt -0.040599 1.251527 0.000000
vt -0.055746 1.250708 0.000000
vt -0.055746 1.103045 0.000000
vt -0.055746 0.955364 0.000000
vt -0.055746 0.807720 0.000000
vt -0.055746 0.660045 0.000000
vt -0.055746 0.512393 0.000000
vt -0.055746 0.364731 0.000000
vt -0.055746 0.217075 0.000000
vt -0.055746 0.069414 0.000000
vt -0.041864 0.069414 0.000000
vt -0.027873 0.069414 0.000000
vt -0.013882 0.069414 0.000000
vt -0.000000 0.069414 0.000000
vt -0.000000 0.218888 0.000000
vt -0.000000 0.368355 0.000000
vt -0.000000 0.517828 0.000000
vt -0.000000 0.667294 0.000000
vt -0.000000 0.816779 0.000000
vt -0.000000 0.966237 0.000000
vt -0.000000 1.115732 0.000000
vt -0.045688 1.135683 0.000000
vt -0.035630 1.135683 0.000000
vt -0.027873 1.135683 0.000000
vt -0.017815 1.135683 0.000000
vt -0.007757 1.135683 0.000000
vt -0.045688 1.006161 0.000000
vt -0.035630 1.006161 0.000000
vt -0.027873 1.006161 0.000000
vt -0.017815 1.006161 0.000000
vt -0.007757 1.006161 0.000000
vt -0.045688 0.834897 0.000000
vt -0.035630 0.834897 0.000000
vt -0.027873 0.834897 0.000000
vt -0.017815 0.834897 0.000000
vt -0.007757 0.834897 0.000000
vt -0.045688 0.663634 0.000000
vt -0.035630 0.663634 0.000000
vt -0.027873 0.663634 0.000000
vt -0.017815 0.663634 0.000000
vt -0.007757 0.663634 0.000000
vt -0.045688 0.515079 0.000000
vt -0.035630 0.515079 0.000000
vt -0.027873 0.515079 0.000000
vt -0.017815 0.515079 0.000000
vt -0.007757 0.515079 0.000000
vt -0.045688 0.366524 0.000000
vt -0.035630 0.366524 0.000000
vt -0.027873 0.366524 0.000000
vt -0.017815 0.366524 0.000000
vt -0.007757 0.366524 0.000000
vt -0.045688 0.217402 0.000000
vt -0.035630 0.217729 0.000000
vt -0.027873 0.217982 0.000000
vt -0.017815 0.218309 0.000000
vt -0.007757 0.218636 0.000000
vt 0.102108 -0.019863 0.000000
vt 0.102108 0.055552 0.000000
vt 0.061853 -0.000806 0.000000
vt 0.076447 -0.004446 0.000000
vt 0.090042 -0.010882 0.000000
vt 0.168570 0.039898 0.000000
vt 0.146023 0.005795 0.000000
vt 0.136219 -0.014487 0.000000
vt 0.130383 -0.039898 0.000000
vt 0.273124 -0.039898 0.000000
vt 0.270975 -0.022328 0.000000
vt 0.264784 -0.004759 0.000000
vt 0.243597 0.030381 0.000000
vt 0.237828 0.039898 0.000000
vt 0.901701 -0.403507 0.000000
vt 0.795123 -0.372924 0.000000
vt 0.693101 -0.311696 0.000000
vt 0.598590 -0.221595 0.000000
vt 0.514327 -0.105232 0.000000
vt 0.442750 0.034026 0.000000
vt 0.385932 0.192147 0.000000
vt 0.345518 0.364551 0.000000
vt 0.322679 0.546248 0.000000
vt 0.312322 0.546248 0.000000
vt 0.289483 0.364551 0.000000
vt 0.249070 0.192147 0.000000
vt 0.192252 0.034026 0.000000
vt 0.120675 -0.105232 0.000000
vt 0.036411 -0.221595 0.000000
vt -0.058100 -0.311696 0.000000
vt -0.160121 -0.372924 0.000000
vt -0.266699 -0.403507 0.000000
vt -0.266699 -0.546248 0.000000
vt 0.901701 -0.546248 0.000000
vt -0.055749 -1.250608 0.000000
vt -0.040647 -1.251423 0.000000
vt -0.026277 -1.254787 0.000000
vt -0.000000 -1.265105 0.000000
vt -0.000000 -1.115640 0.000000
vt -0.000000 -0.966182 0.000000
vt -0.000000 -0.816709 0.000000
vt -0.000000 -0.667256 0.000000
vt -0.000000 -0.517778 0.000000
vt -0.000000 -0.368328 0.000000
vt -0.000000 -0.218775 0.000000
vt -0.000000 -0.069391 0.000000
vt -0.013837 -0.069231 0.000000
vt -0.027879 -0.069165 0.000000
vt -0.041946 -0.069242 0.000000
vt -0.055749 -0.069393 0.000000
vt -0.055749 -0.216969 0.000000
vt -0.055749 -0.364703 0.000000
vt -0.055749 -0.512343 0.000000
vt -0.055749 -0.660007 0.000000
vt -0.055749 -0.807650 0.000000
vt -0.055749 -0.955308 0.000000
vt -0.055749 -1.102957 0.000000
vt -0.045678 -1.220870 0.000000
vt -0.007732 -1.007874 0.000000
vt -0.045678 -0.693659 0.000000
vt -0.007732 -0.794878 0.000000
vt -0.007732 -1.220870 0.000000
vt -0.017803 -1.220870 0.000000
vt -0.027874 -1.220870 0.000000
vt -0.035606 -1.220870 0.000000
vt -0.007732 -1.114372 0.000000
vt -0.017803 -1.114372 0.000000
vt -0.027874 -1.114372 0.000000
vt -0.035606 -1.114372 0.000000
vt -0.045678 -1.114372 0.000000
vt -0.007732 -0.901376 0.000000
vt -0.017803 -0.901376 0.000000
vt -0.027874 -0.901376 0.000000
vt -0.035606 -0.901376 0.000000
vt -0.045678 -0.901376 0.000000
vt -0.045678 -1.007874 0.000000
vt -0.035606 -1.007874 0.000000
vt -0.027874 -1.007874 0.000000
vt -0.017803 -1.007874 0.000000
vt -0.017803 -0.794878 0.000000
vt -0.027874 -0.794878 0.000000
vt -0.035606 -0.794878 0.000000
vt -0.045678 -0.794878 0.000000
vt -0.007732 -0.592440 0.000000
vt -0.017803 -0.592440 0.000000
vt -0.027874 -0.592440 0.000000
vt -0.035606 -0.592440 0.000000
vt -0.045678 -0.592440 0.000000
vt -0.035606 -0.693659 0.000000
vt -0.027874 -0.693659 0.000000
vt -0.017803 -0.693659 0.000000
vt -0.007732 -0.693659 0.000000
vt -0.007732 -0.461621 0.000000
vt -0.017803 -0.461621 0.000000
vt -0.027874 -0.461621 0.000000
vt -0.035606 -0.461621 0.000000
vt -0.045678 -0.461621 0.000000
vt -0.007732 -0.330802 0.000000
vt -0.017803 -0.330802 0.000000
vt -0.027874 -0.330802 0.000000
vt -0.035606 -0.330802 0.000000
vt -0.045678 -0.330802 0.000000
vt -0.007732 -0.199984 0.000000
vt -0.017803 -0.199984 0.000000
vt -0.027874 -0.199984 0.000000
vt -0.035606 -0.199984 0.000000
vt -0.045678 -0.199984 0.000000
vt -0.000000 0.081107 0.000000
vt -0.017405 0.081107 0.000000
vt -0.034848 0.081107 0.000000
vt -0.052252 0.081107 0.000000
vt -0.052252 0.040554 0.000000
vt -0.052252 0.020277 0.000000
vt -0.052252 0.000000 0.000000
vt -0.039240 0.000000 0.000000
vt -0.026126 0.000000 0.000000
vt -0.013012 0.000000 0.000000
vt -0.000000 0.000000 0.000000
vt -0.000000 0.010138 0.000000
vt -0.000000 0.020277 0.000000
vt -0.000000 0.040554 0.000000
vt -0.042728 0.054330 0.000000
vt -0.033203 0.054330 0.000000
vt -0.026126 0.054330 0.000000
vt -0.016601 0.054330 0.000000
vt -0.007077 0.054330 0.000000
vt -0.042728 0.017836 0.000000
vt -0.033203 0.017836 0.000000
vt -0.026126 0.017836 0.000000
vt -0.016601 0.017836 0.000000
vt -0.007077 0.017836 0.000000
vt -1.758137 0.019441 0.000000
vt -1.833552 0.019441 0.000000
vt -1.833552 0.006480 0.000000
vt -1.833552 -0.006480 0.000000
vt -1.833552 -0.019441 0.000000
vt -1.701800 -0.019441 0.000000
vt -1.702189 -0.019221 0.000000
vt -1.734098 -0.000213 0.000000
vt -1.833552 0.019441 0.000000
vt -1.833552 0.006480 0.000000
vt -1.833552 -0.006480 0.000000
vt -1.833552 -0.019441 0.000000
vt -1.758137 -0.019441 0.000000
vt -1.734098 0.000213 0.000000
vt -1.702189 0.019221 0.000000
vt -1.701800 0.019441 0.000000
vt -0.000000 0.081095 0.000000
vt -0.013012 0.081095 0.000000
vt -0.026126 0.081095 0.000000
vt -0.039240 0.081095 0.000000
vt -0.052252 0.081095 0.000000
vt -0.052252 0.060821 0.000000
vt -0.052252 0.040548 0.000000
vt -0.052252 0.000000 0.000000
vt -0.034847 0.000000 0.000000
vt -0.017405 0.000000 0.000000
vt -0.000000 0.000000 0.000000
vt -0.000000 0.040548 0.000000
vt -0.000000 0.060821 0.000000
vt -0.000000 0.070958 0.000000
vt -0.042791 0.067343 0.000000
vt -0.033330 0.067343 0.000000
vt -0.026126 0.067343 0.000000
vt -0.016665 0.067343 0.000000
vt -0.007204 0.067343 0.000000
vt -0.042791 0.053592 0.000000
vt -0.033330 0.053592 0.000000
vt -0.026126 0.053592 0.000000
vt -0.016665 0.053592 0.000000
vt -0.007204 0.053592 0.000000
vt -0.042791 0.026796 0.000000
vt -0.033330 0.026796 0.000000
vt -0.026126 0.026796 0.000000
vt -0.016665 0.026796 0.000000
vt -0.007204 0.026796 0.000000
vt -0.000000 1.265205 0.000000
vt -0.026264 1.254887 0.000000
vt -0.040599 1.251527 0.000000
vt -0.055746 1.250708 0.000000
vt -0.055746 1.103045 0.000000
vt -0.055746 0.955364 0.000000
vt -0.055746 0.807720 0.000000
vt -0.055746 0.660045 0.000000
vt -0.055746 0.512393 0.000000
vt -0.055746 0.364731 0.000000
vt -0.055746 0.217075 0.000000
vt -0.055746 0.069414 0.000000
vt -0.041864 0.069414 0.000000
vt -0.027873 0.069414 0.000000
vt -0.013882 0.069414 0.000000
vt -0.000000 0.069414 0.000000
vt -0.000000 0.218888 0.000000
vt -0.000000 0.368355 0.000000
vt -0.000000 0.517828 0.000000
vt -0.000000 0.667294 0.000000
vt -0.000000 0.816779 0.000000
vt -0.000000 0.966237 0.000000
vt -0.000000 1.115732 0.000000
vt -0.045639 1.135683 0.000000
vt -0.035532 1.135683 0.000000
vt -0.027873 1.135683 0.000000
vt -0.017766 1.135683 0.000000
vt -0.007658 1.135683 0.000000
vt -0.045639 1.006161 0.000000
vt -0.035532 1.006161 0.000000
vt -0.027873 1.006161 0.000000
vt -0.017766 1.006161 0.000000
vt -0.007658 1.006161 0.000000
vt -0.045639 0.834897 0.000000
vt -0.035532 0.834897 0.000000
vt -0.027873 0.834897 0.000000
vt -0.017766 0.834897 0.000000
vt -0.007658 0.834897 0.000000
vt -0.045639 0.663634 0.000000
vt -0.035532 0.663634 0.000000
vt -0.027873 0.663634 0.000000
vt -0.017766 0.663634 0.000000
vt -0.007658 0.663634 0.000000
vt -0.045639 0.515079 0.000000
vt -0.035532 0.515079 0.000000
vt -0.027873 0.515079 0.000000
vt -0.017766 0.515079 0.000000
vt -0.007658 0.515079 0.000000
vt -0.045639 0.366524 0.000000
vt -0.035532 0.366524 0.000000
vt -0.027873 0.366524 0.000000
vt -0.017766 0.366524 0.000000
vt -0.007658 0.366524 0.000000
vt -0.045639 0.217404 0.000000
vt -0.035532 0.217733 0.000000
vt -0.027873 0.217982 0.000000
vt -0.017766 0.218310 0.000000
vt -0.007658 0.218639 0.000000
vt 0.102108 -0.019863 0.000000
vt 0.102108 0.055552 0.000000
vt 0.061853 -0.000806 0.000000
vt 0.076447 -0.004446 0.000000
vt 0.090042 -0.010882 0.000000
vt 0.168570 0.039898 0.000000
vt 0.146023 0.005795 0.000000
vt 0.136219 -0.014487 0.000000
vt 0.130383 -0.039898 0.000000
vt 0.273124 -0.039898 0.000000
vt 0.270975 -0.022328 0.000000
vt 0.264784 -0.004759 0.000000
vt 0.243597 0.030381 0.000000
vt 0.237828 0.039898 0.000000
vt 0.901335 -0.403507 0.000000
vt 0.794757 -0.372924 0.000000
vt 0.692736 -0.311696 0.000000
vt 0.598225 -0.221595 0.000000
vt 0.513961 -0.105232 0.000000
vt 0.442384 0.034026 0.000000
vt 0.385566 0.192147 0.000000
vt 0.345153 0.364551 0.000000
vt 0.322314 0.546248 0.000000
vt 0.311957 0.546248 0.000000
vt 0.289118 0.364551 0.000000
vt 0.248704 0.192147 0.000000
vt 0.191887 0.034026 0.000000
vt 0.120310 -0.105232 0.000000
vt 0.036046 -0.221595 0.000000
vt -0.058465 -0.311696 0.000000
vt -0.160487 -0.372924 0.000000
vt -0.267065 -0.403507 0.000000
vt -0.267065 -0.546248 0.000000
vt 0.901335 -0.546248 0.000000
vt -0.055749 -1.250608 0.000000
vt -0.040647 -1.251423 0.000000
vt -0.026277 -1.254787 0.000000
vt -0.000000 -1.265105 0.000000
vt -0.000000 -1.115640 0.000000
vt -0.000000 -0.966182 0.000000
vt -0.000000 -0.816709 0.000000
vt -0.000000 -0.667256 0.000000
vt -0.000000 -0.517778 0.000000
vt -0.000000 -0.368328 0.000000
vt -0.000000 -0.218775 0.000000
vt -0.000000 -0.069391 0.000000
vt -0.013837 -0.069231 0.000000
vt -0.027879 -0.069165 0.000000
vt -0.041946 -0.069242 0.000000
vt -0.055749 -0.069393 0.000000
vt -0.055749 -0.216969 0.000000
vt -0.055749 -0.364703 0.000000
vt -0.055749 -0.512343 0.000000
vt -0.055749 -0.660007 0.000000
vt -0.055749 -0.807650 0.000000
vt -0.055749 -0.955308 0.000000
vt -0.055749 -1.102957 0.000000
vt -0.045654 -1.220870 0.000000
vt -0.007685 -1.007874 0.000000
vt -0.045654 -0.693659 0.000000
vt -0.007685 -0.794878 0.000000
vt -0.007685 -1.220870 0.000000
vt -0.017780 -1.220870 0.000000
vt -0.027874 -1.220870 0.000000
vt -0.035559 -1.220870 0.000000
vt -0.007685 -1.114372 0.000000
vt -0.017780 -1.114372 0.000000
vt -0.027874 -1.114372 0.000000
vt -0.035559 -1.114372 0.000000
vt -0.045654 -1.114372 0.000000
vt -0.007685 -0.901376 0.000000
vt -0.017780 -0.901376 0.000000
vt -0.027874 -0.901376 0.000000
vt -0.035559 -0.901376 0.000000
vt -0.045654 -0.901376 0.000000
vt -0.045654 -1.007874 0.000000
vt -0.035559 -1.007874 0.000000
vt -0.027874 -1.007874 0.000000
vt -0.017780 -1.007874 0.000000
vt -0.017780 -0.794878 0.000000
vt -0.027874 -0.794878 0.000000
vt -0.035559 -0.794878 0.000000
vt -0.045654 -0.794878 0.000000
vt -0.007685 -0.592440 0.000000
vt -0.017780 -0.592440 0.000000
vt -0.027874 -0.592440 0.000000
vt -0.035559 -0.592440 0.000000
vt -0.045654 -0.592440 0.000000
vt -0.035559 -0.693659 0.000000
vt -0.027874 -0.693659 0.000000
vt -0.017780 -0.693659 0.000000
vt -0.007685 -0.693659 0.000000
vt -0.007685 -0.461621 0.000000
vt -0.017780 -0.461621 0.000000
vt -0.027874 -0.461621 0.000000
vt -0.035559 -0.461621 0.000000
vt -0.045654 -0.461621 0.000000
vt -0.007685 -0.330802 0.000000
vt -0.017780 -0.330802 0.000000
vt -0.027874 -0.330802 0.000000
vt -0.035559 -0.330802 0.000000
vt -0.045654 -0.330802 0.000000
vt -0.007685 -0.199984 0.000000
vt -0.017780 -0.199984 0.000000
vt -0.027874 -0.199984 0.000000
vt -0.035559 -0.199984 0.000000
vt -0.045654 -0.199984 0.000000
vt -0.000000 0.081107 0.000000
vt -0.017405 0.081107 0.000000
vt -0.034848 0.081107 0.000000
vt -0.052252 0.081107 0.000000
vt -0.052252 0.040554 0.000000
vt -0.052252 0.020277 0.000000
vt -0.052252 0.000000 0.000000
vt -0.039240 0.000000 0.000000
vt -0.026126 0.000000 0.000000
vt -0.013012 0.000000 0.000000
vt -0.000000 0.000000 0.000000
vt -0.000000 0.010138 0.000000
vt -0.000000 0.020277 0.000000
vt -0.000000 0.040554 0.000000
vt -0.042728 0.054427 0.000000
vt -0.033203 0.054427 0.000000
vt -0.026126 0.054427 0.000000
vt -0.016602 0.054427 0.000000
vt -0.007077 0.054427 0.000000
vt -0.042728 0.017876 0.000000
vt -0.033203 0.017876 0.000000
vt -0.026126 0.017876 0.000000
vt -0.016602 0.017876 0.000000
vt -0.007077 0.017876 0.000000
vt -1.758137 0.019441 0.000000
vt -1.833552 0.019441 0.000000
vt -1.833552 0.006480 0.000000
vt -1.833552 -0.006480 0.000000
vt -1.833552 -0.019441 0.000000
vt -1.701800 -0.019441 0.000000
vt -1.702189 -0.019221 0.000000
vt -1.734098 -0.000213 0.000000
vt -1.833958 0.019441 0.000000
vt -1.833958 0.006480 0.000000
vt -1.833958 -0.006480 0.000000
vt -1.833958 -0.019441 0.000000
vt -1.758137 -0.019441 0.000000
vt -1.734098 0.000213 0.000000
vt -1.702189 0.019221 0.000000
vt -1.701800 0.019441 0.000000
vt -0.000000 0.080876 0.000000
vt -0.013005 0.080875 0.000000
vt -0.026111 0.080876 0.000000
vt -0.039218 0.080876 0.000000
vt -0.052223 0.080876 0.000000
vt -0.052223 0.060657 0.000000
vt -0.052223 0.040438 0.000000
vt -0.052223 0.000000 0.000000
vt -0.034828 0.000000 0.000000
vt -0.017395 0.000000 0.000000
vt -0.000000 0.000000 0.000000
vt -0.000000 0.040438 0.000000
vt -0.000000 0.060657 0.000000
vt -0.042767 0.067225 0.000000
vt -0.033311 0.067225 0.000000
vt -0.026111 0.067225 0.000000
vt -0.016655 0.067225 0.000000
vt -0.007199 0.067225 0.000000
vt -0.042767 0.053574 0.000000
vt -0.033311 0.053574 0.000000
vt -0.026111 0.053574 0.000000
vt -0.016655 0.053574 0.000000
vt -0.007199 0.053574 0.000000
vt -0.042767 0.026787 0.000000
vt -0.033311 0.026787 0.000000
vt -0.026111 0.026787 0.000000
vt -0.016655 0.026787 0.000000
vt -0.007199 0.026787 0.000000
vt -0.000000 1.267132 0.000000
vt -0.026240 1.256798 0.000000
vt -0.040562 1.253432 0.000000
vt -0.055697 1.252612 0.000000
vt -0.055697 1.105328 0.000000
vt -0.055697 0.958025 0.000000
vt -0.055697 0.810760 0.000000
vt -0.055697 0.663462 0.000000
vt -0.055697 0.516191 0.000000
vt -0.055697 0.368906 0.000000
vt -0.055697 0.221629 0.000000
vt -0.055697 0.074346 0.000000
vt -0.041827 0.074346 0.000000
vt -0.027848 0.074346 0.000000
vt -0.013870 0.074346 0.000000
vt -0.000000 0.074346 0.000000
vt -0.000000 0.223444 0.000000
vt -0.000000 0.372535 0.000000
vt -0.000000 0.521634 0.000000
vt -0.000000 0.670722 0.000000
vt -0.000000 0.819833 0.000000
vt -0.000000 0.968914 0.000000
vt -0.000000 1.118033 0.000000
vt -0.045597 1.140739 0.000000
vt -0.035497 1.140739 0.000000
vt -0.027848 1.140739 0.000000
vt -0.017749 1.140739 0.000000
vt -0.007649 1.140739 0.000000
vt -0.045597 1.014347 0.000000
vt -0.035497 1.014347 0.000000
vt -0.027848 1.014347 0.000000
vt -0.017749 1.014347 0.000000
vt -0.007649 1.014347 0.000000
vt -0.045597 0.842478 0.000000
vt -0.035497 0.842478 0.000000
vt -0.027848 0.842478 0.000000
vt -0.017749 0.842478 0.000000
vt -0.007649 0.842478 0.000000
vt -0.045597 0.670629 0.000000
vt -0.035497 0.670650 0.000000
vt -0.027848 0.670666 0.000000
vt -0.017749 0.670686 0.000000
vt -0.007649 0.670707 0.000000
vt -0.045597 0.521559 0.000000
vt -0.035497 0.521576 0.000000
vt -0.027848 0.521588 0.000000
vt -0.017749 0.521605 0.000000
vt -0.007649 0.521621 0.000000
vt -0.045597 0.372488 0.000000
vt -0.035497 0.372498 0.000000
vt -0.027848 0.372506 0.000000
vt -0.017749 0.372517 0.000000
vt -0.007649 0.372527 0.000000
vt -0.045597 0.223418 0.000000
vt -0.035497 0.223424 0.000000
vt -0.027848 0.223428 0.000000
vt -0.017749 0.223434 0.000000
vt -0.007649 0.223440 0.000000
vt -0.059795 1.777522 0.000000
vt -0.085761 1.769868 0.000000
vt -0.085761 0.000000 0.000000
vt -0.059795 0.000000 0.000000
vt -1.268636 -0.812276 0.000000
vt -1.311689 -0.661345 0.000000
vt -1.319299 -0.504578 0.000000
vt -1.291068 -0.350187 0.000000
vt -1.228475 -0.206257 0.000000
vt -1.251289 -0.172869 0.000000
vt -1.252924 -0.154395 0.000000
vt -1.247514 -0.137632 0.000000
vt -1.272914 -0.181626 0.000000
vt -1.335793 -0.323057 0.000000
vt -1.367729 -0.474506 0.000000
vt -1.367313 -0.629284 0.000000
vt -1.334563 -0.780558 0.000000
vt -1.319676 -0.802965 0.000000
vt -1.295434 -0.814628 0.000000
vt -1.769868 0.034484 0.000000
vt -1.739697 -0.003093 0.000000
vt -1.702094 -0.034253 0.000000
vt -1.701800 -0.034484 0.000000
vt -0.000000 -0.034484 0.000000
vt -0.000000 -0.011495 0.000000
vt -0.000000 0.011495 0.000000
vt -0.000000 0.034484 0.000000
vt -0.000000 0.688645 0.000000
vt -0.190500 0.688645 0.000000
vt -0.190500 0.665851 0.000000
vt -0.190500 0.643057 0.000000
vt -0.190500 0.620264 0.000000
vt -1.968500 0.620264 0.000000
vt -1.968500 0.465198 0.000000
vt -1.968500 0.310132 0.000000
vt -1.968500 0.155066 0.000000
vt -1.968500 0.000000 0.000000
vt -0.000000 0.000000 0.000000
vt -0.000000 0.137729 0.000000
vt -0.000000 0.275458 0.000000
vt -0.000000 0.413187 0.000000
vt -0.000000 0.550916 0.000000
vt 1.179022 -0.967493 0.000000
vt 1.069838 -1.080245 0.000000
vt 0.937879 -1.165220 0.000000
vt 0.790056 -1.217968 0.000000
vt 0.634111 -1.235726 0.000000
vt 0.616604 -1.272177 0.000000
vt 0.601422 -1.282829 0.000000
vt 0.584200 -1.286526 0.000000
vt 0.635000 -1.286526 0.000000
vt 0.788923 -1.270264 0.000000
vt 0.936050 -1.222197 0.000000
vt 1.069884 -1.144447 0.000000
vt 1.184517 -1.040447 0.000000
vt 1.196478 -1.016351 0.000000
vt 1.194458 -0.989525 0.000000
vt -0.594364 0.892056 0.000000
vt -0.500741 1.018520 0.000000
vt -0.380758 1.120316 0.000000
vt -0.240731 1.192087 0.000000
vt -0.088032 1.230053 0.000000
vt -0.099338 1.254463 0.000000
vt -0.121524 1.269677 0.000000
vt -0.148368 1.271429 0.000000
vt -0.296253 1.224325 0.000000
vt -0.430985 1.147280 0.000000
vt -0.546583 1.043714 0.000000
vt -0.637914 0.918226 0.000000
vt -0.663314 0.874232 0.000000
vt -0.651502 0.887298 0.000000
vt -0.634686 0.895120 0.000000
vt -0.000000 0.688642 0.000000
vt -0.190500 0.688642 0.000000
vt -0.190500 0.665848 0.000000
vt -0.190500 0.643054 0.000000
vt -0.190500 0.620260 0.000000
vt -1.968500 0.620260 0.000000
vt -1.968500 0.465195 0.000000
vt -1.968500 0.310130 0.000000
vt -1.968500 0.155065 0.000000
vt -1.968500 0.000000 0.000000
vt -0.000000 0.000000 0.000000
vt -0.000000 0.137728 0.000000
vt -0.000000 0.275457 0.000000
vt -0.000000 0.413185 0.000000
vt -0.000000 0.550914 0.000000
vt 0.091199 1.229635 0.000000
vt 0.243883 1.190896 0.000000
vt 0.383700 1.118342 0.000000
vt 0.503274 1.015799 0.000000
vt 0.596296 0.888677 0.000000
vt 0.613731 0.893060 0.000000
vt 0.622460 0.893538 0.000000
vt 0.630946 0.892852 0.000000
vt 0.639004 0.891016 0.000000
vt 0.646461 0.888071 0.000000
vt 0.653155 0.884080 0.000000
vt 0.658943 0.879129 0.000000
vt 0.589359 0.991781 0.000000
vt 0.500731 1.090155 0.000000
vt 0.395923 1.171074 0.000000
vt 0.278322 1.231920 0.000000
vt 0.151727 1.270730 0.000000
vt 0.140134 1.271807 0.000000
vt 0.128601 1.270216 0.000000
vt 0.117733 1.266041 0.000000
vt 0.108100 1.259501 0.000000
vt 0.100210 1.250940 0.000000
vt 0.094476 1.240807 0.000000
vt -0.167292 -0.039898 0.000000
vt -0.173127 -0.014490 0.000000
vt -0.182939 0.005796 0.000000
vt -0.205479 0.039898 0.000000
vt -0.274737 0.039898 0.000000
vt -0.280505 0.030381 0.000000
vt -0.301692 -0.004759 0.000000
vt -0.307884 -0.022328 0.000000
vt -0.310032 -0.039898 0.000000
vt 0.312684 0.546248 0.000000
vt 0.289845 0.364551 0.000000
vt 0.249431 0.192147 0.000000
vt 0.192613 0.034026 0.000000
vt 0.121036 -0.105232 0.000000
vt 0.036773 -0.221595 0.000000
vt -0.057738 -0.311696 0.000000
vt -0.159760 -0.372924 0.000000
vt -0.266338 -0.403507 0.000000
vt -0.266338 -0.546248 0.000000
vt 0.898064 -0.546248 0.000000
vt 0.898543 -0.403025 0.000000
vt 0.792491 -0.371614 0.000000
vt 0.691044 -0.309844 0.000000
vt 0.597117 -0.219490 0.000000
vt 0.513407 -0.103146 0.000000
vt 0.442318 0.035847 0.000000
vt 0.385891 0.193496 0.000000
vt 0.345747 0.365274 0.000000
vt 0.323039 0.546248 0.000000
vt -0.167292 -0.039898 0.000000
vt -0.173127 -0.014490 0.000000
vt -0.182939 0.005796 0.000000
vt -0.205479 0.039898 0.000000
vt -0.274737 0.039898 0.000000
vt -0.280505 0.030381 0.000000
vt -0.301692 -0.004759 0.000000
vt -0.307884 -0.022328 0.000000
vt -0.310032 -0.039898 0.000000
vt 0.024892 0.055552 0.000000
vt 0.024892 -0.019863 0.000000
vt 0.036958 -0.010882 0.000000
vt 0.050553 -0.004446 0.000000
vt 0.065147 -0.000806 0.000000
vt -0.167292 -0.039898 0.000000
vt -0.173127 -0.014490 0.000000
vt -0.182939 0.005796 0.000000
vt -0.205479 0.039898 0.000000
vt -0.274737 0.039898 0.000000
vt -0.280505 0.030381 0.000000
vt -0.301692 -0.004759 0.000000
vt -0.307884 -0.022328 0.000000
vt -0.310032 -0.039898 0.000000
vt 0.166652 0.039779 0.000000
vt 0.144151 0.005754 0.000000
vt 0.134357 -0.014463 0.000000
vt 0.128483 -0.039779 0.000000
vt 0.271706 -0.039779 0.000000
vt 0.273025 -0.029860 0.000000
vt 0.281665 -0.012450 0.000000
vt 0.297419 0.004960 0.000000
vt 0.342324 0.039779 0.000000
vt 0.301845 0.009098 0.000000
vt 0.284230 -0.008155 0.000000
vt 0.270901 -0.029290 0.000000
vt 0.260710 0.000606 0.000000
vt 0.242010 0.030503 0.000000
vt 0.236364 0.039779 0.000000
vt 1.265765 1.881509 0.000000
vt 1.254292 1.936741 0.000000
vt 1.241198 1.956155 0.000000
vt 1.225054 1.966839 0.000000
vt 1.215202 1.968500 0.000000
vt 0.050800 1.968500 0.000000
vt 0.000000 1.968500 0.000000
vt 0.000000 0.000000 0.000000
vt 1.265765 0.000000 0.000000
vt 0.050800 1.968500 0.000000
vt 0.000000 1.968500 0.000000
vt 0.000000 0.000000 0.000000
vt 1.270000 0.000000 0.000000
vt 1.270000 1.968500 0.000000
vt 1.219200 1.968500 0.000000
vt 0.024892 0.055552 0.000000
vt 0.024892 -0.019863 0.000000
vt 0.036958 -0.010882 0.000000
vt 0.050553 -0.004446 0.000000
vt 0.065147 -0.000806 0.000000
vt 0.024892 0.055552 0.000000
vt 0.024892 -0.019863 0.000000
vt 0.036958 -0.010882 0.000000
vt 0.050553 -0.004446 0.000000
vt 0.065147 -0.000806 0.000000
vt 0.102108 -0.019863 0.000000
vt 0.102108 0.055958 0.000000
vt 0.061589 -0.000768 0.000000
vt 0.076280 -0.004386 0.000000
vt 0.089966 -0.010836 0.000000
vt 1.228472 -0.206251 0.000000
vt 1.291067 -0.350181 0.000000
vt 1.319299 -0.504573 0.000000
vt 1.311689 -0.661341 0.000000
vt 1.268637 -0.812273 0.000000
vt 1.295435 -0.814625 0.000000
vt 1.319677 -0.802962 0.000000
vt 1.334564 -0.780555 0.000000
vt 1.367313 -0.629280 0.000000
vt 1.367728 -0.474500 0.000000
vt 1.335791 -0.323052 0.000000
vt 1.272911 -0.181620 0.000000
vt 1.247510 -0.137626 0.000000
vt 1.252920 -0.154389 0.000000
vt 1.251286 -0.172863 0.000000
vt 0.050800 1.968500 0.000000
vt 0.000000 1.968500 0.000000
vt 0.000000 0.000000 0.000000
vt 1.270000 0.000000 0.000000
vt 1.270000 1.968500 0.000000
vt 1.219200 1.968500 0.000000
vt 0.083642 1.018774 0.000000
vt 0.200513 0.981908 0.000000
vt 0.304108 0.916440 0.000000
vt 0.387567 0.826704 0.000000
vt 0.445364 0.718642 0.000000
vt 0.473672 0.599409 0.000000
vt 0.470618 0.476900 0.000000
vt 0.436403 0.359225 0.000000
vt 0.373292 0.254178 0.000000
vt 0.285465 0.168713 0.000000
vt 0.178737 0.108488 0.000000
vt 0.060174 0.077493 0.000000
vt -0.062374 0.077778 0.000000
vt -0.180791 0.109326 0.000000
vt -0.287238 0.170046 0.000000
vt -0.374666 0.255920 0.000000
vt -0.437286 0.361260 0.000000
vt -0.470953 0.479093 0.000000
vt -0.473437 0.601615 0.000000
vt -0.444573 0.720715 0.000000
vt -0.386273 0.828507 0.000000
vt -0.302397 0.917853 0.000000
vt -0.198499 0.982837 0.000000
vt -0.081457 1.019158 0.000000
vt -0.080845 1.282076 0.000000
vt -0.103459 1.279224 0.000000
vt -0.125974 1.275674 0.000000
vt -0.148368 1.271429 0.000000
vt -0.135552 1.272404 0.000000
vt -0.122900 1.270132 0.000000
vt -0.111225 1.264756 0.000000
vt -0.101272 1.256623 0.000000
vt -0.093679 1.246251 0.000000
vt -0.088932 1.234306 0.000000
vt -0.087336 1.221552 0.000000
vt -0.087397 1.195586 0.000000
vt -0.088718 1.184193 0.000000
vt -0.092562 1.173386 0.000000
vt -0.098733 1.163716 0.000000
vt -0.106915 1.155678 0.000000
vt -0.116692 1.149681 0.000000
vt -0.127566 1.146029 0.000000
vt -0.267818 1.097544 0.000000
vt -0.392199 1.016608 0.000000
vt -0.493339 0.908017 0.000000
vt -0.565244 0.778205 0.000000
vt -0.603653 0.634866 0.000000
vt -0.606291 0.486493 0.000000
vt -0.573000 0.341879 0.000000
vt -0.505753 0.209594 0.000000
vt -0.408537 0.097477 0.000000
vt -0.287110 0.012172 0.000000
vt -0.148670 -0.041267 0.000000
vt -0.001420 -0.059672 0.000000
vt 0.145915 -0.041953 0.000000
vt 0.284602 0.010840 0.000000
vt 0.406425 0.095579 0.000000
vt 0.504163 0.207242 0.000000
vt 0.572025 0.339213 0.000000
vt 0.605989 0.483670 0.000000
vt 0.604042 0.632053 0.000000
vt 0.566301 0.775570 0.000000
vt 0.495002 0.905715 0.000000
vt 0.394369 1.014776 0.000000
vt 0.270366 1.096291 0.000000
vt 0.130341 1.145429 0.000000
vt 0.119485 1.149131 0.000000
vt 0.109735 1.155174 0.000000
vt 0.101590 1.163250 0.000000
vt 0.095465 1.172948 0.000000
vt 0.091671 1.183772 0.000000
vt 0.090403 1.195172 0.000000
vt 0.090463 1.221138 0.000000
vt 0.092119 1.233884 0.000000
vt 0.096921 1.245807 0.000000
vt 0.104562 1.256143 0.000000
vt 0.114553 1.264231 0.000000
vt 0.126254 1.269552 0.000000
vt 0.138915 1.271765 0.000000
vt 0.151727 1.270730 0.000000
vt 0.129353 1.275079 0.000000
vt 0.106855 1.278734 0.000000
vt 0.084254 1.281692 0.000000
vt -0.177960 0.368691 0.000000
vt -0.207621 0.403606 0.000000
vt -0.230527 0.443281 0.000000
vt -0.245934 0.486426 0.000000
vt -0.606284 0.486426 0.000000
vt -0.579798 0.361655 0.000000
vt -0.527929 0.245126 0.000000
vt -0.452947 0.141942 0.000000
vt -0.358134 0.056619 0.000000
vt 0.358134 0.056619 0.000000
vt 0.452947 0.141942 0.000000
vt 0.527929 0.245126 0.000000
vt 0.579798 0.361655 0.000000
vt 0.606284 0.486426 0.000000
vt 0.245934 0.486426 0.000000
vt 0.230527 0.443281 0.000000
vt 0.207621 0.403606 0.000000
vt 0.177960 0.368691 0.000000
vt 0.389066 -0.613426 0.000000
vt 0.028716 -0.613426 0.000000
vt 0.055202 -0.738197 0.000000
vt 0.107071 -0.854726 0.000000
vt 0.182053 -0.957911 0.000000
vt 0.276866 -1.043233 0.000000
vt 0.457040 -0.731162 0.000000
vt 0.427379 -0.696246 0.000000
vt 0.404473 -0.656571 0.000000
vt -0.276866 -1.043233 0.000000
vt -0.182053 -0.957911 0.000000
vt -0.107071 -0.854726 0.000000
vt -0.055202 -0.738197 0.000000
vt -0.028716 -0.613426 0.000000
vt -0.389066 -0.613426 0.000000
vt -0.404473 -0.656571 0.000000
vt -0.427379 -0.696246 0.000000
vt -0.457040 -0.731162 0.000000
vt 0.248149 1.106733 0.000000
vt 0.126851 1.146182 0.000000
vt -0.000000 1.159526 0.000000
vt -0.126851 1.146182 0.000000
vt -0.248149 1.106733 0.000000
vt -0.067975 0.794662 0.000000
vt -0.022907 0.802891 0.000000
vt 0.022907 0.802891 0.000000
vt 0.067975 0.794662 0.000000
vt -0.177960 0.731162 0.000000
vt -0.358134 1.043233 0.000000
vt -0.452947 0.957911 0.000000
vt -0.527929 0.854726 0.000000
vt -0.579798 0.738197 0.000000
vt -0.606284 0.613426 0.000000
vt -0.245934 0.613426 0.000000
vt -0.230527 0.656571 0.000000
vt -0.207621 0.696246 0.000000
vt -0.702975 -0.794662 0.000000
vt -0.883149 -1.106733 0.000000
vt -0.761851 -1.146182 0.000000
vt -0.635000 -1.159526 0.000000
vt -0.508149 -1.146182 0.000000
vt -0.386851 -1.106733 0.000000
vt -0.567025 -0.794662 0.000000
vt -0.612093 -0.802891 0.000000
vt -0.657907 -0.802891 0.000000
vt 0.567025 -0.794662 0.000000
vt 0.386851 -1.106733 0.000000
vt 0.508149 -1.146182 0.000000
vt 0.635000 -1.159526 0.000000
vt 0.761851 -1.146182 0.000000
vt 0.883149 -1.106733 0.000000
vt 0.702975 -0.794662 0.000000
vt 0.657907 -0.802891 0.000000
vt 0.612093 -0.802891 0.000000
vt -1.241284 -0.613426 0.000000
vt -1.214798 -0.738197 0.000000
vt -1.162929 -0.854726 0.000000
vt -1.087947 -0.957911 0.000000
vt -0.993134 -1.043233 0.000000
vt -0.812960 -0.731162 0.000000
vt -0.842621 -0.696246 0.000000
vt -0.865527 -0.656571 0.000000
vt -0.880934 -0.613426 0.000000
vt 0.993134 -1.043233 0.000000
vt 1.087947 -0.957911 0.000000
vt 1.162929 -0.854726 0.000000
vt 1.214798 -0.738197 0.000000
vt 1.241284 -0.613426 0.000000
vt 0.880934 -0.613426 0.000000
vt 0.865527 -0.656571 0.000000
vt 0.842621 -0.696246 0.000000
vt 0.812960 -0.731162 0.000000
vt 0.606284 0.613426 0.000000
vt 0.579798 0.738197 0.000000
vt 0.527929 0.854726 0.000000
vt 0.452947 0.957911 0.000000
vt 0.358134 1.043233 0.000000
vt 0.177960 0.731162 0.000000
vt 0.207621 0.696246 0.000000
vt 0.230527 0.656571 0.000000
vt 0.245934 0.613426 0.000000
vt -0.880934 -0.486426 0.000000
vt -0.865527 -0.443281 0.000000
vt -0.842621 -0.403606 0.000000
vt -0.812960 -0.368691 0.000000
vt -0.993134 -0.056619 0.000000
vt -1.087947 -0.141942 0.000000
vt -1.162929 -0.245126 0.000000
vt -1.214798 -0.361655 0.000000
vt -1.241284 -0.486426 0.000000
vt 1.241284 -0.486426 0.000000
vt 1.214798 -0.361655 0.000000
vt 1.162929 -0.245126 0.000000
vt 1.087947 -0.141942 0.000000
vt 0.993134 -0.056619 0.000000
vt 0.812960 -0.368691 0.000000
vt 0.842621 -0.403606 0.000000
vt 0.865527 -0.443281 0.000000
vt 0.880934 -0.486426 0.000000
vt 0.386851 0.006881 0.000000
vt 0.567025 -0.305191 0.000000
vt 0.612093 -0.296961 0.000000
vt 0.657907 -0.296961 0.000000
vt 0.702975 -0.305191 0.000000
vt 0.883149 0.006881 0.000000
vt 0.761851 0.046330 0.000000
vt 0.635000 0.059674 0.000000
vt 0.508149 0.046330 0.000000
vt 0.067975 0.305191 0.000000
vt 0.022907 0.296961 0.000000
vt -0.022907 0.296961 0.000000
vt -0.067975 0.305191 0.000000
vt -0.248149 -0.006881 0.000000
vt -0.126851 -0.046330 0.000000
vt -0.000000 -0.059674 0.000000
vt 0.126851 -0.046330 0.000000
vt 0.248149 -0.006881 0.000000
vt -0.567025 -0.305191 0.000000
vt -0.386851 0.006881 0.000000
vt -0.508149 0.046330 0.000000
vt -0.635000 0.059674 0.000000
vt -0.761851 0.046330 0.000000
vt -0.883149 0.006881 0.000000
vt -0.702975 -0.305191 0.000000
vt -0.657907 -0.296961 0.000000
vt -0.612093 -0.296961 0.000000
vt 0.389066 -0.486426 0.000000
vt 0.404473 -0.443281 0.000000
vt 0.427379 -0.403606 0.000000
vt 0.457040 -0.368691 0.000000
vt 0.276866 -0.056619 0.000000
vt 0.182053 -0.141942 0.000000
vt 0.107071 -0.245126 0.000000
vt 0.055202 -0.361655 0.000000
vt 0.028716 -0.486426 0.000000
vt -0.028716 -0.486426 0.000000
vt -0.055202 -0.361655 0.000000
vt -0.107071 -0.245126 0.000000
vt -0.182053 -0.141942 0.000000
vt -0.276866 -0.056619 0.000000
vt -0.457040 -0.368691 0.000000
vt -0.427379 -0.403606 0.000000
vt -0.404473 -0.443281 0.000000
vt -0.389066 -0.486426 0.000000
vt 0.635000 -1.286526 0.000000
vt -0.635000 -1.286526 0.000000
vt -0.771927 -1.273687 0.000000
vt -0.904081 -1.235619 0.000000
vt -1.026855 -1.173648 0.000000
vt -1.135970 -1.089934 0.000000
vt -1.227621 -0.987396 0.000000
vt -0.943955 -0.823622 0.000000
vt -0.864695 -0.892859 0.000000
vt -0.770502 -0.939800 0.000000
vt -0.667500 -0.961395 0.000000
vt -0.562385 -0.956238 0.000000
vt -0.461990 -0.924666 0.000000
vt -0.372844 -0.868731 0.000000
vt -0.300741 -0.792070 0.000000
vt -0.250370 -0.699666 0.000000
vt -0.225004 -0.597527 0.000000
vt -0.226294 -0.492293 0.000000
vt -0.254154 -0.390806 0.000000
vt -0.306775 -0.299664 0.000000
vt -0.380735 -0.224793 0.000000
vt -0.471225 -0.171059 0.000000
vt -0.572363 -0.141957 0.000000
vt -0.677573 -0.139378 0.000000
vt -0.780015 -0.163490 0.000000
vt -0.873030 -0.212725 0.000000
vt -0.950569 -0.283883 0.000000
vt -1.007592 -0.372338 0.000000
vt -1.040392 -0.472338 0.000000
vt -1.046836 -0.577382 0.000000
vt -1.026505 -0.680641 0.000000
vt -1.310171 -0.844416 0.000000
vt -1.353146 -0.713775 0.000000
vt -1.371087 -0.577422 0.000000
vt -1.363368 -0.440111 0.000000
vt -1.330259 -0.306628 0.000000
vt -1.272914 -0.181626 0.000000
vt -0.637914 0.918226 0.000000
vt -0.558108 1.030649 0.000000
vt -0.458750 1.126232 0.000000
vt -0.343321 1.201624 0.000000
vt -0.215864 1.254186 0.000000
vt -0.080845 1.282076 0.000000
vt -0.081608 0.954528 0.000000
vt -0.181277 0.920738 0.000000
vt -0.269161 0.862839 0.000000
vt -0.339547 0.784598 0.000000
vt -0.387857 0.691099 0.000000
vt -0.410951 0.588423 0.000000
vt -0.407328 0.483243 0.000000
vt -0.377223 0.382399 0.000000
vt -0.322594 0.292447 0.000000
vt -0.246992 0.219234 0.000000
vt -0.155332 0.167520 0.000000
vt -0.053574 0.140668 0.000000
vt 0.051667 0.140423 0.000000
vt 0.153550 0.166801 0.000000
vt 0.245449 0.218087 0.000000
vt 0.321391 0.290947 0.000000
vt 0.376439 0.380644 0.000000
vt 0.407013 0.481347 0.000000
vt 0.411126 0.586508 0.000000
vt 0.388510 0.689291 0.000000
vt 0.340636 0.783014 0.000000
vt 0.270616 0.861582 0.000000
vt 0.183003 0.919889 0.000000
vt 0.083492 0.954144 0.000000
vt 0.084254 1.281692 0.000000
vt 0.219294 1.253126 0.000000
vt 0.346634 1.199868 0.000000
vt 0.461802 1.123789 0.000000
vt 0.560755 1.027559 0.000000
vt 0.640018 0.914559 0.000000
vt 1.272911 -0.181620 0.000000
vt 1.330257 -0.306622 0.000000
vt 1.363367 -0.440105 0.000000
vt 1.371087 -0.577417 0.000000
vt 1.353147 -0.713771 0.000000
vt 1.310172 -0.844412 0.000000
vt 1.026506 -0.680639 0.000000
vt 1.046836 -0.577380 0.000000
vt 1.040392 -0.472336 0.000000
vt 1.007591 -0.372336 0.000000
vt 0.950568 -0.283882 0.000000
vt 0.873028 -0.212724 0.000000
vt 0.780014 -0.163489 0.000000
vt 0.677571 -0.139377 0.000000
vt 0.572361 -0.141957 0.000000
vt 0.471224 -0.171060 0.000000
vt 0.380733 -0.224794 0.000000
vt 0.306774 -0.299666 0.000000
vt 0.254154 -0.390808 0.000000
vt 0.226293 -0.492295 0.000000
vt 0.225004 -0.597529 0.000000
vt 0.250370 -0.699668 0.000000
vt 0.300742 -0.792071 0.000000
vt 0.372846 -0.868733 0.000000
vt 0.461992 -0.924667 0.000000
vt 0.562387 -0.956239 0.000000
vt 0.667502 -0.961394 0.000000
vt 0.770504 -0.939799 0.000000
vt 0.864697 -0.892857 0.000000
vt 0.943956 -0.823620 0.000000
vt 1.227623 -0.987394 0.000000
vt 1.135972 -1.089932 0.000000
vt 1.026857 -1.173647 0.000000
vt 0.904083 -1.235619 0.000000
vt 0.771928 -1.273687 0.000000
vt -0.635000 -1.667526 0.000000
vt 0.635000 -1.667526 0.000000
vt 0.829070 -1.650547 0.000000
vt 1.017243 -1.600126 0.000000
vt 1.193802 -1.517795 0.000000
vt 1.353382 -1.406055 0.000000
vt 1.491134 -1.268302 0.000000
vt 1.602873 -1.108721 0.000000
vt 1.685203 -0.932162 0.000000
vt 1.735622 -0.743988 0.000000
vt 1.752600 -0.549918 0.000000
vt 1.735620 -0.355848 0.000000
vt 1.685197 -0.167675 0.000000
vt 1.602865 0.008883 0.000000
vt 0.970462 1.104212 0.000000
vt 0.859191 1.264644 0.000000
vt 0.721697 1.403262 0.000000
vt 0.562178 1.515838 0.000000
vt 0.385501 1.598935 0.000000
vt 0.197059 1.650016 0.000000
vt 0.002603 1.667523 0.000000
vt -0.191933 1.650922 0.000000
vt -0.380611 1.600719 0.000000
vt -0.557673 1.518446 0.000000
vt -0.717715 1.406615 0.000000
vt -0.855852 1.268638 0.000000
vt -0.967870 1.108726 0.000000
vt -1.602870 0.008874 0.000000
vt -1.685200 -0.167684 0.000000
vt -1.735621 -0.355857 0.000000
vt -1.752600 -0.549926 0.000000
vt -1.735621 -0.743995 0.000000
vt -1.685200 -0.932168 0.000000
vt -1.602870 -1.108726 0.000000
vt -1.491131 -1.268306 0.000000
vt -1.353379 -1.406057 0.000000
vt -1.193800 -1.517796 0.000000
vt -1.017242 -1.600127 0.000000
vt -0.829069 -1.650547 0.000000
vt 0.000000 0.893942 0.000000
vt 0.000000 0.766157 0.000000
vt 0.000000 0.638372 0.000000
vt 0.000000 0.510586 0.000000
vt 0.000000 0.382801 0.000000
vt 0.076200 0.382801 0.000000
vt 0.076200 0.510586 0.000000
vt 0.076200 0.638372 0.000000
vt 0.076200 0.766157 0.000000
vt 0.076200 0.893942 0.000000
vt 0.000000 0.000000 0.000000
vt 0.360349 0.000000 0.000000
vt 0.360349 0.076200 0.000000
vt 0.000000 0.076200 0.000000
vt -0.000000 -0.600790 0.000000
vt -0.000000 -0.554914 0.000000
vt -0.000000 -0.509039 0.000000
vt -0.000000 -0.463163 0.000000
vt -0.076200 -0.463163 0.000000
vt -0.076200 -0.509039 0.000000
vt -0.076200 -0.554914 0.000000
vt -0.076200 -0.600790 0.000000
vt 0.000000 0.000000 0.000000
vt 0.360349 0.000000 0.000000
vt 0.360349 0.076200 0.000000
vt 0.000000 0.076200 0.000000
vt -0.000000 0.463163 0.000000
vt -0.000000 0.509039 0.000000
vt -0.000000 0.554914 0.000000
vt -0.000000 0.600790 0.000000
vt -0.076200 0.600790 0.000000
vt -0.076200 0.554914 0.000000
vt -0.076200 0.509039 0.000000
vt -0.076200 0.463163 0.000000
vt 0.000000 0.000000 0.000000
vt 0.360349 0.000000 0.000000
vt 0.360349 0.076200 0.000000
vt 0.000000 0.076200 0.000000
vt 0.000000 -0.382801 0.000000
vt 0.000000 -0.510586 0.000000
vt 0.000000 -0.638372 0.000000
vt 0.000000 -0.766157 0.000000
vt 0.000000 -0.893942 0.000000
vt 0.076200 -0.893942 0.000000
vt 0.076200 -0.766157 0.000000
vt 0.076200 -0.638372 0.000000
vt 0.076200 -0.510586 0.000000
vt 0.076200 -0.382801 0.000000
vt 0.000000 0.000000 0.000000
vt 0.360349 0.000000 0.000000
vt 0.360349 0.076200 0.000000
vt 0.000000 0.076200 0.000000
vt 0.000000 0.000000 0.000000
vt 0.360349 0.000000 0.000000
vt 0.360349 0.076200 0.000000
vt 0.000000 0.076200 0.000000
vt -0.000000 0.729151 0.000000
vt -0.000000 0.775027 0.000000
vt -0.000000 0.820902 0.000000
vt -0.000000 0.866778 0.000000
vt -0.076200 0.866778 0.000000
vt -0.076200 0.820902 0.000000
vt -0.076200 0.775027 0.000000
vt -0.076200 0.729151 0.000000
vt 0.000000 0.000000 0.000000
vt 0.360349 0.000000 0.000000
vt 0.360349 0.076200 0.000000
vt 0.000000 0.076200 0.000000
vt 0.000000 0.255570 0.000000
vt 0.000000 0.127785 0.000000
vt 0.000000 0.000000 0.000000
vt 0.000000 -0.127785 0.000000
vt 0.000000 -0.255570 0.000000
vt 0.076200 -0.255570 0.000000
vt 0.076200 -0.127785 0.000000
vt 0.076200 0.000000 0.000000
vt 0.076200 0.127785 0.000000
vt 0.076200 0.255570 0.000000
vt -0.000000 -0.068813 0.000000
vt -0.000000 -0.022938 0.000000
vt -0.000000 0.022938 0.000000
vt -0.000000 0.068813 0.000000
vt -0.076200 0.068813 0.000000
vt -0.076200 0.022938 0.000000
vt -0.076200 -0.022938 0.000000
vt -0.076200 -0.068813 0.000000
vt 0.000000 0.000000 0.000000
vt 0.360349 0.000000 0.000000
vt 0.360349 0.076200 0.000000
vt 0.000000 0.076200 0.000000
vt 0.000000 -1.659544 0.000000
vt 0.000000 -1.787330 0.000000
vt 0.000000 -1.915115 0.000000
vt 0.000000 -2.042900 0.000000
vt 0.000000 -2.170685 0.000000
vt 0.076200 -2.170685 0.000000
vt 0.076200 -2.042900 0.000000
vt 0.076200 -1.915115 0.000000
vt 0.076200 -1.787330 0.000000
vt 0.076200 -1.659544 0.000000
vt 0.000000 0.000000 0.000000
vt 0.360349 0.000000 0.000000
vt 0.360349 0.076200 0.000000
vt 0.000000 0.076200 0.000000
vt 0.000000 0.000000 0.000000
vt 0.360349 0.000000 0.000000
vt 0.360349 0.076200 0.000000
vt 0.000000 0.076200 0.000000
vt 0.000000 0.255570 0.000000
vt 0.000000 0.127785 0.000000
vt 0.000000 0.000000 0.000000
vt 0.000000 -0.127785 0.000000
vt 0.000000 -0.255570 0.000000
vt 0.076200 -0.255570 0.000000
vt 0.076200 -0.127785 0.000000
vt 0.076200 0.000000 0.000000
vt 0.076200 0.127785 0.000000
vt 0.076200 0.255570 0.000000
vt 0.000000 0.000000 0.000000
vt 0.360349 0.000000 0.000000
vt 0.360349 0.076200 0.000000
vt 0.000000 0.076200 0.000000
vt -0.000000 0.729151 0.000000
vt -0.000000 0.775027 0.000000
vt -0.000000 0.820902 0.000000
vt -0.000000 0.866778 0.000000
vt -0.076200 0.866778 0.000000
vt -0.076200 0.820902 0.000000
vt -0.076200 0.775027 0.000000
vt -0.076200 0.729151 0.000000
vt 0.000000 0.893942 0.000000
vt 0.000000 0.766157 0.000000
vt 0.000000 0.638372 0.000000
vt 0.000000 0.510586 0.000000
vt 0.000000 0.382801 0.000000
vt 0.076200 0.382801 0.000000
vt 0.076200 0.510586 0.000000
vt 0.076200 0.638372 0.000000
vt 0.076200 0.766157 0.000000
vt 0.076200 0.893942 0.000000
vt 0.000000 0.000000 0.000000
vt 0.360349 0.000000 0.000000
vt 0.360349 0.076200 0.000000
vt 0.000000 0.076200 0.000000
vt -0.000000 -0.600790 0.000000
vt -0.000000 -0.554914 0.000000
vt -0.000000 -0.509039 0.000000
vt -0.000000 -0.463163 0.000000
vt -0.076200 -0.463163 0.000000
vt -0.076200 -0.509039 0.000000
vt -0.076200 -0.554914 0.000000
vt -0.076200 -0.600790 0.000000
vt 0.000000 0.000000 0.000000
vt 0.360349 0.000000 0.000000
vt 0.360349 0.076200 0.000000
vt 0.000000 0.076200 0.000000
vt -0.000000 0.463163 0.000000
vt -0.000000 0.509039 0.000000
vt -0.000000 0.554914 0.000000
vt -0.000000 0.600790 0.000000
vt -0.076200 0.600790 0.000000
vt -0.076200 0.554914 0.000000
vt -0.076200 0.509039 0.000000
vt -0.076200 0.463163 0.000000
vt 0.000000 0.000000 0.000000
vt 0.360349 0.000000 0.000000
vt 0.360349 0.076200 0.000000
vt 0.000000 0.076200 0.000000
vt 0.000000 -0.382801 0.000000
vt 0.000000 -0.510586 0.000000
vt 0.000000 -0.638372 0.000000
vt 0.000000 -0.766157 0.000000
vt 0.000000 -0.893942 0.000000
vt 0.076200 -0.893942 0.000000
vt 0.076200 -0.766157 0.000000
vt 0.076200 -0.638372 0.000000
vt 0.076200 -0.510586 0.000000
vt 0.076200 -0.382801 0.000000
vt 0.000000 0.000000 0.000000
vt 0.360349 0.000000 0.000000
vt 0.360349 0.076200 0.000000
vt 0.000000 0.076200 0.000000
vt 0.000000 0.893942 0.000000
vt 0.000000 0.766157 0.000000
vt 0.000000 0.638372 0.000000
vt 0.000000 0.510586 0.000000
vt 0.000000 0.382801 0.000000
vt 0.076200 0.382801 0.000000
vt 0.076200 0.510586 0.000000
vt 0.076200 0.638372 0.000000
vt 0.076200 0.766157 0.000000
vt 0.076200 0.893942 0.000000
vt 0.000000 0.000000 0.000000
vt 0.360349 0.000000 0.000000
vt 0.360349 0.076200 0.000000
vt 0.000000 0.076200 0.000000
vt -0.000000 -0.600790 0.000000
vt -0.000000 -0.554914 0.000000
vt -0.000000 -0.509039 0.000000
vt -0.000000 -0.463163 0.000000
vt -0.076200 -0.463163 0.000000
vt -0.076200 -0.509039 0.000000
vt -0.076200 -0.554914 0.000000
vt -0.076200 -0.600790 0.000000
vt 0.000000 0.000000 0.000000
vt 0.360349 0.000000 0.000000
vt 0.360349 0.076200 0.000000
vt 0.000000 0.076200 0.000000
vt 0.000000 1.532314 0.000000
vt 0.000000 1.404528 0.000000
vt 0.000000 1.276743 0.000000
vt 0.000000 1.148958 0.000000
vt 0.000000 1.021173 0.000000
vt 0.076200 1.021173 0.000000
vt 0.076200 1.148958 0.000000
vt 0.076200 1.276743 0.000000
vt 0.076200 1.404528 0.000000
vt 0.076200 1.532314 0.000000
vt 0.000000 0.000000 0.000000
vt 0.360349 0.000000 0.000000
vt 0.360349 0.076200 0.000000
vt 0.000000 0.076200 0.000000
vt -0.000000 -0.334801 0.000000
vt -0.000000 -0.288926 0.000000
vt -0.000000 -0.243050 0.000000
vt -0.000000 -0.197175 0.000000
vt -0.076200 -0.197175 0.000000
vt -0.076200 -0.243050 0.000000
vt -0.076200 -0.288926 0.000000
vt -0.076200 -0.334801 0.000000
vt 0.000000 0.000000 0.000000
vt 0.360349 0.000000 0.000000
vt 0.360349 0.076200 0.000000
vt 0.000000 0.076200 0.000000
vt 0.000000 -1.021173 0.000000
vt 0.000000 -1.148958 0.000000
vt 0.000000 -1.276743 0.000000
vt 0.000000 -1.404528 0.000000
vt 0.000000 -1.532314 0.000000
vt 0.076200 -1.532314 0.000000
vt 0.076200 -1.404528 0.000000
vt 0.076200 -1.276743 0.000000
vt 0.076200 -1.148958 0.000000
vt 0.076200 -1.021173 0.000000
vt 0.000000 0.000000 0.000000
vt 0.360349 0.000000 0.000000
vt 0.360349 0.076200 0.000000
vt 0.000000 0.076200 0.000000
vt -0.000000 0.197175 0.000000
vt -0.000000 0.243050 0.000000
vt -0.000000 0.288926 0.000000
vt -0.000000 0.334801 0.000000
vt -0.076200 0.334801 0.000000
vt -0.076200 0.288926 0.000000
vt -0.076200 0.243050 0.000000
vt -0.076200 0.197175 0.000000
vt 0.000000 0.000000 0.000000
vt 0.360349 0.000000 0.000000
vt 0.360349 0.076200 0.000000
vt 0.000000 0.076200 0.000000
vt 0.000000 0.000000 0.000000
vt 0.360349 0.000000 0.000000
vt 0.360349 0.076200 0.000000
vt 0.000000 0.076200 0.000000
vt -0.000000 -0.068813 0.000000
vt -0.000000 -0.022938 0.000000
vt -0.000000 0.022938 0.000000
vt -0.000000 0.068813 0.000000
vt -0.076200 0.068813 0.000000
vt -0.076200 0.022938 0.000000
vt -0.076200 -0.022938 0.000000
vt -0.076200 -0.068813 0.000000
vt 0.000000 0.000000 0.000000
vt 0.360349 0.000000 0.000000
vt 0.360349 0.076200 0.000000
vt 0.000000 0.076200 0.000000
vt 0.000000 -1.659544 0.000000
vt 0.000000 -1.787330 0.000000
vt 0.000000 -1.915115 0.000000
vt 0.000000 -2.042900 0.000000
vt 0.000000 -2.170685 0.000000
vt 0.076200 -2.170685 0.000000
vt 0.076200 -2.042900 0.000000
vt 0.076200 -1.915115 0.000000
vt 0.076200 -1.787330 0.000000
vt 0.076200 -1.659544 0.000000
vt 0.000000 0.000000 0.000000
vt 0.360349 0.000000 0.000000
vt 0.360349 0.076200 0.000000
vt 0.000000 0.076200 0.000000
vt -0.000000 -0.068813 0.000000
vt -0.000000 -0.022938 0.000000
vt -0.000000 0.022938 0.000000
vt -0.000000 0.068813 0.000000
vt -0.076200 0.068813 0.000000
vt -0.076200 0.022938 0.000000
vt -0.076200 -0.022938 0.000000
vt -0.076200 -0.068813 0.000000
vt 0.000000 0.000000 0.000000
vt 0.360349 0.000000 0.000000
vt 0.360349 0.076200 0.000000
vt 0.000000 0.076200 0.000000
vt 0.000000 -1.659544 0.000000
vt 0.000000 -1.787330 0.000000
vt 0.000000 -1.915115 0.000000
vt 0.000000 -2.042900 0.000000
vt 0.000000 -2.170685 0.000000
vt 0.076200 -2.170685 0.000000
vt 0.076200 -2.042900 0.000000
vt 0.076200 -1.915115 0.000000
vt 0.076200 -1.787330 0.000000
vt 0.076200 -1.659544 0.000000
vt 0.000000 0.000000 0.000000
vt 0.360349 0.000000 0.000000
vt 0.360349 0.076200 0.000000
vt 0.000000 0.076200 0.000000
vt -0.000000 0.463163 0.000000
vt -0.000000 0.509039 0.000000
vt -0.000000 0.554914 0.000000
vt -0.000000 0.600790 0.000000
vt -0.076200 0.600790 0.000000
vt -0.076200 0.554914 0.000000
vt -0.076200 0.509039 0.000000
vt -0.076200 0.463163 0.000000
vt 0.000000 0.000000 0.000000
vt 0.360349 0.000000 0.000000
vt 0.360349 0.076200 0.000000
vt 0.000000 0.076200 0.000000
vt 0.000000 -0.382801 0.000000
vt 0.000000 -0.510586 0.000000
vt 0.000000 -0.638372 0.000000
vt 0.000000 -0.766157 0.000000
vt 0.000000 -0.893942 0.000000
vt 0.076200 -0.893942 0.000000
vt 0.076200 -0.766157 0.000000
vt 0.076200 -0.638372 0.000000
vt 0.076200 -0.510586 0.000000
vt 0.076200 -0.382801 0.000000
vt 0.000000 0.255570 0.000000
vt 0.000000 0.127785 0.000000
vt 0.000000 0.000000 0.000000
vt 0.000000 -0.127785 0.000000
vt 0.000000 -0.255570 0.000000
vt 0.076200 -0.255570 0.000000
vt 0.076200 -0.127785 0.000000
vt 0.076200 0.000000 0.000000
vt 0.076200 0.127785 0.000000
vt 0.076200 0.255570 0.000000
vt 0.000000 0.000000 0.000000
vt 0.360349 0.000000 0.000000
vt 0.360349 0.076200 0.000000
vt 0.000000 0.076200 0.000000
vt -0.000000 0.729151 0.000000
vt -0.000000 0.775027 0.000000
vt -0.000000 0.820902 0.000000
vt -0.000000 0.866778 0.000000
vt -0.076200 0.866778 0.000000
vt -0.076200 0.820902 0.000000
vt -0.076200 0.775027 0.000000
vt -0.076200 0.729151 0.000000
vt 0.000000 0.000000 0.000000
vt 0.360349 0.000000 0.000000
vt 0.360349 0.076200 0.000000
vt 0.000000 0.076200 0.000000
vt 0.000000 1.532314 0.000000
vt 0.000000 1.404528 0.000000
vt 0.000000 1.276743 0.000000
vt 0.000000 1.148958 0.000000
vt 0.000000 1.021173 0.000000
vt 0.076200 1.021173 0.000000
vt 0.076200 1.148958 0.000000
vt 0.076200 1.276743 0.000000
vt 0.076200 1.404528 0.000000
vt 0.076200 1.532314 0.000000
vt 0.000000 0.000000 0.000000
vt 0.360349 0.000000 0.000000
vt 0.360349 0.076200 0.000000
vt 0.000000 0.076200 0.000000
vt -0.000000 -0.334801 0.000000
vt -0.000000 -0.288926 0.000000
vt -0.000000 -0.243050 0.000000
vt -0.000000 -0.197175 0.000000
vt -0.076200 -0.197175 0.000000
vt -0.076200 -0.243050 0.000000
vt -0.076200 -0.288926 0.000000
vt -0.076200 -0.334801 0.000000
vt 0.000000 0.000000 0.000000
vt 0.360349 0.000000 0.000000
vt 0.360349 0.076200 0.000000
vt 0.000000 0.076200 0.000000
vt 0.000000 0.000000 0.000000
vt 0.360349 0.000000 0.000000
vt 0.360349 0.076200 0.000000
vt 0.000000 0.076200 0.000000
vt -0.000000 0.197175 0.000000
vt -0.000000 0.243050 0.000000
vt -0.000000 0.288926 0.000000
vt -0.000000 0.334801 0.000000
vt -0.076200 0.334801 0.000000
vt -0.076200 0.288926 0.000000
vt -0.076200 0.243050 0.000000
vt -0.076200 0.197175 0.000000
vt 0.000000 0.000000 0.000000
vt 0.360349 0.000000 0.000000
vt 0.360349 0.076200 0.000000
vt 0.000000 0.076200 0.000000
vt 0.000000 -1.021173 0.000000
vt 0.000000 -1.148958 0.000000
vt 0.000000 -1.276743 0.000000
vt 0.000000 -1.404528 0.000000
vt 0.000000 -1.532314 0.000000
vt 0.076200 -1.532314 0.000000
vt 0.076200 -1.404528 0.000000
vt 0.076200 -1.276743 0.000000
vt 0.076200 -1.148958 0.000000
vt 0.076200 -1.021173 0.000000
vt 0.000000 1.532314 0.000000
vt 0.000000 1.404528 0.000000
vt 0.000000 1.276743 0.000000
vt 0.000000 1.148958 0.000000
vt 0.000000 1.021173 0.000000
vt 0.076200 1.021173 0.000000
vt 0.076200 1.148958 0.000000
vt 0.076200 1.276743 0.000000
vt 0.076200 1.404528 0.000000
vt 0.076200 1.532314 0.000000
vt 0.000000 0.000000 0.000000
vt 0.360349 0.000000 0.000000
vt 0.360349 0.076200 0.000000
vt 0.000000 0.076200 0.000000
vt -0.000000 -0.334801 0.000000
vt -0.000000 -0.288926 0.000000
vt -0.000000 -0.243050 0.000000
vt -0.000000 -0.197175 0.000000
vt -0.076200 -0.197175 0.000000
vt -0.076200 -0.243050 0.000000
vt -0.076200 -0.288926 0.000000
vt -0.076200 -0.334801 0.000000
vt 0.000000 0.000000 0.000000
vt 0.360349 0.000000 0.000000
vt 0.360349 0.076200 0.000000
vt 0.000000 0.076200 0.000000
vt -0.000000 0.197175 0.000000
vt -0.000000 0.243050 0.000000
vt -0.000000 0.288926 0.000000
vt -0.000000 0.334801 0.000000
vt -0.076200 0.334801 0.000000
vt -0.076200 0.288926 0.000000
vt -0.076200 0.243050 0.000000
vt -0.076200 0.197175 0.000000
vt 0.000000 0.000000 0.000000
vt 0.360349 0.000000 0.000000
vt 0.360349 0.076200 0.000000
vt 0.000000 0.076200 0.000000
vt 0.000000 -1.021173 0.000000
vt 0.000000 -1.148958 0.000000
vt 0.000000 -1.276743 0.000000
vt 0.000000 -1.404528 0.000000
vt 0.000000 -1.532314 0.000000
vt 0.076200 -1.532314 0.000000
vt 0.076200 -1.404528 0.000000
vt 0.076200 -1.276743 0.000000
vt 0.076200 -1.148958 0.000000
vt 0.076200 -1.021173 0.000000
vt 0.000000 0.000000 0.000000
vt 0.360349 0.000000 0.000000
vt 0.360349 0.076200 0.000000
vt 0.000000 0.076200 0.000000
vt 0.000000 0.000000 0.000000
vt 1.264784 0.000000 0.000000
vt 1.264784 0.203200 0.000000
vt 0.000000 0.203200 0.000000
vt -0.000000 0.000000 0.000000
vt -0.000000 0.195059 0.000000
vt -0.000000 0.390118 0.000000
vt -0.000000 0.585177 0.000000
vt -0.000000 0.780236 0.000000
vt -0.000000 0.975294 0.000000
vt -0.000000 1.170353 0.000000
vt -0.000000 1.365412 0.000000
vt -0.000000 1.560471 0.000000
vt -0.000000 1.755530 0.000000
vt -0.000000 1.950589 0.000000
vt -0.000000 2.145648 0.000000
vt -0.000000 2.340707 0.000000
vt -0.203200 2.340707 0.000000
vt -0.203200 2.145648 0.000000
vt -0.203200 1.950589 0.000000
vt -0.203200 1.755530 0.000000
vt -0.203200 1.560471 0.000000
vt -0.203200 1.365412 0.000000
vt -0.203200 1.170353 0.000000
vt -0.203200 0.975294 0.000000
vt -0.203200 0.780236 0.000000
vt -0.203200 0.585177 0.000000
vt -0.203200 0.390118 0.000000
vt -0.203200 0.195059 0.000000
vt -0.203200 0.000000 0.000000
vt 0.000000 0.000000 0.000000
vt 1.270000 0.000000 0.000000
vt 1.270000 0.203200 0.000000
vt 0.000000 0.203200 0.000000
vt -0.000000 -2.340696 0.000000
vt -0.000000 -2.145638 0.000000
vt -0.000000 -1.950580 0.000000
vt -0.000000 -1.755522 0.000000
vt -0.000000 -1.560464 0.000000
vt -0.000000 -1.365406 0.000000
vt -0.000000 -1.170348 0.000000
vt -0.000000 -0.975290 0.000000
vt -0.000000 -0.780232 0.000000
vt -0.000000 -0.585174 0.000000
vt -0.000000 -0.390116 0.000000
vt -0.000000 -0.195058 0.000000
vt -0.000000 0.000000 0.000000
vt -0.203200 0.000000 0.000000
vt -0.203200 -0.195058 0.000000
vt -0.203200 -0.390116 0.000000
vt -0.203200 -0.585174 0.000000
vt -0.203200 -0.780232 0.000000
vt -0.203200 -0.975290 0.000000
vt -0.203200 -1.170348 0.000000
vt -0.203200 -1.365406 0.000000
vt -0.203200 -1.560464 0.000000
vt -0.203200 -1.755522 0.000000
vt -0.203200 -1.950580 0.000000
vt -0.203200 -2.145638 0.000000
vt -0.203200 -2.340696 0.000000
vt 0.000000 0.000000 0.000000
vt 1.270000 0.000000 0.000000
vt 1.270000 0.203200 0.000000
vt 0.000000 0.203200 0.000000
vt -0.000000 2.335490 0.000000
vt -0.000000 2.530982 0.000000
vt -0.000000 2.726474 0.000000
vt -0.000000 2.921966 0.000000
vt -0.000000 3.117457 0.000000
vt -0.000000 3.312949 0.000000
vt -0.000000 3.508441 0.000000
vt -0.000000 3.703933 0.000000
vt -0.000000 3.899425 0.000000
vt -0.000000 4.094916 0.000000
vt -0.000000 4.290408 0.000000
vt -0.000000 4.485900 0.000000
vt -0.000000 4.681392 0.000000
vt -0.203200 4.681392 0.000000
vt -0.203200 4.485900 0.000000
vt -0.203200 4.290408 0.000000
vt -0.203200 4.094916 0.000000
vt -0.203200 3.899425 0.000000
vt -0.203200 3.703933 0.000000
vt -0.203200 3.508441 0.000000
vt -0.203200 3.312949 0.000000
vt -0.203200 3.117457 0.000000
vt -0.203200 2.921966 0.000000
vt -0.203200 2.726474 0.000000
vt -0.203200 2.530982 0.000000
vt -0.203200 2.335490 0.000000
vt 0.680380 -0.070121 0.000000
vt 1.040729 -0.070121 0.000000
vt 1.056136 -0.113266 0.000000
vt 1.079043 -0.152942 0.000000
vt 1.108704 -0.187857 0.000000
vt 0.928529 -0.499928 0.000000
vt 0.833717 -0.414606 0.000000
vt 0.758734 -0.311421 0.000000
vt 0.706865 -0.194893 0.000000
vt 1.532598 -0.070121 0.000000
vt 1.892947 -0.070121 0.000000
vt 1.866462 -0.194893 0.000000
vt 1.814593 -0.311421 0.000000
vt 1.739610 -0.414606 0.000000
vt 1.644798 -0.499928 0.000000
vt 1.464623 -0.187857 0.000000
vt 1.494284 -0.152942 0.000000
vt 1.517191 -0.113266 0.000000
vt 1.563529 -1.599781 0.000000
vt 1.468717 -1.514458 0.000000
vt 1.393734 -1.411274 0.000000
vt 1.341865 -1.294745 0.000000
vt 1.315380 -1.169974 0.000000
vt 1.675729 -1.169974 0.000000
vt 1.691136 -1.213118 0.000000
vt 1.714043 -1.252794 0.000000
vt 1.743704 -1.287709 0.000000
vt 0.897598 -1.169974 0.000000
vt 1.257947 -1.169974 0.000000
vt 1.231462 -1.294745 0.000000
vt 1.179593 -1.411274 0.000000
vt 1.104610 -1.514458 0.000000
vt 1.009798 -1.599781 0.000000
vt 0.829623 -1.287709 0.000000
vt 0.859284 -1.252794 0.000000
vt 0.882191 -1.213118 0.000000
vt 1.218689 0.238114 0.000000
vt 1.038514 0.550186 0.000000
vt 1.159812 0.589634 0.000000
vt 1.286664 0.602979 0.000000
vt 1.413515 0.589634 0.000000
vt 1.534813 0.550186 0.000000
vt 1.354638 0.238114 0.000000
vt 1.309570 0.246344 0.000000
vt 1.263757 0.246344 0.000000
vt 0.680380 0.056879 0.000000
vt 0.706865 0.181650 0.000000
vt 0.758734 0.298179 0.000000
vt 0.833717 0.401363 0.000000
vt 0.928529 0.486686 0.000000
vt 1.108704 0.174614 0.000000
vt 1.079043 0.139699 0.000000
vt 1.056136 0.100023 0.000000
vt 1.040729 0.056879 0.000000
vt 0.899813 -1.663281 0.000000
vt 0.778515 -1.702729 0.000000
vt 0.651663 -1.716074 0.000000
vt 0.524812 -1.702729 0.000000
vt 0.403514 -1.663281 0.000000
vt 0.583689 -1.351209 0.000000
vt 0.628757 -1.359439 0.000000
vt 0.674570 -1.359439 0.000000
vt 0.719638 -1.351209 0.000000
vt 2.169813 -1.663281 0.000000
vt 2.048515 -1.702729 0.000000
vt 1.921664 -1.716074 0.000000
vt 1.794812 -1.702729 0.000000
vt 1.673514 -1.663281 0.000000
vt 1.853689 -1.351209 0.000000
vt 1.898757 -1.359439 0.000000
vt 1.944570 -1.359439 0.000000
vt 1.989638 -1.351209 0.000000
vt 0.473704 -1.287709 0.000000
vt 0.293529 -1.599781 0.000000
vt 0.198717 -1.514458 0.000000
vt 0.123734 -1.411274 0.000000
vt 0.071865 -1.294745 0.000000
vt 0.045380 -1.169974 0.000000
vt 0.405729 -1.169974 0.000000
vt 0.421136 -1.213118 0.000000
vt 0.444043 -1.252794 0.000000
vt 2.167598 -1.169974 0.000000
vt 2.527947 -1.169974 0.000000
vt 2.501462 -1.294745 0.000000
vt 2.449593 -1.411274 0.000000
vt 2.374610 -1.514458 0.000000
vt 2.279798 -1.599781 0.000000
vt 2.099623 -1.287709 0.000000
vt 2.129284 -1.252794 0.000000
vt 2.152191 -1.213118 0.000000
vt 1.464623 0.174614 0.000000
vt 1.644798 0.486686 0.000000
vt 1.739610 0.401363 0.000000
vt 1.814593 0.298179 0.000000
vt 1.866462 0.181650 0.000000
vt 1.892947 0.056879 0.000000
vt 1.532598 0.056879 0.000000
vt 1.517191 0.100023 0.000000
vt 1.494284 0.139699 0.000000
vt 0.293529 -0.613167 0.000000
vt 0.473704 -0.925238 0.000000
vt 0.444043 -0.960153 0.000000
vt 0.421136 -0.999829 0.000000
vt 0.405729 -1.042974 0.000000
vt 0.045380 -1.042974 0.000000
vt 0.071865 -0.918202 0.000000
vt 0.123734 -0.801674 0.000000
vt 0.198717 -0.698489 0.000000
vt 2.099623 -0.925238 0.000000
vt 2.279798 -0.613167 0.000000
vt 2.374610 -0.698489 0.000000
vt 2.449593 -0.801674 0.000000
vt 2.501462 -0.918202 0.000000
vt 2.527947 -1.042974 0.000000
vt 2.167598 -1.042974 0.000000
vt 2.152191 -0.999829 0.000000
vt 2.129284 -0.960153 0.000000
vt 1.989638 -0.861738 0.000000
vt 1.944570 -0.853509 0.000000
vt 1.898757 -0.853509 0.000000
vt 1.853689 -0.861738 0.000000
vt 1.673514 -0.549667 0.000000
vt 1.794812 -0.510218 0.000000
vt 1.921664 -0.496874 0.000000
vt 2.048515 -0.510218 0.000000
vt 2.169813 -0.549667 0.000000
vt 1.038514 -0.563428 0.000000
vt 1.218689 -0.251357 0.000000
vt 1.263757 -0.259586 0.000000
vt 1.309570 -0.259586 0.000000
vt 1.354638 -0.251357 0.000000
vt 1.534813 -0.563428 0.000000
vt 1.413515 -0.602877 0.000000
vt 1.286664 -0.616221 0.000000
vt 1.159812 -0.602877 0.000000
vt 0.403514 -0.549667 0.000000
vt 0.524812 -0.510218 0.000000
vt 0.651663 -0.496874 0.000000
vt 0.778515 -0.510218 0.000000
vt 0.899813 -0.549667 0.000000
vt 0.719638 -0.861738 0.000000
vt 0.674570 -0.853509 0.000000
vt 0.628757 -0.853509 0.000000
vt 0.583689 -0.861738 0.000000
vt 1.563529 -0.613167 0.000000
vt 1.743704 -0.925238 0.000000
vt 1.714043 -0.960153 0.000000
vt 1.691136 -0.999829 0.000000
vt 1.675729 -1.042974 0.000000
vt 1.315380 -1.042974 0.000000
vt 1.341865 -0.918202 0.000000
vt 1.393734 -0.801674 0.000000
vt 1.468717 -0.698489 0.000000
vt 0.829623 -0.925238 0.000000
vt 1.009798 -0.613167 0.000000
vt 1.104610 -0.698489 0.000000
vt 1.179593 -0.801674 0.000000
vt 1.231462 -0.918202 0.000000
vt 1.257947 -1.042974 0.000000
vt 0.897598 -1.042974 0.000000
vt 0.882191 -0.999829 0.000000
vt 0.859284 -0.960153 0.000000
vt 2.254534 0.552179 0.000000
vt 2.142516 0.712090 0.000000
vt 2.004378 0.850067 0.000000
vt 1.844336 0.961899 0.000000
vt 1.667274 1.044171 0.000000
vt 1.478596 1.094374 0.000000
vt 1.284061 1.110976 0.000000
vt 1.089604 1.093468 0.000000
vt 0.901162 1.042387 0.000000
vt 0.724486 0.959291 0.000000
vt 0.564966 0.846715 0.000000
vt 0.427473 0.708096 0.000000
vt 0.316201 0.547664 0.000000
vt -0.316201 -0.547664 0.000000
vt -0.398534 -0.724223 0.000000
vt -0.448956 -0.912396 0.000000
vt -0.465937 -1.106466 0.000000
vt -0.448959 -1.300536 0.000000
vt -0.398539 -1.488709 0.000000
vt -0.316209 -1.665269 0.000000
vt -0.204471 -1.824850 0.000000
vt -0.066719 -1.962603 0.000000
vt 0.092861 -2.074342 0.000000
vt 0.269420 -2.156673 0.000000
vt 0.457593 -2.207095 0.000000
vt 0.651663 -2.224074 0.000000
vt 1.921664 -2.224074 0.000000
vt 2.115733 -2.207095 0.000000
vt 2.303905 -2.156674 0.000000
vt 2.480464 -2.074344 0.000000
vt 2.640043 -1.962605 0.000000
vt 2.777795 -1.824853 0.000000
vt 2.889534 -1.665274 0.000000
vt 2.971864 -1.488715 0.000000
vt 3.022285 -1.300543 0.000000
vt 3.039263 -1.106474 0.000000
vt 3.022285 -0.912404 0.000000
vt 2.971864 -0.724232 0.000000
vt 2.889534 -0.547674 0.000000
vn 0.173047 2.524075 0.225173
vn 0.000000 2.540000 0.000000
vn 0.000000 2.540000 0.000000
vn 0.000000 2.540000 0.000000
vn 0.000000 2.540000 0.000000
vn 0.000000 2.540000 0.000000
vn 0.368423 2.513138 0.000000
vn 0.854904 2.391807 0.000000
vn 1.308073 2.177279 0.000000
vn 1.710274 1.877915 0.000000
vn 2.300397 1.076590 -0.026970
vn 2.537971 0.012980 -0.100682
vn 2.537967 0.000000 -0.101600
vn 2.499640 0.000000 0.450997
vn 2.342433 0.000000 0.982144
vn 2.073822 0.000000 1.466582
vn 1.706582 0.000000 1.881271
vn 1.705857 0.009806 1.881903
vn 1.401372 1.263232 1.700588
vn 0.700432 2.268937 0.901622
vn 1.255507 2.199704 0.191320
vn 0.950664 2.199704 0.842103
vn 1.646598 1.270000 1.458566
vn 1.093392 2.199704 0.646061
vn 1.893810 1.270000 1.119011
vn 1.196256 2.199704 0.426465
vn 2.071976 1.270000 0.738658
vn 2.174601 1.270000 0.331376
vn 0.000000 2.540000 0.000000
vn 0.000000 2.540000 0.000000
vn 0.000000 2.540000 0.000000
vn 0.000000 2.540000 0.000000
vn 0.000000 2.540000 0.000000
vn 0.000000 2.540000 0.000000
vn 0.000000 2.540000 0.000000
vn 0.000000 2.540000 0.000000
vn 0.000000 2.540000 0.000000
vn 0.000000 2.540000 0.000000
vn 0.000000 2.540000 0.000000
vn 0.000000 2.540000 0.000000
vn 0.000000 2.540000 0.000000
vn 0.000000 2.540000 0.000000
vn 0.000000 2.540000 0.000000
vn 1.956225 0.000000 -1.620118
vn 2.199704 0.000000 -1.270000
vn 2.199704 0.000000 -1.270000
vn 1.116734 0.000000 -2.281339
vn -0.346288 0.000000 -2.516284
vn -1.691459 0.000000 -1.894879
vn -1.691459 0.000000 -1.894879
vn -0.486661 0.000000 -2.492942
vn 0.854611 0.000000 -2.391911
vn -0.184212 2.513138 0.319064
vn 0.000000 2.540000 0.000000
vn 0.000000 2.540000 0.000000
vn 0.000000 2.540000 0.000000
vn 0.000000 2.540000 0.000000
vn 0.000000 2.540000 0.000000
vn 0.108483 2.524075 0.262449
vn 0.430611 2.268937 1.057403
vn 0.771808 1.265262 2.062771
vn 0.777136 0.012951 2.418159
vn 0.775937 0.000000 2.418578
vn 0.233186 0.000000 2.529273
vn -0.320655 0.000000 2.519679
vn -0.859246 0.000000 2.390250
vn -1.356972 0.000000 2.147144
vn -1.356178 0.012980 2.147606
vn -1.173556 1.076590 1.978717
vn -0.855137 1.877915 1.481140
vn -0.654036 2.177279 1.132824
vn -0.427452 2.391807 0.740368
vn -0.462065 2.199704 1.182961
vn -0.800321 1.270000 2.048948
vn -0.228799 2.199704 1.249220
vn -0.396291 1.270000 2.163713
vn 0.012810 2.199704 1.269935
vn 0.022187 1.270000 2.199593
vn 0.253951 2.199704 1.244351
vn 0.439856 1.270000 2.155279
vn 2.537967 0.000000 -0.101600
vn 2.537967 0.000000 -0.101600
vn 2.536989 0.000000 -0.123645
vn 2.535298 0.000000 -0.154475
vn 2.533851 0.000000 -0.176629
vn 2.531859 0.000000 -0.203200
vn 2.459433 0.000000 -0.634656
vn 2.314043 0.000000 -1.047284
vn 2.100003 0.000000 -1.428842
vn 1.823661 0.000000 -1.768010
vn 1.493217 0.000000 -2.054727
vn 1.118474 0.000000 -2.280486
vn 0.710548 0.000000 -2.438590
vn 0.281543 0.000000 -2.524348
vn 0.281543 0.000000 -2.524348
vn 0.281543 0.000000 -2.524348
vn -0.058544 0.000000 -2.539325
vn -0.346252 0.000000 -2.516289
vn -0.560611 0.000000 -2.477361
vn -0.726359 0.000000 -2.433928
vn -0.727467 0.000000 -2.433596
vn -0.727467 0.000000 -2.433596
vn -1.095403 0.000000 -2.291657
vn -1.436932 0.000000 -2.094475
vn -1.743823 0.000000 -1.846803
vn -1.743823 0.000000 -1.846803
vn -1.744664 0.000000 -1.846009
vn -1.865152 0.000000 -1.724183
vn -2.006044 0.000000 -1.558007
vn -2.169848 0.000000 -1.320364
vn -2.326921 0.000000 -1.018350
vn -2.326921 0.000000 -1.018350
vn -2.326921 0.000000 -1.018350
vn -2.467155 0.000000 -0.603942
vn -2.534196 0.000000 -0.171616
vn -2.526054 0.000000 0.265801
vn -2.442972 0.000000 0.695332
vn -2.287415 0.000000 1.104235
vn -2.063996 0.000000 1.480378
vn -1.779345 0.000000 1.812604
vn -1.441906 0.000000 2.091054
vn -1.419994 0.000000 2.105995
vn -1.401425 0.000000 2.118397
vn -1.375549 0.000000 2.135290
vn -1.356972 0.000000 2.147144
vn -1.356972 0.000000 2.147144
vn -0.859246 0.000000 2.390250
vn -0.320655 0.000000 2.519679
vn 0.233186 0.000000 2.529273
vn 0.775937 0.000000 2.418578
vn 0.775937 0.000000 2.418578
vn 0.168565 0.000000 2.534400
vn -0.448796 0.000000 2.500036
vn -1.039562 0.000000 2.317522
vn -1.568725 0.000000 1.997674
vn -2.004926 0.000000 1.559446
vn -2.322318 0.000000 1.028806
vn -2.502090 0.000000 0.437200
vn -2.533592 0.000000 -0.180314
vn -2.414955 0.000000 -0.787143
vn -2.153210 0.000000 -1.347326
vn -1.763867 0.000000 -1.827668
vn -1.270000 0.000000 -2.199704
vn -0.700874 0.000000 -2.441388
vn -0.090214 0.000000 -2.538397
vn 0.525792 0.000000 -2.484984
vn 1.110639 0.000000 -2.284312
vn 1.629671 0.000000 -1.948274
vn 2.052131 0.000000 -1.496783
vn 2.352983 0.000000 -0.956594
vn 2.514399 0.000000 -0.359718
vn 2.526814 0.000000 0.258474
vn 2.389493 0.000000 0.861349
vn 2.110573 0.000000 1.413182
vn 1.706582 0.000000 1.881271
vn 1.706582 0.000000 1.881271
vn 2.073822 0.000000 1.466582
vn 2.342433 0.000000 0.982144
vn 2.499640 0.000000 0.450997
vn 0.775937 0.000000 2.418578
vn 0.761413 0.000000 2.423190
vn -0.771475 0.000000 2.420006
vn -2.199704 0.000000 1.270000
vn -2.199704 0.000000 1.270000
vn -1.422952 0.000000 2.103998
vn -0.359718 0.000000 2.514399
vn 0.775937 0.000000 2.418578
vn -2.199704 0.000000 1.270000
vn -2.199704 0.000000 1.270000
vn -2.199704 0.000000 1.270000
vn -2.199704 0.000000 1.270000
vn -2.199704 0.000000 1.270000
vn -2.381176 0.000000 0.884082
vn -2.498762 0.000000 -0.455841
vn -1.915621 0.000000 -1.667932
vn -0.795283 0.000000 -2.412286
vn -0.795283 0.000000 -2.412286
vn -2.006022 0.000000 -1.558036
vn -2.534064 0.000000 -0.173549
vn -2.199704 0.000000 1.270000
vn -0.281615 2.524075 0.036620
vn 0.000000 2.540000 0.000000
vn 0.000000 2.540000 0.000000
vn 0.000000 2.540000 0.000000
vn 0.000000 2.540000 0.000000
vn 0.000000 2.540000 0.000000
vn -0.184212 2.513138 0.319064
vn -0.427452 2.391807 0.740368
vn -0.654036 2.177279 1.132824
vn -0.855137 1.877915 1.481140
vn -1.126842 1.076590 2.005688
vn -1.181792 0.012980 2.248288
vn -1.180995 0.000000 2.248744
vn -1.641524 0.000000 1.938298
vn -2.023567 0.000000 1.535179
vn -2.308861 0.000000 1.058660
vn -2.483764 0.000000 0.531525
vn -2.483931 0.008902 0.530668
vn -2.148810 1.308171 0.350580
vn -1.131403 2.268937 0.153147
vn -0.793903 2.199704 0.991271
vn -1.205362 2.199704 0.400002
vn -2.087749 1.270000 0.692825
vn -1.107072 2.199704 0.622328
vn -1.917505 1.270000 1.077904
vn -0.968223 2.199704 0.821854
vn -1.677012 1.270000 1.423493
vn -1.375080 1.270000 1.716932
vn 0.419118 0.000000 2.505183
vn -0.005916 0.000000 2.539993
vn -0.005916 0.000000 2.539993
vn 1.412417 0.000000 2.111084
vn 2.350072 0.000000 0.963724
vn 2.487941 0.000000 -0.511614
vn 2.487941 0.000000 -0.511614
vn 2.400354 0.000000 0.830603
vn 1.639637 0.000000 1.939894
vn -0.005916 0.000000 2.539993
vn -0.005916 0.000000 2.539993
vn -0.005916 0.000000 2.539993
vn -0.005916 0.000000 2.539993
vn -0.005916 0.000000 2.539993
vn -1.669556 0.000000 1.914205
vn -2.481550 0.000000 0.541763
vn -2.483764 0.000000 0.531525
vn -2.483764 0.000000 0.531525
vn -2.001322 0.000000 1.564068
vn -1.115956 0.000000 2.281719
vn -0.005916 0.000000 2.539993
vn -2.483764 0.000000 0.531525
vn -2.308861 0.000000 1.058660
vn -2.023567 0.000000 1.535179
vn -1.641524 0.000000 1.938298
vn -1.180995 0.000000 2.248744
vn -1.180995 0.000000 2.248744
vn -1.176265 0.000000 2.251222
vn -1.161415 0.000000 2.258919
vn -1.149487 0.000000 2.265012
vn -1.133870 0.000000 2.272870
vn -1.124477 0.000000 2.277532
vn -1.113961 0.000000 2.282694
vn -1.102375 0.000000 2.288311
vn -1.089953 0.000000 2.294254
vn -0.888321 0.000000 2.379598
vn -0.680088 0.000000 2.447260
vn -0.250047 0.000000 2.527662
vn 0.187412 0.000000 2.533077
vn 0.619311 0.000000 2.463342
vn 1.032837 0.000000 2.320527
vn 1.415722 0.000000 2.108870
vn 1.756607 0.000000 1.834648
vn 2.045378 0.000000 1.505998
vn 2.045378 0.000000 1.505998
vn 2.045378 0.000000 1.505998
vn 2.143684 0.000000 1.362431
vn 2.228392 0.000000 1.218962
vn 2.297597 0.000000 1.082888
vn 2.352296 0.000000 0.958282
vn 2.425763 0.000000 0.753177
vn 2.471022 0.000000 0.587919
vn 2.471290 0.000000 0.586793
vn 2.471290 0.000000 0.586793
vn 2.532335 0.000000 0.197182
vn 2.532335 0.000000 -0.197182
vn 2.471290 0.000000 -0.586793
vn 2.471290 0.000000 -0.586793
vn 2.471022 0.000000 -0.587919
vn 2.425764 0.000000 -0.753174
vn 2.352299 0.000000 -0.958274
vn 2.297603 0.000000 -1.082877
vn 2.228400 0.000000 -1.218947
vn 2.143696 0.000000 -1.362413
vn 2.045393 0.000000 -1.505978
vn 2.045393 0.000000 -1.505978
vn 2.045393 0.000000 -1.505978
vn 1.757895 0.000000 -1.833414
vn 1.418663 0.000000 -2.106892
vn 1.037680 0.000000 -2.318366
vn 0.626159 0.000000 -2.461610
vn 0.196210 0.000000 -2.532410
vn -0.239514 0.000000 -2.528682
vn -0.668189 0.000000 -2.450535
vn -0.875922 0.000000 -2.384190
vn -1.077199 0.000000 -2.300270
vn -1.089535 0.000000 -2.294453
vn -1.101063 0.000000 -2.288943
vn -1.111616 0.000000 -2.283836
vn -1.121034 0.000000 -2.279228
vn -1.136617 0.000000 -2.271498
vn -1.148544 0.000000 -2.265490
vn -1.163348 0.000000 -2.257924
vn -1.168069 0.000000 -2.255486
vn -1.168069 0.000000 -2.255486
vn -1.630898 0.000000 -1.947247
vn -2.015559 0.000000 -1.545678
vn -2.303615 0.000000 -1.070026
vn -2.481261 0.000000 -0.543088
vn -2.481261 0.000000 -0.543088
vn -2.276520 0.000000 -1.126524
vn -1.936875 0.000000 -1.643202
vn -1.482453 0.000000 -2.062507
vn -0.940181 0.000000 -2.359589
vn -0.342196 0.000000 -2.516844
vn 0.276068 0.000000 -2.524953
vn 0.877972 0.000000 -2.383435
vn 1.427849 0.000000 -2.100678
vn 1.893112 0.000000 -1.693436
vn 2.246191 0.000000 -1.185843
vn 2.466164 0.000000 -0.607978
vn 2.539993 0.000000 0.005916
vn 2.463305 0.000000 0.619458
vn 2.240644 0.000000 1.196293
vn 1.885204 0.000000 1.702236
vn 1.418048 0.000000 2.107306
vn 0.866861 0.000000 2.387499
vn 0.264304 0.000000 2.526211
vn -0.353915 0.000000 2.515222
vn -0.951162 0.000000 2.355184
vn -1.492044 0.000000 2.055579
vn -1.944508 0.000000 1.634163
vn -2.281743 0.000000 1.115908
vn -2.483764 0.000000 0.531525
vn -0.178025 2.514412 -0.312477
vn 0.000000 2.540000 0.000000
vn 0.000000 2.540000 0.000000
vn 0.000000 2.540000 0.000000
vn 0.000000 2.540000 0.000000
vn 0.000000 2.540000 0.000000
vn -0.281442 2.524075 -0.037932
vn -1.130677 2.268937 -0.158415
vn -2.147163 1.308155 -0.360588
vn -2.481432 0.008902 -0.542232
vn -2.481261 0.000000 -0.543088
vn -2.303615 0.000000 -1.070026
vn -2.015559 0.000000 -1.545678
vn -1.630898 0.000000 -1.947247
vn -1.168069 0.000000 -2.255486
vn -1.168869 0.012980 -2.255034
vn -1.115311 1.076590 -2.012122
vn -0.846621 1.877915 -1.486024
vn -0.646267 2.178803 -1.134353
vn -0.420433 2.393794 -0.737962
vn -0.788416 2.199704 -0.995641
vn -1.365576 1.270000 -1.724500
vn -0.963848 2.199704 -0.826981
vn -1.669434 1.270000 -1.432373
vn -1.103889 2.199704 -0.627956
vn -1.911993 1.270000 -1.087651
vn -1.203398 2.199704 -0.405873
vn -2.084347 1.270000 -0.702993
vn -2.481261 0.000000 -0.543088
vn -2.479000 0.000000 -0.553316
vn -1.660639 0.000000 -1.921947
vn 0.005916 0.000000 -2.539993
vn 0.005916 0.000000 -2.539993
vn -1.105316 0.000000 -2.286892
vn -1.994015 0.000000 -1.573373
vn -2.481261 0.000000 -0.543088
vn 0.005916 0.000000 -2.539993
vn 0.005916 0.000000 -2.539993
vn 0.005916 0.000000 -2.539993
vn 0.005916 0.000000 -2.539993
vn 0.005916 0.000000 -2.539993
vn 0.430782 0.000000 -2.503203
vn 1.648655 0.000000 -1.932236
vn 2.404197 0.000000 -0.819413
vn 2.485531 0.000000 0.523198
vn 2.485531 0.000000 0.523198
vn 2.354535 0.000000 -0.952767
vn 1.422235 0.000000 -2.104482
vn 0.005916 0.000000 -2.539993
vn 0.108481 2.524075 -0.262450
vn 0.000000 2.540000 0.000000
vn 0.000000 2.540000 0.000000
vn 0.000000 2.540000 0.000000
vn 0.000000 2.540000 0.000000
vn 0.000000 2.540000 0.000000
vn -0.184215 2.513138 -0.319062
vn -0.427459 2.391807 -0.740364
vn -0.654047 2.177279 -1.132818
vn -0.855151 1.877915 -1.481132
vn -1.173575 1.076590 -1.978706
vn -1.356199 0.012980 -2.147593
vn -1.356992 0.000000 -2.147131
vn -0.859266 0.000000 -2.390243
vn -0.320673 0.000000 -2.519676
vn 0.233171 0.000000 -2.529275
vn 0.775926 0.000000 -2.418582
vn 0.777125 0.012951 -2.418162
vn 0.771798 1.265262 -2.062775
vn 0.430606 2.268937 -1.057405
vn -0.462076 2.199704 -1.182957
vn 0.253944 2.199704 -1.244352
vn 0.439843 1.270000 -2.155281
vn 0.012801 2.199704 -1.269936
vn 0.022172 1.270000 -2.199593
vn -0.228808 2.199704 -1.249218
vn -0.396308 1.270000 -2.163710
vn -0.800338 1.270000 -2.048941
vn -2.381180 0.000000 -0.884070
vn -2.199711 0.000000 -1.269989
vn -2.199711 0.000000 -1.269989
vn -2.534063 0.000000 0.173562
vn -2.006014 0.000000 1.558045
vn -0.795272 0.000000 2.412290
vn -0.795272 0.000000 2.412290
vn -1.915613 0.000000 1.667941
vn -2.498759 0.000000 0.455853
vn -2.199711 0.000000 -1.269989
vn -2.199711 0.000000 -1.269989
vn -2.199711 0.000000 -1.269989
vn -2.199711 0.000000 -1.269989
vn -2.199711 0.000000 -1.269989
vn -0.771486 0.000000 -2.420002
vn 0.761401 0.000000 -2.423194
vn 0.775926 0.000000 -2.418582
vn 0.775926 0.000000 -2.418582
vn -0.359731 0.000000 -2.514397
vn -1.422963 0.000000 -2.103991
vn -2.199711 0.000000 -1.269989
vn 0.775926 0.000000 -2.418582
vn 0.233171 0.000000 -2.529275
vn -0.320673 0.000000 -2.519676
vn -0.859266 0.000000 -2.390243
vn -1.356992 0.000000 -2.147131
vn -1.356992 0.000000 -2.147131
vn -1.375595 0.000000 -2.135261
vn -1.401449 0.000000 -2.118382
vn -1.419911 0.000000 -2.106052
vn -1.441926 0.000000 -2.091040
vn -1.779362 0.000000 -1.812586
vn -2.064010 0.000000 -1.480359
vn -2.287425 0.000000 -1.104213
vn -2.442979 0.000000 -0.695309
vn -2.526057 0.000000 -0.265776
vn -2.534194 0.000000 0.171641
vn -2.467149 0.000000 0.603966
vn -2.326911 0.000000 1.018373
vn -2.326911 0.000000 1.018373
vn -2.326911 0.000000 1.018373
vn -2.169839 0.000000 1.320378
vn -2.006039 0.000000 1.558014
vn -1.865150 0.000000 1.724186
vn -1.744664 0.000000 1.846009
vn -1.743823 0.000000 1.846803
vn -1.743823 0.000000 1.846803
vn -1.436932 0.000000 2.094475
vn -1.095403 0.000000 2.291657
vn -0.727467 0.000000 2.433596
vn -0.727467 0.000000 2.433596
vn -0.726359 0.000000 2.433928
vn -0.560611 0.000000 2.477361
vn -0.346252 0.000000 2.516289
vn -0.058544 0.000000 2.539325
vn 0.281543 0.000000 2.524348
vn 0.281543 0.000000 2.524348
vn 0.281543 0.000000 2.524348
vn 0.710548 0.000000 2.438590
vn 1.118474 0.000000 2.280486
vn 1.493217 0.000000 2.054727
vn 1.823661 0.000000 1.768010
vn 2.100003 0.000000 1.428842
vn 2.314043 0.000000 1.047284
vn 2.459433 0.000000 0.634656
vn 2.531859 0.000000 0.203200
vn 2.533843 0.000000 0.176753
vn 2.535299 0.000000 0.154471
vn 2.536990 0.000000 0.123616
vn 2.537967 0.000000 0.101600
vn 2.537967 0.000000 0.101600
vn 2.499640 0.000000 -0.451000
vn 2.342431 0.000000 -0.982150
vn 2.073817 0.000000 -1.466590
vn 1.706573 0.000000 -1.881279
vn 1.706573 0.000000 -1.881279
vn 2.110566 0.000000 -1.413192
vn 2.389489 0.000000 -0.861361
vn 2.526813 0.000000 -0.258486
vn 2.514401 0.000000 0.359706
vn 2.352987 0.000000 0.956583
vn 2.052138 0.000000 1.496773
vn 1.629681 0.000000 1.948266
vn 1.110650 0.000000 2.284307
vn 0.525803 0.000000 2.484981
vn -0.090202 0.000000 2.538398
vn -0.700862 0.000000 2.441392
vn -1.269989 0.000000 2.199711
vn -1.763859 0.000000 1.827677
vn -2.153203 0.000000 1.347337
vn -2.414951 0.000000 0.787155
vn -2.533591 0.000000 0.180326
vn -2.502092 0.000000 -0.437188
vn -2.322323 0.000000 -1.028795
vn -2.004934 0.000000 -1.559436
vn -1.568734 0.000000 -1.997667
vn -1.039573 0.000000 -2.317518
vn -0.448808 0.000000 -2.500034
vn 0.168553 0.000000 -2.534401
vn 0.775926 0.000000 -2.418582
vn 0.368423 2.513138 0.000000
vn 0.000000 2.540000 0.000000
vn 0.000000 2.540000 0.000000
vn 0.000000 2.540000 0.000000
vn 0.000000 2.540000 0.000000
vn 0.000000 2.540000 0.000000
vn 0.173046 2.524075 -0.225174
vn 0.700428 2.268937 -0.901625
vn 1.401364 1.263232 -1.700595
vn 1.705848 0.009806 -1.881911
vn 1.706573 0.000000 -1.881279
vn 2.073817 0.000000 -1.466590
vn 2.342431 0.000000 -0.982150
vn 2.499640 0.000000 -0.451000
vn 2.537967 0.000000 0.101600
vn 2.537971 0.012980 0.100682
vn 2.300397 1.076590 0.026970
vn 1.710274 1.877915 0.000000
vn 1.308073 2.177279 0.000000
vn 0.854904 2.391807 0.000000
vn 1.255506 2.199704 -0.191321
vn 2.174601 1.270000 -0.331378
vn 1.196255 2.199704 -0.426467
vn 2.071974 1.270000 -0.738662
vn 1.093390 2.199704 -0.646064
vn 1.893807 1.270000 -1.119016
vn 0.950661 2.199704 -0.842107
vn 1.646593 1.270000 -1.458572
vn 1.706573 0.000000 -1.881279
vn 1.715101 0.000000 -1.873507
vn 2.480909 0.000000 -0.544691
vn 2.199711 0.000000 1.269989
vn 2.199711 0.000000 1.269989
vn 2.533592 0.000000 0.180302
vn 2.357388 0.000000 -0.945685
vn 1.706573 0.000000 -1.881279
vn 2.199711 0.000000 1.269989
vn 2.199711 0.000000 1.269989
vn 2.199711 0.000000 1.269989
vn 2.199711 0.000000 1.269989
vn 2.199711 0.000000 1.269989
vn 1.956233 0.000000 1.620109
vn 0.854623 0.000000 2.391907
vn -0.486649 0.000000 2.492945
vn -1.691450 0.000000 1.894887
vn -1.691450 0.000000 1.894887
vn -0.346276 0.000000 2.516286
vn 1.116745 0.000000 2.281333
vn 2.199711 0.000000 1.269989
vn -1.742854 0.084620 1.845778
vn -1.743392 0.056419 1.846348
vn -1.743715 0.028211 1.846690
vn -1.743823 0.000000 1.846803
vn -0.295401 0.000000 2.522764
vn 1.270000 0.000000 2.199704
vn 2.332478 0.000000 1.005557
vn 2.471290 0.000000 -0.586793
vn 2.471137 0.028211 -0.586757
vn 2.470680 0.056419 -0.586648
vn 2.469918 0.084620 -0.586467
vn 2.331183 0.084620 1.004999
vn 1.269295 0.084620 2.198483
vn -0.295237 0.084620 2.521364
vn 2.469918 0.084620 -0.586467
vn 2.470680 0.056419 -0.586648
vn 2.471137 0.028211 -0.586757
vn 2.471290 0.000000 -0.586793
vn 2.532335 0.000000 -0.197182
vn 2.532335 0.000000 0.197182
vn 2.471290 0.000000 0.586793
vn 2.471137 0.028211 0.586757
vn 2.470680 0.056419 0.586648
vn 2.469918 0.084620 0.586467
vn 2.530929 0.084620 0.197073
vn 2.530929 0.084620 -0.197073
vn 2.469918 0.084620 0.586467
vn 2.470680 0.056419 0.586648
vn 2.471137 0.028211 0.586757
vn 2.471290 0.000000 0.586793
vn 2.332478 0.000000 -1.005557
vn 1.270000 0.000000 -2.199704
vn -0.295401 0.000000 -2.522764
vn -1.743823 0.000000 -1.846803
vn -1.743715 0.028211 -1.846690
vn -1.743392 0.056419 -1.846348
vn -1.742854 0.084620 -1.845778
vn -0.295237 0.084620 -2.521364
vn 1.269295 0.084620 -2.198483
vn 2.331183 0.084620 -1.004999
vn -1.742854 0.084620 -1.845778
vn -1.743392 0.056419 -1.846348
vn -1.743715 0.028211 -1.846690
vn -1.743823 0.000000 -1.846803
vn -1.436932 0.000000 -2.094475
vn -1.095403 0.000000 -2.291657
vn -0.727467 0.000000 -2.433596
vn -0.727423 0.028211 -2.433446
vn -0.727288 0.056419 -2.432996
vn -0.727064 0.084620 -2.432245
vn -1.094795 0.084620 -2.290385
vn -1.436134 0.084620 -2.093313
vn -0.727064 0.084620 -2.432245
vn -0.727288 0.056419 -2.432996
vn -0.727423 0.028211 -2.433446
vn -0.727467 0.000000 -2.433596
vn -2.037077 0.000000 -1.517207
vn -2.540000 0.000000 0.000000
vn -2.037077 0.000000 1.517207
vn -0.727467 0.000000 2.433596
vn -0.727423 0.028211 2.433446
vn -0.727288 0.056419 2.432996
vn -0.727064 0.084620 2.432245
vn -2.035946 0.084620 1.516365
vn -2.538590 0.084620 0.000000
vn -2.035946 0.084620 -1.516365
vn -0.727064 0.084620 2.432245
vn -0.727288 0.056419 2.432996
vn -0.727423 0.028211 2.433446
vn -0.727467 0.000000 2.433596
vn -1.095403 0.000000 2.291657
vn -1.436932 0.000000 2.094475
vn -1.743823 0.000000 1.846803
vn -1.743715 0.028211 1.846690
vn -1.743392 0.056419 1.846348
vn -1.742854 0.084620 1.845778
vn -1.436134 0.084620 2.093313
vn -1.094795 0.084620 2.290385
vn -0.727064 0.084620 -2.432245
vn -2.035946 0.084620 -1.516365
vn -2.538590 0.084620 0.000000
vn -2.035946 0.084620 1.516365
vn -0.727064 0.084620 2.432245
vn -0.727064 0.084620 2.432245
vn -2.035946 0.084620 1.516365
vn -2.538590 0.084620 0.000000
vn -2.035946 0.084620 -1.516365
vn -0.727064 0.084620 -2.432245
vn -2.035946 0.084620 -1.516365
vn -2.035946 0.084620 -1.516365
vn -2.035946 0.084620 -1.516365
vn -2.035946 0.084620 -1.516365
vn -2.035946 0.084620 -1.516365
vn -2.035946 0.084620 -1.516365
vn -2.035946 0.084620 -1.516365
vn -2.538590 0.084620 0.000000
vn -2.538590 0.084620 0.000000
vn -2.538590 0.084620 0.000000
vn -2.538590 0.084620 0.000000
vn -2.538590 0.084620 0.000000
vn -2.538590 0.084620 0.000000
vn -2.538590 0.084620 0.000000
vn -2.035946 0.084620 1.516365
vn -2.035946 0.084620 1.516365
vn -2.035946 0.084620 1.516365
vn -2.035946 0.084620 1.516365
vn -2.035946 0.084620 1.516365
vn -2.035946 0.084620 1.516365
vn -2.035946 0.084620 1.516365
vn -0.727064 0.084620 2.432245
vn -1.094795 0.084620 2.290385
vn -1.436134 0.084620 2.093313
vn -1.742854 0.084620 1.845778
vn -1.742854 0.084620 1.845778
vn -1.436134 0.084620 2.093313
vn -1.094795 0.084620 2.290385
vn -0.727064 0.084620 2.432245
vn -1.269295 0.084620 2.198483
vn -1.742854 0.084620 1.845778
vn -0.295237 0.084620 2.521364
vn 1.269295 0.084620 2.198483
vn 2.331183 0.084620 1.004999
vn 2.469918 0.084620 -0.586467
vn 2.469918 0.084620 -0.586467
vn 2.331183 0.084620 1.004999
vn 1.269295 0.084620 2.198483
vn -0.295237 0.084620 2.521364
vn -1.742854 0.084620 1.845778
vn -0.295237 0.084620 2.521364
vn -0.295237 0.084620 2.521364
vn -0.295237 0.084620 2.521364
vn -0.295237 0.084620 2.521364
vn -0.295237 0.084620 2.521364
vn -0.295237 0.084620 2.521364
vn -0.295237 0.084620 2.521364
vn 1.269295 0.084620 2.198483
vn 1.269295 0.084620 2.198483
vn 1.269295 0.084620 2.198483
vn 1.269295 0.084620 2.198483
vn 1.269295 0.084620 2.198483
vn 1.269295 0.084620 2.198483
vn 1.269295 0.084620 2.198483
vn 2.331183 0.084620 1.004999
vn 2.331183 0.084620 1.004999
vn 2.331183 0.084620 1.004999
vn 2.331183 0.084620 1.004999
vn 2.331183 0.084620 1.004999
vn 2.331183 0.084620 1.004999
vn 2.331183 0.084620 1.004999
vn -1.743823 0.000000 -1.846803
vn -0.295401 0.000000 -2.522764
vn 1.270000 0.000000 -2.199704
vn 2.332478 0.000000 -1.005557
vn 2.471290 0.000000 0.586793
vn 2.471290 0.000000 0.586793
vn 2.332478 0.000000 -1.005557
vn 1.270000 0.000000 -2.199704
vn -0.295401 0.000000 -2.522764
vn -1.743823 0.000000 -1.846803
vn 2.471290 0.000000 -0.586793
vn 2.332478 0.000000 1.005557
vn 1.270000 0.000000 2.199704
vn -0.295401 0.000000 2.522764
vn -1.743823 0.000000 1.846803
vn -1.743823 0.000000 1.846803
vn -0.295401 0.000000 2.522764
vn 1.270000 0.000000 2.199704
vn 2.332478 0.000000 1.005557
vn 2.471290 0.000000 -0.586793
vn -1.742854 0.084620 -1.845778
vn -1.436134 0.084620 -2.093313
vn -1.094795 0.084620 -2.290385
vn -0.727064 0.084620 -2.432245
vn -0.727064 0.084620 -2.432245
vn -1.094795 0.084620 -2.290385
vn -1.436134 0.084620 -2.093313
vn -1.742854 0.084620 -1.845778
vn -1.269295 0.084620 -2.198483
vn 2.469918 0.084620 -0.586467
vn 2.530929 0.084620 -0.197073
vn 2.530929 0.084620 0.197073
vn 2.469918 0.084620 0.586467
vn 2.469918 0.084620 0.586467
vn 2.530929 0.084620 0.197073
vn 2.530929 0.084620 -0.197073
vn 2.469918 0.084620 -0.586467
vn 2.538590 0.084620 0.000000
vn 2.469918 0.084620 0.586467
vn 2.331183 0.084620 -1.004999
vn 1.269295 0.084620 -2.198483
vn -0.295237 0.084620 -2.521364
vn -1.742854 0.084620 -1.845778
vn -1.742854 0.084620 -1.845778
vn -0.295237 0.084620 -2.521364
vn 1.269295 0.084620 -2.198483
vn 2.331183 0.084620 -1.004999
vn 2.469918 0.084620 0.586467
vn 2.331183 0.084620 -1.004999
vn 2.331183 0.084620 -1.004999
vn 2.331183 0.084620 -1.004999
vn 2.331183 0.084620 -1.004999
vn 2.331183 0.084620 -1.004999
vn 2.331183 0.084620 -1.004999
vn 2.331183 0.084620 -1.004999
vn 1.269295 0.084620 -2.198483
vn 1.269295 0.084620 -2.198483
vn 1.269295 0.084620 -2.198483
vn 1.269295 0.084620 -2.198483
vn 1.269295 0.084620 -2.198483
vn 1.269295 0.084620 -2.198483
vn 1.269295 0.084620 -2.198483
vn -0.295237 0.084620 -2.521364
vn -0.295237 0.084620 -2.521364
vn -0.295237 0.084620 -2.521364
vn -0.295237 0.084620 -2.521364
vn -0.295237 0.084620 -2.521364
vn -0.295237 0.084620 -2.521364
vn -0.295237 0.084620 -2.521364
vn -0.727467 0.000000 2.433596
vn -2.037077 0.000000 1.517207
vn -2.540000 0.000000 0.000000
vn -2.037077 0.000000 -1.517207
vn -0.727467 0.000000 -2.433596
vn -0.727467 0.000000 -2.433596
vn -2.037077 0.000000 -1.517207
vn -2.540000 0.000000 0.000000
vn -2.037077 0.000000 1.517207
vn -0.727467 0.000000 2.433596
vn 0.000000 2.540000 0.000000
vn 0.000000 2.540000 0.000000
vn 0.000000 2.540000 0.000000
vn 0.000000 2.540000 0.000000
vn 0.000000 2.540000 0.000000
vn 0.000000 2.540000 0.000000
vn 0.000000 2.540000 0.000000
vn 0.000000 2.540000 0.000000
vn 0.000000 2.540000 0.000000
vn 0.000000 2.540000 0.000000
vn 0.000000 2.540000 0.000000
vn 0.000000 2.540000 0.000000
vn 0.000000 2.540000 0.000000
vn 0.000000 2.540000 0.000000
vn 0.000000 2.540000 0.000000
vn 0.000000 2.540000 0.000000
vn 0.000000 2.540000 0.000000
vn 0.000000 2.540000 0.000000
vn 0.000000 2.540000 0.000000
vn 0.000000 2.540000 0.000000
vn 0.000000 2.540000 0.000000
vn -0.117237 2.537258 -0.013280
vn 0.000000 2.540000 0.000000
vn 0.000000 2.540000 0.000000
vn 0.000000 2.540000 0.000000
vn 0.000000 2.540000 0.000000
vn -0.117237 2.537258 0.013280
vn -1.064637 2.300908 0.154831
vn -1.783631 1.732156 0.519517
vn -1.905164 0.939052 1.392886
vn -0.740169 0.006866 2.429754
vn -0.727467 0.000000 2.433596
vn -2.037077 0.000000 1.517207
vn -2.540000 0.000000 0.000000
vn -2.037077 0.000000 -1.517207
vn -0.727467 0.000000 -2.433596
vn -0.740169 0.006866 -2.429754
vn -1.905164 0.939052 -1.392887
vn -1.783631 1.732156 -0.519517
vn -1.064637 2.300908 -0.154831
vn -2.045585 0.972016 1.149942
vn -2.270139 0.972016 -0.594350
vn -0.972016 2.346654 0.000000
vn -1.796051 1.796051 0.000000
vn -2.346654 0.972016 0.000000
vn -1.737489 1.796051 -0.454896
vn -1.737489 1.796051 0.454896
vn -2.270139 0.972016 0.594350
vn -2.045585 0.972016 -1.149942
vn 0.070119 2.537258 -0.094890
vn 0.000000 2.540000 0.000000
vn 0.000000 2.540000 0.000000
vn 0.000000 2.540000 0.000000
vn 0.000000 2.540000 0.000000
vn 0.047117 2.537258 -0.108170
vn 0.398231 2.300908 -0.999418
vn 0.441901 1.732156 -1.804428
vn -0.253693 0.939052 -2.346364
vn -1.734144 0.006866 -1.855882
vn -1.743823 0.000000 -1.846803
vn -0.295401 0.000000 -2.522764
vn 1.270000 0.000000 -2.199704
vn 2.332478 0.000000 -1.005557
vn 2.471290 0.000000 0.586793
vn 2.474313 0.006866 0.573872
vn 2.158857 0.939052 -0.953477
vn 1.341730 1.732156 -1.284911
vn 0.666406 2.300908 -0.844587
vn 0.026913 0.972016 -2.346500
vn 1.649792 0.972016 -1.668823
vn 0.486008 2.346654 -0.841790
vn 0.898026 1.796051 -1.555426
vn 1.173327 0.972016 -2.032262
vn 1.262696 1.796051 -1.277262
vn 0.474793 1.796051 -1.732158
vn 0.620347 0.972016 -2.263174
vn 2.018672 0.972016 -1.196557
vn 0.047145 2.537255 0.108233
vn 0.000000 2.540000 0.000000
vn 0.000000 2.540000 0.000000
vn 0.000000 2.540000 0.000000
vn 0.000000 2.540000 0.000000
vn 0.070161 2.537255 0.094946
vn 0.666438 2.300886 0.844621
vn 1.341756 1.732131 1.284917
vn 2.158871 0.939036 0.953461
vn 2.474313 0.006866 -0.573872
vn 2.471290 0.000000 -0.586793
vn 2.332478 0.000000 1.005557
vn 1.270000 0.000000 2.199704
vn -0.295401 0.000000 2.522764
vn -1.743823 0.000000 1.846803
vn -1.734144 0.006866 1.855882
vn -0.253714 0.939037 2.346367
vn 0.441892 1.732131 1.804453
vn 0.398244 2.300886 0.999462
vn 2.018672 0.972016 1.196557
vn 0.620347 0.972016 2.263174
vn 0.486008 2.346654 0.841790
vn 0.898026 1.796051 1.555426
vn 1.173327 0.972016 2.032262
vn 0.474793 1.796051 1.732158
vn 1.262696 1.796051 1.277262
vn 1.649792 0.972016 1.668823
vn 0.026913 0.972016 2.346500
vn 0.000000 2.540000 0.000000
vn 0.000000 2.540000 0.000000
vn 0.000000 2.540000 0.000000
vn 0.000000 2.540000 0.000000
vn 0.000000 2.540000 0.000000
vn 0.000000 2.540000 0.000000
vn 0.000000 2.540000 0.000000
vn 0.000000 2.540000 0.000000
vn 0.000000 2.540000 0.000000
vn 0.000000 2.540000 0.000000
vn 0.000000 2.540000 0.000000
vn 0.000000 2.540000 0.000000
vn 0.000000 2.540000 0.000000
vn 0.000000 2.540000 0.000000
vn 0.000000 2.540000 0.000000
vn 0.000000 2.540000 0.000000
vn 0.000000 2.540000 0.000000
vn 0.000000 2.540000 0.000000
vn 0.000000 2.540000 0.000000
vn 0.000000 2.540000 0.000000
vn 0.000000 2.540000 0.000000
vn 0.000000 2.540000 0.000000
vn 0.000000 2.540000 0.000000
vn 0.000000 2.540000 0.000000
vn 0.000000 2.540000 0.000000
vn 0.000000 2.540000 0.000000
vn 0.000000 2.540000 0.000000
vn 0.000000 2.540000 0.000000
vn 0.000000 2.540000 0.000000
vn 0.000000 2.540000 0.000000
vn 1.270021 0.000000 2.199692
vn 1.270021 0.000000 2.199692
vn 1.270021 0.000000 2.199692
vn 1.270021 0.000000 2.199692
vn -2.326577 0.000000 1.019137
vn -1.187616 0.000000 2.245254
vn -0.070657 0.000000 2.539017
vn 1.270610 0.000000 2.199352
vn 1.270610 0.000000 2.199352
vn 0.292669 0.000000 2.523082
vn -0.664809 0.000000 2.451455
vn -1.976640 0.000000 1.595147
vn -2.326577 0.000000 1.019137
vn -2.326577 0.000000 1.019137
vn -2.540000 0.000000 -0.000681
vn -2.162257 0.000000 1.332757
vn -1.350678 0.000000 2.151109
vn 0.280713 0.000000 2.524441
vn 0.280713 0.000000 2.524441
vn 0.280713 0.000000 2.524441
vn -0.392680 0.000000 2.509463
vn -1.790410 0.000000 1.801675
vn -2.331319 0.000000 1.008242
vn -2.540000 0.000000 -0.000681
vn -2.540000 0.000000 0.000000
vn -2.540000 0.000000 0.000000
vn -2.540000 0.000000 0.000000
vn -2.540000 0.000000 0.000000
vn 0.280714 0.000000 -2.524440
vn -1.350619 0.000000 -2.151146
vn -2.163512 0.000000 -1.330720
vn -2.540000 0.000000 0.000680
vn -2.540000 0.000000 0.000680
vn -2.331319 0.000000 -1.008243
vn -1.790410 0.000000 -1.801675
vn -0.392680 0.000000 -2.509463
vn 0.280714 0.000000 -2.524440
vn 0.280714 0.000000 -2.524440
vn 1.270590 0.000000 -2.199364
vn -0.073073 0.000000 -2.538949
vn -1.187576 0.000000 -2.245276
vn -2.326586 0.000000 -1.019116
vn -2.326586 0.000000 -1.019116
vn -2.326586 0.000000 -1.019116
vn -1.976918 0.000000 -1.594802
vn -0.665091 0.000000 -2.451378
vn 0.292496 0.000000 -2.523103
vn 1.270590 0.000000 -2.199364
vn 1.270000 0.000000 -2.199704
vn 1.270000 0.000000 -2.199704
vn 1.270000 0.000000 -2.199704
vn 1.270000 0.000000 -2.199704
vn 2.045873 0.000000 1.505325
vn 2.538256 0.000000 -0.094097
vn 2.234193 0.000000 -1.208297
vn 1.269411 0.000000 -2.200044
vn 1.269411 0.000000 -2.200044
vn 2.038823 0.000000 -1.514860
vn 2.455501 0.000000 -0.649703
vn 2.369598 0.000000 0.914661
vn 2.045873 0.000000 1.505325
vn 2.045873 0.000000 1.505325
vn 1.269431 0.000000 2.200033
vn 2.235334 0.000000 1.206184
vn 2.538253 0.000000 0.094176
vn 2.045888 0.000000 -1.505305
vn 2.045888 0.000000 -1.505305
vn 2.045888 0.000000 -1.505305
vn 2.369760 0.000000 -0.914240
vn 2.455431 0.000000 0.649970
vn 2.038739 0.000000 1.514974
vn 1.269431 0.000000 2.200033
vn 0.804388 0.000000 -2.409265
vn 0.747659 0.978235 -2.221635
vn 0.581799 1.802396 -1.692477
vn 0.322340 2.348861 -0.911345
vn 0.000000 2.540000 0.000000
vn 0.000000 2.540000 0.000000
vn 0.000000 2.540000 0.000000
vn 0.000000 2.540000 0.000000
vn 0.000000 2.540000 0.000000
vn 0.000000 2.540000 0.000000
vn 0.000000 2.540000 0.000000
vn 0.000000 2.540000 0.000000
vn 0.000000 2.540000 0.000000
vn 0.000000 2.540000 0.000000
vn 0.000000 2.540000 0.000000
vn 0.000000 2.540000 0.000000
vn 0.000000 2.540000 0.000000
vn 0.000000 2.540000 0.000000
vn 0.000000 2.540000 0.000000
vn 0.000000 2.540000 0.000000
vn 0.000000 2.540000 0.000000
vn 0.000000 2.540000 0.000000
vn 0.000000 2.540000 0.000000
vn 0.000000 2.540000 0.000000
vn 0.000000 2.540000 0.000000
vn 0.000000 2.540000 0.000000
vn 0.000000 2.540000 0.000000
vn 0.628071 2.348861 -0.734833
vn 1.174815 1.802396 -1.350103
vn 1.550146 0.978235 -1.758324
vn 1.684273 0.000000 -1.901270
vn 2.162991 0.000000 -1.331566
vn 2.456063 0.000000 -0.647577
vn 2.538334 0.000000 0.091994
vn 2.402742 0.000000 0.823669
vn 2.060926 0.000000 1.484649
vn 1.542224 0.000000 2.018204
vn 0.891154 0.000000 2.378538
vn 0.163597 0.000000 2.534726
vn -0.578001 0.000000 2.473361
vn -1.269989 0.000000 2.199711
vn -1.852977 0.000000 1.737262
vn -2.276925 0.000000 1.125705
vn -2.505448 0.000000 0.417531
vn -2.518931 0.000000 -0.326479
vn -2.316217 0.000000 -1.042468
vn -1.914705 0.000000 -1.668983
vn -1.348856 0.000000 -2.152251
vn -0.667237 0.000000 -2.450795
vn 0.071650 0.000000 -2.538989
vn 0.814938 1.270000 2.043178
vn -2.176910 1.270000 0.315853
vn 0.115850 2.199704 -1.264705
vn 0.200659 1.270000 -2.190533
vn -0.210711 2.199704 -1.252398
vn -0.364963 1.270000 -2.169217
vn -0.523321 2.199704 -1.157167
vn -0.906419 1.270000 -2.004271
vn -0.801281 2.199704 -0.985317
vn -1.387859 1.270000 -1.706618
vn -1.026186 2.199704 -0.748226
vn -1.777406 1.270000 -1.295966
vn -1.183145 2.199704 -0.461594
vn -2.049266 1.270000 -0.799504
vn -1.261764 2.199704 -0.144399
vn -2.185440 1.270000 -0.250106
vn -1.256840 2.199704 0.182358
vn -1.168696 2.199704 0.497040
vn -2.024242 1.270000 0.860898
vn -1.003171 2.199704 0.778812
vn -1.737543 1.270000 1.348942
vn -0.771223 2.199704 1.009017
vn -1.335798 1.270000 1.747668
vn -0.488211 2.199704 1.172412
vn -0.845606 1.270000 2.030677
vn -0.172873 2.199704 1.258179
vn -0.299425 1.270000 2.179230
vn 0.153911 2.199704 1.260639
vn 0.266582 1.270000 2.183491
vn 0.470505 2.199704 1.179629
vn 0.755945 2.199704 1.020513
vn 1.309335 1.270000 1.767581
vn 0.991332 2.199704 0.793827
vn 1.717037 1.270000 1.374948
vn 1.161081 2.199704 0.514579
vn 2.011051 1.270000 0.891277
vn 1.253952 2.199704 0.201259
vn 2.171908 1.270000 0.348591
vn 1.263795 2.199704 -0.125386
vn 2.188958 1.270000 -0.217175
vn 1.189960 2.199704 -0.443729
vn 2.061071 1.270000 -0.768561
vn 1.037334 2.199704 -0.732692
vn 1.796716 1.270000 -1.269059
vn 0.000000 2.540000 0.000000
vn 0.000000 2.540000 0.000000
vn 0.000000 2.540000 0.000000
vn 0.000000 2.540000 0.000000
vn 0.000000 2.540000 0.000000
vn 0.000000 2.540000 0.000000
vn 0.000000 2.540000 0.000000
vn 0.000000 2.540000 0.000000
vn 0.000000 2.540000 0.000000
vn 0.000000 2.540000 0.000000
vn 0.000000 2.540000 0.000000
vn 0.000000 2.540000 0.000000
vn 0.000000 2.540000 0.000000
vn 0.000000 2.540000 0.000000
vn 0.000000 2.540000 0.000000
vn 0.000000 2.540000 0.000000
vn 0.000000 2.540000 0.000000
vn 0.000000 2.540000 0.000000
vn 0.000000 2.540000 0.000000
vn 0.000000 2.540000 0.000000
vn 0.000000 2.540000 0.000000
vn 0.000000 2.540000 0.000000
vn 0.000000 2.540000 0.000000
vn 0.000000 2.540000 0.000000
vn 0.000000 2.540000 0.000000
vn 0.000000 2.540000 0.000000
vn 0.000000 2.540000 0.000000
vn 0.000000 2.540000 0.000000
vn 0.000000 2.540000 0.000000
vn 0.000000 2.540000 0.000000
vn 0.000000 2.540000 0.000000
vn 0.000000 2.540000 0.000000
vn 0.000000 2.540000 0.000000
vn 0.000000 2.540000 0.000000
vn 0.000000 2.540000 0.000000
vn 0.000000 2.540000 0.000000
vn 0.000000 2.540000 0.000000
vn 0.000000 2.540000 0.000000
vn 0.000000 2.540000 0.000000
vn 0.000000 2.540000 0.000000
vn 0.000000 2.540000 0.000000
vn 0.000000 2.540000 0.000000
vn 0.000000 2.540000 0.000000
vn 0.000000 2.540000 0.000000
vn 0.000000 2.540000 0.000000
vn 0.000000 2.540000 0.000000
vn 0.000000 2.540000 0.000000
vn 0.000000 2.540000 0.000000
vn 0.000000 2.540000 0.000000
vn 0.000000 2.540000 0.000000
vn 0.000000 2.540000 0.000000
vn 0.000000 2.540000 0.000000
vn 0.000000 2.540000 0.000000
vn 0.000000 2.540000 0.000000
vn 0.000000 2.540000 0.000000
vn 0.000000 2.540000 0.000000
vn 0.000000 2.540000 0.000000
vn 0.000000 2.540000 0.000000
vn 0.000000 2.540000 0.000000
vn 0.000000 2.540000 0.000000
vn 0.000000 2.540000 0.000000
vn 0.000000 2.540000 0.000000
vn 0.000000 2.540000 0.000000
vn 0.000000 2.540000 0.000000
vn 0.000000 2.540000 0.000000
vn 0.000000 2.540000 0.000000
vn 0.000000 2.540000 0.000000
vn 0.000000 2.540000 0.000000
vn -2.199711 0.000000 -1.269989
vn -2.199711 0.000000 -1.269989
vn -2.199711 0.000000 -1.269989
vn -2.199711 0.000000 -1.269989
vn -2.199711 0.000000 -1.269989
vn -2.199711 0.000000 -1.269989
vn -2.199711 0.000000 -1.269989
vn -2.199711 0.000000 -1.269989
vn -2.489858 0.000000 0.502203
vn -2.298897 0.978235 0.457962
vn -1.757422 1.802396 0.338285
vn -0.950827 2.348861 0.174299
vn 0.000000 2.540000 0.000000
vn 0.000000 2.540000 0.000000
vn 0.000000 2.540000 0.000000
vn 0.000000 2.540000 0.000000
vn 0.000000 2.540000 0.000000
vn 0.000000 2.540000 0.000000
vn 0.000000 2.540000 0.000000
vn 0.000000 2.540000 0.000000
vn 0.000000 2.540000 0.000000
vn 0.000000 2.540000 0.000000
vn 0.000000 2.540000 0.000000
vn 0.000000 2.540000 0.000000
vn 0.000000 2.540000 0.000000
vn 0.000000 2.540000 0.000000
vn 0.000000 2.540000 0.000000
vn 0.000000 2.540000 0.000000
vn 0.000000 2.540000 0.000000
vn 0.000000 2.540000 0.000000
vn 0.000000 2.540000 0.000000
vn 0.000000 2.540000 0.000000
vn 0.000000 2.540000 0.000000
vn 0.000000 2.540000 0.000000
vn 0.000000 2.540000 0.000000
vn -0.950005 2.348861 -0.178726
vn -1.755827 1.802396 -0.346467
vn -2.296739 0.978235 -0.468665
vn -2.487492 0.000000 -0.513795
vn -2.231842 0.000000 -1.212634
vn -1.784636 0.000000 -1.807394
vn -1.184257 0.000000 -2.247028
vn -0.482234 0.000000 -2.493802
vn 0.261178 0.000000 -2.526536
vn 0.982173 0.000000 -2.342421
vn 1.618870 0.000000 -1.957258
vn 2.116621 0.000000 -1.404107
vn 2.432705 0.000000 -0.730442
vn 2.539993 0.000000 0.005916
vn 2.429277 0.000000 0.741765
vn 2.110058 0.000000 1.413950
vn 1.609736 0.000000 1.964778
vn 0.971252 0.000000 2.346970
vn 0.249406 0.000000 2.527726
vn -0.493845 0.000000 2.491529
vn -1.194710 0.000000 2.241488
vn -1.793035 0.000000 1.799062
vn -2.237466 0.000000 1.202225
vn 1.366003 1.270000 -1.724163
vn 1.357957 1.270000 1.730507
vn -1.154430 2.199704 0.529330
vn -1.999532 1.270000 0.916827
vn -0.981137 2.199704 0.806393
vn -1.699380 1.270000 1.396713
vn -0.742881 2.199704 1.030062
vn -1.286708 1.270000 1.784120
vn -0.455437 2.199704 1.185528
vn -0.788839 1.270000 2.053395
vn -0.137837 2.199704 1.262498
vn -0.238740 1.270000 2.186711
vn 0.188890 2.199704 1.255874
vn 0.327167 1.270000 2.175238
vn 0.503109 2.199704 1.166097
vn 0.871411 1.270000 2.019738
vn 0.784017 2.199704 0.999108
vn 1.013013 2.199704 0.765967
vn 1.754589 1.270000 1.326694
vn 1.174934 2.199704 0.482109
vn 2.035046 1.270000 0.835037
vn 1.259061 2.199704 0.166330
vn 2.180758 1.270000 0.288091
vn 1.259822 2.199704 -0.160463
vn 2.182076 1.270000 -0.277930
vn 1.177167 2.199704 -0.476631
vn 2.038914 1.270000 -0.825549
vn 1.016569 2.199704 -0.761240
vn 1.760750 1.270000 -1.318507
vn 0.788662 2.199704 -0.995446
vn 0.508535 2.199704 -1.163740
vn 0.880809 1.270000 -2.015658
vn 0.194737 2.199704 -1.254981
vn 0.337295 1.270000 -2.173691
vn -0.131955 2.199704 -1.263126
vn -0.228552 1.270000 -2.187799
vn -0.449910 2.199704 -1.187637
vn -0.779266 1.270000 -2.057047
vn -0.738075 2.199704 -1.033511
vn -1.278383 1.270000 -1.790094
vn -0.977371 2.199704 -0.810954
vn -1.692856 1.270000 -1.404614
vn -1.151952 2.199704 -0.534702
vn -1.995240 1.270000 -0.926131
vn -2.489858 0.000000 0.502203
vn -2.281916 0.000000 1.115553
vn -1.925620 0.000000 1.656378
vn -1.444133 0.000000 2.089517
vn -0.868758 0.000000 2.386810
vn -0.236902 0.000000 2.528928
vn 0.410355 0.000000 2.506633
vn 1.030933 0.000000 2.321374
vn 1.584488 0.000000 1.985195
vn 2.035030 0.000000 1.519952
vn 2.353268 0.000000 0.955892
vn 2.518513 0.000000 0.329687
vn 2.520021 0.000000 -0.317952
vn 2.357695 0.000000 -0.944921
vn 2.042088 0.000000 -1.510456
vn 1.593718 0.000000 -1.977793
vn 1.041735 0.000000 -2.316547
vn 0.422026 0.000000 -2.504694
vn -0.225120 0.000000 -2.530004
vn -0.857631 0.000000 -2.390830
vn -1.434384 0.000000 -2.096221
vn -1.917883 0.000000 -1.665330
vn -2.276695 0.000000 -1.126170
vn -2.487492 0.000000 -0.513795
vn -2.487492 0.000000 -0.513795
vn -2.276695 0.000000 -1.126170
vn -1.917883 0.000000 -1.665330
vn -1.434384 0.000000 -2.096221
vn -0.857631 0.000000 -2.390830
vn -0.225120 0.000000 -2.530004
vn 0.422026 0.000000 -2.504694
vn 1.041735 0.000000 -2.316547
vn 1.593718 0.000000 -1.977793
vn 2.042088 0.000000 -1.510456
vn 2.357695 0.000000 -0.944921
vn 2.520021 0.000000 -0.317952
vn 2.518513 0.000000 0.329687
vn 2.353268 0.000000 0.955892
vn 2.035030 0.000000 1.519952
vn 1.584488 0.000000 1.985195
vn 1.030933 0.000000 2.321374
vn 0.410355 0.000000 2.506633
vn -0.236902 0.000000 2.528928
vn -0.868758 0.000000 2.386810
vn -1.444133 0.000000 2.089517
vn -1.925620 0.000000 1.656378
vn -2.281916 0.000000 1.115553
vn -2.489858 0.000000 0.502203
vn 0.005916 0.000000 -2.539993
vn 0.005916 0.000000 -2.539993
vn 0.005916 0.000000 -2.539993
vn 0.005916 0.000000 -2.539993
vn 0.005916 0.000000 -2.539993
vn 0.005916 0.000000 -2.539993
vn 0.005916 0.000000 -2.539993
vn 0.005916 0.000000 -2.539993
vn 1.684282 0.000000 1.901261
vn 1.550155 0.978235 1.758316
vn 1.174822 1.802396 1.350097
vn 0.628074 2.348861 0.734830
vn 0.000000 2.540000 0.000000
vn 0.000000 2.540000 0.000000
vn 0.000000 2.540000 0.000000
vn 0.000000 2.540000 0.000000
vn 0.000000 2.540000 0.000000
vn 0.000000 2.540000 0.000000
vn 0.000000 2.540000 0.000000
vn 0.000000 2.540000 0.000000
vn 0.000000 2.540000 0.000000
vn 0.000000 2.540000 0.000000
vn 0.000000 2.540000 0.000000
vn 0.000000 2.540000 0.000000
vn 0.000000 2.540000 0.000000
vn 0.000000 2.540000 0.000000
vn 0.000000 2.540000 0.000000
vn 0.000000 2.540000 0.000000
vn 0.000000 2.540000 0.000000
vn 0.000000 2.540000 0.000000
vn 0.000000 2.540000 0.000000
vn 0.000000 2.540000 0.000000
vn 0.000000 2.540000 0.000000
vn 0.000000 2.540000 0.000000
vn 0.000000 2.540000 0.000000
vn 0.322344 2.348861 0.911343
vn 0.581808 1.802396 1.692474
vn 0.747669 0.978235 2.221631
vn 0.804400 0.000000 2.409261
vn 0.071663 0.000000 2.538989
vn -0.667225 0.000000 2.450798
vn -1.348846 0.000000 2.152258
vn -1.914697 0.000000 1.668992
vn -2.316212 0.000000 1.042479
vn -2.518929 0.000000 0.326491
vn -2.505450 0.000000 -0.417519
vn -2.276930 0.000000 -1.125695
vn -1.852985 0.000000 -1.737253
vn -1.270000 0.000000 -2.199704
vn -0.578013 0.000000 -2.473358
vn 0.163585 0.000000 -2.534727
vn 0.891142 0.000000 -2.378543
vn 1.542214 0.000000 -2.018211
vn 2.060919 0.000000 -1.484659
vn 2.402738 0.000000 -0.823680
vn 2.538333 0.000000 -0.092006
vn 2.456066 0.000000 0.647565
vn 2.162998 0.000000 1.331556
vn -2.176911 1.270000 -0.315843
vn 0.814928 1.270000 -2.043182
vn 1.037338 2.199704 0.732687
vn 1.796722 1.270000 1.269051
vn 1.189962 2.199704 0.443723
vn 2.061075 1.270000 0.768551
vn 1.263796 2.199704 0.125380
vn 2.188959 1.270000 0.217164
vn 1.253951 2.199704 -0.201265
vn 2.171906 1.270000 -0.348602
vn 1.161078 2.199704 -0.514584
vn 2.011047 1.270000 -0.891286
vn 0.991328 2.199704 -0.793831
vn 1.717031 1.270000 -1.374956
vn 0.755940 2.199704 -1.020517
vn 1.309326 1.270000 -1.767587
vn 0.470499 2.199704 -1.179632
vn 0.153905 2.199704 -1.260640
vn 0.266571 1.270000 -2.183493
vn -0.172879 2.199704 -1.258178
vn -0.299436 1.270000 -2.179229
vn -0.488217 2.199704 -1.172410
vn -0.845616 1.270000 -2.030673
vn -0.771228 2.199704 -1.009013
vn -1.335806 1.270000 -1.747662
vn -1.003175 2.199704 -0.778807
vn -1.737550 1.270000 -1.348933
vn -1.168699 2.199704 -0.497034
vn -2.024246 1.270000 -0.860889
vn -1.256840 2.199704 -0.182352
vn -1.261764 2.199704 0.144405
vn -2.185439 1.270000 0.250116
vn -1.183142 2.199704 0.461600
vn -2.049262 1.270000 0.799514
vn -1.026182 2.199704 0.748231
vn -1.777400 1.270000 1.295974
vn -0.801276 2.199704 0.985320
vn -1.387851 1.270000 1.706625
vn -0.523316 2.199704 1.157169
vn -0.906410 1.270000 2.004276
vn -0.210705 2.199704 1.252399
vn -0.364952 1.270000 2.169219
vn 0.115856 2.199704 1.264704
vn 0.200669 1.270000 2.190532
vn 0.000000 2.540000 0.000000
vn 0.000000 2.540000 0.000000
vn 0.000000 2.540000 0.000000
vn 0.000000 2.540000 0.000000
vn 0.000000 2.540000 0.000000
vn 0.000000 2.540000 0.000000
vn 0.000000 2.540000 0.000000
vn 0.000000 2.540000 0.000000
vn 0.000000 2.540000 0.000000
vn 0.000000 2.540000 0.000000
vn 0.000000 2.540000 0.000000
vn 0.000000 2.540000 0.000000
vn 0.000000 2.540000 0.000000
vn 0.000000 2.540000 0.000000
vn 0.000000 2.540000 0.000000
vn 0.000000 2.540000 0.000000
vn 0.000000 2.540000 0.000000
vn 0.000000 2.540000 0.000000
vn 0.000000 2.540000 0.000000
vn 0.000000 2.540000 0.000000
vn 0.000000 2.540000 0.000000
vn 0.000000 2.540000 0.000000
vn 0.000000 2.540000 0.000000
vn 0.000000 2.540000 0.000000
vn 0.000000 2.540000 0.000000
vn 0.000000 2.540000 0.000000
vn 0.000000 2.540000 0.000000
vn 0.000000 2.540000 0.000000
vn 0.000000 2.540000 0.000000
vn 0.000000 2.540000 0.000000
vn 0.000000 2.540000 0.000000
vn 0.000000 2.540000 0.000000
vn 0.000000 2.540000 0.000000
vn 0.000000 2.540000 0.000000
vn 0.000000 2.540000 0.000000
vn 0.000000 2.540000 0.000000
vn 0.000000 2.540000 0.000000
vn 0.000000 2.540000 0.000000
vn 0.000000 2.540000 0.000000
vn 0.000000 2.540000 0.000000
vn 0.000000 2.540000 0.000000
vn 0.000000 2.540000 0.000000
vn 0.000000 2.540000 0.000000
vn 0.000000 2.540000 0.000000
vn 0.000000 2.540000 0.000000
vn 0.000000 2.540000 0.000000
vn 0.000000 2.540000 0.000000
vn 0.000000 2.540000 0.000000
vn 0.000000 2.540000 0.000000
vn 0.000000 2.540000 0.000000
vn 0.000000 2.540000 0.000000
vn 0.000000 2.540000 0.000000
vn 0.000000 2.540000 0.000000
vn 0.000000 2.540000 0.000000
vn 0.000000 2.540000 0.000000
vn 0.000000 2.540000 0.000000
vn 0.000000 2.540000 0.000000
vn 0.000000 2.540000 0.000000
vn 0.000000 2.540000 0.000000
vn 0.000000 2.540000 0.000000
vn 0.000000 2.540000 0.000000
vn 0.000000 2.540000 0.000000
vn 0.000000 2.540000 0.000000
vn 0.000000 2.540000 0.000000
vn 0.000000 2.540000 0.000000
vn 0.000000 2.540000 0.000000
vn 0.000000 2.540000 0.000000
vn 0.000000 2.540000 0.000000
vn 2.199704 0.000000 -1.270000
vn 2.199704 0.000000 -1.270000
vn 2.199704 0.000000 -1.270000
vn 2.199704 0.000000 -1.270000
vn 2.199704 0.000000 -1.270000
vn 2.199704 0.000000 -1.270000
vn 2.199704 0.000000 -1.270000
vn 2.199704 0.000000 -1.270000
vn 0.804388 0.000000 -2.409265
vn 0.071650 0.000000 -2.538989
vn -0.667237 0.000000 -2.450795
vn -1.348856 0.000000 -2.152251
vn -1.914705 0.000000 -1.668983
vn -2.316217 0.000000 -1.042468
vn -2.518931 0.000000 -0.326479
vn -2.505448 0.000000 0.417531
vn -2.276925 0.000000 1.125705
vn -1.852977 0.000000 1.737262
vn -1.269989 0.000000 2.199711
vn -0.578001 0.000000 2.473361
vn 0.163597 0.000000 2.534726
vn 0.891154 0.000000 2.378538
vn 1.542224 0.000000 2.018204
vn 2.060926 0.000000 1.484649
vn 2.402742 0.000000 0.823669
vn 2.538334 0.000000 0.091994
vn 2.456063 0.000000 -0.647577
vn 2.162991 0.000000 -1.331566
vn 1.684273 0.000000 -1.901270
vn 1.684273 0.000000 -1.901270
vn 2.162991 0.000000 -1.331566
vn 2.456063 0.000000 -0.647577
vn 2.538334 0.000000 0.091994
vn 2.402742 0.000000 0.823669
vn 2.060926 0.000000 1.484649
vn 1.542224 0.000000 2.018204
vn 0.891154 0.000000 2.378538
vn 0.163597 0.000000 2.534726
vn -0.578001 0.000000 2.473361
vn -1.269989 0.000000 2.199711
vn -1.852977 0.000000 1.737262
vn -2.276925 0.000000 1.125705
vn -2.505448 0.000000 0.417531
vn -2.518931 0.000000 -0.326479
vn -2.316217 0.000000 -1.042468
vn -1.914705 0.000000 -1.668983
vn -1.348856 0.000000 -2.152251
vn -0.667237 0.000000 -2.450795
vn 0.071650 0.000000 -2.538989
vn 0.804388 0.000000 -2.409265
vn 2.199711 0.000000 1.269989
vn 2.199711 0.000000 1.269989
vn 2.199711 0.000000 1.269989
vn 2.199711 0.000000 1.269989
vn 2.199711 0.000000 1.269989
vn 2.199711 0.000000 1.269989
vn 2.199711 0.000000 1.269989
vn 2.199711 0.000000 1.269989
vn 1.684282 0.000000 1.901261
vn 2.162998 0.000000 1.331556
vn 2.456066 0.000000 0.647565
vn 2.538333 0.000000 -0.092006
vn 2.402738 0.000000 -0.823680
vn 2.060919 0.000000 -1.484659
vn 1.542214 0.000000 -2.018211
vn 0.891142 0.000000 -2.378543
vn 0.163585 0.000000 -2.534727
vn -0.578013 0.000000 -2.473358
vn -1.270000 0.000000 -2.199704
vn -1.852985 0.000000 -1.737253
vn -2.276930 0.000000 -1.125695
vn -2.505450 0.000000 -0.417519
vn -2.518929 0.000000 0.326491
vn -2.316212 0.000000 1.042479
vn -1.914697 0.000000 1.668992
vn -1.348846 0.000000 2.152258
vn -0.667225 0.000000 2.450798
vn 0.071663 0.000000 2.538989
vn 0.804400 0.000000 2.409261
vn 0.804400 0.000000 2.409261
vn 0.071663 0.000000 2.538989
vn -0.667225 0.000000 2.450798
vn -1.348846 0.000000 2.152258
vn -1.914697 0.000000 1.668992
vn -2.316212 0.000000 1.042479
vn -2.518929 0.000000 0.326491
vn -2.505450 0.000000 -0.417519
vn -2.276930 0.000000 -1.125695
vn -1.852985 0.000000 -1.737253
vn -1.270000 0.000000 -2.199704
vn -0.578013 0.000000 -2.473358
vn 0.163585 0.000000 -2.534727
vn 0.891142 0.000000 -2.378543
vn 1.542214 0.000000 -2.018211
vn 2.060919 0.000000 -1.484659
vn 2.402738 0.000000 -0.823680
vn 2.538333 0.000000 -0.092006
vn 2.456066 0.000000 0.647565
vn 2.162998 0.000000 1.331556
vn 1.684282 0.000000 1.901261
vn -2.199704 0.000000 1.270000
vn -2.199704 0.000000 1.270000
vn -2.199704 0.000000 1.270000
vn -2.199704 0.000000 1.270000
vn -2.199704 0.000000 1.270000
vn -2.199704 0.000000 1.270000
vn -2.199704 0.000000 1.270000
vn -2.199704 0.000000 1.270000
vn -0.005916 0.000000 2.539993
vn -0.005916 0.000000 2.539993
vn -0.005916 0.000000 2.539993
vn -0.005916 0.000000 2.539993
vn -0.005916 0.000000 2.539993
vn -0.005916 0.000000 2.539993
vn -0.005916 0.000000 2.539993
vn -0.005916 0.000000 2.539993
vn -1.015470 0.000000 2.328180
vn -1.015470 0.000000 2.328180
vn -0.564981 0.000000 2.476368
vn -0.094796 0.000000 2.538230
vn 0.378692 0.000000 2.511611
vn 0.838980 0.000000 2.397439
vn 1.270021 0.000000 2.199692
vn 1.270021 0.000000 2.199692
vn 0.782326 0.000000 2.416519
vn 0.260089 0.000000 2.526649
vn -0.273632 0.000000 2.525218
vn -0.795272 0.000000 2.412290
vn -0.795272 0.000000 2.412290
vn -0.869527 0.000000 2.386529
vn -0.942950 0.000000 2.358484
vn -1.508518 0.000000 -2.043520
vn -1.508518 0.000000 -2.043520
vn -1.862097 0.000000 -1.727482
vn -2.150765 0.000000 -1.351226
vn -2.364458 0.000000 -0.927867
vn -2.495729 0.000000 -0.472163
vn -2.540000 0.000000 0.000000
vn -2.540000 0.000000 0.000000
vn -2.483926 0.000000 -0.530766
vn -2.318179 0.000000 -1.038098
vn -2.050078 0.000000 -1.499594
vn -1.691459 0.000000 -1.894879
vn -1.691459 0.000000 -1.894879
vn -1.632022 0.000000 -1.946305
vn -1.571022 0.000000 -1.995868
vn 2.524655 0.000000 -0.278776
vn 2.524655 0.000000 -0.278776
vn 2.428483 0.000000 -0.744359
vn 2.247235 0.000000 -1.183865
vn 1.987260 0.000000 -1.581897
vn 1.657666 0.000000 -1.924511
vn 1.270000 0.000000 -2.199704
vn 1.270000 0.000000 -2.199704
vn 1.702718 0.000000 -1.884769
vn 2.059840 0.000000 -1.486155
vn 2.325513 0.000000 -1.021562
vn 2.487941 0.000000 -0.511614
vn 2.487941 0.000000 -0.511614
vn 2.502579 0.000000 -0.434393
vn 2.514821 0.000000 -0.356755
vn 2.523329 0.000000 0.290533
vn 2.523329 0.000000 0.290533
vn 2.513132 0.000000 0.368465
vn 2.500529 0.000000 0.446045
vn 2.485531 0.000000 0.523198
vn 2.485531 0.000000 0.523198
vn 2.351705 0.000000 0.959731
vn 2.141888 0.000000 1.365253
vn 1.862860 0.000000 1.726660
vn 1.523637 0.000000 2.032272
vn 1.135181 0.000000 2.272216
vn 1.151991 0.000000 2.263739
vn 1.167517 0.000000 2.255771
vn 1.193961 0.000000 2.241887
vn 1.214210 0.000000 2.230985
vn 1.230325 0.000000 2.222139
vn 1.250999 0.000000 2.210566
vn 1.257354 0.000000 2.206958
vn 1.257354 0.000000 2.206958
vn 1.647011 0.000000 1.933638
vn 1.978837 0.000000 1.592421
vn 2.241179 0.000000 1.195289
vn 2.424826 0.000000 0.756187
vn 1.033459 1.476345 1.789963
vn -0.054197 1.394538 2.122246
vn -1.086013 1.049413 2.042280
vn -2.327169 0.000371 1.017785
vn -2.467202 -0.000731 0.603750
vn -2.534217 0.000246 0.171298
vn -2.526009 -0.000704 -0.266226
vn -2.442873 0.000207 -0.695682
vn -2.287168 -0.001082 -1.104745
vn -2.063576 0.001130 -1.480963
vn -1.781658 0.016644 -1.810254
vn -1.445519 0.015244 -2.088502
vn -1.302034 1.492856 -1.589871
vn -0.665370 2.402044 -0.488944
vn 0.226952 2.398335 0.805036
vn 1.033459 1.476345 1.789963
vn 1.033459 1.476345 1.789963
vn 1.033459 1.476345 1.789963
vn 1.033459 1.476345 1.789963
vn 1.033459 1.476345 1.789963
vn 1.033459 1.476345 1.789963
vn 1.033459 1.476345 1.789963
vn 1.033459 1.476345 1.789963
vn 0.291186 1.465287 2.054202
vn -2.368989 0.416865 0.815914
vn 0.060688 1.755600 1.834608
vn -2.478724 0.500533 0.238733
vn -2.133277 0.355908 1.331937
vn -1.662915 0.766636 1.760279
vn -1.018589 1.120401 2.039309
vn -0.448760 1.321861 2.122003
vn -2.265540 0.383264 1.082608
vn -1.815234 0.819901 1.576163
vn -1.155099 1.188371 1.924869
vn -0.553480 1.387577 2.054237
vn 0.234409 1.508832 2.029798
vn -2.441194 0.455973 0.533163
vn -2.057471 0.957637 1.140766
vn -1.389105 1.361644 1.633375
vn -0.737220 1.552999 1.869840
vn 0.131836 1.617486 1.953960
vn 0.180628 1.559316 1.996874
vn -0.650746 1.464231 1.970826
vn -1.279883 1.268395 1.790160
vn -1.947959 0.883431 1.369892
vn -2.138318 1.042625 0.890016
vn -1.477542 1.468350 1.453416
vn -0.808895 1.654150 1.749593
vn 0.090255 1.683650 1.899679
vn -2.440724 0.607964 -0.353338
vn -2.187586 1.244191 0.343594
vn -1.560025 1.718790 1.031350
vn -0.880054 1.888994 1.452174
vn 0.045783 1.836094 1.754497
vn -0.857769 1.764716 1.612950
vn -1.535692 1.585946 1.256195
vn -2.182449 1.137301 0.628541
vn -2.478909 0.551246 -0.052305
vn -2.326853 0.689845 -0.749312
vn -2.120254 1.397515 -0.055454
vn -1.523403 1.908459 0.699020
vn -0.854732 2.065627 1.205910
vn 0.056972 1.950351 1.626187
vn -2.124860 0.782907 -1.150489
vn -1.941127 1.563670 -0.488431
vn -1.378078 2.110098 0.316211
vn -0.741331 2.252213 0.910805
vn 0.118928 2.071207 1.465455
vn -1.825570 0.874982 -1.534046
vn -1.626128 1.716448 -0.927961
vn -1.095283 2.289753 -0.094788
vn -0.515773 2.418028 0.581994
vn 0.245909 2.179931 1.280245
vn -1.356992 0.000000 -2.147131
vn -2.229060 0.003243 -1.217736
vn -2.539657 0.000058 0.041728
vn -2.199692 0.000000 1.270021
vn -1.079712 0.917391 2.108131
vn -0.148143 1.295345 2.179847
vn 1.033459 1.476345 1.789963
vn 0.228844 2.399217 0.801865
vn -0.664592 2.402072 -0.489864
vn -1.300411 1.486959 -1.596710
vn -1.441926 0.000000 -2.091040
vn -1.419921 -0.000005 -2.106045
vn -1.401443 0.000009 -2.118385
vn -1.375587 0.000045 -2.135266
vn -2.126164 0.652455 1.226918
vn -2.426861 0.600012 0.449368
vn -2.477780 0.520549 -0.203062
vn -2.287144 0.366182 -1.042344
vn -1.853154 0.169055 -1.728826
vn -0.864182 1.775558 1.597555
vn -1.512756 1.871368 0.813113
vn -1.856272 1.732619 0.062351
vn -1.993371 1.271675 -0.927853
vn -1.792905 0.617643 -1.689855
vn -2.199692 0.000000 1.270021
vn -2.199692 0.000000 1.270021
vn -2.539774 0.000000 0.033899
vn -2.232805 0.000000 -1.210859
vn -1.356992 0.000000 -2.147131
vn -1.356992 0.000000 -2.147131
vn -1.375562 0.000000 -2.135282
vn -2.460940 0.000000 -0.628789
vn 2.537967 0.000000 0.101600
vn 2.165050 0.000000 1.328216
vn 1.240551 0.000000 2.216446
vn 0.000000 0.000000 2.540000
vn 0.000000 0.000000 2.540000
vn 1.775034 0.000000 1.816825
vn 2.536991 0.000000 0.123607
vn 2.537967 0.000000 0.101600
vn 2.531859 0.000000 0.203200
vn 2.033000 1.486959 0.327814
vn 0.756534 2.402072 0.330614
vn -0.808856 2.399217 0.202755
vn -2.066883 1.476345 0.000000
vn -1.813644 1.295686 1.217988
vn -1.288928 0.921620 1.985165
vn 0.000000 0.000000 2.540000
vn 1.233712 0.000058 2.220260
vn 2.169133 0.003243 1.321534
vn 2.537967 0.000000 0.101600
vn 2.536976 -0.000211 0.123910
vn 2.535298 -0.000012 0.154484
vn 2.533835 0.000127 0.176862
vn -1.042768 1.916431 1.300587
vn -0.035880 2.059466 1.486241
vn 0.822660 1.922392 1.441957
vn 1.773421 1.422340 1.132928
vn 2.349601 0.704172 0.659633
vn -0.727027 1.447159 1.956723
vn 0.235959 1.466067 2.060721
vn 1.013910 1.330271 1.911535
vn 1.858798 0.967187 1.435625
vn 2.371294 0.469224 0.779996
vn -0.010296 0.645726 2.456529
vn 0.810316 0.593607 2.332942
vn 1.413217 0.514044 2.046992
vn 2.042643 0.363774 1.465222
vn 2.420298 0.171251 0.751286
vn 0.281678 0.000059 2.524333
vn -1.225347 1.048659 1.962254
vn -1.809627 1.393633 1.111141
vn -2.066883 1.476345 0.000000
vn -2.066883 1.476345 0.000000
vn -2.066883 1.476345 0.000000
vn -2.066883 1.476345 0.000000
vn -2.066883 1.476345 0.000000
vn -2.066883 1.476345 0.000000
vn -2.066883 1.476345 0.000000
vn -2.066883 1.476345 0.000000
vn -2.066883 1.476345 0.000000
vn -0.809019 2.398990 0.204785
vn 0.756534 2.402072 0.330614
vn 2.032797 1.486673 0.330365
vn 2.531859 0.000000 0.203200
vn 2.459432 0.000000 0.634663
vn 2.314145 0.000065 1.047060
vn 2.099891 -0.000855 1.429006
vn 1.824445 -0.000324 1.767201
vn 1.492975 -0.000822 2.054903
vn 1.119602 -0.000600 2.279932
vn 0.710688 0.000168 2.438549
vn -1.885630 1.499785 0.804142
vn -1.526132 1.374309 1.494589
vn -1.123590 1.174168 1.952044
vn -0.505918 0.809413 2.353826
vn 0.137035 0.379039 2.507818
vn -1.818966 1.560506 0.841299
vn -1.380315 1.466597 1.547716
vn -0.906711 1.270480 2.003835
vn -0.208047 0.885637 2.371490
vn 0.482191 0.419005 2.458358
vn -1.717261 1.657428 0.869223
vn -1.166370 1.614394 1.576361
vn -0.596650 1.425819 2.015601
vn 0.199682 1.009097 2.322381
vn 0.928465 0.483790 2.314196
vn -1.597615 1.778566 0.857863
vn -0.925850 1.800805 1.533462
vn -0.258849 1.624186 1.935618
vn 0.620823 1.168567 2.168093
vn 1.356983 0.568941 2.070387
vn -1.481447 1.902008 0.799550
vn -0.701709 1.991327 1.412028
vn 0.046166 1.828279 1.762630
vn 0.981164 1.333307 1.926451
vn 1.697446 0.656994 1.771620
vn -1.359432 2.037562 0.672225
vn -0.474107 2.201774 1.174315
vn 0.347332 2.055597 1.451028
vn 1.320079 1.518314 1.550392
vn 1.996097 0.757150 1.376198
vn -1.249737 2.163702 0.456236
vn -0.275248 2.397821 0.791385
vn 0.604063 2.267999 0.971024
vn 1.596925 1.691245 1.020352
vn 2.225191 0.850559 0.881292
vn 0.000000 0.000000 2.540000
vn 0.000000 0.000000 2.540000
vn 0.000000 0.000000 2.540000
vn 0.000000 0.000000 2.540000
vn 0.000000 0.000000 2.540000
vn 0.000000 0.000000 2.540000
vn -1.285657 0.918326 1.988810
vn -1.813647 1.295462 1.218222
vn -2.066883 1.476345 0.000000
vn -2.066883 1.476345 0.000000
vn -1.944490 1.388922 0.861078
vn -1.591807 1.137005 1.620176
vn -0.384972 0.274980 2.495553
vn 0.000000 0.000000 2.540000
vn -2.066883 1.476345 0.000000
vn -2.066883 1.476345 0.000000
vn -2.066883 1.476345 0.000000
vn -2.066883 1.476345 0.000000
vn -2.066883 1.476345 0.000000
vn -2.066883 1.476345 0.000000
vn -2.066883 1.476345 0.000000
vn -2.066883 1.476345 0.000000
vn -2.066883 1.476345 0.000000
vn -2.066883 1.476345 0.000000
vn -2.066883 1.476345 0.000000
vn -2.066883 1.476345 0.000000
vn -2.066883 1.476345 0.000000
vn -2.066883 1.476345 0.000000
vn -2.066883 1.476345 0.000000
vn -2.066883 1.476345 0.000000
vn -2.066883 1.476345 0.000000
vn -2.066883 1.476345 0.000000
vn -2.066883 1.476345 0.000000
vn -2.066883 1.476345 0.000000
vn -2.066883 1.476345 0.000000
vn -1.810809 1.394538 -1.108076
vn -1.225641 1.049413 -1.961667
vn 0.282181 0.000371 -2.524277
vn 0.710762 -0.000731 -2.438528
vn 1.118782 0.000246 -2.280335
vn 1.493583 -0.000704 -2.054461
vn 1.823931 0.000207 -1.767731
vn 2.100335 -0.001082 -1.428353
vn 2.314350 0.001130 -1.046606
vn 2.458561 0.016644 -0.637810
vn 2.531458 0.015244 -0.207581
vn 2.027889 1.492856 -0.332640
vn 0.756126 2.402044 -0.331748
vn -0.810656 2.398335 -0.205979
vn -2.066883 1.476345 0.000000
vn -2.066883 1.476345 0.000000
vn -2.066883 1.476345 0.000000
vn -2.066883 1.476345 0.000000
vn -2.066883 1.476345 0.000000
vn -2.066883 1.476345 0.000000
vn -2.066883 1.476345 0.000000
vn -2.066883 1.476345 0.000000
vn -1.924577 1.465287 -0.774945
vn 0.477916 0.416865 -2.459557
vn -1.619153 1.755600 -0.864762
vn 1.032635 0.500533 -2.265995
vn -0.086829 0.355908 -2.513442
vn -0.692967 0.766636 -2.320273
vn -1.256780 1.120401 -1.901790
vn -1.613315 1.321861 -1.449655
vn 0.195228 0.383264 -2.503317
vn -0.457357 0.819901 -2.360124
vn -1.089417 1.188371 -1.962790
vn -1.502267 1.387577 -1.506461
vn -1.875053 1.508832 -0.811913
vn 0.758887 0.455973 -2.380710
vn 0.040826 0.957637 -2.352204
vn -0.719972 1.361644 -2.019694
vn -1.250704 1.552999 -1.573383
vn -1.758089 1.617486 -0.862823
vn -1.819650 1.559316 -0.842026
vn -1.381398 1.464231 -1.548989
vn -0.910364 1.268395 -2.003500
vn -0.212359 0.883431 -2.371930
vn 0.298405 1.042625 -2.296843
vn -0.519905 1.468350 -2.006302
vn -1.110730 1.654150 -1.575331
vn -1.690289 1.683650 -0.871692
vn 1.526380 0.607964 -1.937045
vn 0.796251 1.244191 -2.066294
vn -0.113145 1.718790 -1.866698
vn -0.817578 1.888994 -1.488244
vn -1.542323 1.836094 -0.837614
vn -0.967957 1.764716 -1.549334
vn -0.320032 1.585946 -1.958049
vn 0.546913 1.137301 -2.204322
vn 1.284772 0.551246 -2.120634
vn 1.812366 0.689845 -1.640440
vn 1.108169 1.397515 -1.808456
vn 0.156348 1.908459 -1.668814
vn -0.616969 2.065627 -1.343180
vn -1.436798 1.950351 -0.763768
vn 2.058795 0.782907 -1.264919
vn 1.393571 1.563670 -1.436836
vn 0.415205 2.110098 -1.351552
vn -0.418105 2.252213 -1.097418
vn -1.328579 2.071207 -0.629746
vn 2.241316 0.874982 -0.813946
vn 1.616711 1.716448 -0.944272
vn 0.629739 2.289753 -0.901143
vn -0.246128 2.418028 -0.737672
vn -1.231675 2.179931 -0.427171
vn 2.537967 0.000000 -0.101600
vn 2.169133 0.003243 -1.321534
vn 1.233712 0.000058 -2.220260
vn 0.000000 0.000000 -2.540000
vn -1.285801 0.917405 -1.989141
vn -1.813716 1.295359 -1.218228
vn -2.066883 1.476345 0.000000
vn -0.808856 2.399217 -0.202755
vn 0.756534 2.402072 -0.330614
vn 2.033000 1.486959 -0.327814
vn 2.531859 0.000000 -0.203200
vn 2.533850 -0.000005 -0.176641
vn 2.535299 0.000008 -0.154469
vn 2.536989 0.000044 -0.123636
vn -0.002352 0.655294 -2.454014
vn 0.822103 0.602821 -2.326447
vn 1.413248 0.523070 -2.044683
vn 2.045612 0.367986 -1.460020
vn 2.423632 0.169904 -0.740769
vn -0.952359 1.777106 -1.544832
vn 0.051431 1.873355 -1.714496
vn 0.873562 1.734618 -1.636946
vn 1.800000 1.273201 -1.261175
vn 2.359872 0.618394 -0.707241
vn 0.000000 0.000000 -2.540000
vn 0.000000 0.000000 -2.540000
vn 1.240551 0.000000 -2.216446
vn 2.165050 0.000000 -1.328216
vn 2.537967 0.000000 -0.101600
vn 2.537967 0.000000 -0.101600
vn 2.536991 0.000000 -0.123607
vn 1.775034 0.000000 -1.816825
vn -1.356972 0.000000 2.147144
vn -2.232794 0.000000 1.210881
vn -2.539774 0.000000 -0.033875
vn -2.199704 0.000000 -1.270000
vn -2.199704 0.000000 -1.270000
vn -2.460934 0.000000 0.628812
vn -1.375542 0.000000 2.135295
vn -1.356972 0.000000 2.147144
vn -1.441906 0.000000 2.091054
vn -1.300395 1.486959 1.596723
vn -0.664588 2.402072 0.489871
vn 0.228837 2.399217 -0.801867
vn 1.033441 1.476345 -1.789973
vn -0.147997 1.295675 -2.179661
vn -1.074711 0.921596 -2.108852
vn -2.199704 0.000000 -1.270000
vn -2.539658 0.000058 -0.041704
vn -2.229048 0.003243 1.217757
vn -1.356972 0.000000 2.147144
vn -1.375798 -0.000210 2.135130
vn -1.401435 -0.000011 2.118391
vn -1.420085 0.000128 2.105934
vn -0.604275 1.916761 -1.553216
vn -1.268537 2.059923 -0.774036
vn -1.659560 1.922860 -0.008364
vn -1.867502 1.422702 0.969512
vn -1.745910 0.704360 1.705074
vn -1.330181 1.447863 -1.608077
vn -1.901922 1.466908 -0.826120
vn -2.161886 1.331090 -0.077764
vn -2.172415 0.967806 0.891943
vn -1.861064 0.469536 1.663603
vn -2.122073 0.645948 -1.237400
vn -2.425455 0.593822 -0.464914
vn -2.479328 0.514237 0.200235
vn -2.290256 0.363918 1.036288
vn -1.860804 0.171326 1.720365
vn -2.326976 0.000059 -1.018226
vn -1.086688 1.048659 -2.042309
vn -0.057463 1.393633 -2.122754
vn 1.033441 1.476345 -1.789973
vn 1.033441 1.476345 -1.789973
vn 1.033441 1.476345 -1.789973
vn 1.033441 1.476345 -1.789973
vn 1.033441 1.476345 -1.789973
vn 1.033441 1.476345 -1.789973
vn 1.033441 1.476345 -1.789973
vn 1.033441 1.476345 -1.789973
vn 1.033441 1.476345 -1.789973
vn 0.227160 2.398990 -0.803024
vn -0.664588 2.402072 0.489871
vn -1.302502 1.486673 1.595271
vn -1.441906 0.000000 2.091054
vn -1.779350 0.000000 1.812599
vn -2.063853 0.000065 1.480578
vn -2.287501 -0.000855 1.104056
vn -2.442664 -0.000324 0.696416
vn -2.526085 -0.000822 0.265503
vn -2.534280 -0.000600 -0.170363
vn -2.467190 0.000168 -0.603801
vn 0.242594 1.499518 -2.035730
vn -0.538864 1.372372 -2.068289
vn -1.128724 1.174168 -1.949079
vn -1.788200 0.807467 -1.613052
vn -2.243843 0.374508 -1.129827
vn 0.176795 1.560458 -1.996326
vn -0.658257 1.464834 -1.967882
vn -1.282017 1.270480 -1.787152
vn -1.952366 0.883552 -1.363527
vn -2.373042 0.414039 -0.805508
vn 0.101443 1.657728 -1.921783
vn -0.790524 1.612921 -1.795872
vn -1.447237 1.425819 -1.524515
vn -2.113523 1.006786 -0.985395
vn -2.470443 0.478111 -0.346298
vn 0.051259 1.779305 -1.811918
vn -0.873899 1.799723 -1.564895
vn -1.546870 1.624186 -1.191979
vn -2.190226 1.165974 -0.543153
vn -2.472602 0.562353 0.146958
vn 0.043661 1.903193 -1.681532
vn -0.880777 1.990659 -1.308859
vn -1.549565 1.828279 -0.841334
vn -2.160893 1.330424 -0.110055
vn -2.383387 0.649462 0.590986
vn 0.093144 2.039241 -1.511430
vn -0.788336 2.201580 -0.991551
vn -1.430293 2.055597 -0.424716
vn -2.004488 1.515114 0.371560
vn -2.189911 0.748563 1.046681
vn 0.225907 2.165839 -1.307558
vn -0.555308 2.398076 -0.626470
vn -1.142963 2.267999 0.037622
vn -1.683822 1.687748 0.876270
vn -1.876115 0.840983 1.491490
vn -2.199704 0.000000 -1.270000
vn -2.199704 0.000000 -1.270000
vn -2.199704 0.000000 -1.270000
vn -2.199704 0.000000 -1.270000
vn -2.199704 0.000000 -1.270000
vn -2.199704 0.000000 -1.270000
vn -1.079530 0.918327 -2.107816
vn -0.148187 1.295462 -2.179775
vn 1.033441 1.476345 -1.789973
vn 1.033441 1.476345 -1.789973
vn 0.226530 1.388922 -2.114517
vn -0.607210 1.137005 -2.188633
vn -1.968726 0.274980 -1.581172
vn -2.199704 0.000000 -1.270000
vn 1.033441 1.476345 -1.789973
vn 1.033441 1.476345 -1.789973
vn 1.033441 1.476345 -1.789973
vn 1.033441 1.476345 -1.789973
vn 1.033441 1.476345 -1.789973
vn 1.033441 1.476345 -1.789973
vn 1.033441 1.476345 -1.789973
vn 1.033441 1.476345 -1.789973
vn 1.033441 1.476345 -1.789973
vn 1.033441 1.476345 -1.789973
vn 1.033441 1.476345 -1.789973
vn 1.033441 1.476345 -1.789973
vn 1.033441 1.476345 -1.789973
vn 1.033441 1.476345 -1.789973
vn 1.033441 1.476345 -1.789973
vn 1.033441 1.476345 -1.789973
vn 1.033441 1.476345 -1.789973
vn 1.033441 1.476345 -1.789973
vn 1.033441 1.476345 -1.789973
vn 1.033441 1.476345 -1.789973
vn 1.033441 1.476345 -1.789973
vn 1.865027 1.394538 -1.014169
vn 2.311674 1.049413 -0.080603
vn 2.044997 0.000371 1.506515
vn 1.756446 -0.000731 1.834802
vn 1.415437 0.000246 2.109061
vn 1.032424 -0.000704 2.320711
vn 0.618935 0.000207 2.463437
vn 0.186822 -0.001082 2.533120
vn -0.250788 0.001130 2.527589
vn -0.676921 0.016644 2.448081
vn -1.085959 0.015244 2.296097
vn -0.725870 1.492856 1.922523
vn -0.090761 2.402044 0.820699
vn 0.583711 2.398335 -0.599059
vn 1.033441 1.476345 -1.789973
vn 1.033441 1.476345 -1.789973
vn 1.033441 1.476345 -1.789973
vn 1.033441 1.476345 -1.789973
vn 1.033441 1.476345 -1.789973
vn 1.033441 1.476345 -1.789973
vn 1.033441 1.476345 -1.789973
vn 1.033441 1.476345 -1.789973
vn 1.634610 1.465098 -1.277943
vn 1.889258 0.414475 1.646364
vn 1.559391 1.755915 -0.967812
vn 1.443684 0.497701 2.029697
vn 2.218980 0.353840 1.184283
vn 2.355824 0.765736 0.561554
vn 2.275389 1.120401 -0.137508
vn 2.063725 1.320882 -0.669261
vn 2.068837 0.381047 1.423488
vn 2.272390 0.818952 0.785596
vn 2.244535 1.188371 0.037932
vn 2.057288 1.386655 -0.544384
vn 1.641853 1.508719 -1.216423
vn 1.680175 0.453378 1.850151
vn 2.016140 0.956568 1.213159
vn 2.109093 1.361644 0.386333
vn 1.989130 1.552230 -0.292474
vn 1.627376 1.617561 -1.089378
vn 1.640200 1.559290 -1.153238
vn 2.033538 1.463379 -0.418145
vn 2.190264 1.268395 0.213352
vn 2.159967 0.882427 1.003726
vn 1.839260 1.041482 1.408560
vn 1.997461 1.468350 0.552900
vn 1.920599 1.653480 -0.170005
vn 1.601074 1.683840 -1.026084
vn 0.911627 0.604577 2.292384
vn 1.390434 1.242876 1.724399
vn 1.673180 1.718790 0.835362
vn 1.698017 1.888564 0.040780
vn 1.497313 1.836551 -0.914733
vn 1.826431 1.764158 -0.059119
vn 1.855736 1.585946 0.701868
vn 1.634751 1.136077 1.577504
vn 1.191536 0.548156 2.175171
vn 0.511783 0.686033 2.391451
vn 1.011075 1.396071 1.865560
vn 1.367061 1.908459 0.969809
vn 1.471587 2.065385 0.142192
vn 1.380331 1.951007 -0.860150
vn 0.063602 0.778652 2.416869
vn 0.546497 1.562095 1.926862
vn 0.962876 2.110098 1.035354
vn 1.158707 2.252171 0.191634
vn 1.209789 2.072073 -0.833381
vn -0.417732 0.870342 2.349384
vn 0.008383 1.714772 1.873789
vn 0.465544 2.289753 0.995941
vn 0.760459 2.418160 0.160638
vn 0.985438 2.180982 -0.850780
vn -1.180995 0.000000 2.248744
vn 0.059916 0.003243 2.539291
vn 1.305946 0.000058 2.178556
vn 2.199704 0.000000 1.270000
vn 2.365551 0.917393 -0.118983
vn 1.961883 1.295347 -0.961609
vn 1.033441 1.476345 -1.789973
vn 0.580019 2.399217 -0.599112
vn -0.091947 2.402072 0.820485
vn -0.732605 1.486959 1.924537
vn -1.089953 0.000000 2.294254
vn -1.113950 -0.000005 2.282699
vn -1.133876 0.000009 2.272867
vn -1.161422 0.000045 2.258915
vn 2.125696 0.652750 1.227572
vn 1.602695 0.600304 1.876860
vn 1.063127 0.520811 2.247246
vn 0.240930 0.366369 2.501865
vn -0.570616 0.169143 2.469289
vn 1.815453 1.775718 -0.050563
vn 1.460395 1.871573 0.903361
vn 0.981988 1.732825 1.576267
vn 0.193026 1.271833 2.190156
vn -0.567071 0.617721 2.397593
vn 2.199704 0.000000 1.270000
vn 2.199704 0.000000 1.270000
vn 1.299223 0.000000 2.182571
vn 0.067743 0.000000 2.539096
vn -1.180995 0.000000 2.248744
vn -1.180995 0.000000 2.248744
vn -1.161449 0.000000 2.258902
vn 0.685899 0.000000 2.445637
vn -1.168069 0.000000 -2.255486
vn 0.082316 0.000000 -2.538666
vn 1.311729 0.000000 -2.175078
vn 2.206958 0.000000 -1.257354
vn 2.206958 0.000000 -1.257354
vn 0.699925 0.000000 -2.441660
vn -1.148464 0.000000 -2.265531
vn -1.168069 0.000000 -2.255486
vn -1.077199 0.000000 -2.300270
vn -0.711833 1.485343 -1.933559
vn -0.071096 2.399693 -0.829467
vn 0.592790 2.397489 0.593504
vn 1.033459 1.476345 1.789963
vn 1.960091 1.293746 0.967401
vn 2.363845 0.919732 0.133903
vn 2.206958 0.000000 -1.257354
vn 1.318428 0.000058 -2.171024
vn 0.074489 0.003243 -2.538905
vn -1.168069 0.000000 -2.255486
vn -1.148280 -0.000207 -2.265624
vn -1.121020 -0.000014 -2.279235
vn 1.649852 1.913804 0.258734
vn 1.312778 2.055976 -0.707937
vn 0.848975 1.918845 -1.431390
vn 0.108830 1.419580 -2.103461
vn -0.588954 0.702727 -2.368735
vn 2.059449 1.448322 -0.335610
vn 1.673270 1.467445 -1.224079
vn 1.158667 1.331615 -1.826442
vn 0.327014 0.968196 -2.325351
vn -0.496219 0.469716 -2.446371
vn 2.139660 0.646125 -1.206639
vn 1.626097 0.593993 -1.858650
vn 1.079205 0.514393 -2.241053
vn 0.262061 0.364027 -2.500082
vn -0.545291 0.171373 -2.474851
vn 2.045322 0.000049 -1.506074
vn 2.312051 1.048624 0.080041
vn 1.867129 1.393609 1.011575
vn 1.033459 1.476345 1.789963
vn 1.033459 1.476345 1.789963
vn 1.033459 1.476345 1.789963
vn 1.033459 1.476345 1.789963
vn 1.033459 1.476345 1.789963
vn 1.033459 1.476345 1.789963
vn 1.033459 1.476345 1.789963
vn 1.033459 1.476345 1.789963
vn 1.033459 1.476345 1.789963
vn 0.594715 2.397235 0.592602
vn -0.071096 2.399693 -0.829467
vn -0.709415 1.485024 -1.934692
vn -1.077199 0.000000 -2.300270
vn -0.668192 0.000000 -2.450535
vn -0.239762 0.000040 -2.528659
vn 0.196427 -0.000828 -2.532393
vn 0.625052 -0.000366 -2.461891
vn 1.037967 -0.000767 -2.318237
vn 1.417646 -0.000657 -2.107576
vn 1.757724 0.000250 -1.833578
vn 1.641627 1.498085 1.229798
vn 2.061070 1.370163 0.571179
vn 2.253474 1.171943 0.002518
vn 2.293889 0.805662 -0.735243
vn 2.105252 0.373476 -1.371141
vn 1.640969 1.557077 1.155133
vn 2.035524 1.459646 0.421515
vn 2.192881 1.265117 -0.205797
vn 2.164945 0.879242 -0.995765
vn 1.896106 0.411677 -1.639178
vn 1.615322 1.653738 1.052372
vn 1.954835 1.606762 0.220306
vn 2.050705 1.419368 -0.481251
vn 1.920802 1.001566 -1.326267
vn 1.549176 0.475233 -1.955967
vn 1.546947 1.774679 0.953451
vn 1.799308 1.792513 0.031459
vn 1.815923 1.616519 -0.735454
vn 1.579387 1.159711 -1.616232
vn 1.125173 0.558873 -2.207543
vn 1.439715 1.898177 0.880763
vn 1.584050 1.982802 -0.104310
vn 1.517086 1.819850 -0.915531
vn 1.192618 1.323499 -1.810417
vn 0.697486 0.645581 -2.355491
vn 1.269860 2.034340 0.836968
vn 1.266481 2.193876 -0.185834
vn 1.100483 2.047271 -1.024312
vn 0.700358 1.508230 -1.919985
vn 0.207317 0.744650 -2.419528
vn 1.029881 2.161674 0.847414
vn 0.837469 2.391868 -0.170922
vn 0.559473 2.261564 -1.011889
vn 0.103654 1.682722 -1.899817
vn -0.336796 0.838225 -2.373931
vn 2.199704 0.000000 -1.270000
vn 2.199704 0.000000 -1.270000
vn 2.199704 0.000000 -1.270000
vn 2.199704 0.000000 -1.270000
vn 0.000000 2.540000 0.000000
vn 0.000000 2.540000 0.000000
vn 0.000000 2.540000 0.000000
vn 0.000000 2.540000 0.000000
vn 0.000000 2.540000 0.000000
vn 0.000000 2.540000 0.000000
vn 0.000000 2.540000 0.000000
vn 0.000000 2.540000 0.000000
vn 0.000000 2.540000 0.000000
vn 0.000000 2.540000 0.000000
vn 0.000000 2.540000 0.000000
vn 0.000000 2.540000 0.000000
vn 0.000000 2.540000 0.000000
vn 0.000000 2.540000 0.000000
vn 0.000000 2.540000 0.000000
vn 2.199704 0.000000 -1.270000
vn 2.480912 0.000000 0.544679
vn 1.715110 0.000000 1.873498
vn 1.706582 0.000000 1.881271
vn 1.706582 0.000000 1.881271
vn 2.357393 0.000000 0.945674
vn 2.533592 0.000000 -0.180314
vn 2.199704 0.000000 -1.270000
vn -1.508508 0.000000 2.043527
vn -1.508508 0.000000 2.043527
vn -1.571013 0.000000 1.995875
vn -1.632013 0.000000 1.946313
vn -1.691450 0.000000 1.894887
vn -1.691450 0.000000 1.894887
vn -2.050072 0.000000 1.499601
vn -2.318176 0.000000 1.038103
vn -2.483925 0.000000 0.530769
vn -2.540000 0.000000 0.000000
vn -2.540000 0.000000 0.000000
vn -2.495728 0.000000 0.472165
vn -2.364457 0.000000 0.927871
vn -2.150761 0.000000 1.351232
vn -1.862090 0.000000 1.727489
vn 0.000000 2.540000 0.000000
vn 0.000000 2.540000 0.000000
vn 0.000000 2.540000 0.000000
vn 0.000000 2.540000 0.000000
vn 0.000000 2.540000 0.000000
vn 0.000000 2.540000 0.000000
vn 0.000000 2.540000 0.000000
vn 0.000000 2.540000 0.000000
vn 0.000000 2.540000 0.000000
vn 0.000000 2.540000 0.000000
vn 0.000000 2.540000 0.000000
vn 0.000000 2.540000 0.000000
vn 0.000000 2.540000 0.000000
vn 0.000000 2.540000 0.000000
vn 0.000000 2.540000 0.000000
vn 0.000000 2.540000 0.000000
vn 0.000000 2.540000 0.000000
vn 0.000000 2.540000 0.000000
vn 0.000000 2.540000 0.000000
vn 0.000000 2.540000 0.000000
vn 0.000000 2.540000 0.000000
vn 0.000000 2.540000 0.000000
vn 0.000000 2.540000 0.000000
vn 0.000000 2.540000 0.000000
vn 0.000000 2.540000 0.000000
vn 0.000000 2.540000 0.000000
vn 0.000000 2.540000 0.000000
vn 0.000000 2.540000 0.000000
vn 0.000000 2.540000 0.000000
vn 0.000000 2.540000 0.000000
vn -1.015481 0.000000 -2.328175
vn -1.015481 0.000000 -2.328175
vn -0.942961 0.000000 -2.358479
vn -0.869539 0.000000 -2.386525
vn -0.795283 0.000000 -2.412286
vn -0.795283 0.000000 -2.412286
vn -0.273648 0.000000 -2.525216
vn 0.260071 0.000000 -2.526651
vn 0.782306 0.000000 -2.416526
vn 1.270000 0.000000 -2.199704
vn 1.270000 0.000000 -2.199704
vn 0.838959 0.000000 -2.397446
vn 0.378673 0.000000 -2.511614
vn -0.094813 0.000000 -2.538230
vn -0.564995 0.000000 -2.476364
vn 0.000000 2.540000 0.000000
vn 0.000000 2.540000 0.000000
vn 0.000000 2.540000 0.000000
vn 0.000000 2.540000 0.000000
vn 0.000000 2.540000 0.000000
vn 0.000000 2.540000 0.000000
vn 0.000000 2.540000 0.000000
vn 0.000000 2.540000 0.000000
vn 0.000000 2.540000 0.000000
vn 0.000000 2.540000 0.000000
vn 0.000000 2.540000 0.000000
vn 0.000000 2.540000 0.000000
vn 0.000000 2.540000 0.000000
vn 0.000000 2.540000 0.000000
vn 0.000000 2.540000 0.000000
vn 0.000000 2.540000 0.000000
vn 0.000000 2.540000 0.000000
vn 0.000000 2.540000 0.000000
vn 0.000000 2.540000 0.000000
vn 0.000000 2.540000 0.000000
vn 0.000000 2.540000 0.000000
vn 0.000000 2.540000 0.000000
vn 0.000000 2.540000 0.000000
vn 1.033459 1.476345 1.789963
vn -0.148053 1.295495 2.179764
vn -1.079556 0.918302 2.107814
vn -2.199692 0.000000 1.270021
vn -2.199692 0.000000 1.270021
vn -1.968711 0.274980 1.581191
vn -0.607189 1.137005 2.188639
vn 0.226550 1.388922 2.114515
vn 1.033459 1.476345 1.789963
vn 1.033459 1.476345 1.789963
vn 1.033459 1.476345 1.789963
vn 1.033459 1.476345 1.789963
vn 1.033459 1.476345 1.789963
vn 1.033459 1.476345 1.789963
vn 1.033459 1.476345 1.789963
vn 1.033459 1.476345 1.789963
vn 1.033459 1.476345 1.789963
vn 1.033459 1.476345 1.789963
vn 1.033459 1.476345 1.789963
vn 1.033459 1.476345 1.789963
vn 1.033459 1.476345 1.789963
vn 1.033459 1.476345 1.789963
vn 1.033459 1.476345 1.789963
vn 1.033459 1.476345 1.789963
vn 1.033459 1.476345 1.789963
vn 1.033459 1.476345 1.789963
vn 1.033459 1.476345 1.789963
vn 1.033459 1.476345 1.789963
vn 1.033459 1.476345 1.789963
vn -2.066883 1.476345 0.000000
vn -1.813693 1.295495 -1.218118
vn -1.285622 0.918301 -1.988844
vn 0.000000 0.000000 -2.540000
vn 0.000000 0.000000 -2.540000
vn -0.384972 0.274980 -2.495553
vn -1.591807 1.137005 -1.620176
vn -1.944490 1.388922 -0.861078
vn -2.066883 1.476345 0.000000
vn 0.000000 0.000000 -2.540000
vn 0.000000 0.000000 -2.540000
vn 0.000000 0.000000 -2.540000
vn 0.000000 0.000000 -2.540000
vn 0.000000 0.000000 -2.540000
vn 1.033441 1.476345 -1.789973
vn 1.961767 1.295495 -0.961645
vn 2.365200 0.918302 -0.118961
vn 2.199704 0.000000 1.270000
vn 2.199704 0.000000 1.270000
vn 2.353698 0.274980 0.914381
vn 2.199017 1.137005 -0.568457
vn 1.717960 1.388922 -1.253439
vn 1.033441 1.476345 -1.789973
vn 2.206958 0.000000 -1.257354
vn 2.365344 0.916547 0.129189
vn 1.960335 1.293480 0.967262
vn 1.033459 1.476345 1.789963
vn 1.033459 1.476345 1.789963
vn 1.441078 1.446951 1.510373
vn 2.015853 1.264271 0.888570
vn 2.356166 0.934546 0.163418
vn 2.206958 0.000000 -1.257354
vn 2.397580 0.838443 -0.015022
vn 2.123646 1.195362 0.716127
vn 1.462977 1.443570 1.492449
vn 2.295743 1.028938 0.349931
vn 2.356062 0.268100 -0.910327
vn 2.206958 0.000000 -1.257354
vn 1.270021 0.000000 2.199692
vn 1.270021 0.000000 2.199692
vn 1.270021 0.000000 2.199692
vn 1.270021 0.000000 2.199692
vn 1.270021 0.000000 2.199692
vn 1.270021 0.000000 2.199692
vn 1.270021 0.000000 2.199692
vn 1.270021 0.000000 2.199692
vn 1.270021 0.000000 2.199692
vn -2.540000 0.000000 0.000000
vn -2.540000 0.000000 0.000000
vn -2.540000 0.000000 0.000000
vn -2.540000 0.000000 0.000000
vn -2.540000 0.000000 0.000000
vn -2.540000 0.000000 0.000000
vn -2.199692 0.000000 1.270021
vn -2.199692 0.000000 1.270021
vn -2.199692 0.000000 1.270021
vn -2.199692 0.000000 1.270021
vn -2.199692 0.000000 1.270021
vn 2.199704 0.000000 1.270000
vn 2.199704 0.000000 1.270000
vn 2.199704 0.000000 1.270000
vn 2.199704 0.000000 1.270000
vn 2.199704 0.000000 1.270000
vn 2.206958 0.000000 -1.257354
vn 2.206958 0.000000 -1.257354
vn 2.206958 0.000000 -1.257354
vn 2.206958 0.000000 -1.257354
vn 2.206958 0.000000 -1.257354
vn 0.000000 2.540000 0.000000
vn 0.000000 2.540000 0.000000
vn 0.000000 2.540000 0.000000
vn 0.000000 2.540000 0.000000
vn 0.000000 2.540000 0.000000
vn 0.000000 2.540000 0.000000
vn 0.000000 2.540000 0.000000
vn 0.000000 2.540000 0.000000
vn 0.000000 2.540000 0.000000
vn 0.000000 2.540000 0.000000
vn 0.000000 2.540000 0.000000
vn 0.000000 2.540000 0.000000
vn 0.000000 2.540000 0.000000
vn 0.000000 2.540000 0.000000
vn 0.000000 2.540000 0.000000
vn 1.270000 0.000000 -2.199704
vn 1.270000 0.000000 -2.199704
vn 1.270000 0.000000 -2.199704
vn 1.270000 0.000000 -2.199704
vn 1.270000 0.000000 -2.199704
vn 1.270000 0.000000 -2.199704
vn 0.000000 2.540000 0.000000
vn 0.000000 2.540000 0.000000
vn 0.000000 2.540000 0.000000
vn 0.000000 2.540000 0.000000
vn 0.000000 2.540000 0.000000
vn 0.000000 2.540000 0.000000
vn 0.000000 2.540000 0.000000
vn 0.000000 2.540000 0.000000
vn 0.000000 2.540000 0.000000
vn 0.000000 2.540000 0.000000
vn 0.000000 2.540000 0.000000
vn 0.000000 2.540000 0.000000
vn 0.000000 2.540000 0.000000
vn 0.000000 2.540000 0.000000
vn 0.000000 2.540000 0.000000
vn 0.000000 2.540000 0.000000
vn 0.000000 2.540000 0.000000
vn 0.000000 2.540000 0.000000
vn 0.000000 2.540000 0.000000
vn 0.000000 2.540000 0.000000
vn 0.000000 2.540000 0.000000
vn 0.000000 2.540000 0.000000
vn 0.000000 2.540000 0.000000
vn 0.000000 2.540000 0.000000
vn 0.000000 2.540000 0.000000
vn 0.000000 2.540000 0.000000
vn 0.000000 2.540000 0.000000
vn 0.000000 2.540000 0.000000
vn 0.000000 2.540000 0.000000
vn 0.000000 2.540000 0.000000
vn 0.000000 2.540000 0.000000
vn 0.000000 2.540000 0.000000
vn 0.000000 2.540000 0.000000
vn 0.000000 2.540000 0.000000
vn 0.000000 2.540000 0.000000
vn 0.000000 2.540000 0.000000
vn 0.000000 2.540000 0.000000
vn 0.000000 2.540000 0.000000
vn 0.000000 2.540000 0.000000
vn 0.000000 2.540000 0.000000
vn 0.000000 2.540000 0.000000
vn 0.000000 2.540000 0.000000
vn 0.000000 2.540000 0.000000
vn 0.000000 2.540000 0.000000
vn 0.000000 2.540000 0.000000
vn 0.000000 2.540000 0.000000
vn 0.000000 2.540000 0.000000
vn 0.000000 2.540000 0.000000
vn 0.000000 2.540000 0.000000
vn 0.000000 2.540000 0.000000
vn 0.000000 2.540000 0.000000
vn 0.000000 2.540000 0.000000
vn 0.000000 2.540000 0.000000
vn 0.000000 2.540000 0.000000
vn 0.000000 2.540000 0.000000
vn 0.000000 2.540000 0.000000
vn 0.000000 2.540000 0.000000
vn 0.000000 2.540000 0.000000
vn 0.000000 2.540000 0.000000
vn 0.000000 2.540000 0.000000
vn 0.000000 2.540000 0.000000
vn 0.000000 2.540000 0.000000
vn 0.000000 2.540000 0.000000
vn 0.000000 2.540000 0.000000
vn 0.000000 2.540000 0.000000
vn 0.000000 2.540000 0.000000
vn 0.000000 2.540000 0.000000
vn 0.000000 2.540000 0.000000
vn 0.000000 2.540000 0.000000
vn 0.000000 2.540000 0.000000
vn 0.000000 2.540000 0.000000
vn 0.000000 2.540000 0.000000
vn 0.000000 2.540000 0.000000
vn 0.000000 2.540000 0.000000
vn 0.000000 2.540000 0.000000
vn 0.000000 2.540000 0.000000
vn 0.000000 2.540000 0.000000
vn 0.000000 2.540000 0.000000
vn 0.000000 2.540000 0.000000
vn 0.000000 2.540000 0.000000
vn 0.000000 2.540000 0.000000
vn 0.000000 2.540000 0.000000
vn 0.000000 2.540000 0.000000
vn 0.000000 -2.540000 0.000000
vn 0.000000 -2.540000 0.000000
vn 0.000000 -2.540000 0.000000
vn 0.000000 -2.540000 0.000000
vn 0.000000 -2.540000 0.000000
vn 0.000000 -2.540000 0.000000
vn 0.000000 -2.540000 0.000000
vn 0.000000 -2.540000 0.000000
vn 0.000000 -2.540000 0.000000
vn 0.000000 -2.540000 0.000000
vn 0.000000 -2.540000 0.000000
vn 0.000000 -2.540000 0.000000
vn 0.000000 -2.540000 0.000000
vn 0.000000 -2.540000 0.000000
vn 0.000000 -2.540000 0.000000
vn 0.000000 -2.540000 0.000000
vn 0.000000 -2.540000 0.000000
vn 0.000000 -2.540000 0.000000
vn 0.000000 -2.540000 0.000000
vn 0.000000 -2.540000 0.000000
vn 0.000000 -2.540000 0.000000
vn 0.000000 -2.540000 0.000000
vn 0.000000 -2.540000 0.000000
vn 0.000000 -2.540000 0.000000
vn 0.000000 -2.540000 0.000000
vn 0.000000 -2.540000 0.000000
vn 0.000000 -2.540000 0.000000
vn 0.000000 -2.540000 0.000000
vn 0.000000 -2.540000 0.000000
vn 0.000000 -2.540000 0.000000
vn 0.000000 -2.540000 0.000000
vn 0.000000 -2.540000 0.000000
vn 0.000000 -2.540000 0.000000
vn 0.000000 -2.540000 0.000000
vn 0.000000 -2.540000 0.000000
vn 0.000000 -2.540000 0.000000
vn 0.000000 -2.540000 0.000000
vn 0.000000 -2.540000 0.000000
vn 0.000000 -2.540000 0.000000
vn 0.000000 -2.540000 0.000000
vn 0.000000 -2.540000 0.000000
vn 0.000000 -2.540000 0.000000
vn 0.000000 -2.540000 0.000000
vn 0.000000 -2.540000 0.000000
vn 0.000000 -2.540000 0.000000
vn 0.000000 -2.540000 0.000000
vn 0.000000 -2.540000 0.000000
vn 0.000000 -2.540000 0.000000
vn 0.000000 -2.540000 0.000000
vn 0.000000 -2.540000 0.000000
vn 0.000000 -2.540000 0.000000
vn 0.000000 -2.540000 0.000000
vn 0.000000 -2.540000 0.000000
vn 0.000000 -2.540000 0.000000
vn 0.000000 -2.540000 0.000000
vn 0.000000 -2.540000 0.000000
vn 0.000000 -2.540000 0.000000
vn 0.000000 -2.540000 0.000000
vn 0.000000 -2.540000 0.000000
vn 0.000000 -2.540000 0.000000
vn 0.000000 -2.540000 0.000000
vn 0.000000 -2.540000 0.000000
vn 0.000000 -2.540000 0.000000
vn 0.000000 -2.540000 0.000000
vn 0.000000 -2.540000 0.000000
vn 0.000000 -2.540000 0.000000
vn 0.000000 -2.540000 0.000000
vn 0.000000 -2.540000 0.000000
vn 0.000000 -2.540000 0.000000
vn 0.000000 -2.540000 0.000000
vn 0.000000 -2.540000 0.000000
vn 0.000000 -2.540000 0.000000
vn 0.000000 -2.540000 0.000000
vn 0.000000 -2.540000 0.000000
vn 0.000000 -2.540000 0.000000
vn 0.000000 -2.540000 0.000000
vn 0.000000 -2.540000 0.000000
vn 0.000000 -2.540000 0.000000
vn 0.000000 -2.540000 0.000000
vn 0.000000 -2.540000 0.000000
vn 0.000000 -2.540000 0.000000
vn 0.000000 -2.540000 0.000000
vn 0.000000 -2.540000 0.000000
vn 0.000000 -2.540000 0.000000
vn 0.000000 -2.540000 0.000000
vn 0.000000 -2.540000 0.000000
vn 0.000000 -2.540000 0.000000
vn 0.000000 -2.540000 0.000000
vn 0.000000 -2.540000 0.000000
vn 0.000000 -2.540000 0.000000
vn 0.000000 -2.540000 0.000000
vn 0.000000 -2.540000 0.000000
vn 0.000000 -2.540000 0.000000
vn 0.000000 -2.540000 0.000000
vn 0.000000 -2.540000 0.000000
vn 0.000000 -2.540000 0.000000
vn 0.000000 -2.540000 0.000000
vn 0.000000 -2.540000 0.000000
vn 0.000000 -2.540000 0.000000
vn 0.000000 -2.540000 0.000000
vn 0.000000 -2.540000 0.000000
vn 0.000000 -2.540000 0.000000
vn 0.000000 -2.540000 0.000000
vn 0.000000 -2.540000 0.000000
vn 0.000000 -2.540000 0.000000
vn 0.000000 -2.540000 0.000000
vn 0.000000 -2.540000 0.000000
vn 0.000000 -2.540000 0.000000
vn 0.000000 -2.540000 0.000000
vn 0.000000 -2.540000 0.000000
vn 0.000000 -2.540000 0.000000
vn 0.000000 -2.540000 0.000000
vn 0.000000 -2.540000 0.000000
vn 0.000000 -2.540000 0.000000
vn 0.000000 -2.540000 0.000000
vn 0.000000 -2.540000 0.000000
vn 0.000000 -2.540000 0.000000
vn 0.000000 -2.540000 0.000000
vn 0.000000 -2.540000 0.000000
vn 0.000000 -2.540000 0.000000
vn 0.000000 -2.540000 0.000000
vn 0.000000 -2.540000 0.000000
vn 0.000000 -2.540000 0.000000
vn 0.000000 -2.540000 0.000000
vn 0.000000 -2.540000 0.000000
vn 0.000000 -2.540000 0.000000
vn 0.000000 -2.540000 0.000000
vn 0.000000 -2.540000 0.000000
vn 0.000000 -2.540000 0.000000
vn 0.000000 -2.540000 0.000000
vn 0.000000 -2.540000 0.000000
vn 0.000000 -2.540000 0.000000
vn 0.000000 -2.540000 0.000000
vn 0.000000 -2.540000 0.000000
vn 0.000000 -2.540000 0.000000
vn 0.000000 -2.540000 0.000000
vn 0.000000 -2.540000 0.000000
vn 0.000000 -2.540000 0.000000
vn 0.000000 -2.540000 0.000000
vn 0.000000 -2.540000 0.000000
vn 0.000000 -2.540000 0.000000
vn 0.000000 -2.540000 0.000000
vn 0.000000 -2.540000 0.000000
vn 0.000000 -2.540000 0.000000
vn 0.000000 -2.540000 0.000000
vn 0.000000 -2.540000 0.000000
vn 0.000000 -2.540000 0.000000
vn 0.000000 -2.540000 0.000000
vn 0.000000 -2.540000 0.000000
vn 0.000000 -2.540000 0.000000
vn 0.000000 -2.540000 0.000000
vn 0.000000 -2.540000 0.000000
vn 0.000000 -2.540000 0.000000
vn 0.000000 -2.540000 0.000000
vn 0.000000 -2.540000 0.000000
vn 0.000000 -2.540000 0.000000
vn 0.000000 -2.540000 0.000000
vn 0.000000 -2.540000 0.000000
vn 0.000000 -2.540000 0.000000
vn 0.000000 -2.540000 0.000000
vn 0.000000 -2.540000 0.000000
vn 0.000000 -2.540000 0.000000
vn 0.000000 2.540000 0.000000
vn 0.000000 2.540000 0.000000
vn 0.000000 2.540000 0.000000
vn 0.000000 2.540000 0.000000
vn 0.000000 2.540000 0.000000
vn 0.000000 2.540000 0.000000
vn 0.000000 2.540000 0.000000
vn 0.000000 2.540000 0.000000
vn 0.000000 2.540000 0.000000
vn 0.000000 2.540000 0.000000
vn 0.000000 2.540000 0.000000
vn 0.000000 2.540000 0.000000
vn 0.000000 2.540000 0.000000
vn 0.000000 2.540000 0.000000
vn 0.000000 2.540000 0.000000
vn 0.000000 2.540000 0.000000
vn 0.000000 2.540000 0.000000
vn 0.000000 2.540000 0.000000
vn 0.000000 2.540000 0.000000
vn 0.000000 2.540000 0.000000
vn 0.000000 2.540000 0.000000
vn 0.000000 2.540000 0.000000
vn 0.000000 2.540000 0.000000
vn 0.000000 2.540000 0.000000
vn 0.000000 2.540000 0.000000
vn 0.000000 2.540000 0.000000
vn 0.000000 2.540000 0.000000
vn 0.000000 2.540000 0.000000
vn 0.000000 2.540000 0.000000
vn 0.000000 2.540000 0.000000
vn 0.000000 2.540000 0.000000
vn 0.000000 2.540000 0.000000
vn 0.000000 2.540000 0.000000
vn 0.000000 2.540000 0.000000
vn 0.000000 2.540000 0.000000
vn 0.000000 2.540000 0.000000
vn 0.000000 2.540000 0.000000
vn 0.000000 2.540000 0.000000
vn 0.000000 2.540000 0.000000
vn 0.000000 2.540000 0.000000
vn 0.000000 2.540000 0.000000
vn 0.000000 2.540000 0.000000
vn 0.000000 2.540000 0.000000
vn 0.000000 2.540000 0.000000
vn 0.000000 2.540000 0.000000
vn 0.000000 2.540000 0.000000
vn 0.000000 2.540000 0.000000
vn 0.000000 2.540000 0.000000
vn 0.000000 2.540000 0.000000
vn 0.000000 2.540000 0.000000
vn 0.000000 2.540000 0.000000
vn 0.000000 2.540000 0.000000
vn 0.000000 2.540000 0.000000
vn 0.000000 2.540000 0.000000
vn 0.000000 2.540000 0.000000
vn 0.000000 2.540000 0.000000
vn 0.000000 2.540000 0.000000
vn 0.000000 2.540000 0.000000
vn 0.000000 2.540000 0.000000
vn 0.000000 2.540000 0.000000
vn 0.000000 2.540000 0.000000
vn 0.000000 2.540000 0.000000
vn 0.000000 2.540000 0.000000
vn 0.000000 2.540000 0.000000
vn 0.000000 2.540000 0.000000
vn 0.000000 2.540000 0.000000
vn 0.000000 2.540000 0.000000
vn 0.000000 2.540000 0.000000
vn 0.000000 2.540000 0.000000
vn 0.000000 2.540000 0.000000
vn 0.000000 2.540000 0.000000
vn 0.000000 2.540000 0.000000
vn 0.000000 2.540000 0.000000
vn 0.000000 2.540000 0.000000
vn 0.000000 2.540000 0.000000
vn 0.000000 2.540000 0.000000
vn 0.000000 2.540000 0.000000
vn 0.000000 2.540000 0.000000
vn 0.000000 2.540000 0.000000
vn 0.000000 2.540000 0.000000
vn 0.000000 2.540000 0.000000
vn 0.000000 2.540000 0.000000
vn 0.000000 2.540000 0.000000
vn 0.000000 2.540000 0.000000
vn 0.000000 2.540000 0.000000
vn 0.000000 2.540000 0.000000
vn 0.000000 2.540000 0.000000
vn 0.000000 2.540000 0.000000
vn 0.000000 2.540000 0.000000
vn 0.000000 2.540000 0.000000
vn 0.000000 2.540000 0.000000
vn 0.000000 2.540000 0.000000
vn 0.000000 2.540000 0.000000
vn 0.000000 2.540000 0.000000
vn 0.000000 2.540000 0.000000
vn 0.000000 2.540000 0.000000
vn 0.000000 2.540000 0.000000
vn 0.000000 2.540000 0.000000
vn 0.000000 2.540000 0.000000
vn 0.000000 2.540000 0.000000
vn 0.000000 2.540000 0.000000
vn 0.000000 2.540000 0.000000
vn 0.000000 2.540000 0.000000
vn 0.000000 2.540000 0.000000
vn 0.000000 2.540000 0.000000
vn 0.000000 2.540000 0.000000
vn 0.000000 2.540000 0.000000
vn 0.000000 2.540000 0.000000
vn 0.000000 2.540000 0.000000
vn 0.000000 2.540000 0.000000
vn 0.000000 2.540000 0.000000
vn 0.000000 2.540000 0.000000
vn 0.000000 2.540000 0.000000
vn 0.000000 2.540000 0.000000
vn 0.000000 2.540000 0.000000
vn 0.000000 2.540000 0.000000
vn 0.000000 2.540000 0.000000
vn 0.000000 2.540000 0.000000
vn 0.000000 2.540000 0.000000
vn 0.000000 2.540000 0.000000
vn 0.000000 2.540000 0.000000
vn 0.000000 2.540000 0.000000
vn 0.000000 2.540000 0.000000
vn 0.000000 2.540000 0.000000
vn 0.000000 2.540000 0.000000
vn 0.000000 2.540000 0.000000
vn 0.000000 2.540000 0.000000
vn 0.000000 2.540000 0.000000
vn 0.000000 2.540000 0.000000
vn 0.000000 2.540000 0.000000
vn 0.000000 2.540000 0.000000
vn 0.000000 2.540000 0.000000
vn 0.000000 2.540000 0.000000
vn 0.000000 2.540000 0.000000
vn 0.000000 2.540000 0.000000
vn 0.000000 2.540000 0.000000
vn 0.000000 2.540000 0.000000
vn 0.000000 2.540000 0.000000
vn 0.000000 2.540000 0.000000
vn 0.000000 2.540000 0.000000
vn 0.000000 2.540000 0.000000
vn 0.000000 2.540000 0.000000
vn 0.000000 2.540000 0.000000
vn 0.000000 2.540000 0.000000
vn 0.000000 2.540000 0.000000
vn 0.000000 2.540000 0.000000
vn 0.000000 2.540000 0.000000
vn -0.264583 0.000000 2.526182
vn -0.784464 0.000000 2.415826
vn -1.270000 0.000000 2.199704
vn -1.699935 0.000000 1.887279
vn -2.055446 0.000000 1.492227
vn -2.055446 0.000000 1.492227
vn -1.699935 0.000000 1.887279
vn -1.270000 0.000000 2.199704
vn -0.784464 0.000000 2.415826
vn -0.264583 0.000000 2.526182
vn 2.540000 0.000000 0.000000
vn 2.540000 0.000000 0.000000
vn 2.540000 0.000000 0.000000
vn 2.540000 0.000000 0.000000
vn 1.812355 0.000000 -1.779598
vn 1.463202 0.000000 -2.076208
vn 1.066448 0.000000 -2.305274
vn 0.635000 0.000000 -2.459344
vn 0.635000 0.000000 -2.459344
vn 1.066448 0.000000 -2.305274
vn 1.463202 0.000000 -2.076208
vn 1.812355 0.000000 -1.779598
vn -1.270000 0.000000 -2.199704
vn -1.270000 0.000000 -2.199704
vn -1.270000 0.000000 -2.199704
vn -1.270000 0.000000 -2.199704
vn 0.635000 0.000000 2.459344
vn 1.066448 0.000000 2.305274
vn 1.463202 0.000000 2.076208
vn 1.812355 0.000000 1.779598
vn 1.812355 0.000000 1.779598
vn 1.463202 0.000000 2.076208
vn 1.066448 0.000000 2.305274
vn 0.635000 0.000000 2.459344
vn 2.540000 0.000000 0.000000
vn 2.540000 0.000000 0.000000
vn 2.540000 0.000000 0.000000
vn 2.540000 0.000000 0.000000
vn -2.055446 0.000000 -1.492227
vn -1.699935 0.000000 -1.887279
vn -1.270000 0.000000 -2.199704
vn -0.784464 0.000000 -2.415826
vn -0.264583 0.000000 -2.526182
vn -0.264583 0.000000 -2.526182
vn -0.784464 0.000000 -2.415826
vn -1.270000 0.000000 -2.199704
vn -1.699935 0.000000 -1.887279
vn -2.055446 0.000000 -1.492227
vn -1.270000 0.000000 2.199704
vn -1.270000 0.000000 2.199704
vn -1.270000 0.000000 2.199704
vn -1.270000 0.000000 2.199704
vn 1.270000 0.000000 2.199704
vn 1.270000 0.000000 2.199704
vn 1.270000 0.000000 2.199704
vn 1.270000 0.000000 2.199704
vn 2.447355 0.000000 0.679746
vn 2.529650 0.000000 0.229066
vn 2.529650 0.000000 -0.229066
vn 2.447355 0.000000 -0.679746
vn 2.447355 0.000000 -0.679746
vn 2.529650 0.000000 -0.229066
vn 2.529650 0.000000 0.229066
vn 2.447355 0.000000 0.679746
vn 1.270000 0.000000 -2.199704
vn 1.270000 0.000000 -2.199704
vn 1.270000 0.000000 -2.199704
vn 1.270000 0.000000 -2.199704
vn -2.320029 0.000000 1.033955
vn -2.484399 0.000000 0.528548
vn -2.540000 0.000000 0.000000
vn -2.484399 0.000000 -0.528548
vn -2.320029 0.000000 -1.033955
vn -2.320029 0.000000 -1.033955
vn -2.484399 0.000000 -0.528548
vn -2.540000 0.000000 0.000000
vn -2.484399 0.000000 0.528548
vn -2.320029 0.000000 1.033955
vn -2.447355 0.000000 -0.679746
vn -2.529650 0.000000 -0.229066
vn -2.529650 0.000000 0.229066
vn -2.447355 0.000000 0.679746
vn -2.447355 0.000000 0.679746
vn -2.529650 0.000000 0.229066
vn -2.529650 0.000000 -0.229066
vn -2.447355 0.000000 -0.679746
vn -1.270000 0.000000 2.199704
vn -1.270000 0.000000 2.199704
vn -1.270000 0.000000 2.199704
vn -1.270000 0.000000 2.199704
vn 2.320029 0.000000 -1.033955
vn 2.484399 0.000000 -0.528548
vn 2.540000 0.000000 0.000000
vn 2.484399 0.000000 0.528548
vn 2.320029 0.000000 1.033955
vn 2.320029 0.000000 1.033955
vn 2.484399 0.000000 0.528548
vn 2.540000 0.000000 0.000000
vn 2.484399 0.000000 -0.528548
vn 2.320029 0.000000 -1.033955
vn -1.270000 0.000000 -2.199704
vn -1.270000 0.000000 -2.199704
vn -1.270000 0.000000 -2.199704
vn -1.270000 0.000000 -2.199704
vn 1.270000 0.000000 -2.199704
vn 1.270000 0.000000 -2.199704
vn 1.270000 0.000000 -2.199704
vn 1.270000 0.000000 -2.199704
vn -2.320029 0.000000 1.033955
vn -2.484399 0.000000 0.528548
vn -2.540000 0.000000 0.000000
vn -2.484399 0.000000 -0.528548
vn -2.320029 0.000000 -1.033955
vn -2.320029 0.000000 -1.033955
vn -2.484399 0.000000 -0.528548
vn -2.540000 0.000000 0.000000
vn -2.484399 0.000000 0.528548
vn -2.320029 0.000000 1.033955
vn 1.270000 0.000000 2.199704
vn 1.270000 0.000000 2.199704
vn 1.270000 0.000000 2.199704
vn 1.270000 0.000000 2.199704
vn 2.447355 0.000000 0.679746
vn 2.529650 0.000000 0.229066
vn 2.529650 0.000000 -0.229066
vn 2.447355 0.000000 -0.679746
vn 2.447355 0.000000 -0.679746
vn 2.529650 0.000000 -0.229066
vn 2.529650 0.000000 0.229066
vn 2.447355 0.000000 0.679746
vn -0.264583 0.000000 2.526182
vn -0.784464 0.000000 2.415826
vn -1.270000 0.000000 2.199704
vn -1.699935 0.000000 1.887279
vn -2.055446 0.000000 1.492227
vn -2.055446 0.000000 1.492227
vn -1.699935 0.000000 1.887279
vn -1.270000 0.000000 2.199704
vn -0.784464 0.000000 2.415826
vn -0.264583 0.000000 2.526182
vn 2.540000 0.000000 0.000000
vn 2.540000 0.000000 0.000000
vn 2.540000 0.000000 0.000000
vn 2.540000 0.000000 0.000000
vn 1.812355 0.000000 -1.779598
vn 1.463202 0.000000 -2.076208
vn 1.066448 0.000000 -2.305274
vn 0.635000 0.000000 -2.459344
vn 0.635000 0.000000 -2.459344
vn 1.066448 0.000000 -2.305274
vn 1.463202 0.000000 -2.076208
vn 1.812355 0.000000 -1.779598
vn -1.270000 0.000000 -2.199704
vn -1.270000 0.000000 -2.199704
vn -1.270000 0.000000 -2.199704
vn -1.270000 0.000000 -2.199704
vn 0.635000 0.000000 2.459344
vn 1.066448 0.000000 2.305274
vn 1.463202 0.000000 2.076208
vn 1.812355 0.000000 1.779598
vn 1.812355 0.000000 1.779598
vn 1.463202 0.000000 2.076208
vn 1.066448 0.000000 2.305274
vn 0.635000 0.000000 2.459344
vn 2.540000 0.000000 0.000000
vn 2.540000 0.000000 0.000000
vn 2.540000 0.000000 0.000000
vn 2.540000 0.000000 0.000000
vn -2.055446 0.000000 -1.492227
vn -1.699935 0.000000 -1.887279
vn -1.270000 0.000000 -2.199704
vn -0.784464 0.000000 -2.415826
vn -0.264583 0.000000 -2.526182
vn -0.264583 0.000000 -2.526182
vn -0.784464 0.000000 -2.415826
vn -1.270000 0.000000 -2.199704
vn -1.699935 0.000000 -1.887279
vn -2.055446 0.000000 -1.492227
vn -1.270000 0.000000 2.199704
vn -1.270000 0.000000 2.199704
vn -1.270000 0.000000 2.199704
vn -1.270000 0.000000 2.199704
vn -0.264583 0.000000 2.526182
vn -0.784464 0.000000 2.415826
vn -1.270000 0.000000 2.199704
vn -1.699935 0.000000 1.887279
vn -2.055446 0.000000 1.492227
vn -2.055446 0.000000 1.492227
vn -1.699935 0.000000 1.887279
vn -1.270000 0.000000 2.199704
vn -0.784464 0.000000 2.415826
vn -0.264583 0.000000 2.526182
vn 2.540000 0.000000 0.000000
vn 2.540000 0.000000 0.000000
vn 2.540000 0.000000 0.000000
vn 2.540000 0.000000 0.000000
vn 1.812355 0.000000 -1.779598
vn 1.463202 0.000000 -2.076208
vn 1.066448 0.000000 -2.305274
vn 0.635000 0.000000 -2.459344
vn 0.635000 0.000000 -2.459344
vn 1.066448 0.000000 -2.305274
vn 1.463202 0.000000 -2.076208
vn 1.812355 0.000000 -1.779598
vn -1.270000 0.000000 -2.199704
vn -1.270000 0.000000 -2.199704
vn -1.270000 0.000000 -2.199704
vn -1.270000 0.000000 -2.199704
vn 2.055446 0.000000 1.492227
vn 1.699935 0.000000 1.887279
vn 1.270000 0.000000 2.199704
vn 0.784464 0.000000 2.415826
vn 0.264583 0.000000 2.526182
vn 0.264583 0.000000 2.526182
vn 0.784464 0.000000 2.415826
vn 1.270000 0.000000 2.199704
vn 1.699935 0.000000 1.887279
vn 2.055446 0.000000 1.492227
vn 1.270000 0.000000 -2.199704
vn 1.270000 0.000000 -2.199704
vn 1.270000 0.000000 -2.199704
vn 1.270000 0.000000 -2.199704
vn -0.635000 0.000000 -2.459344
vn -1.066448 0.000000 -2.305274
vn -1.463202 0.000000 -2.076208
vn -1.812355 0.000000 -1.779598
vn -1.812355 0.000000 -1.779598
vn -1.463202 0.000000 -2.076208
vn -1.066448 0.000000 -2.305274
vn -0.635000 0.000000 -2.459344
vn -2.540000 0.000000 0.000000
vn -2.540000 0.000000 0.000000
vn -2.540000 0.000000 0.000000
vn -2.540000 0.000000 0.000000
vn 0.264583 0.000000 -2.526182
vn 0.784464 0.000000 -2.415826
vn 1.270000 0.000000 -2.199704
vn 1.699935 0.000000 -1.887279
vn 2.055446 0.000000 -1.492227
vn 2.055446 0.000000 -1.492227
vn 1.699935 0.000000 -1.887279
vn 1.270000 0.000000 -2.199704
vn 0.784464 0.000000 -2.415826
vn 0.264583 0.000000 -2.526182
vn -2.540000 0.000000 0.000000
vn -2.540000 0.000000 0.000000
vn -2.540000 0.000000 0.000000
vn -2.540000 0.000000 0.000000
vn -1.812355 0.000000 1.779598
vn -1.463202 0.000000 2.076208
vn -1.066448 0.000000 2.305274
vn -0.635000 0.000000 2.459344
vn -0.635000 0.000000 2.459344
vn -1.066448 0.000000 2.305274
vn -1.463202 0.000000 2.076208
vn -1.812355 0.000000 1.779598
vn 1.270000 0.000000 2.199704
vn 1.270000 0.000000 2.199704
vn 1.270000 0.000000 2.199704
vn 1.270000 0.000000 2.199704
vn -1.270000 0.000000 -2.199704
vn -1.270000 0.000000 -2.199704
vn -1.270000 0.000000 -2.199704
vn -1.270000 0.000000 -2.199704
vn -2.447355 0.000000 -0.679746
vn -2.529650 0.000000 -0.229066
vn -2.529650 0.000000 0.229066
vn -2.447355 0.000000 0.679746
vn -2.447355 0.000000 0.679746
vn -2.529650 0.000000 0.229066
vn -2.529650 0.000000 -0.229066
vn -2.447355 0.000000 -0.679746
vn -1.270000 0.000000 2.199704
vn -1.270000 0.000000 2.199704
vn -1.270000 0.000000 2.199704
vn -1.270000 0.000000 2.199704
vn 2.320029 0.000000 -1.033955
vn 2.484399 0.000000 -0.528548
vn 2.540000 0.000000 0.000000
vn 2.484399 0.000000 0.528548
vn 2.320029 0.000000 1.033955
vn 2.320029 0.000000 1.033955
vn 2.484399 0.000000 0.528548
vn 2.540000 0.000000 0.000000
vn 2.484399 0.000000 -0.528548
vn 2.320029 0.000000 -1.033955
vn -1.270000 0.000000 -2.199704
vn -1.270000 0.000000 -2.199704
vn -1.270000 0.000000 -2.199704
vn -1.270000 0.000000 -2.199704
vn -2.447355 0.000000 -0.679746
vn -2.529650 0.000000 -0.229066
vn -2.529650 0.000000 0.229066
vn -2.447355 0.000000 0.679746
vn -2.447355 0.000000 0.679746
vn -2.529650 0.000000 0.229066
vn -2.529650 0.000000 -0.229066
vn -2.447355 0.000000 -0.679746
vn -1.270000 0.000000 2.199704
vn -1.270000 0.000000 2.199704
vn -1.270000 0.000000 2.199704
vn -1.270000 0.000000 2.199704
vn 2.320029 0.000000 -1.033955
vn 2.484399 0.000000 -0.528548
vn 2.540000 0.000000 0.000000
vn 2.484399 0.000000 0.528548
vn 2.320029 0.000000 1.033955
vn 2.320029 0.000000 1.033955
vn 2.484399 0.000000 0.528548
vn 2.540000 0.000000 0.000000
vn 2.484399 0.000000 -0.528548
vn 2.320029 0.000000 -1.033955
vn -1.270000 0.000000 2.199704
vn -1.270000 0.000000 2.199704
vn -1.270000 0.000000 2.199704
vn -1.270000 0.000000 2.199704
vn 0.635000 0.000000 2.459344
vn 1.066448 0.000000 2.305274
vn 1.463202 0.000000 2.076208
vn 1.812355 0.000000 1.779598
vn 1.812355 0.000000 1.779598
vn 1.463202 0.000000 2.076208
vn 1.066448 0.000000 2.305274
vn 0.635000 0.000000 2.459344
vn 2.540000 0.000000 0.000000
vn 2.540000 0.000000 0.000000
vn 2.540000 0.000000 0.000000
vn 2.540000 0.000000 0.000000
vn -2.055446 0.000000 -1.492227
vn -1.699935 0.000000 -1.887279
vn -1.270000 0.000000 -2.199704
vn -0.784464 0.000000 -2.415826
vn -0.264583 0.000000 -2.526182
vn -0.264583 0.000000 -2.526182
vn -0.784464 0.000000 -2.415826
vn -1.270000 0.000000 -2.199704
vn -1.699935 0.000000 -1.887279
vn -2.055446 0.000000 -1.492227
vn -2.320029 0.000000 1.033955
vn -2.484399 0.000000 0.528548
vn -2.540000 0.000000 0.000000
vn -2.484399 0.000000 -0.528548
vn -2.320029 0.000000 -1.033955
vn -2.320029 0.000000 -1.033955
vn -2.484399 0.000000 -0.528548
vn -2.540000 0.000000 0.000000
vn -2.484399 0.000000 0.528548
vn -2.320029 0.000000 1.033955
vn 1.270000 0.000000 2.199704
vn 1.270000 0.000000 2.199704
vn 1.270000 0.000000 2.199704
vn 1.270000 0.000000 2.199704
vn 2.447355 0.000000 0.679746
vn 2.529650 0.000000 0.229066
vn 2.529650 0.000000 -0.229066
vn 2.447355 0.000000 -0.679746
vn 2.447355 0.000000 -0.679746
vn 2.529650 0.000000 -0.229066
vn 2.529650 0.000000 0.229066
vn 2.447355 0.000000 0.679746
vn 1.270000 0.000000 -2.199704
vn 1.270000 0.000000 -2.199704
vn 1.270000 0.000000 -2.199704
vn 1.270000 0.000000 -2.199704
vn 2.055446 0.000000 1.492227
vn 1.699935 0.000000 1.887279
vn 1.270000 0.000000 2.199704
vn 0.784464 0.000000 2.415826
vn 0.264583 0.000000 2.526182
vn 0.264583 0.000000 2.526182
vn 0.784464 0.000000 2.415826
vn 1.270000 0.000000 2.199704
vn 1.699935 0.000000 1.887279
vn 2.055446 0.000000 1.492227
vn 1.270000 0.000000 -2.199704
vn 1.270000 0.000000 -2.199704
vn 1.270000 0.000000 -2.199704
vn 1.270000 0.000000 -2.199704
vn -0.635000 0.000000 -2.459344
vn -1.066448 0.000000 -2.305274
vn -1.463202 0.000000 -2.076208
vn -1.812355 0.000000 -1.779598
vn -1.812355 0.000000 -1.779598
vn -1.463202 0.000000 -2.076208
vn -1.066448 0.000000 -2.305274
vn -0.635000 0.000000 -2.459344
vn -2.540000 0.000000 0.000000
vn -2.540000 0.000000 0.000000
vn -2.540000 0.000000 0.000000
vn -2.540000 0.000000 0.000000
vn -2.540000 0.000000 0.000000
vn -2.540000 0.000000 0.000000
vn -2.540000 0.000000 0.000000
vn -2.540000 0.000000 0.000000
vn -1.812355 0.000000 1.779598
vn -1.463202 0.000000 2.076208
vn -1.066448 0.000000 2.305274
vn -0.635000 0.000000 2.459344
vn -0.635000 0.000000 2.459344
vn -1.066448 0.000000 2.305274
vn -1.463202 0.000000 2.076208
vn -1.812355 0.000000 1.779598
vn 1.270000 0.000000 2.199704
vn 1.270000 0.000000 2.199704
vn 1.270000 0.000000 2.199704
vn 1.270000 0.000000 2.199704
vn 0.264583 0.000000 -2.526182
vn 0.784464 0.000000 -2.415826
vn 1.270000 0.000000 -2.199704
vn 1.699935 0.000000 -1.887279
vn 2.055446 0.000000 -1.492227
vn 2.055446 0.000000 -1.492227
vn 1.699935 0.000000 -1.887279
vn 1.270000 0.000000 -2.199704
vn 0.784464 0.000000 -2.415826
vn 0.264583 0.000000 -2.526182
vn 2.055446 0.000000 1.492227
vn 1.699935 0.000000 1.887279
vn 1.270000 0.000000 2.199704
vn 0.784464 0.000000 2.415826
vn 0.264583 0.000000 2.526182
vn 0.264583 0.000000 2.526182
vn 0.784464 0.000000 2.415826
vn 1.270000 0.000000 2.199704
vn 1.699935 0.000000 1.887279
vn 2.055446 0.000000 1.492227
vn 1.270000 0.000000 -2.199704
vn 1.270000 0.000000 -2.199704
vn 1.270000 0.000000 -2.199704
vn 1.270000 0.000000 -2.199704
vn -0.635000 0.000000 -2.459344
vn -1.066448 0.000000 -2.305274
vn -1.463202 0.000000 -2.076208
vn -1.812355 0.000000 -1.779598
vn -1.812355 0.000000 -1.779598
vn -1.463202 0.000000 -2.076208
vn -1.066448 0.000000 -2.305274
vn -0.635000 0.000000 -2.459344
vn -2.540000 0.000000 0.000000
vn -2.540000 0.000000 0.000000
vn -2.540000 0.000000 0.000000
vn -2.540000 0.000000 0.000000
vn -1.812355 0.000000 1.779598
vn -1.463202 0.000000 2.076208
vn -1.066448 0.000000 2.305274
vn -0.635000 0.000000 2.459344
vn -0.635000 0.000000 2.459344
vn -1.066448 0.000000 2.305274
vn -1.463202 0.000000 2.076208
vn -1.812355 0.000000 1.779598
vn 1.270000 0.000000 2.199704
vn 1.270000 0.000000 2.199704
vn 1.270000 0.000000 2.199704
vn 1.270000 0.000000 2.199704
vn 0.264583 0.000000 -2.526182
vn 0.784464 0.000000 -2.415826
vn 1.270000 0.000000 -2.199704
vn 1.699935 0.000000 -1.887279
vn 2.055446 0.000000 -1.492227
vn 2.055446 0.000000 -1.492227
vn 1.699935 0.000000 -1.887279
vn 1.270000 0.000000 -2.199704
vn 0.784464 0.000000 -2.415826
vn 0.264583 0.000000 -2.526182
vn -2.540000 0.000000 0.000000
vn -2.540000 0.000000 0.000000
vn -2.540000 0.000000 0.000000
vn -2.540000 0.000000 0.000000
vn 1.270021 0.000000 2.199692
vn 1.270021 0.000000 2.199692
vn 1.270021 0.000000 2.199692
vn 1.270021 0.000000 2.199692
vn -2.540000 0.000000 0.000000
vn -2.501411 0.000000 0.441068
vn -2.386818 0.000000 0.868735
vn -2.199701 0.000000 1.270005
vn -1.945748 0.000000 1.632687
vn -1.632673 0.000000 1.945759
vn -1.269989 0.000000 2.199711
vn -0.868718 0.000000 2.386824
vn -0.441050 0.000000 2.501415
vn 0.000018 0.000000 2.540000
vn 0.441086 0.000000 2.501408
vn 0.868752 0.000000 2.386812
vn 1.270021 0.000000 2.199692
vn 1.270021 0.000000 2.199692
vn 0.868752 0.000000 2.386812
vn 0.441086 0.000000 2.501408
vn 0.000018 0.000000 2.540000
vn -0.441050 0.000000 2.501415
vn -0.868718 0.000000 2.386824
vn -1.269989 0.000000 2.199711
vn -1.632673 0.000000 1.945759
vn -1.945748 0.000000 1.632687
vn -2.199701 0.000000 1.270005
vn -2.386818 0.000000 0.868735
vn -2.501411 0.000000 0.441068
vn -2.540000 0.000000 0.000000
vn -2.540000 0.000000 0.000000
vn -2.540000 0.000000 0.000000
vn -2.540000 0.000000 0.000000
vn -2.540000 0.000000 0.000000
vn 1.270000 0.000000 -2.199704
vn 0.868731 0.000000 -2.386819
vn 0.441066 0.000000 -2.501412
vn 0.000000 0.000000 -2.540000
vn -0.441066 0.000000 -2.501412
vn -0.868731 0.000000 -2.386819
vn -1.270000 0.000000 -2.199704
vn -1.632681 0.000000 -1.945753
vn -1.945753 0.000000 -1.632681
vn -2.199704 0.000000 -1.270000
vn -2.386819 0.000000 -0.868731
vn -2.501412 0.000000 -0.441066
vn -2.540000 0.000000 0.000000
vn -2.540000 0.000000 0.000000
vn -2.501412 0.000000 -0.441066
vn -2.386819 0.000000 -0.868731
vn -2.199704 0.000000 -1.270000
vn -1.945753 0.000000 -1.632681
vn -1.632681 0.000000 -1.945753
vn -1.270000 0.000000 -2.199704
vn -0.868731 0.000000 -2.386819
vn -0.441066 0.000000 -2.501412
vn 0.000000 0.000000 -2.540000
vn 0.441066 0.000000 -2.501412
vn 0.868731 0.000000 -2.386819
vn 1.270000 0.000000 -2.199704
vn 1.270000 0.000000 -2.199704
vn 1.270000 0.000000 -2.199704
vn 1.270000 0.000000 -2.199704
vn 1.270000 0.000000 -2.199704
vn 1.259740 0.000000 2.205596
vn 1.624358 0.000000 1.952706
vn 1.939401 0.000000 1.640221
vn 2.195255 0.000000 1.277677
vn 2.384110 0.000000 0.876139
vn 2.500204 0.000000 0.447861
vn 2.539993 0.000000 0.005916
vn 2.502263 0.000000 -0.436211
vn 2.388165 0.000000 -0.865024
vn 2.201182 0.000000 -1.267438
vn 1.947020 0.000000 -1.631170
vn 1.633436 0.000000 -1.945119
vn 1.270000 0.000000 -2.199704
vn 1.270000 0.000000 -2.199704
vn 1.633436 0.000000 -1.945119
vn 1.947020 0.000000 -1.631170
vn 2.201182 0.000000 -1.267438
vn 2.388165 0.000000 -0.865024
vn 2.502263 0.000000 -0.436211
vn 2.539993 0.000000 0.005916
vn 2.500204 0.000000 0.447861
vn 2.384110 0.000000 0.876139
vn 2.195255 0.000000 1.277677
vn 1.939401 0.000000 1.640221
vn 1.624358 0.000000 1.952706
vn 1.259740 0.000000 2.205596
vn 0.000000 -2.540000 0.000000
vn 0.000000 -2.540000 0.000000
vn 0.000000 -2.540000 0.000000
vn 0.000000 -2.540000 0.000000
vn 0.000000 -2.540000 0.000000
vn 0.000000 -2.540000 0.000000
vn 0.000000 -2.540000 0.000000
vn 0.000000 -2.540000 0.000000
vn 0.000000 -2.540000 0.000000
vn 0.000000 -2.540000 0.000000
vn 0.000000 -2.540000 0.000000
vn 0.000000 -2.540000 0.000000
vn 0.000000 -2.540000 0.000000
vn 0.000000 -2.540000 0.000000
vn 0.000000 -2.540000 0.000000
vn 0.000000 -2.540000 0.000000
vn 0.000000 -2.540000 0.000000
vn 0.000000 -2.540000 0.000000
vn 0.000000 -2.540000 0.000000
vn 0.000000 -2.540000 0.000000
vn 0.000000 -2.540000 0.000000
vn 0.000000 -2.540000 0.000000
vn 0.000000 -2.540000 0.000000
vn 0.000000 -2.540000 0.000000
vn 0.000000 -2.540000 0.000000
vn 0.000000 -2.540000 0.000000
vn 0.000000 -2.540000 0.000000
vn 0.000000 -2.540000 0.000000
vn 0.000000 -2.540000 0.000000
vn 0.000000 -2.540000 0.000000
vn 0.000000 -2.540000 0.000000
vn 0.000000 -2.540000 0.000000
vn 0.000000 -2.540000 0.000000
vn 0.000000 -2.540000 0.000000
vn 0.000000 -2.540000 0.000000
vn 0.000000 -2.540000 0.000000
vn 0.000000 -2.540000 0.000000
vn 0.000000 -2.540000 0.000000
vn 0.000000 -2.540000 0.000000
vn 0.000000 -2.540000 0.000000
vn 0.000000 -2.540000 0.000000
vn 0.000000 -2.540000 0.000000
vn 0.000000 -2.540000 0.000000
vn 0.000000 -2.540000 0.000000
vn 0.000000 -2.540000 0.000000
vn 0.000000 -2.540000 0.000000
vn 0.000000 -2.540000 0.000000
vn 0.000000 -2.540000 0.000000
vn 0.000000 -2.540000 0.000000
vn 0.000000 -2.540000 0.000000
vn 0.000000 -2.540000 0.000000
vn 0.000000 -2.540000 0.000000
vn 0.000000 -2.540000 0.000000
vn 0.000000 -2.540000 0.000000
vn 0.000000 -2.540000 0.000000
vn 0.000000 -2.540000 0.000000
vn 0.000000 -2.540000 0.000000
vn 0.000000 -2.540000 0.000000
vn 0.000000 -2.540000 0.000000
vn 0.000000 -2.540000 0.000000
vn 0.000000 -2.540000 0.000000
vn 0.000000 -2.540000 0.000000
vn 0.000000 -2.540000 0.000000
vn 0.000000 -2.540000 0.000000
vn 0.000000 -2.540000 0.000000
vn 0.000000 -2.540000 0.000000
vn 0.000000 -2.540000 0.000000
vn 0.000000 -2.540000 0.000000
vn 0.000000 -2.540000 0.000000
vn 0.000000 -2.540000 0.000000
vn 0.000000 -2.540000 0.000000
vn 0.000000 -2.540000 0.000000
vn 0.000000 -2.540000 0.000000
vn 0.000000 -2.540000 0.000000
vn 0.000000 -2.540000 0.000000
vn 0.000000 -2.540000 0.000000
vn 0.000000 -2.540000 0.000000
vn 0.000000 -2.540000 0.000000
vn 0.000000 -2.540000 0.000000
vn 0.000000 -2.540000 0.000000
vn 0.000000 -2.540000 0.000000
vn 0.000000 -2.540000 0.000000
vn 0.000000 -2.540000 0.000000
vn 0.000000 -2.540000 0.000000
vn 0.000000 -2.540000 0.000000
vn 0.000000 -2.540000 0.000000
vn 0.000000 -2.540000 0.000000
vn 0.000000 -2.540000 0.000000
vn 0.000000 -2.540000 0.000000
vn 0.000000 -2.540000 0.000000
vn 0.000000 -2.540000 0.000000
vn 0.000000 -2.540000 0.000000
vn 0.000000 -2.540000 0.000000
vn 0.000000 -2.540000 0.000000
vn 0.000000 -2.540000 0.000000
vn 0.000000 -2.540000 0.000000
vn 0.000000 -2.540000 0.000000
vn 0.000000 -2.540000 0.000000
vn 0.000000 -2.540000 0.000000
vn 0.000000 -2.540000 0.000000
vn 0.000000 -2.540000 0.000000
vn 0.000000 -2.540000 0.000000
vn 0.000000 -2.540000 0.000000
vn 0.000000 -2.540000 0.000000
vn 0.000000 -2.540000 0.000000
vn 0.000000 -2.540000 0.000000
vn 0.000000 -2.540000 0.000000
vn 0.000000 -2.540000 0.000000
vn 0.000000 -2.540000 0.000000
vn 0.000000 -2.540000 0.000000
vn 0.000000 -2.540000 0.000000
vn 0.000000 -2.540000 0.000000
vn 0.000000 -2.540000 0.000000
vn 0.000000 -2.540000 0.000000
vn 0.000000 -2.540000 0.000000
vn 0.000000 -2.540000 0.000000
vn 0.000000 -2.540000 0.000000
vn 0.000000 -2.540000 0.000000
vn 0.000000 -2.540000 0.000000
vn 0.000000 -2.540000 0.000000
vn 0.000000 -2.540000 0.000000
vn 0.000000 -2.540000 0.000000
vn 0.000000 -2.540000 0.000000
vn 0.000000 -2.540000 0.000000
vn 0.000000 -2.540000 0.000000
vn 0.000000 -2.540000 0.000000
vn 0.000000 -2.540000 0.000000
vn 0.000000 -2.540000 0.000000
vn 0.000000 -2.540000 0.000000
vn 0.000000 -2.540000 0.000000
vn 0.000000 -2.540000 0.000000
vn 0.000000 -2.540000 0.000000
vn 0.000000 -2.540000 0.000000
vn 0.000000 -2.540000 0.000000
vn 0.000000 -2.540000 0.000000
vn 0.000000 -2.540000 0.000000
vn 0.000000 -2.540000 0.000000
vn 0.000000 -2.540000 0.000000
vn 0.000000 -2.540000 0.000000
vn 0.000000 -2.540000 0.000000
vn 0.000000 -2.540000 0.000000
vn 0.000000 -2.540000 0.000000
vn 0.000000 -2.540000 0.000000
vn 0.000000 -2.540000 0.000000
vn 0.000000 -2.540000 0.000000
vn 0.000000 -2.540000 0.000000
vn 0.000000 -2.540000 0.000000
vn 0.000000 -2.540000 0.000000
vn 0.000000 -2.540000 0.000000
vn 0.000000 -2.540000 0.000000
vn 0.000000 -2.540000 0.000000
vn 0.000000 -2.540000 0.000000
vn 0.000000 -2.540000 0.000000
vn 0.000000 -2.540000 0.000000
vn 0.000000 -2.540000 0.000000
vn 0.000000 -2.540000 0.000000
vn 0.000000 -2.540000 0.000000
vn 0.000000 -2.540000 0.000000
vn 0.000000 -2.540000 0.000000
vn 0.000000 -2.540000 0.000000
vn 0.000000 -2.540000 0.000000
vn 0.000000 -2.540000 0.000000
vn 0.000000 -2.540000 0.000000
vn 0.000000 -2.540000 0.000000
vn 0.000000 -2.540000 0.000000
vn 0.000000 -2.540000 0.000000
vn 0.000000 -2.540000 0.000000
vn 0.000000 -2.540000 0.000000
vn 0.000000 -2.540000 0.000000
vn 0.000000 -2.540000 0.000000
vn 0.000000 -2.540000 0.000000
vn 0.000000 -2.540000 0.000000
vn 0.000000 -2.540000 0.000000
vn 0.000000 -2.540000 0.000000
vn 0.000000 -2.540000 0.000000
vn 0.000000 -2.540000 0.000000
vn 0.000000 -2.540000 0.000000
vn 0.000000 -2.540000 0.000000
vn 0.000000 -2.540000 0.000000
vn 0.000000 -2.540000 0.000000
vn 0.000000 -2.540000 0.000000
vn 0.000000 -2.540000 0.000000
vn 0.000000 -2.540000 0.000000
vn 0.000000 -2.540000 0.000000
vn 0.000000 -2.540000 0.000000
vn 0.000000 -2.540000 0.000000
vn 0.000000 -2.540000 0.000000
vn 0.000000 -2.540000 0.000000
vn 0.000000 -2.540000 0.000000
vn 0.000000 -2.540000 0.000000
vn 0.000000 -2.540000 0.000000
vn 0.000000 -2.540000 0.000000
vn 0.000000 -2.540000 0.000000
vn 0.000000 -2.540000 0.000000
vn 0.000000 -2.540000 0.000000
vn 0.000000 -2.540000 0.000000
vn 0.000000 -2.540000 0.000000
vn 0.000000 -2.540000 0.000000
vn 0.000000 -2.540000 0.000000
vn 0.000000 -2.540000 0.000000
vn 0.000000 -2.540000 0.000000
usemtl 191,191,191
f 285/2/2 206/3/3 293/1/1
f 293/1/1 206/3/3 235/22/22
f 293/1/1 235/22/22 322/20/20
f 322/20/20 235/22/22 335/19/19
f 335/19/19 235/22/22 251/23/23
f 335/19/19 251/23/23 305/18/18
f 305/18/18 251/23/23 303/17/17
f 303/17/17 251/23/23 218/16/16
f 218/16/16 251/23/23 203/25/25
f 218/16/16 203/25/25 175/15/15
f 175/15/15 203/25/25 164/27/27
f 175/15/15 164/27/27 144/14/14
f 144/14/14 164/27/27 105/28/28
f 144/14/14 105/28/28 121/13/13
f 121/13/13 105/28/28 123/12/12
f 123/12/12 105/28/28 94/11/11
f 94/11/11 105/28/28 69/10/10
f 69/10/10 105/28/28 64/21/21
f 69/10/10 64/21/21 57/9/9
f 57/9/9 64/21/21 49/8/8
f 49/8/8 64/21/21 43/7/7
f 43/7/7 64/21/21 47/5/5
f 43/7/7 47/5/5 39/6/6
f 235/22/22 206/3/3 183/24/24
f 183/24/24 206/3/3 99/4/4
f 183/24/24 99/4/4 112/26/26
f 112/26/26 99/4/4 47/5/5
f 112/26/26 47/5/5 64/21/21
f 203/25/25 251/23/23 235/22/22
f 164/27/27 203/25/25 183/24/24
f 183/24/24 203/25/25 235/22/22
f 105/28/28 164/27/27 112/26/26
f 112/26/26 164/27/27 183/24/24
f 64/21/21 105/28/28 112/26/26
f 47/30/30 33/39/39 39/29/29
f 39/29/29 33/39/39 23/40/40
f 39/29/29 23/40/40 31/43/43
f 31/43/43 23/40/40 27/42/42
f 27/42/42 23/40/40 24/41/41
f 33/39/39 47/30/30 45/38/38
f 45/38/38 47/30/30 99/31/31
f 45/38/38 99/31/31 156/37/37
f 156/37/37 99/31/31 206/32/32
f 156/37/37 206/32/32 233/36/36
f 233/36/36 206/32/32 247/35/35
f 247/35/35 206/32/32 267/34/34
f 267/34/34 206/32/32 285/33/33
f 293/45/45 291/46/46 285/44/44
f 285/44/44 291/46/46 278/47/47
f 285/44/44 278/47/47 267/52/52
f 267/52/52 278/47/47 253/48/48
f 267/52/52 253/48/48 247/51/51
f 247/51/51 253/48/48 231/49/49
f 247/51/51 231/49/49 233/50/50
f 981/54/54 835/55/55 971/53/53
f 971/53/53 835/55/55 853/73/73
f 971/53/53 853/73/73 951/72/72
f 951/72/72 853/73/73 937/71/71
f 937/71/71 853/73/73 925/70/70
f 925/70/70 853/73/73 849/74/74
f 925/70/70 849/74/74 915/69/69
f 915/69/69 849/74/74 837/66/66
f 915/69/69 837/66/66 941/68/68
f 941/68/68 837/66/66 943/67/67
f 853/73/73 835/55/55 735/75/75
f 735/75/75 835/55/55 672/56/56
f 735/75/75 672/56/56 659/77/77
f 659/77/77 672/56/56 577/57/57
f 659/77/77 577/57/57 568/79/79
f 568/79/79 577/57/57 442/59/59
f 568/79/79 442/59/59 472/60/60
f 577/57/57 436/58/58 442/59/59
f 472/60/60 490/61/61 568/79/79
f 568/79/79 490/61/61 572/80/80
f 568/79/79 572/80/80 659/77/77
f 659/77/77 572/80/80 661/78/78
f 659/77/77 661/78/78 735/75/75
f 735/75/75 661/78/78 733/76/76
f 735/75/75 733/76/76 853/73/73
f 853/73/73 733/76/76 849/74/74
f 490/61/61 511/62/62 572/80/80
f 572/80/80 511/62/62 515/63/63
f 572/80/80 515/63/63 629/64/64
f 572/80/80 629/64/64 661/78/78
f 661/78/78 629/64/64 703/65/65
f 661/78/78 703/65/65 733/76/76
f 733/76/76 703/65/65 837/66/66
f 733/76/76 837/66/66 849/74/74
f 125/82/82 128/83/83 121/81/81
f 121/81/81 128/83/83 130/84/84
f 121/81/81 130/84/84 132/85/85
f 121/81/81 132/85/85 138/151/151
f 138/151/151 132/85/85 134/86/86
f 138/151/151 134/86/86 161/87/87
f 138/151/151 161/87/87 173/150/150
f 173/150/150 161/87/87 193/88/88
f 173/150/150 193/88/88 229/149/149
f 229/149/149 193/88/88 215/89/89
f 229/149/149 215/89/89 271/90/90
f 229/149/149 271/90/90 342/148/148
f 342/148/148 271/90/90 366/91/91
f 342/148/148 366/91/91 427/147/147
f 427/147/147 366/91/91 424/92/92
f 427/147/147 424/92/92 530/93/93
f 427/147/147 530/93/93 570/146/146
f 570/146/146 530/93/93 607/94/94
f 570/146/146 607/94/94 671/145/145
f 671/145/145 607/94/94 668/97/97
f 671/145/145 668/97/97 709/98/98
f 607/94/94 609/95/95 668/97/97
f 668/97/97 609/95/95 611/96/96
f 671/145/145 709/98/98 781/144/144
f 781/144/144 709/98/98 744/99/99
f 781/144/144 744/99/99 792/100/100
f 792/100/100 794/101/101 781/144/144
f 781/144/144 794/101/101 881/103/103
f 781/144/144 881/103/103 907/143/143
f 907/143/143 881/103/103 983/104/104
f 907/143/143 983/104/104 1082/142/142
f 1082/142/142 983/104/104 1071/106/106
f 1082/142/142 1071/106/106 1075/107/107
f 794/101/101 796/102/102 881/103/103
f 983/104/104 1073/105/105 1071/106/106
f 1075/107/107 1102/108/108 1082/142/142
f 1082/142/142 1102/108/108 1173/109/109
f 1082/142/142 1173/109/109 1246/141/141
f 1246/141/141 1173/109/109 1250/110/110
f 1246/141/141 1250/110/110 1286/113/113
f 1286/113/113 1250/110/110 1288/112/112
f 1288/112/112 1250/110/110 1290/111/111
f 1246/141/141 1286/113/113 1313/140/140
f 1313/140/140 1286/113/113 1334/114/114
f 1313/140/140 1334/114/114 1379/139/139
f 1379/139/139 1334/114/114 1381/115/115
f 1379/139/139 1381/115/115 1368/116/116
f 1379/139/139 1368/116/116 1358/138/138
f 1358/138/138 1368/116/116 1326/117/117
f 1358/138/138 1326/117/117 1284/137/137
f 1284/137/137 1326/117/117 1271/118/118
f 1284/137/137 1271/118/118 1209/119/119
f 1284/137/137 1209/119/119 1171/136/136
f 1171/136/136 1209/119/119 1088/120/120
f 1171/136/136 1088/120/120 1018/135/135
f 1018/135/135 1088/120/120 985/121/121
f 1018/135/135 985/121/121 978/122/122
f 1018/135/135 978/122/122 943/126/126
f 943/126/126 978/122/122 966/123/123
f 943/126/126 966/123/123 953/124/124
f 953/124/124 945/125/125 943/126/126
f 1018/135/135 943/126/126 867/134/134
f 867/134/134 943/126/126 837/127/127
f 867/134/134 837/127/127 725/133/133
f 725/133/133 837/127/127 703/128/128
f 725/133/133 703/128/128 639/132/132
f 639/132/132 703/128/128 629/129/129
f 639/132/132 629/129/129 513/131/131
f 513/131/131 629/129/129 515/130/130
f 138/151/151 136/152/152 121/81/81
f 121/81/81 136/152/152 144/159/159
f 144/159/159 136/152/152 169/153/153
f 144/159/159 169/153/153 175/158/158
f 175/158/158 169/153/153 213/154/154
f 175/158/158 213/154/154 218/157/157
f 218/157/157 213/154/154 301/155/155
f 218/157/157 301/155/155 303/156/156
f 515/160/160 511/161/161 513/167/167
f 513/167/167 511/161/161 492/166/166
f 492/166/166 511/161/161 490/162/162
f 492/166/166 490/162/162 488/165/165
f 488/165/165 490/162/162 472/163/163
f 488/165/165 472/163/163 470/164/164
f 442/169/169 440/170/170 472/168/168
f 472/168/168 440/170/170 470/171/171
f 442/172/172 436/173/173 440/180/180
f 440/180/180 436/173/173 430/179/179
f 430/179/179 436/173/173 432/174/174
f 430/179/179 432/174/174 445/178/178
f 445/178/178 432/174/174 456/175/175
f 445/178/178 456/175/175 484/177/177
f 484/177/177 456/175/175 486/176/176
f 1998/182/182 1985/183/183 1995/181/181
f 1995/181/181 1985/183/183 1978/202/202
f 1995/181/181 1978/202/202 1989/200/200
f 1989/200/200 1978/202/202 1974/199/199
f 1974/199/199 1978/202/202 1955/203/203
f 1974/199/199 1955/203/203 1961/198/198
f 1961/198/198 1955/203/203 1960/197/197
f 1960/197/197 1955/203/203 1939/196/196
f 1939/196/196 1955/203/203 1934/205/205
f 1939/196/196 1934/205/205 1925/195/195
f 1925/195/195 1934/205/205 1921/207/207
f 1925/195/195 1921/207/207 1890/194/194
f 1890/194/194 1921/207/207 1888/208/208
f 1890/194/194 1888/208/208 1789/193/193
f 1789/193/193 1888/208/208 1791/192/192
f 1791/192/192 1888/208/208 1813/191/191
f 1813/191/191 1888/208/208 1835/190/190
f 1835/190/190 1888/208/208 1898/201/201
f 1835/190/190 1898/201/201 1839/189/189
f 1839/189/189 1898/201/201 1846/188/188
f 1846/188/188 1898/201/201 1850/187/187
f 1850/187/187 1898/201/201 1917/185/185
f 1850/187/187 1917/185/185 1857/186/186
f 1978/202/202 1985/183/183 1949/204/204
f 1949/204/204 1985/183/183 1951/184/184
f 1949/204/204 1951/184/184 1931/206/206
f 1931/206/206 1951/184/184 1917/185/185
f 1931/206/206 1917/185/185 1898/201/201
f 1934/205/205 1955/203/203 1978/202/202
f 1921/207/207 1934/205/205 1949/204/204
f 1949/204/204 1934/205/205 1978/202/202
f 1888/208/208 1921/207/207 1931/206/206
f 1931/206/206 1921/207/207 1949/204/204
f 1898/201/201 1888/208/208 1931/206/206
f 1995/210/210 1994/211/211 1998/209/209
f 1998/209/209 1994/211/211 2006/212/212
f 1998/209/209 2006/212/212 2011/217/217
f 2011/217/217 2006/212/212 2023/213/213
f 2011/217/217 2023/213/213 2026/216/216
f 2026/216/216 2023/213/213 2031/214/214
f 2026/216/216 2031/214/214 2032/215/215
f 1995/218/218 1989/219/219 1994/221/221
f 1994/221/221 1989/219/219 1988/220/220
f 1988/229/229 1989/222/222 1981/228/228
f 1981/228/228 1989/222/222 1974/223/223
f 1981/228/228 1974/223/223 1970/227/227
f 1970/227/227 1974/223/223 1961/224/224
f 1970/227/227 1961/224/224 1959/226/226
f 1959/226/226 1961/224/224 1960/225/225
f 1960/230/230 1939/231/231 1959/322/322
f 1959/322/322 1939/231/231 1937/321/321
f 1937/321/321 1939/231/231 1925/232/232
f 1937/321/321 1925/232/232 1916/320/320
f 1916/320/320 1925/232/232 1890/233/233
f 1916/320/320 1890/233/233 1869/319/319
f 1869/319/319 1890/233/233 1789/234/234
f 1869/319/319 1789/234/234 1737/318/318
f 1737/318/318 1789/234/234 1764/241/241
f 1737/318/318 1764/241/241 1760/242/242
f 1790/235/235 1787/236/236 1789/234/234
f 1789/234/234 1787/236/236 1781/237/237
f 1789/234/234 1781/237/237 1774/238/238
f 1774/238/238 1770/239/239 1789/234/234
f 1789/234/234 1770/239/239 1767/240/240
f 1789/234/234 1767/240/240 1764/241/241
f 1760/242/242 1756/243/243 1737/318/318
f 1737/318/318 1756/243/243 1735/244/244
f 1737/318/318 1735/244/244 1709/245/245
f 1737/318/318 1709/245/245 1684/317/317
f 1684/317/317 1709/245/245 1665/246/246
f 1684/317/317 1665/246/246 1634/316/316
f 1634/316/316 1665/246/246 1637/247/247
f 1634/316/316 1637/247/247 1593/248/248
f 1634/316/316 1593/248/248 1566/315/315
f 1566/315/315 1593/248/248 1551/249/249
f 1566/315/315 1551/249/249 1508/314/314
f 1508/314/314 1551/249/249 1509/250/250
f 1508/314/314 1509/250/250 1462/251/251
f 1508/314/314 1462/251/251 1448/313/313
f 1448/313/313 1462/251/251 1384/252/252
f 1448/313/313 1384/252/252 1298/312/312
f 1298/312/312 1384/252/252 1324/255/255
f 1298/312/312 1324/255/255 1301/256/256
f 1384/252/252 1386/253/253 1324/255/255
f 1324/255/255 1386/253/253 1388/254/254
f 1301/256/256 1269/257/257 1298/312/312
f 1298/312/312 1269/257/257 1256/258/258
f 1298/312/312 1256/258/258 1240/311/311
f 1240/311/311 1256/258/258 1248/259/259
f 1240/311/311 1248/259/259 1236/260/260
f 1236/260/260 1232/261/261 1240/311/311
f 1240/311/311 1232/261/261 1196/263/263
f 1240/311/311 1196/263/263 1194/310/310
f 1194/310/310 1196/263/263 1197/264/264
f 1194/310/310 1197/264/264 1239/309/309
f 1239/309/309 1197/264/264 1233/266/266
f 1239/309/309 1233/266/266 1237/267/267
f 1232/261/261 1234/262/262 1196/263/263
f 1197/264/264 1235/265/265 1233/266/266
f 1237/267/267 1249/268/268 1239/309/309
f 1239/309/309 1249/268/268 1257/269/269
f 1239/309/309 1257/269/269 1296/308/308
f 1296/308/308 1257/269/269 1270/270/270
f 1296/308/308 1270/270/270 1302/271/271
f 1302/271/271 1325/272/272 1296/308/308
f 1296/308/308 1325/272/272 1385/275/275
f 1296/308/308 1385/275/275 1447/307/307
f 1447/307/307 1385/275/275 1461/276/276
f 1447/307/307 1461/276/276 1506/306/306
f 1506/306/306 1461/276/276 1507/277/277
f 1506/306/306 1507/277/277 1550/278/278
f 1389/273/273 1387/274/274 1325/272/272
f 1325/272/272 1387/274/274 1385/275/275
f 1506/306/306 1550/278/278 1565/305/305
f 1565/305/305 1550/278/278 1592/279/279
f 1565/305/305 1592/279/279 1623/304/304
f 1623/304/304 1592/279/279 1636/280/280
f 1623/304/304 1636/280/280 1664/281/281
f 1623/304/304 1664/281/281 1683/303/303
f 1683/303/303 1664/281/281 1708/282/282
f 1683/303/303 1708/282/282 1736/302/302
f 1736/302/302 1708/282/282 1734/283/283
f 1736/302/302 1734/283/283 1753/284/284
f 1753/284/284 1755/285/285 1736/302/302
f 1736/302/302 1755/285/285 1759/286/286
f 1736/302/302 1759/286/286 1784/293/293
f 1784/293/293 1759/286/286 1763/287/287
f 1784/293/293 1763/287/287 1766/288/288
f 1766/288/288 1771/289/289 1784/293/293
f 1784/293/293 1771/289/289 1773/290/290
f 1784/293/293 1773/290/290 1782/291/291
f 1782/291/291 1785/292/292 1784/293/293
f 1736/302/302 1784/293/293 1867/301/301
f 1867/301/301 1784/293/293 1889/294/294
f 1867/301/301 1889/294/294 1914/300/300
f 1914/300/300 1889/294/294 1924/295/295
f 1914/300/300 1924/295/295 1936/299/299
f 1936/299/299 1924/295/295 1938/296/296
f 1936/299/299 1938/296/296 1956/298/298
f 1956/298/298 1938/296/296 1957/297/297
f 1854/324/324 1915/325/325 1848/323/323
f 1848/323/323 1915/325/325 1891/343/343
f 1848/323/323 1891/343/343 1843/342/342
f 1843/342/342 1891/343/343 1837/341/341
f 1837/341/341 1891/343/343 1831/340/340
f 1831/340/340 1891/343/343 1887/344/344
f 1831/340/340 1887/344/344 1808/339/339
f 1808/339/339 1887/344/344 1889/336/336
f 1808/339/339 1889/336/336 1786/338/338
f 1786/338/338 1889/336/336 1784/337/337
f 1891/343/343 1915/325/325 1926/345/345
f 1926/345/345 1915/325/325 1950/326/326
f 1926/345/345 1950/326/326 1948/347/347
f 1948/347/347 1950/326/326 1984/327/327
f 1948/347/347 1984/327/327 1977/349/349
f 1977/349/349 1984/327/327 1993/329/329
f 1977/349/349 1993/329/329 1987/330/330
f 1984/327/327 1997/328/328 1993/329/329
f 1987/330/330 1973/331/331 1977/349/349
f 1977/349/349 1973/331/331 1954/350/350
f 1977/349/349 1954/350/350 1948/347/347
f 1948/347/347 1954/350/350 1933/348/348
f 1948/347/347 1933/348/348 1926/345/345
f 1926/345/345 1933/348/348 1920/346/346
f 1926/345/345 1920/346/346 1891/343/343
f 1891/343/343 1920/346/346 1887/344/344
f 1973/331/331 1958/332/332 1954/350/350
f 1954/350/350 1958/332/332 1957/333/333
f 1954/350/350 1957/333/333 1938/334/334
f 1954/350/350 1938/334/334 1933/348/348
f 1933/348/348 1938/334/334 1924/335/335
f 1933/348/348 1924/335/335 1920/346/346
f 1920/346/346 1924/335/335 1889/336/336
f 1920/346/346 1889/336/336 1887/344/344
f 1957/351/351 1958/352/352 1956/358/358
f 1956/358/358 1958/352/352 1969/357/357
f 1969/357/357 1958/352/352 1973/353/353
f 1969/357/357 1973/353/353 1980/356/356
f 1980/356/356 1973/353/353 1987/354/354
f 1980/356/356 1987/354/354 1986/355/355
f 1993/360/360 1992/361/361 1987/359/359
f 1987/359/359 1992/361/361 1986/362/362
f 1993/363/363 1997/364/364 1992/371/371
f 1992/371/371 1997/364/364 2005/370/370
f 2005/370/370 1997/364/364 2009/365/365
f 2005/370/370 2009/365/365 2020/369/369
f 2020/369/369 2009/365/365 2024/366/366
f 2020/369/369 2024/366/366 2029/368/368
f 2029/368/368 2024/366/366 2030/367/367
f 437/373/373 578/374/374 443/372/372
f 443/372/372 578/374/374 569/393/393
f 443/372/372 569/393/393 473/391/391
f 473/391/391 569/393/393 491/390/390
f 491/390/390 569/393/393 573/394/394
f 491/390/390 573/394/394 512/389/389
f 512/389/389 573/394/394 516/388/388
f 516/388/388 573/394/394 630/387/387
f 630/387/387 573/394/394 662/396/396
f 630/387/387 662/396/396 704/386/386
f 704/386/386 662/396/396 734/398/398
f 704/386/386 734/398/398 838/385/385
f 838/385/385 734/398/398 850/399/399
f 838/385/385 850/399/399 944/384/384
f 944/384/384 850/399/399 942/383/383
f 942/383/383 850/399/399 916/382/382
f 916/382/382 850/399/399 927/381/381
f 927/381/381 850/399/399 854/392/392
f 927/381/381 854/392/392 938/380/380
f 938/380/380 854/392/392 952/379/379
f 952/379/379 854/392/392 972/378/378
f 972/378/378 854/392/392 836/376/376
f 972/378/378 836/376/376 982/377/377
f 569/393/393 578/374/374 660/395/395
f 660/395/395 578/374/374 673/375/375
f 660/395/395 673/375/375 736/397/397
f 736/397/397 673/375/375 836/376/376
f 736/397/397 836/376/376 854/392/392
f 662/396/396 573/394/394 569/393/393
f 734/398/398 662/396/396 660/395/395
f 660/395/395 662/396/396 569/393/393
f 850/399/399 734/398/398 736/397/397
f 736/397/397 734/398/398 660/395/395
f 854/392/392 850/399/399 736/397/397
f 443/401/401 441/402/402 437/400/400
f 437/400/400 441/402/402 431/403/403
f 437/400/400 431/403/403 433/408/408
f 433/408/408 431/403/403 446/404/404
f 433/408/408 446/404/404 457/407/407
f 457/407/407 446/404/404 485/405/405
f 457/407/407 485/405/405 487/406/406
f 443/409/409 473/410/410 441/412/412
f 441/412/412 473/410/410 471/411/411
f 471/420/420 473/413/413 489/419/419
f 489/419/419 473/413/413 491/414/414
f 489/419/419 491/414/414 493/418/418
f 493/418/418 491/414/414 512/415/415
f 493/418/418 512/415/415 514/417/417
f 514/417/417 512/415/415 516/416/416
f 516/421/421 630/422/422 514/499/499
f 514/499/499 630/422/422 640/498/498
f 640/498/498 630/422/422 704/423/423
f 640/498/498 704/423/423 726/497/497
f 726/497/497 704/423/423 838/424/424
f 726/497/497 838/424/424 868/496/496
f 868/496/496 838/424/424 944/425/425
f 868/496/496 944/425/425 1019/495/495
f 1019/495/495 944/425/425 979/429/429
f 1019/495/495 979/429/429 986/430/430
f 946/426/426 954/427/427 944/425/425
f 944/425/425 954/427/427 967/428/428
f 944/425/425 967/428/428 979/429/429
f 986/430/430 1089/431/431 1019/495/495
f 1019/495/495 1089/431/431 1172/494/494
f 1172/494/494 1089/431/431 1210/432/432
f 1172/494/494 1210/432/432 1285/493/493
f 1285/493/493 1210/432/432 1272/433/433
f 1285/493/493 1272/433/433 1327/434/434
f 1285/493/493 1327/434/434 1359/492/492
f 1359/492/492 1327/434/434 1369/435/435
f 1359/492/492 1369/435/435 1380/491/491
f 1380/491/491 1369/435/435 1382/436/436
f 1380/491/491 1382/436/436 1335/437/437
f 1380/491/491 1335/437/437 1314/490/490
f 1314/490/490 1335/437/437 1287/438/438
f 1314/490/490 1287/438/438 1247/489/489
f 1247/489/489 1287/438/438 1251/441/441
f 1247/489/489 1251/441/441 1174/442/442
f 1287/438/438 1289/439/439 1251/441/441
f 1251/441/441 1289/439/439 1291/440/440
f 1247/489/489 1174/442/442 1083/488/488
f 1083/488/488 1174/442/442 1103/443/443
f 1083/488/488 1103/443/443 1076/444/444
f 1076/444/444 1072/445/445 1083/488/488
f 1083/488/488 1072/445/445 984/447/447
f 1083/488/488 984/447/447 908/487/487
f 908/487/487 984/447/447 882/448/448
f 908/487/487 882/448/448 782/486/486
f 782/486/486 882/448/448 795/450/450
f 782/486/486 795/450/450 793/451/451
f 1072/445/445 1074/446/446 984/447/447
f 882/448/448 797/449/449 795/450/450
f 793/451/451 745/452/452 782/486/486
f 782/486/486 745/452/452 710/453/453
f 782/486/486 710/453/453 670/485/485
f 670/485/485 710/453/453 669/454/454
f 670/485/485 669/454/454 608/457/457
f 608/457/457 669/454/454 610/456/456
f 610/456/456 669/454/454 612/455/455
f 670/485/485 608/457/457 571/484/484
f 571/484/484 608/457/457 531/458/458
f 571/484/484 531/458/458 428/483/483
f 428/483/483 531/458/458 425/459/459
f 428/483/483 425/459/459 367/460/460
f 428/483/483 367/460/460 343/482/482
f 343/482/482 367/460/460 272/461/461
f 343/482/482 272/461/461 230/481/481
f 230/481/481 272/461/461 216/462/462
f 230/481/481 216/462/462 194/463/463
f 230/481/481 194/463/463 174/480/480
f 174/480/480 194/463/463 162/464/464
f 174/480/480 162/464/464 139/479/479
f 139/479/479 162/464/464 135/465/465
f 139/479/479 135/465/465 133/466/466
f 139/479/479 133/466/466 122/470/470
f 122/470/470 133/466/466 131/467/467
f 122/470/470 131/467/467 129/468/468
f 129/468/468 126/469/469 122/470/470
f 139/479/479 122/470/470 137/478/478
f 137/478/478 122/470/470 145/471/471
f 137/478/478 145/471/471 170/477/477
f 170/477/477 145/471/471 176/472/472
f 170/477/477 176/472/472 214/476/476
f 214/476/476 176/472/472 219/473/473
f 214/476/476 219/473/473 302/475/475
f 302/475/475 219/473/473 304/474/474
f 40/501/501 48/502/502 44/500/500
f 44/500/500 48/502/502 65/520/520
f 44/500/500 65/520/520 50/519/519
f 50/519/519 65/520/520 58/518/518
f 58/518/518 65/520/520 70/517/517
f 70/517/517 65/520/520 106/521/521
f 70/517/517 106/521/521 95/516/516
f 95/516/516 106/521/521 145/513/513
f 95/516/516 145/513/513 124/515/515
f 124/515/515 145/513/513 122/514/514
f 65/520/520 48/502/502 113/522/522
f 113/522/522 48/502/502 100/503/503
f 113/522/522 100/503/503 184/524/524
f 184/524/524 100/503/503 207/504/504
f 184/524/524 207/504/504 236/526/526
f 236/526/526 207/504/504 294/506/506
f 236/526/526 294/506/506 323/507/507
f 207/504/504 286/505/505 294/506/506
f 323/507/507 336/508/508 236/526/526
f 236/526/526 336/508/508 252/527/527
f 236/526/526 252/527/527 184/524/524
f 184/524/524 252/527/527 204/525/525
f 184/524/524 204/525/525 113/522/522
f 113/522/522 204/525/525 165/523/523
f 113/522/522 165/523/523 65/520/520
f 65/520/520 165/523/523 106/521/521
f 336/508/508 306/509/509 252/527/527
f 252/527/527 306/509/509 304/510/510
f 252/527/527 304/510/510 219/511/511
f 252/527/527 219/511/511 204/525/525
f 204/525/525 219/511/511 176/512/512
f 204/525/525 176/512/512 165/523/523
f 165/523/523 176/512/512 145/513/513
f 165/523/523 145/513/513 106/521/521
f 304/528/528 306/529/529 302/535/535
f 302/535/535 306/529/529 332/534/534
f 332/534/534 306/529/529 336/530/530
f 332/534/534 336/530/530 338/533/533
f 338/533/533 336/530/530 323/531/531
f 338/533/533 323/531/531 321/532/532
f 294/537/537 292/538/538 323/536/536
f 323/536/536 292/538/538 321/539/539
f 294/540/540 286/541/541 292/548/548
f 292/548/548 286/541/541 279/547/547
f 279/547/547 286/541/541 268/542/542
f 279/547/547 268/542/542 254/546/546
f 254/546/546 268/542/542 248/543/543
f 254/546/546 248/543/543 232/545/545
f 232/545/545 248/543/543 234/544/544
f 1085/549/549 1081/550/550 1109/562/562
f 1109/562/562 1081/550/550 1079/551/551
f 1109/562/562 1079/551/551 1107/553/553
f 1107/553/553 1079/551/551 1074/552/552
f 1109/562/562 1107/553/553 1166/561/561
f 1166/561/561 1107/553/553 1178/554/554
f 1166/561/561 1178/554/554 1213/560/560
f 1213/560/560 1178/554/554 1227/555/555
f 1213/560/560 1227/555/555 1223/558/558
f 1223/558/558 1227/555/555 1231/557/557
f 1231/557/557 1227/555/555 1235/556/556
f 1223/558/558 1215/559/559 1213/560/560
f 1215/563/563 1223/564/564 1182/574/574
f 1182/574/574 1223/564/564 1231/565/565
f 1182/574/574 1231/565/565 1197/567/567
f 1197/567/567 1231/565/565 1235/566/566
f 1197/567/567 1196/568/568 1182/574/574
f 1182/574/574 1196/568/568 1181/573/573
f 1181/573/573 1196/568/568 1222/571/571
f 1181/573/573 1222/571/571 1214/572/572
f 1234/569/569 1230/570/570 1196/568/568
f 1196/568/568 1230/570/570 1222/571/571
f 1214/575/575 1222/576/576 1212/588/588
f 1212/588/588 1222/576/576 1230/577/577
f 1212/588/588 1230/577/577 1226/579/579
f 1226/579/579 1230/577/577 1234/578/578
f 1212/588/588 1226/579/579 1165/587/587
f 1165/587/587 1226/579/579 1177/580/580
f 1165/587/587 1177/580/580 1108/586/586
f 1108/586/586 1177/580/580 1106/581/581
f 1108/586/586 1106/581/581 1080/584/584
f 1080/584/584 1106/581/581 1078/583/583
f 1078/583/583 1106/581/581 1073/582/582
f 1080/584/584 1084/585/585 1108/586/586
f 1084/589/589 1080/590/590 992/600/600
f 992/600/600 1080/590/590 1078/591/591
f 992/600/600 1078/591/591 983/593/593
f 983/593/593 1078/591/591 1073/592/592
f 983/593/593 881/594/594 992/600/600
f 992/600/600 881/594/594 885/599/599
f 885/599/599 881/594/594 803/597/597
f 885/599/599 803/597/597 805/598/598
f 796/595/595 800/596/596 881/594/594
f 881/594/594 800/596/596 803/597/597
f 805/601/601 803/602/602 763/614/614
f 763/614/614 803/602/602 800/603/603
f 763/614/614 800/603/603 759/605/605
f 759/605/605 800/603/603 796/604/604
f 763/614/614 759/605/605 748/613/613
f 748/613/613 759/605/605 747/606/606
f 748/613/613 747/606/606 764/612/612
f 764/612/612 747/606/606 760/607/607
f 764/612/612 760/607/607 804/610/610
f 804/610/610 760/607/607 801/609/609
f 801/609/609 760/607/607 797/608/608
f 804/610/610 806/611/611 764/612/612
f 806/615/615 804/616/616 886/626/626
f 886/626/626 804/616/616 801/617/617
f 886/626/626 801/617/617 882/619/619
f 882/619/619 801/617/617 797/618/618
f 882/619/619 984/620/620 886/626/626
f 886/626/626 984/620/620 993/625/625
f 993/625/625 984/620/620 1081/623/623
f 993/625/625 1081/623/623 1085/624/624
f 1074/621/621 1079/622/622 984/620/620
f 984/620/620 1079/622/622 1081/623/623
f 763/628/628 766/637/637 805/627/627
f 805/627/627 766/637/637 770/638/638
f 805/627/627 770/638/638 775/639/639
f 775/639/639 770/638/638 765/646/646
f 775/639/639 765/646/646 772/647/647
f 772/647/647 765/646/646 779/654/654
f 772/647/647 779/654/654 784/655/655
f 784/655/655 779/654/654 822/632/632
f 784/655/655 822/632/632 789/656/656
f 789/656/656 822/632/632 799/657/657
f 789/656/656 799/657/657 780/649/649
f 780/649/649 799/657/657 787/650/650
f 780/649/649 787/650/650 788/642/642
f 788/642/642 787/650/650 798/643/643
f 788/642/642 798/643/643 821/636/636
f 821/636/636 798/643/643 809/635/635
f 809/635/635 798/643/643 802/634/634
f 802/634/634 798/643/643 787/650/650
f 802/634/634 787/650/650 810/633/633
f 810/633/633 787/650/650 799/657/657
f 810/633/633 799/657/657 822/632/632
f 766/637/637 763/628/628 761/644/644
f 761/644/644 763/628/628 748/629/629
f 761/644/644 748/629/629 767/651/651
f 767/651/651 748/629/629 764/630/630
f 767/651/651 764/630/630 806/631/631
f 806/631/631 822/632/632 767/651/651
f 767/651/651 822/632/632 771/652/652
f 767/651/651 771/652/652 761/644/644
f 761/644/644 771/652/652 762/645/645
f 761/644/644 762/645/645 766/637/637
f 766/637/637 762/645/645 770/638/638
f 805/627/627 778/640/640 821/636/636
f 821/636/636 778/640/640 783/641/641
f 821/636/636 783/641/641 788/642/642
f 788/642/642 783/641/641 780/649/649
f 778/640/640 805/627/627 775/639/639
f 765/646/646 770/638/638 762/645/645
f 775/639/639 772/647/647 778/640/640
f 778/640/640 772/647/647 777/648/648
f 778/640/640 777/648/648 783/641/641
f 783/641/641 777/648/648 780/649/649
f 765/646/646 762/645/645 776/653/653
f 776/653/653 762/645/645 771/652/652
f 776/653/653 771/652/652 822/632/632
f 789/656/656 780/649/649 777/648/648
f 789/656/656 777/648/648 784/655/655
f 784/655/655 777/648/648 772/647/647
f 822/632/632 779/654/654 776/653/653
f 776/653/653 779/654/654 765/646/646
f 886/659/659 918/666/666 806/658/658
f 806/658/658 918/666/666 892/664/664
f 806/658/658 892/664/664 822/665/665
f 886/659/659 993/660/660 918/666/666
f 918/666/666 993/660/660 1100/662/662
f 918/666/666 1100/662/662 1003/663/663
f 993/660/660 1085/661/661 1100/662/662
f 1003/663/663 892/664/664 918/666/666
f 1109/668/668 1111/677/677 1085/667/667
f 1085/667/667 1111/677/677 1113/678/678
f 1085/667/667 1113/678/678 1115/679/679
f 1115/679/679 1113/678/678 1152/686/686
f 1115/679/679 1152/686/686 1150/687/687
f 1150/687/687 1152/686/686 1180/694/694
f 1150/687/687 1180/694/694 1169/695/695
f 1169/695/695 1180/694/694 1148/672/672
f 1169/695/695 1148/672/672 1162/696/696
f 1162/696/696 1148/672/672 1154/697/697
f 1162/696/696 1154/697/697 1141/689/689
f 1141/689/689 1154/697/697 1139/690/690
f 1141/689/689 1139/690/690 1121/682/682
f 1121/682/682 1139/690/690 1123/683/683
f 1121/682/682 1123/683/683 1100/676/676
f 1100/676/676 1123/683/683 1125/675/675
f 1125/675/675 1123/683/683 1135/674/674
f 1135/674/674 1123/683/683 1139/690/690
f 1135/674/674 1139/690/690 1146/673/673
f 1146/673/673 1139/690/690 1154/697/697
f 1146/673/673 1154/697/697 1148/672/672
f 1111/677/677 1109/668/668 1164/684/684
f 1164/684/684 1109/668/668 1166/669/669
f 1164/684/684 1166/669/669 1208/691/691
f 1208/691/691 1166/669/669 1213/670/670
f 1208/691/691 1213/670/670 1215/671/671
f 1215/671/671 1148/672/672 1208/691/691
f 1208/691/691 1148/672/672 1191/692/692
f 1208/691/691 1191/692/692 1164/684/684
f 1164/684/684 1191/692/692 1158/685/685
f 1164/684/684 1158/685/685 1111/677/677
f 1111/677/677 1158/685/685 1113/678/678
f 1085/667/667 1117/680/680 1100/676/676
f 1100/676/676 1117/680/680 1119/681/681
f 1100/676/676 1119/681/681 1121/682/682
f 1121/682/682 1119/681/681 1141/689/689
f 1117/680/680 1085/667/667 1115/679/679
f 1152/686/686 1113/678/678 1158/685/685
f 1115/679/679 1150/687/687 1117/680/680
f 1117/680/680 1150/687/687 1144/688/688
f 1117/680/680 1144/688/688 1119/681/681
f 1119/681/681 1144/688/688 1141/689/689
f 1152/686/686 1158/685/685 1187/693/693
f 1187/693/693 1158/685/685 1191/692/692
f 1187/693/693 1191/692/692 1148/672/672
f 1162/696/696 1141/689/689 1144/688/688
f 1162/696/696 1144/688/688 1169/695/695
f 1169/695/695 1144/688/688 1150/687/687
f 1148/672/672 1180/694/694 1187/693/693
f 1187/693/693 1180/694/694 1152/686/686
f 1071/707/707 1073/698/698 1104/706/706
f 1104/706/706 1073/698/698 1106/699/699
f 1104/706/706 1106/699/699 1175/705/705
f 1175/705/705 1106/699/699 1177/700/700
f 1175/705/705 1177/700/700 1224/704/704
f 1224/704/704 1177/700/700 1226/701/701
f 1224/704/704 1226/701/701 1232/703/703
f 1232/703/703 1226/701/701 1234/702/702
f 1233/717/717 1235/708/708 1225/716/716
f 1225/716/716 1235/708/708 1227/709/709
f 1225/716/716 1227/709/709 1176/715/715
f 1176/715/715 1227/709/709 1178/710/710
f 1176/715/715 1178/710/710 1105/714/714
f 1105/714/714 1178/710/710 1107/711/711
f 1105/714/714 1107/711/711 1072/713/713
f 1072/713/713 1107/711/711 1074/712/712
f 992/719/719 917/726/726 1084/718/718
f 1084/718/718 917/726/726 1002/724/724
f 1084/718/718 1002/724/724 1099/725/725
f 992/719/719 885/720/720 917/726/726
f 917/726/726 885/720/720 821/722/722
f 917/726/726 821/722/722 891/723/723
f 885/720/720 805/721/721 821/722/722
f 891/723/723 1002/724/724 917/726/726
f 1182/728/728 1142/735/735 1215/727/727
f 1215/727/727 1142/735/735 1127/733/733
f 1215/727/727 1127/733/733 1148/734/734
f 1182/728/728 1181/729/729 1142/735/735
f 1142/735/735 1181/729/729 1147/731/731
f 1142/735/735 1147/731/731 1126/732/732
f 1181/729/729 1214/730/730 1147/731/731
f 1126/732/732 1127/733/733 1142/735/735
f 1212/737/737 1207/746/746 1214/736/736
f 1214/736/736 1207/746/746 1190/747/747
f 1214/736/736 1190/747/747 1186/748/748
f 1186/748/748 1190/747/747 1151/755/755
f 1186/748/748 1151/755/755 1149/756/756
f 1149/756/756 1151/755/755 1116/763/763
f 1149/756/756 1116/763/763 1118/764/764
f 1118/764/764 1116/763/763 1099/741/741
f 1118/764/764 1099/741/741 1120/765/765
f 1120/765/765 1099/741/741 1122/766/766
f 1120/765/765 1122/766/766 1140/758/758
f 1140/758/758 1122/766/766 1138/759/759
f 1140/758/758 1138/759/759 1161/751/751
f 1161/751/751 1138/759/759 1153/752/752
f 1161/751/751 1153/752/752 1147/745/745
f 1147/745/745 1153/752/752 1145/744/744
f 1145/744/744 1153/752/752 1134/743/743
f 1134/743/743 1153/752/752 1138/759/759
f 1134/743/743 1138/759/759 1124/742/742
f 1124/742/742 1138/759/759 1122/766/766
f 1124/742/742 1122/766/766 1099/741/741
f 1207/746/746 1212/737/737 1163/753/753
f 1163/753/753 1212/737/737 1165/738/738
f 1163/753/753 1165/738/738 1110/760/760
f 1110/760/760 1165/738/738 1108/739/739
f 1110/760/760 1108/739/739 1084/740/740
f 1084/740/740 1099/741/741 1110/760/760
f 1110/760/760 1099/741/741 1112/761/761
f 1110/760/760 1112/761/761 1163/753/753
f 1163/753/753 1112/761/761 1157/754/754
f 1163/753/753 1157/754/754 1207/746/746
f 1207/746/746 1157/754/754 1190/747/747
f 1214/736/736 1179/749/749 1147/745/745
f 1147/745/745 1179/749/749 1168/750/750
f 1147/745/745 1168/750/750 1161/751/751
f 1161/751/751 1168/750/750 1140/758/758
f 1179/749/749 1214/736/736 1186/748/748
f 1151/755/755 1190/747/747 1157/754/754
f 1186/748/748 1149/756/756 1179/749/749
f 1179/749/749 1149/756/756 1143/757/757
f 1179/749/749 1143/757/757 1168/750/750
f 1168/750/750 1143/757/757 1140/758/758
f 1151/755/755 1157/754/754 1114/762/762
f 1114/762/762 1157/754/754 1112/761/761
f 1114/762/762 1112/761/761 1099/741/741
f 1120/765/765 1140/758/758 1143/757/757
f 1120/765/765 1143/757/757 1118/764/764
f 1118/764/764 1143/757/757 1149/756/756
f 1099/741/741 1116/763/763 1114/762/762
f 1114/762/762 1116/763/763 1151/755/755
f 795/776/776 797/767/767 758/775/775
f 758/775/775 797/767/767 760/768/768
f 758/775/775 760/768/768 746/774/774
f 746/774/774 760/768/768 747/769/769
f 746/774/774 747/769/769 757/773/773
f 757/773/773 747/769/769 759/770/770
f 757/773/773 759/770/770 794/772/772
f 794/772/772 759/770/770 796/771/771
f 1002/778/778 1126/793/793 1099/777/777
f 1099/777/777 1126/793/793 1147/794/794
f 1099/777/777 1147/794/794 1124/797/797
f 1124/797/797 1147/794/794 1134/796/796
f 1134/796/796 1147/794/794 1145/795/795
f 891/779/779 892/785/785 1002/778/778
f 1002/778/778 892/785/785 1003/786/786
f 1002/778/778 1003/786/786 1126/793/793
f 1126/793/793 1003/786/786 1127/792/792
f 1127/792/792 1003/786/786 1100/787/787
f 1127/792/792 1100/787/787 1148/791/791
f 1148/791/791 1100/787/787 1125/788/788
f 1148/791/791 1125/788/788 1135/789/789
f 892/785/785 891/779/779 822/784/784
f 822/784/784 891/779/779 821/780/780
f 822/784/784 821/780/780 810/783/783
f 810/783/783 821/780/780 809/781/781
f 810/783/783 809/781/781 802/782/782
f 1135/789/789 1146/790/790 1148/791/791
f 605/799/799 603/800/800 611/798/798
f 611/798/798 603/800/800 667/819/819
f 611/798/798 667/819/819 668/816/816
f 668/816/816 667/819/819 698/820/820
f 668/816/816 698/820/820 705/822/822
f 705/822/822 698/820/820 739/821/821
f 705/822/822 739/821/821 740/818/818
f 740/818/818 739/821/821 746/810/810
f 740/818/818 746/810/810 757/811/811
f 603/800/800 604/801/801 667/819/819
f 667/819/819 604/801/801 612/803/803
f 667/819/819 612/803/803 669/804/804
f 604/801/801 606/802/802 612/803/803
f 710/805/805 706/823/823 669/804/804
f 669/804/804 706/823/823 698/820/820
f 669/804/804 698/820/820 667/819/819
f 745/806/806 743/817/817 710/805/805
f 710/805/805 743/817/817 741/824/824
f 710/805/805 741/824/824 706/823/823
f 706/823/823 741/824/824 698/820/820
f 743/817/817 745/806/806 758/809/809
f 758/809/809 745/806/806 793/807/807
f 758/809/809 793/807/807 795/808/808
f 758/809/809 746/810/810 743/817/817
f 743/817/817 746/810/810 741/824/824
f 794/812/812 792/813/813 757/811/811
f 757/811/811 792/813/813 744/814/814
f 757/811/811 744/814/814 742/825/825
f 742/825/825 744/814/814 709/815/815
f 742/825/825 709/815/815 740/818/818
f 740/818/818 709/815/815 705/822/822
f 709/815/815 668/816/816 705/822/822
f 698/820/820 741/824/824 739/821/821
f 739/821/821 741/824/824 746/810/810
f 740/818/818 757/811/811 742/825/825
f 1404/827/827 1354/828/828 1388/826/826
f 1388/826/826 1354/828/828 1267/847/847
f 1388/826/826 1267/847/847 1301/844/844
f 1301/844/844 1267/847/847 1241/848/848
f 1301/844/844 1241/848/848 1258/850/850
f 1258/850/850 1241/848/848 1188/849/849
f 1258/850/850 1188/849/849 1228/846/846
f 1228/846/846 1188/849/849 1175/838/838
f 1228/846/846 1175/838/838 1224/839/839
f 1354/828/828 1317/829/829 1267/847/847
f 1267/847/847 1317/829/829 1290/831/831
f 1267/847/847 1290/831/831 1250/832/832
f 1317/829/829 1299/830/830 1290/831/831
f 1173/833/833 1184/851/851 1250/832/832
f 1250/832/832 1184/851/851 1241/848/848
f 1250/832/832 1241/848/848 1267/847/847
f 1102/834/834 1132/845/845 1173/833/833
f 1173/833/833 1132/845/845 1155/852/852
f 1173/833/833 1155/852/852 1184/851/851
f 1184/851/851 1155/852/852 1241/848/848
f 1132/845/845 1102/834/834 1104/837/837
f 1104/837/837 1102/834/834 1075/835/835
f 1104/837/837 1075/835/835 1071/836/836
f 1104/837/837 1175/838/838 1132/845/845
f 1132/845/845 1175/838/838 1155/852/852
f 1232/840/840 1236/841/841 1224/839/839
f 1224/839/839 1236/841/841 1248/842/842
f 1224/839/839 1248/842/842 1243/853/853
f 1243/853/853 1248/842/842 1256/843/843
f 1243/853/853 1256/843/843 1228/846/846
f 1228/846/846 1256/843/843 1258/850/850
f 1256/843/843 1301/844/844 1258/850/850
f 1241/848/848 1155/852/852 1188/849/849
f 1188/849/849 1155/852/852 1175/838/838
f 1228/846/846 1224/839/839 1243/853/853
f 1300/855/855 1318/856/856 1291/854/854
f 1291/854/854 1318/856/856 1268/875/875
f 1291/854/854 1268/875/875 1251/872/872
f 1251/872/872 1268/875/875 1242/876/876
f 1251/872/872 1242/876/876 1185/878/878
f 1185/878/878 1242/876/876 1189/877/877
f 1185/878/878 1189/877/877 1156/874/874
f 1156/874/874 1189/877/877 1176/866/866
f 1156/874/874 1176/866/866 1105/867/867
f 1318/856/856 1355/857/857 1268/875/875
f 1268/875/875 1355/857/857 1389/859/859
f 1268/875/875 1389/859/859 1302/860/860
f 1355/857/857 1405/858/858 1389/859/859
f 1257/861/861 1259/879/879 1302/860/860
f 1302/860/860 1259/879/879 1242/876/876
f 1302/860/860 1242/876/876 1268/875/875
f 1249/862/862 1244/873/873 1257/861/861
f 1257/861/861 1244/873/873 1229/880/880
f 1257/861/861 1229/880/880 1259/879/879
f 1259/879/879 1229/880/880 1242/876/876
f 1244/873/873 1249/862/862 1225/865/865
f 1225/865/865 1249/862/862 1237/863/863
f 1225/865/865 1237/863/863 1233/864/864
f 1225/865/865 1176/866/866 1244/873/873
f 1244/873/873 1176/866/866 1229/880/880
f 1072/868/868 1076/869/869 1105/867/867
f 1105/867/867 1076/869/869 1103/870/870
f 1105/867/867 1103/870/870 1133/881/881
f 1133/881/881 1103/870/870 1174/871/871
f 1133/881/881 1174/871/871 1156/874/874
f 1156/874/874 1174/871/871 1185/878/878
f 1174/871/871 1251/872/872 1185/878/878
f 1242/876/876 1229/880/880 1189/877/877
f 1189/877/877 1229/880/880 1176/866/866
f 1156/874/874 1105/867/867 1133/881/881
f 1299/882/882 1317/883/883 1311/891/891
f 1311/891/891 1317/883/883 1328/890/890
f 1328/890/890 1317/883/883 1343/889/889
f 1343/889/889 1317/883/883 1365/888/888
f 1365/888/888 1317/883/883 1354/884/884
f 1365/888/888 1354/884/884 1399/887/887
f 1399/887/887 1354/884/884 1408/886/886
f 1408/886/886 1354/884/884 1404/885/885
f 1405/892/892 1355/893/893 1409/901/901
f 1409/901/901 1355/893/893 1400/900/900
f 1400/900/900 1355/893/893 1366/899/899
f 1366/899/899 1355/893/893 1318/894/894
f 1366/899/899 1318/894/894 1344/898/898
f 1344/898/898 1318/894/894 1329/897/897
f 1329/897/897 1318/894/894 1312/896/896
f 1312/896/896 1318/894/894 1300/895/895
f 606/902/902 604/903/903 598/911/911
f 598/911/911 604/903/903 597/906/906
f 598/911/911 597/906/906 593/907/907
f 604/903/903 603/904/904 597/906/906
f 597/906/906 603/904/904 605/905/905
f 593/907/907 591/908/908 598/911/911
f 598/911/911 591/908/908 592/909/909
f 598/911/911 592/909/909 594/910/910
f 1342/912/912 1364/913/913 1344/915/915
f 1344/915/915 1364/913/913 1366/914/914
f 1289/925/925 1287/916/916 1300/923/923
f 1300/923/923 1287/916/916 1308/917/917
f 1300/923/923 1308/917/917 1312/922/922
f 1312/922/922 1308/917/917 1322/918/918
f 1312/922/922 1322/918/918 1329/921/921
f 1329/921/921 1322/918/918 1342/919/919
f 1329/921/921 1342/919/919 1344/920/920
f 1300/923/923 1291/924/924 1289/925/925
f 592/935/935 590/926/926 594/934/934
f 594/934/934 590/926/926 596/927/927
f 594/934/934 596/927/927 598/933/933
f 598/933/933 596/927/927 600/928/928
f 598/933/933 600/928/928 606/932/932
f 606/932/932 600/928/928 608/929/929
f 606/932/932 608/929/929 610/930/930
f 610/930/930 612/931/931 606/932/932
f 589/936/936 590/937/937 591/939/939
f 591/939/939 590/937/937 592/938/938
f 609/949/949 607/940/940 605/947/947
f 605/947/947 607/940/940 599/941/941
f 605/947/947 599/941/941 597/946/946
f 597/946/946 599/941/941 595/942/942
f 597/946/946 595/942/942 593/945/945
f 593/945/945 595/942/942 589/943/943
f 593/945/945 589/943/943 591/944/944
f 605/947/947 611/948/948 609/949/949
f 1343/959/959 1341/950/950 1328/958/958
f 1328/958/958 1341/950/950 1321/951/951
f 1328/958/958 1321/951/951 1311/957/957
f 1311/957/957 1321/951/951 1307/952/952
f 1311/957/957 1307/952/952 1299/956/956
f 1299/956/956 1307/952/952 1286/953/953
f 1299/956/956 1286/953/953 1288/954/954
f 1288/954/954 1290/955/955 1299/956/956
f 1363/960/960 1341/961/961 1365/963/963
f 1365/963/963 1341/961/961 1343/962/962
f 1386/973/973 1384/964/964 1404/971/971
f 1404/971/971 1384/964/964 1411/965/965
f 1404/971/971 1411/965/965 1408/970/970
f 1408/970/970 1411/965/965 1402/966/966
f 1408/970/970 1402/966/966 1399/969/969
f 1399/969/969 1402/966/966 1363/967/967
f 1399/969/969 1363/967/967 1365/968/968
f 1404/971/971 1388/972/972 1386/973/973
f 1366/983/983 1364/974/974 1400/982/982
f 1400/982/982 1364/974/974 1403/975/975
f 1400/982/982 1403/975/975 1409/981/981
f 1409/981/981 1403/975/975 1412/976/976
f 1409/981/981 1412/976/976 1405/980/980
f 1405/980/980 1412/976/976 1385/977/977
f 1405/980/980 1385/977/977 1387/978/978
f 1387/978/978 1389/979/979 1405/980/980
f 656/1033/1033 567/984/984 642/1037/1037
f 642/1037/1037 567/984/984 563/985/985
f 642/1037/1037 563/985/985 559/986/986
f 642/1037/1037 559/986/986 638/1036/1036
f 638/1036/1036 559/986/986 543/987/987
f 638/1036/1036 543/987/987 644/989/989
f 644/989/989 543/987/987 538/988/988
f 638/1036/1036 644/989/989 700/1038/1038
f 700/1038/1038 644/989/989 712/990/990
f 700/1038/1038 712/990/990 820/1040/1040
f 820/1040/1040 712/990/990 844/991/991
f 820/1040/1040 844/991/991 894/1042/1042
f 894/1042/1042 844/991/991 930/992/992
f 894/1042/1042 930/992/992 999/1044/1044
f 999/1044/1044 930/992/992 1037/993/993
f 999/1044/1044 1037/993/993 1063/1046/1046
f 1063/1046/1046 1037/993/993 1131/994/994
f 1063/1046/1046 1131/994/994 1098/1048/1048
f 1098/1048/1048 1131/994/994 1160/995/995
f 1098/1048/1048 1160/995/995 1096/1050/1050
f 1096/1050/1050 1160/995/995 1137/996/996
f 1096/1050/1050 1137/996/996 1053/1051/1051
f 1053/1051/1051 1137/996/996 1065/997/997
f 1053/1051/1051 1065/997/997 995/1053/1053
f 995/1053/1053 1065/997/997 974/998/998
f 995/1053/1053 974/998/998 890/1055/1055
f 890/1055/1055 974/998/998 856/999/999
f 890/1055/1055 856/999/999 786/1057/1057
f 786/1057/1057 856/999/999 738/1000/1000
f 786/1057/1057 738/1000/1000 679/1059/1059
f 679/1059/1059 738/1000/1000 658/1001/1001
f 679/1059/1059 658/1001/1001 632/1061/1061
f 632/1061/1061 658/1001/1001 561/1002/1002
f 632/1061/1061 561/1002/1002 534/1063/1063
f 534/1063/1063 561/1002/1002 461/1003/1003
f 534/1063/1063 461/1003/1003 435/1064/1064
f 435/1064/1064 461/1003/1003 374/1004/1004
f 435/1064/1064 374/1004/1004 376/1066/1066
f 376/1066/1066 374/1004/1004 282/1005/1005
f 376/1066/1066 282/1005/1005 316/1068/1068
f 316/1068/1068 282/1005/1005 250/1006/1006
f 316/1068/1068 250/1006/1006 270/1070/1070
f 270/1070/1070 250/1006/1006 242/1007/1007
f 270/1070/1070 242/1007/1007 266/1072/1072
f 266/1072/1072 242/1007/1007 262/1008/1008
f 266/1072/1072 262/1008/1008 288/1074/1074
f 288/1074/1074 262/1008/1008 340/1009/1009
f 288/1074/1074 340/1009/1009 364/1076/1076
f 364/1076/1076 340/1009/1009 411/1011/1011
f 364/1076/1076 411/1011/1011 413/1012/1012
f 340/1009/1009 397/1010/1010 411/1011/1011
f 413/1012/1012 415/1013/1013 364/1076/1076
f 364/1076/1076 415/1013/1013 378/1077/1077
f 364/1076/1076 378/1077/1077 288/1074/1074
f 288/1074/1074 378/1077/1077 334/1075/1075
f 288/1074/1074 334/1075/1075 266/1072/1072
f 266/1072/1072 334/1075/1075 284/1073/1073
f 266/1072/1072 284/1073/1073 270/1070/1070
f 270/1070/1070 284/1073/1073 290/1071/1071
f 270/1070/1070 290/1071/1071 316/1068/1068
f 316/1068/1068 290/1071/1071 351/1069/1069
f 316/1068/1068 351/1069/1069 376/1066/1066
f 376/1066/1066 351/1069/1069 388/1067/1067
f 376/1066/1066 388/1067/1067 435/1064/1064
f 435/1064/1064 388/1067/1067 463/1065/1065
f 435/1064/1064 463/1065/1065 534/1063/1063
f 534/1063/1063 463/1065/1065 541/1034/1034
f 534/1063/1063 541/1034/1034 632/1061/1061
f 632/1061/1061 541/1034/1034 634/1062/1062
f 632/1061/1061 634/1062/1062 679/1059/1059
f 679/1059/1059 634/1062/1062 675/1060/1060
f 679/1059/1059 675/1060/1060 786/1057/1057
f 786/1057/1057 675/1060/1060 774/1058/1058
f 786/1057/1057 774/1058/1058 890/1055/1055
f 890/1055/1055 774/1058/1058 880/1056/1056
f 890/1055/1055 880/1056/1056 995/1053/1053
f 995/1053/1053 880/1056/1056 957/1054/1054
f 995/1053/1053 957/1054/1054 1053/1051/1051
f 1053/1051/1051 957/1054/1054 1031/1052/1052
f 1053/1051/1051 1031/1052/1052 1096/1050/1050
f 1096/1050/1050 1031/1052/1052 1068/1035/1035
f 1096/1050/1050 1068/1035/1035 1098/1048/1048
f 1098/1048/1048 1068/1035/1035 1070/1049/1049
f 1098/1048/1048 1070/1049/1049 1063/1046/1046
f 1063/1046/1046 1070/1049/1049 1033/1047/1047
f 1063/1046/1046 1033/1047/1047 999/1044/1044
f 999/1044/1044 1033/1047/1047 976/1045/1045
f 999/1044/1044 976/1045/1045 894/1042/1042
f 894/1042/1042 976/1045/1045 884/1043/1043
f 894/1042/1042 884/1043/1043 820/1040/1040
f 820/1040/1040 884/1043/1043 791/1041/1041
f 820/1040/1040 791/1041/1041 700/1038/1038
f 700/1038/1038 791/1041/1041 697/1039/1039
f 700/1038/1038 697/1039/1039 638/1036/1036
f 638/1036/1036 697/1039/1039 642/1037/1037
f 415/1013/1013 419/1014/1014 378/1077/1077
f 378/1077/1077 419/1014/1014 372/1015/1015
f 378/1077/1077 372/1015/1015 334/1075/1075
f 334/1075/1075 372/1015/1015 329/1016/1016
f 334/1075/1075 329/1016/1016 284/1073/1073
f 284/1073/1073 329/1016/1016 298/1017/1017
f 284/1073/1073 298/1017/1017 290/1071/1071
f 290/1071/1071 298/1017/1017 347/1018/1018
f 290/1071/1071 347/1018/1018 351/1069/1069
f 351/1069/1069 347/1018/1018 385/1019/1019
f 351/1069/1069 385/1019/1019 388/1067/1067
f 388/1067/1067 385/1019/1019 467/1020/1020
f 388/1067/1067 467/1020/1020 463/1065/1065
f 463/1065/1065 467/1020/1020 541/1034/1034
f 467/1020/1020 557/1021/1021 541/1034/1034
f 541/1034/1034 557/1021/1021 634/1062/1062
f 557/1021/1021 652/1022/1022 634/1062/1062
f 634/1062/1062 652/1022/1022 675/1060/1060
f 652/1022/1022 716/1023/1023 675/1060/1060
f 675/1060/1060 716/1023/1023 774/1058/1058
f 716/1023/1023 842/1024/1024 774/1058/1058
f 774/1058/1058 842/1024/1024 880/1056/1056
f 842/1024/1024 898/1025/1025 880/1056/1056
f 880/1056/1056 898/1025/1025 957/1054/1054
f 898/1025/1025 1011/1026/1026 957/1054/1054
f 957/1054/1054 1011/1026/1026 1031/1052/1052
f 1011/1026/1026 1041/1027/1027 1031/1052/1052
f 1031/1052/1052 1041/1027/1027 1068/1035/1035
f 1041/1027/1027 1057/1028/1028 1068/1035/1035
f 1068/1035/1035 1057/1028/1028 1070/1049/1049
f 1070/1049/1049 1057/1028/1028 1033/1047/1047
f 1033/1047/1047 1057/1028/1028 1017/1029/1029
f 1033/1047/1047 1017/1029/1029 976/1045/1045
f 976/1045/1045 1017/1029/1029 912/1030/1030
f 976/1045/1045 912/1030/1030 884/1043/1043
f 884/1043/1043 912/1030/1030 848/1031/1031
f 884/1043/1043 848/1031/1031 791/1041/1041
f 791/1041/1041 848/1031/1031 730/1032/1032
f 791/1041/1041 730/1032/1032 697/1039/1039
f 697/1039/1039 730/1032/1032 656/1033/1033
f 697/1039/1039 656/1033/1033 642/1037/1037
f 340/1079/1079 302/1135/1135 397/1078/1078
f 397/1078/1078 302/1135/1135 332/1136/1136
f 397/1078/1078 332/1136/1136 338/1137/1137
f 302/1135/1135 340/1079/1079 214/1134/1134
f 214/1134/1134 340/1079/1079 262/1080/1080
f 214/1134/1134 262/1080/1080 170/1133/1133
f 170/1133/1133 262/1080/1080 137/1132/1132
f 137/1132/1132 262/1080/1080 242/1081/1081
f 137/1132/1132 242/1081/1081 139/1131/1131
f 139/1131/1131 242/1081/1081 250/1082/1082
f 139/1131/1131 250/1082/1082 174/1130/1130
f 174/1130/1130 250/1082/1082 282/1083/1083
f 174/1130/1130 282/1083/1083 230/1129/1129
f 230/1129/1129 282/1083/1083 374/1084/1084
f 230/1129/1129 374/1084/1084 343/1128/1128
f 343/1128/1128 374/1084/1084 461/1085/1085
f 343/1128/1128 461/1085/1085 428/1127/1127
f 428/1127/1127 461/1085/1085 561/1086/1086
f 428/1127/1127 561/1086/1086 571/1126/1126
f 571/1126/1126 561/1086/1086 658/1087/1087
f 571/1126/1126 658/1087/1087 670/1125/1125
f 670/1125/1125 658/1087/1087 738/1088/1088
f 670/1125/1125 738/1088/1088 782/1124/1124
f 782/1124/1124 738/1088/1088 856/1089/1089
f 782/1124/1124 856/1089/1089 908/1123/1123
f 908/1123/1123 856/1089/1089 974/1090/1090
f 908/1123/1123 974/1090/1090 1083/1122/1122
f 1083/1122/1122 974/1090/1090 1247/1121/1121
f 1247/1121/1121 974/1090/1090 1065/1091/1091
f 1247/1121/1121 1065/1091/1091 1314/1120/1120
f 1314/1120/1120 1065/1091/1091 1137/1092/1092
f 1314/1120/1120 1137/1092/1092 1380/1119/1119
f 1380/1119/1119 1137/1092/1092 1160/1093/1093
f 1380/1119/1119 1160/1093/1093 1359/1118/1118
f 1359/1118/1118 1160/1093/1093 1131/1094/1094
f 1359/1118/1118 1131/1094/1094 1285/1117/1117
f 1285/1117/1117 1131/1094/1094 1037/1095/1095
f 1285/1117/1117 1037/1095/1095 1172/1116/1116
f 1172/1116/1116 1037/1095/1095 930/1096/1096
f 1172/1116/1116 930/1096/1096 1019/1115/1115
f 1019/1115/1115 930/1096/1096 844/1097/1097
f 1019/1115/1115 844/1097/1097 868/1114/1114
f 868/1114/1114 844/1097/1097 712/1098/1098
f 868/1114/1114 712/1098/1098 726/1113/1113
f 726/1113/1113 712/1098/1098 640/1112/1112
f 640/1112/1112 712/1098/1098 644/1099/1099
f 640/1112/1112 644/1099/1099 514/1111/1111
f 514/1111/1111 644/1099/1099 538/1100/1100
f 514/1111/1111 538/1100/1100 493/1110/1110
f 493/1110/1110 538/1100/1100 489/1109/1109
f 489/1109/1109 538/1100/1100 471/1108/1108
f 471/1108/1108 538/1100/1100 409/1101/1101
f 471/1108/1108 409/1101/1101 441/1107/1107
f 441/1107/1107 409/1101/1101 431/1106/1106
f 431/1106/1106 409/1101/1101 421/1102/1102
f 431/1106/1106 421/1102/1102 446/1105/1105
f 446/1105/1105 421/1102/1102 459/1103/1103
f 446/1105/1105 459/1103/1103 485/1104/1104
f 338/1137/1137 321/1138/1138 397/1078/1078
f 397/1078/1078 321/1138/1138 276/1145/1145
f 276/1145/1145 321/1138/1138 292/1139/1139
f 276/1145/1145 292/1139/1139 279/1140/1140
f 276/1145/1145 279/1140/1140 258/1144/1144
f 258/1144/1144 279/1140/1140 254/1141/1141
f 258/1144/1144 254/1141/1141 245/1143/1143
f 245/1143/1143 254/1141/1141 232/1142/1142
f 543/1147/1147 559/1148/1148 538/1146/1146
f 538/1146/1146 559/1148/1148 563/1149/1149
f 538/1146/1146 563/1149/1149 567/1150/1150
f 565/1151/1151 407/1152/1152 567/1150/1150
f 567/1150/1150 407/1152/1152 538/1146/1146
f 407/1152/1152 409/1153/1153 538/1146/1146
f 1874/1203/1203 1897/1154/1154 1886/1207/1207
f 1886/1207/1207 1897/1154/1154 1904/1155/1155
f 1886/1207/1207 1904/1155/1155 1906/1156/1156
f 1886/1207/1207 1906/1156/1156 1893/1206/1206
f 1893/1206/1206 1906/1156/1156 1913/1157/1157
f 1893/1206/1206 1913/1157/1157 1908/1159/1159
f 1908/1159/1159 1913/1157/1157 1919/1158/1158
f 1893/1206/1206 1908/1159/1159 1861/1208/1208
f 1861/1208/1208 1908/1159/1159 1871/1160/1160
f 1861/1208/1208 1871/1160/1160 1754/1210/1210
f 1754/1210/1210 1871/1160/1160 1761/1161/1161
f 1754/1210/1210 1761/1161/1161 1707/1212/1212
f 1707/1212/1212 1761/1161/1161 1704/1162/1162
f 1707/1212/1212 1704/1162/1162 1661/1214/1214
f 1661/1214/1214 1704/1162/1162 1653/1163/1163
f 1661/1214/1214 1653/1163/1163 1624/1216/1216
f 1624/1216/1216 1653/1163/1163 1610/1164/1164
f 1624/1216/1216 1610/1164/1164 1578/1218/1218
f 1578/1218/1218 1610/1164/1164 1563/1165/1165
f 1578/1218/1218 1563/1165/1165 1532/1220/1220
f 1532/1220/1220 1563/1165/1165 1519/1166/1166
f 1532/1220/1220 1519/1166/1166 1503/1221/1221
f 1503/1221/1221 1519/1166/1166 1477/1167/1167
f 1503/1221/1221 1477/1167/1167 1471/1223/1223
f 1471/1223/1223 1477/1167/1167 1442/1168/1168
f 1471/1223/1223 1442/1168/1168 1451/1225/1225
f 1451/1225/1225 1442/1168/1168 1422/1169/1169
f 1451/1225/1225 1422/1169/1169 1450/1227/1227
f 1450/1227/1227 1422/1169/1169 1441/1170/1170
f 1450/1227/1227 1441/1170/1170 1470/1229/1229
f 1470/1229/1229 1441/1170/1170 1476/1171/1171
f 1470/1229/1229 1476/1171/1171 1502/1231/1231
f 1502/1231/1231 1476/1171/1171 1518/1172/1172
f 1502/1231/1231 1518/1172/1172 1531/1233/1233
f 1531/1233/1233 1518/1172/1172 1560/1173/1173
f 1531/1233/1233 1560/1173/1173 1577/1234/1234
f 1577/1234/1234 1560/1173/1173 1609/1174/1174
f 1577/1234/1234 1609/1174/1174 1620/1236/1236
f 1620/1236/1236 1609/1174/1174 1652/1175/1175
f 1620/1236/1236 1652/1175/1175 1660/1238/1238
f 1660/1238/1238 1652/1175/1175 1702/1176/1176
f 1660/1238/1238 1702/1176/1176 1706/1240/1240
f 1706/1240/1240 1702/1176/1176 1758/1177/1177
f 1706/1240/1240 1758/1177/1177 1752/1242/1242
f 1752/1242/1242 1758/1177/1177 1870/1178/1178
f 1752/1242/1242 1870/1178/1178 1856/1244/1244
f 1856/1244/1244 1870/1178/1178 1907/1179/1179
f 1856/1244/1244 1907/1179/1179 1892/1246/1246
f 1892/1246/1246 1907/1179/1179 1912/1181/1181
f 1892/1246/1246 1912/1181/1181 1905/1182/1182
f 1907/1179/1179 1918/1180/1180 1912/1181/1181
f 1905/1182/1182 1903/1183/1183 1892/1246/1246
f 1892/1246/1246 1903/1183/1183 1885/1247/1247
f 1892/1246/1246 1885/1247/1247 1856/1244/1244
f 1856/1244/1244 1885/1247/1247 1840/1245/1245
f 1856/1244/1244 1840/1245/1245 1752/1242/1242
f 1752/1242/1242 1840/1245/1245 1746/1243/1243
f 1752/1242/1242 1746/1243/1243 1706/1240/1240
f 1706/1240/1240 1746/1243/1243 1703/1241/1241
f 1706/1240/1240 1703/1241/1241 1660/1238/1238
f 1660/1238/1238 1703/1241/1241 1658/1239/1239
f 1660/1238/1238 1658/1239/1239 1620/1236/1236
f 1620/1236/1236 1658/1239/1239 1625/1237/1237
f 1620/1236/1236 1625/1237/1237 1577/1234/1234
f 1577/1234/1234 1625/1237/1237 1581/1235/1235
f 1577/1234/1234 1581/1235/1235 1531/1233/1233
f 1531/1233/1233 1581/1235/1235 1535/1204/1204
f 1531/1233/1233 1535/1204/1204 1502/1231/1231
f 1502/1231/1231 1535/1204/1204 1511/1232/1232
f 1502/1231/1231 1511/1232/1232 1470/1229/1229
f 1470/1229/1229 1511/1232/1232 1484/1230/1230
f 1470/1229/1229 1484/1230/1230 1450/1227/1227
f 1450/1227/1227 1484/1230/1230 1463/1228/1228
f 1450/1227/1227 1463/1228/1228 1451/1225/1225
f 1451/1225/1225 1463/1228/1228 1466/1226/1226
f 1451/1225/1225 1466/1226/1226 1471/1223/1223
f 1471/1223/1223 1466/1226/1226 1485/1224/1224
f 1471/1223/1223 1485/1224/1224 1503/1221/1221
f 1503/1221/1221 1485/1224/1224 1513/1222/1222
f 1503/1221/1221 1513/1222/1222 1532/1220/1220
f 1532/1220/1220 1513/1222/1222 1536/1205/1205
f 1532/1220/1220 1536/1205/1205 1578/1218/1218
f 1578/1218/1218 1536/1205/1205 1584/1219/1219
f 1578/1218/1218 1584/1219/1219 1624/1216/1216
f 1624/1216/1216 1584/1219/1219 1635/1217/1217
f 1624/1216/1216 1635/1217/1217 1661/1214/1214
f 1661/1214/1214 1635/1217/1217 1659/1215/1215
f 1661/1214/1214 1659/1215/1215 1707/1212/1212
f 1707/1212/1212 1659/1215/1215 1705/1213/1213
f 1707/1212/1212 1705/1213/1213 1754/1210/1210
f 1754/1210/1210 1705/1213/1213 1747/1211/1211
f 1754/1210/1210 1747/1211/1211 1861/1208/1208
f 1861/1208/1208 1747/1211/1211 1842/1209/1209
f 1861/1208/1208 1842/1209/1209 1893/1206/1206
f 1893/1206/1206 1842/1209/1209 1886/1207/1207
f 1903/1183/1183 1895/1184/1184 1885/1247/1247
f 1885/1247/1247 1895/1184/1184 1872/1185/1185
f 1885/1247/1247 1872/1185/1185 1840/1245/1245
f 1840/1245/1245 1872/1185/1185 1798/1186/1186
f 1840/1245/1245 1798/1186/1186 1746/1243/1243
f 1746/1243/1243 1798/1186/1186 1731/1187/1187
f 1746/1243/1243 1731/1187/1187 1703/1241/1241
f 1703/1241/1241 1731/1187/1187 1681/1188/1188
f 1703/1241/1241 1681/1188/1188 1658/1239/1239
f 1658/1239/1239 1681/1188/1188 1638/1189/1189
f 1658/1239/1239 1638/1189/1189 1625/1237/1237
f 1625/1237/1237 1638/1189/1189 1586/1190/1190
f 1625/1237/1237 1586/1190/1190 1581/1235/1235
f 1581/1235/1235 1586/1190/1190 1535/1204/1204
f 1586/1190/1190 1533/1191/1191 1535/1204/1204
f 1535/1204/1204 1533/1191/1191 1511/1232/1232
f 1533/1191/1191 1504/1192/1192 1511/1232/1232
f 1511/1232/1232 1504/1192/1192 1484/1230/1230
f 1504/1192/1192 1482/1193/1193 1484/1230/1230
f 1484/1230/1230 1482/1193/1193 1463/1228/1228
f 1482/1193/1193 1469/1194/1194 1463/1228/1228
f 1463/1228/1228 1469/1194/1194 1466/1226/1226
f 1469/1194/1194 1483/1195/1195 1466/1226/1226
f 1466/1226/1226 1483/1195/1195 1485/1224/1224
f 1483/1195/1195 1505/1196/1196 1485/1224/1224
f 1485/1224/1224 1505/1196/1196 1513/1222/1222
f 1505/1196/1196 1534/1197/1197 1513/1222/1222
f 1513/1222/1222 1534/1197/1197 1536/1205/1205
f 1534/1197/1197 1588/1198/1198 1536/1205/1205
f 1536/1205/1205 1588/1198/1198 1584/1219/1219
f 1584/1219/1219 1588/1198/1198 1635/1217/1217
f 1635/1217/1217 1588/1198/1198 1640/1199/1199
f 1635/1217/1217 1640/1199/1199 1659/1215/1215
f 1659/1215/1215 1640/1199/1199 1682/1200/1200
f 1659/1215/1215 1682/1200/1200 1705/1213/1213
f 1705/1213/1213 1682/1200/1200 1733/1201/1201
f 1705/1213/1213 1733/1201/1201 1747/1211/1211
f 1747/1211/1211 1733/1201/1201 1799/1202/1202
f 1747/1211/1211 1799/1202/1202 1842/1209/1209
f 1842/1209/1209 1799/1202/1202 1874/1203/1203
f 1842/1209/1209 1874/1203/1203 1886/1207/1207
f 1896/1295/1295 1897/1248/1248 1883/1294/1294
f 1883/1294/1294 1897/1248/1248 1884/1249/1249
f 1883/1294/1294 1884/1249/1249 1830/1250/1250
f 1883/1294/1294 1830/1250/1250 1829/1293/1293
f 1829/1293/1293 1830/1250/1250 1741/1251/1251
f 1829/1293/1293 1741/1251/1251 1740/1292/1292
f 1740/1292/1292 1741/1251/1251 1697/1252/1252
f 1740/1292/1292 1697/1252/1252 1696/1291/1291
f 1696/1291/1291 1697/1252/1252 1657/1253/1253
f 1696/1291/1291 1657/1253/1253 1656/1290/1290
f 1656/1290/1290 1657/1253/1253 1622/1254/1254
f 1656/1290/1290 1622/1254/1254 1621/1289/1289
f 1621/1289/1289 1622/1254/1254 1583/1255/1255
f 1621/1289/1289 1583/1255/1255 1582/1288/1288
f 1582/1288/1288 1583/1255/1255 1541/1287/1287
f 1541/1287/1287 1583/1255/1255 1542/1256/1256
f 1541/1287/1287 1542/1256/1256 1517/1257/1257
f 1541/1287/1287 1517/1257/1257 1516/1286/1286
f 1516/1286/1286 1517/1257/1257 1489/1258/1258
f 1516/1286/1286 1489/1258/1258 1488/1285/1285
f 1488/1285/1285 1489/1258/1258 1475/1259/1259
f 1488/1285/1285 1475/1259/1259 1474/1284/1284
f 1474/1284/1284 1475/1259/1259 1473/1260/1260
f 1474/1284/1284 1473/1260/1260 1472/1283/1283
f 1472/1283/1283 1473/1260/1260 1487/1261/1261
f 1472/1283/1283 1487/1261/1261 1486/1282/1282
f 1486/1282/1282 1487/1261/1261 1515/1262/1262
f 1486/1282/1282 1515/1262/1262 1514/1281/1281
f 1514/1281/1281 1515/1262/1262 1539/1263/1263
f 1514/1281/1281 1539/1263/1263 1538/1280/1280
f 1538/1280/1280 1539/1263/1263 1579/1279/1279
f 1579/1279/1279 1539/1263/1263 1580/1264/1264
f 1579/1279/1279 1580/1264/1264 1619/1265/1265
f 1579/1279/1279 1619/1265/1265 1618/1278/1278
f 1618/1278/1278 1619/1265/1265 1655/1266/1266
f 1618/1278/1278 1655/1266/1266 1654/1277/1277
f 1654/1277/1277 1655/1266/1266 1695/1267/1267
f 1654/1277/1277 1695/1267/1267 1694/1276/1276
f 1694/1276/1276 1695/1267/1267 1739/1268/1268
f 1694/1276/1276 1739/1268/1268 1738/1275/1275
f 1738/1275/1275 1739/1268/1268 1828/1269/1269
f 1738/1275/1275 1828/1269/1269 1827/1274/1274
f 1827/1274/1274 1828/1269/1269 1882/1270/1270
f 1827/1274/1274 1882/1270/1270 1881/1273/1273
f 1881/1273/1273 1882/1270/1270 1894/1272/1272
f 1894/1272/1272 1882/1270/1270 1895/1271/1271
f 1903/1297/1297 1918/1300/1300 1895/1296/1296
f 1895/1296/1296 1918/1300/1300 2040/1302/1302
f 1895/1296/1296 2040/1302/1302 1894/1303/1303
f 1903/1297/1297 1905/1298/1298 1918/1300/1300
f 1918/1300/1300 1905/1298/1298 1912/1299/1299
f 1918/1300/1300 2041/1301/1301 2040/1302/1302
f 371/1353/1353 418/1304/1304 377/1357/1357
f 377/1357/1357 418/1304/1304 414/1305/1305
f 377/1357/1357 414/1305/1305 412/1306/1306
f 377/1357/1357 412/1306/1306 363/1356/1356
f 363/1356/1356 412/1306/1306 410/1307/1307
f 363/1356/1356 410/1307/1307 339/1309/1309
f 339/1309/1309 410/1307/1307 396/1308/1308
f 363/1356/1356 339/1309/1309 287/1358/1358
f 287/1358/1358 339/1309/1309 261/1310/1310
f 287/1358/1358 261/1310/1310 265/1360/1360
f 265/1360/1360 261/1310/1310 241/1311/1311
f 265/1360/1360 241/1311/1311 269/1362/1362
f 269/1362/1362 241/1311/1311 249/1312/1312
f 269/1362/1362 249/1312/1312 315/1364/1364
f 315/1364/1364 249/1312/1312 281/1313/1313
f 315/1364/1364 281/1313/1313 375/1366/1366
f 375/1366/1366 281/1313/1313 373/1314/1314
f 375/1366/1366 373/1314/1314 434/1368/1368
f 434/1368/1368 373/1314/1314 460/1315/1315
f 434/1368/1368 460/1315/1315 533/1370/1370
f 533/1370/1370 460/1315/1315 560/1316/1316
f 533/1370/1370 560/1316/1316 631/1371/1371
f 631/1371/1371 560/1316/1316 657/1317/1317
f 631/1371/1371 657/1317/1317 678/1373/1373
f 678/1373/1373 657/1317/1317 737/1318/1318
f 678/1373/1373 737/1318/1318 785/1375/1375
f 785/1375/1375 737/1318/1318 855/1319/1319
f 785/1375/1375 855/1319/1319 889/1377/1377
f 889/1377/1377 855/1319/1319 973/1320/1320
f 889/1377/1377 973/1320/1320 994/1379/1379
f 994/1379/1379 973/1320/1320 1064/1321/1321
f 994/1379/1379 1064/1321/1321 1052/1381/1381
f 1052/1381/1381 1064/1321/1321 1136/1322/1322
f 1052/1381/1381 1136/1322/1322 1095/1383/1383
f 1095/1383/1383 1136/1322/1322 1159/1323/1323
f 1095/1383/1383 1159/1323/1323 1097/1384/1384
f 1097/1384/1384 1159/1323/1323 1130/1324/1324
f 1097/1384/1384 1130/1324/1324 1062/1386/1386
f 1062/1386/1386 1130/1324/1324 1036/1325/1325
f 1062/1386/1386 1036/1325/1325 998/1388/1388
f 998/1388/1388 1036/1325/1325 929/1326/1326
f 998/1388/1388 929/1326/1326 893/1390/1390
f 893/1390/1390 929/1326/1326 843/1327/1327
f 893/1390/1390 843/1327/1327 819/1392/1392
f 819/1392/1392 843/1327/1327 711/1328/1328
f 819/1392/1392 711/1328/1328 699/1394/1394
f 699/1394/1394 711/1328/1328 643/1329/1329
f 699/1394/1394 643/1329/1329 637/1396/1396
f 637/1396/1396 643/1329/1329 542/1331/1331
f 637/1396/1396 542/1331/1331 558/1332/1332
f 643/1329/1329 537/1330/1330 542/1331/1331
f 558/1332/1332 562/1333/1333 637/1396/1396
f 637/1396/1396 562/1333/1333 641/1397/1397
f 637/1396/1396 641/1397/1397 699/1394/1394
f 699/1394/1394 641/1397/1397 696/1395/1395
f 699/1394/1394 696/1395/1395 819/1392/1392
f 819/1392/1392 696/1395/1395 790/1393/1393
f 819/1392/1392 790/1393/1393 893/1390/1390
f 893/1390/1390 790/1393/1393 883/1391/1391
f 893/1390/1390 883/1391/1391 998/1388/1388
f 998/1388/1388 883/1391/1391 975/1389/1389
f 998/1388/1388 975/1389/1389 1062/1386/1386
f 1062/1386/1386 975/1389/1389 1032/1387/1387
f 1062/1386/1386 1032/1387/1387 1097/1384/1384
f 1097/1384/1384 1032/1387/1387 1069/1385/1385
f 1097/1384/1384 1069/1385/1385 1095/1383/1383
f 1095/1383/1383 1069/1385/1385 1067/1354/1354
f 1095/1383/1383 1067/1354/1354 1052/1381/1381
f 1052/1381/1381 1067/1354/1354 1030/1382/1382
f 1052/1381/1381 1030/1382/1382 994/1379/1379
f 994/1379/1379 1030/1382/1382 956/1380/1380
f 994/1379/1379 956/1380/1380 889/1377/1377
f 889/1377/1377 956/1380/1380 879/1378/1378
f 889/1377/1377 879/1378/1378 785/1375/1375
f 785/1375/1375 879/1378/1378 773/1376/1376
f 785/1375/1375 773/1376/1376 678/1373/1373
f 678/1373/1373 773/1376/1376 674/1374/1374
f 678/1373/1373 674/1374/1374 631/1371/1371
f 631/1371/1371 674/1374/1374 633/1372/1372
f 631/1371/1371 633/1372/1372 533/1370/1370
f 533/1370/1370 633/1372/1372 540/1355/1355
f 533/1370/1370 540/1355/1355 434/1368/1368
f 434/1368/1368 540/1355/1355 462/1369/1369
f 434/1368/1368 462/1369/1369 375/1366/1366
f 375/1366/1366 462/1369/1369 387/1367/1367
f 375/1366/1366 387/1367/1367 315/1364/1364
f 315/1364/1364 387/1367/1367 350/1365/1365
f 315/1364/1364 350/1365/1365 269/1362/1362
f 269/1362/1362 350/1365/1365 289/1363/1363
f 269/1362/1362 289/1363/1363 265/1360/1360
f 265/1360/1360 289/1363/1363 283/1361/1361
f 265/1360/1360 283/1361/1361 287/1358/1358
f 287/1358/1358 283/1361/1361 333/1359/1359
f 287/1358/1358 333/1359/1359 363/1356/1356
f 363/1356/1356 333/1359/1359 377/1357/1357
f 562/1333/1333 566/1334/1334 641/1397/1397
f 641/1397/1397 566/1334/1334 655/1335/1335
f 641/1397/1397 655/1335/1335 696/1395/1395
f 696/1395/1395 655/1335/1335 729/1336/1336
f 696/1395/1395 729/1336/1336 790/1393/1393
f 790/1393/1393 729/1336/1336 847/1337/1337
f 790/1393/1393 847/1337/1337 883/1391/1391
f 883/1391/1391 847/1337/1337 911/1338/1338
f 883/1391/1391 911/1338/1338 975/1389/1389
f 975/1389/1389 911/1338/1338 1016/1339/1339
f 975/1389/1389 1016/1339/1339 1032/1387/1387
f 1032/1387/1387 1016/1339/1339 1056/1340/1340
f 1032/1387/1387 1056/1340/1340 1069/1385/1385
f 1069/1385/1385 1056/1340/1340 1067/1354/1354
f 1056/1340/1340 1040/1341/1341 1067/1354/1354
f 1067/1354/1354 1040/1341/1341 1030/1382/1382
f 1040/1341/1341 1010/1342/1342 1030/1382/1382
f 1030/1382/1382 1010/1342/1342 956/1380/1380
f 1010/1342/1342 897/1343/1343 956/1380/1380
f 956/1380/1380 897/1343/1343 879/1378/1378
f 897/1343/1343 841/1344/1344 879/1378/1378
f 879/1378/1378 841/1344/1344 773/1376/1376
f 841/1344/1344 715/1345/1345 773/1376/1376
f 773/1376/1376 715/1345/1345 674/1374/1374
f 715/1345/1345 651/1346/1346 674/1374/1374
f 674/1374/1374 651/1346/1346 633/1372/1372
f 651/1346/1346 556/1347/1347 633/1372/1372
f 633/1372/1372 556/1347/1347 540/1355/1355
f 556/1347/1347 466/1348/1348 540/1355/1355
f 540/1355/1355 466/1348/1348 462/1369/1369
f 462/1369/1369 466/1348/1348 387/1367/1367
f 387/1367/1367 466/1348/1348 384/1349/1349
f 387/1367/1367 384/1349/1349 350/1365/1365
f 350/1365/1365 384/1349/1349 346/1350/1350
f 350/1365/1365 346/1350/1350 289/1363/1363
f 289/1363/1363 346/1350/1350 297/1351/1351
f 289/1363/1363 297/1351/1351 283/1361/1361
f 283/1361/1361 297/1351/1351 328/1352/1352
f 283/1361/1361 328/1352/1352 333/1359/1359
f 333/1359/1359 328/1352/1352 371/1353/1353
f 333/1359/1359 371/1353/1353 377/1357/1357
f 643/1399/1399 513/1455/1455 537/1398/1398
f 537/1398/1398 513/1455/1455 492/1456/1456
f 537/1398/1398 492/1456/1456 488/1457/1457
f 513/1455/1455 643/1399/1399 639/1454/1454
f 639/1454/1454 643/1399/1399 711/1400/1400
f 639/1454/1454 711/1400/1400 725/1453/1453
f 725/1453/1453 711/1400/1400 867/1452/1452
f 867/1452/1452 711/1400/1400 843/1401/1401
f 867/1452/1452 843/1401/1401 1018/1451/1451
f 1018/1451/1451 843/1401/1401 929/1402/1402
f 1018/1451/1451 929/1402/1402 1171/1450/1450
f 1171/1450/1450 929/1402/1402 1036/1403/1403
f 1171/1450/1450 1036/1403/1403 1284/1449/1449
f 1284/1449/1449 1036/1403/1403 1130/1404/1404
f 1284/1449/1449 1130/1404/1404 1358/1448/1448
f 1358/1448/1448 1130/1404/1404 1159/1405/1405
f 1358/1448/1448 1159/1405/1405 1379/1447/1447
f 1379/1447/1447 1159/1405/1405 1136/1406/1406
f 1379/1447/1447 1136/1406/1406 1313/1446/1446
f 1313/1446/1446 1136/1406/1406 1064/1407/1407
f 1313/1446/1446 1064/1407/1407 1246/1445/1445
f 1246/1445/1445 1064/1407/1407 973/1408/1408
f 1246/1445/1445 973/1408/1408 1082/1444/1444
f 1082/1444/1444 973/1408/1408 907/1443/1443
f 907/1443/1443 973/1408/1408 855/1409/1409
f 907/1443/1443 855/1409/1409 781/1442/1442
f 781/1442/1442 855/1409/1409 737/1410/1410
f 781/1442/1442 737/1410/1410 671/1441/1441
f 671/1441/1441 737/1410/1410 657/1411/1411
f 671/1441/1441 657/1411/1411 570/1440/1440
f 570/1440/1440 657/1411/1411 560/1412/1412
f 570/1440/1440 560/1412/1412 427/1439/1439
f 427/1439/1439 560/1412/1412 460/1413/1413
f 427/1439/1439 460/1413/1413 342/1438/1438
f 342/1438/1438 460/1413/1413 373/1414/1414
f 342/1438/1438 373/1414/1414 229/1437/1437
f 229/1437/1437 373/1414/1414 281/1415/1415
f 229/1437/1437 281/1415/1415 173/1436/1436
f 173/1436/1436 281/1415/1415 249/1416/1416
f 173/1436/1436 249/1416/1416 138/1435/1435
f 138/1435/1435 249/1416/1416 241/1417/1417
f 138/1435/1435 241/1417/1417 136/1434/1434
f 136/1434/1434 241/1417/1417 261/1418/1418
f 136/1434/1434 261/1418/1418 169/1433/1433
f 169/1433/1433 261/1418/1418 213/1432/1432
f 213/1432/1432 261/1418/1418 339/1419/1419
f 213/1432/1432 339/1419/1419 301/1431/1431
f 301/1431/1431 339/1419/1419 396/1420/1420
f 301/1431/1431 396/1420/1420 331/1430/1430
f 331/1430/1430 396/1420/1420 337/1429/1429
f 337/1429/1429 396/1420/1420 320/1428/1428
f 320/1428/1428 396/1420/1420 275/1421/1421
f 320/1428/1428 275/1421/1421 291/1427/1427
f 291/1427/1427 275/1421/1421 278/1426/1426
f 278/1426/1426 275/1421/1421 257/1422/1422
f 278/1426/1426 257/1422/1422 253/1425/1425
f 253/1425/1425 257/1422/1422 244/1423/1423
f 253/1425/1425 244/1423/1423 231/1424/1424
f 488/1457/1457 470/1458/1458 537/1398/1398
f 537/1398/1398 470/1458/1458 408/1465/1465
f 408/1465/1465 470/1458/1458 440/1459/1459
f 408/1465/1465 440/1459/1459 430/1460/1460
f 408/1465/1465 430/1460/1460 420/1464/1464
f 420/1464/1464 430/1460/1460 445/1461/1461
f 420/1464/1464 445/1461/1461 458/1463/1463
f 458/1463/1463 445/1461/1461 484/1462/1462
f 410/1467/1467 412/1468/1468 396/1466/1466
f 396/1466/1466 412/1468/1468 414/1469/1469
f 396/1466/1466 414/1469/1469 418/1470/1470
f 416/1471/1471 273/1472/1472 418/1470/1470
f 418/1470/1470 273/1472/1472 396/1466/1466
f 273/1472/1472 275/1473/1473 396/1466/1466
f 565/1515/1515 567/1474/1474 654/1514/1514
f 654/1514/1514 567/1474/1474 656/1475/1475
f 654/1514/1514 656/1475/1475 728/1513/1513
f 728/1513/1513 656/1475/1475 730/1476/1476
f 728/1513/1513 730/1476/1476 846/1512/1512
f 846/1512/1512 730/1476/1476 848/1477/1477
f 846/1512/1512 848/1477/1477 910/1511/1511
f 910/1511/1511 848/1477/1477 912/1478/1478
f 910/1511/1511 912/1478/1478 1015/1510/1510
f 1015/1510/1510 912/1478/1478 1017/1479/1479
f 1015/1510/1510 1017/1479/1479 1055/1509/1509
f 1055/1509/1509 1017/1479/1479 1057/1480/1480
f 1055/1509/1509 1057/1480/1480 1039/1508/1508
f 1039/1508/1508 1057/1480/1480 1041/1481/1481
f 1039/1508/1508 1041/1481/1481 1009/1507/1507
f 1009/1507/1507 1041/1481/1481 1011/1482/1482
f 1009/1507/1507 1011/1482/1482 896/1506/1506
f 896/1506/1506 1011/1482/1482 898/1483/1483
f 896/1506/1506 898/1483/1483 840/1505/1505
f 840/1505/1505 898/1483/1483 842/1484/1484
f 840/1505/1505 842/1484/1484 714/1504/1504
f 714/1504/1504 842/1484/1484 716/1485/1485
f 714/1504/1504 716/1485/1485 650/1503/1503
f 650/1503/1503 716/1485/1485 652/1486/1486
f 650/1503/1503 652/1486/1486 555/1502/1502
f 555/1502/1502 652/1486/1486 557/1487/1487
f 555/1502/1502 557/1487/1487 465/1501/1501
f 465/1501/1501 557/1487/1487 467/1488/1488
f 465/1501/1501 467/1488/1488 383/1500/1500
f 383/1500/1500 467/1488/1488 385/1489/1489
f 383/1500/1500 385/1489/1489 345/1499/1499
f 345/1499/1499 385/1489/1489 347/1490/1490
f 345/1499/1499 347/1490/1490 296/1498/1498
f 296/1498/1498 347/1490/1490 298/1491/1491
f 296/1498/1498 298/1491/1491 327/1497/1497
f 327/1497/1497 298/1491/1491 329/1492/1492
f 327/1497/1497 329/1492/1492 370/1496/1496
f 370/1496/1496 329/1492/1492 372/1493/1493
f 370/1496/1496 372/1493/1493 417/1495/1495
f 417/1495/1495 372/1493/1493 419/1494/1494
f 415/1517/1517 397/1520/1520 419/1516/1516
f 419/1516/1516 397/1520/1520 274/1522/1522
f 419/1516/1516 274/1522/1522 417/1523/1523
f 415/1517/1517 413/1518/1518 397/1520/1520
f 397/1520/1520 413/1518/1518 411/1519/1519
f 397/1520/1520 276/1521/1521 274/1522/1522
f 416/1565/1565 418/1524/1524 369/1564/1564
f 369/1564/1564 418/1524/1524 371/1525/1525
f 369/1564/1564 371/1525/1525 326/1563/1563
f 326/1563/1563 371/1525/1525 328/1526/1526
f 326/1563/1563 328/1526/1526 295/1562/1562
f 295/1562/1562 328/1526/1526 297/1527/1527
f 295/1562/1562 297/1527/1527 344/1561/1561
f 344/1561/1561 297/1527/1527 346/1528/1528
f 344/1561/1561 346/1528/1528 382/1560/1560
f 382/1560/1560 346/1528/1528 384/1529/1529
f 382/1560/1560 384/1529/1529 464/1559/1559
f 464/1559/1559 384/1529/1529 466/1530/1530
f 464/1559/1559 466/1530/1530 554/1558/1558
f 554/1558/1558 466/1530/1530 556/1531/1531
f 554/1558/1558 556/1531/1531 649/1557/1557
f 649/1557/1557 556/1531/1531 651/1532/1532
f 649/1557/1557 651/1532/1532 713/1556/1556
f 713/1556/1556 651/1532/1532 715/1533/1533
f 713/1556/1556 715/1533/1533 839/1555/1555
f 839/1555/1555 715/1533/1533 841/1534/1534
f 839/1555/1555 841/1534/1534 895/1554/1554
f 895/1554/1554 841/1534/1534 897/1535/1535
f 895/1554/1554 897/1535/1535 1008/1553/1553
f 1008/1553/1553 897/1535/1535 1010/1536/1536
f 1008/1553/1553 1010/1536/1536 1038/1552/1552
f 1038/1552/1552 1010/1536/1536 1040/1537/1537
f 1038/1552/1552 1040/1537/1537 1054/1551/1551
f 1054/1551/1551 1040/1537/1537 1056/1538/1538
f 1054/1551/1551 1056/1538/1538 1014/1550/1550
f 1014/1550/1550 1056/1538/1538 1016/1539/1539
f 1014/1550/1550 1016/1539/1539 909/1549/1549
f 909/1549/1549 1016/1539/1539 911/1540/1540
f 909/1549/1549 911/1540/1540 845/1548/1548
f 845/1548/1548 911/1540/1540 847/1541/1541
f 845/1548/1548 847/1541/1541 727/1547/1547
f 727/1547/1547 847/1541/1541 729/1542/1542
f 727/1547/1547 729/1542/1542 653/1546/1546
f 653/1546/1546 729/1542/1542 655/1543/1543
f 653/1546/1546 655/1543/1543 564/1545/1545
f 564/1545/1545 655/1543/1543 566/1544/1544
f 562/1567/1567 537/1570/1570 566/1566/1566
f 566/1566/1566 537/1570/1570 406/1572/1572
f 566/1566/1566 406/1572/1572 564/1573/1573
f 562/1567/1567 558/1568/1568 537/1570/1570
f 537/1570/1570 558/1568/1568 542/1569/1569
f 537/1570/1570 408/1571/1571 406/1572/1572
f 1913/1575/1575 1906/1576/1576 1919/1574/1574
f 1919/1574/1574 1906/1576/1576 1904/1577/1577
f 1919/1574/1574 1904/1577/1577 1897/1578/1578
f 1896/1579/1579 2042/1580/1580 1897/1578/1578
f 1897/1578/1578 2042/1580/1580 1919/1574/1574
f 2042/1580/1580 2043/1581/1581 1919/1574/1574
f 409/1582/1582 407/1583/1583 421/1596/1596
f 421/1596/1596 407/1583/1583 459/1595/1595
f 459/1595/1595 407/1583/1583 485/1594/1594
f 485/1594/1594 407/1583/1583 536/1584/1584
f 485/1594/1594 536/1584/1584 487/1593/1593
f 487/1593/1593 536/1584/1584 602/1592/1592
f 602/1592/1592 536/1584/1584 648/1585/1585
f 602/1592/1592 648/1585/1585 702/1591/1591
f 702/1591/1591 648/1585/1585 732/1586/1586
f 702/1591/1591 732/1586/1586 852/1590/1590
f 852/1590/1590 732/1586/1586 858/1587/1587
f 852/1590/1590 858/1587/1587 1007/1589/1589
f 1007/1589/1589 858/1587/1587 1005/1588/1588
f 275/1597/1597 273/1598/1598 257/1611/1611
f 257/1611/1611 273/1598/1598 244/1610/1610
f 244/1610/1610 273/1598/1598 231/1609/1609
f 231/1609/1609 273/1598/1598 200/1599/1599
f 231/1609/1609 200/1599/1599 233/1608/1608
f 233/1608/1608 200/1599/1599 156/1607/1607
f 156/1607/1607 200/1599/1599 86/1600/1600
f 156/1607/1607 86/1600/1600 45/1606/1606
f 45/1606/1606 86/1600/1600 41/1601/1601
f 45/1606/1606 41/1601/1601 33/1605/1605
f 33/1605/1605 41/1601/1601 29/1602/1602
f 33/1605/1605 29/1602/1602 23/1604/1604
f 23/1604/1604 29/1602/1602 21/1603/1603
f 2043/1612/1612 2042/1613/1613 2039/1626/1626
f 2039/1626/1626 2042/1613/1613 2037/1625/1625
f 2037/1625/1625 2042/1613/1613 2031/1624/1624
f 2031/1624/1624 2042/1613/1613 2010/1614/1614
f 2031/1624/1624 2010/1614/1614 2032/1623/1623
f 2032/1623/1623 2010/1614/1614 1996/1622/1622
f 1996/1622/1622 2010/1614/1614 1991/1615/1615
f 1996/1622/1622 1991/1615/1615 1966/1621/1621
f 1966/1621/1621 1991/1615/1615 1953/1616/1616
f 1966/1621/1621 1953/1616/1616 1932/1620/1620
f 1932/1620/1620 1953/1616/1616 1923/1617/1617
f 1932/1620/1620 1923/1617/1617 1880/1619/1619
f 1880/1619/1619 1923/1617/1617 1879/1618/1618
f 2041/1628/1628 2038/1629/1629 2040/1627/1627
f 2040/1627/1627 2038/1629/1629 2036/1630/1630
f 2040/1627/1627 2036/1630/1630 2029/1631/1631
f 2040/1627/1627 2029/1631/1631 2008/1649/1649
f 2008/1649/1649 2029/1631/1631 2030/1632/1632
f 2008/1649/1649 2030/1632/1632 1999/1633/1633
f 2008/1649/1649 1999/1633/1633 1990/1648/1648
f 1990/1648/1648 1999/1633/1633 1979/1634/1634
f 1990/1648/1648 1979/1634/1634 1952/1647/1647
f 1952/1647/1647 1979/1634/1634 1935/1635/1635
f 1952/1647/1647 1935/1635/1635 1922/1646/1646
f 1922/1646/1646 1935/1635/1635 1911/1636/1636
f 1922/1646/1646 1911/1636/1636 1875/1645/1645
f 1875/1645/1645 1911/1636/1636 1876/1644/1644
f 1876/1644/1644 1911/1636/1636 1873/1643/1643
f 1873/1643/1643 1911/1636/1636 1868/1642/1642
f 1868/1642/1642 1911/1636/1636 1865/1641/1641
f 1865/1641/1641 1911/1636/1636 1864/1640/1640
f 1864/1640/1640 1911/1636/1636 1853/1639/1639
f 1853/1639/1639 1911/1636/1636 1847/1638/1638
f 1847/1638/1638 1911/1636/1636 1844/1637/1637
f 1432/1672/1672 1342/1650/1650 1353/1673/1673
f 1353/1673/1673 1342/1650/1650 1322/1651/1651
f 1353/1673/1673 1322/1651/1651 1331/1680/1680
f 1331/1680/1680 1322/1651/1651 1308/1652/1652
f 1331/1680/1680 1308/1652/1652 1319/1679/1679
f 1319/1679/1679 1308/1652/1652 1309/1678/1678
f 1319/1679/1679 1309/1678/1678 1367/1683/1683
f 1367/1683/1683 1309/1678/1678 1356/1682/1682
f 1367/1683/1683 1356/1682/1682 1415/1693/1693
f 1415/1693/1693 1356/1682/1682 1397/1694/1694
f 1415/1693/1693 1397/1694/1694 1420/1688/1688
f 1420/1688/1688 1397/1694/1694 1406/1687/1687
f 1420/1688/1688 1406/1687/1687 1407/1696/1696
f 1407/1696/1696 1406/1687/1687 1383/1695/1695
f 1407/1696/1696 1383/1695/1695 1357/1705/1705
f 1357/1705/1705 1383/1695/1695 1336/1706/1706
f 1357/1705/1705 1336/1706/1706 1310/1701/1701
f 1310/1701/1701 1336/1706/1706 1305/1700/1700
f 1310/1701/1701 1305/1700/1700 1260/1710/1710
f 1260/1710/1710 1305/1700/1700 1255/1709/1709
f 1260/1710/1710 1255/1709/1709 1183/1715/1715
f 1183/1715/1715 1255/1709/1709 1170/1714/1714
f 1183/1715/1715 1170/1714/1714 1086/1720/1720
f 1086/1720/1720 1170/1714/1714 1077/1719/1719
f 1086/1720/1720 1077/1719/1719 997/1663/1663
f 997/1663/1663 1077/1719/1719 989/1662/1662
f 989/1662/1662 1077/1719/1719 1066/1718/1718
f 989/1662/1662 1066/1718/1718 986/1661/1661
f 986/1661/1661 1066/1718/1718 1089/1660/1660
f 1089/1660/1660 1066/1718/1718 1167/1713/1713
f 1089/1660/1660 1167/1713/1713 1210/1659/1659
f 1210/1659/1659 1167/1713/1713 1254/1708/1708
f 1210/1659/1659 1254/1708/1708 1272/1658/1658
f 1272/1658/1658 1254/1708/1708 1303/1699/1699
f 1272/1658/1658 1303/1699/1699 1327/1657/1657
f 1327/1657/1657 1303/1699/1699 1333/1707/1707
f 1327/1657/1657 1333/1707/1707 1362/1676/1676
f 1362/1676/1676 1333/1707/1707 1336/1706/1706
f 1362/1676/1676 1336/1706/1706 1383/1695/1695
f 1308/1652/1652 1287/1653/1653 1309/1678/1678
f 1309/1678/1678 1287/1653/1653 1306/1677/1677
f 1309/1678/1678 1306/1677/1677 1356/1682/1682
f 1356/1682/1682 1306/1677/1677 1338/1681/1681
f 1356/1682/1682 1338/1681/1681 1397/1694/1694
f 1397/1694/1694 1338/1681/1681 1375/1674/1674
f 1397/1694/1694 1375/1674/1674 1406/1687/1687
f 1406/1687/1687 1375/1674/1674 1394/1686/1686
f 1406/1687/1687 1394/1686/1686 1383/1695/1695
f 1383/1695/1695 1394/1686/1686 1362/1676/1676
f 1287/1653/1653 1335/1654/1654 1306/1677/1677
f 1306/1677/1677 1335/1654/1654 1338/1681/1681
f 1338/1681/1681 1335/1654/1654 1375/1674/1674
f 1375/1674/1674 1335/1654/1654 1382/1655/1655
f 1375/1674/1674 1382/1655/1655 1394/1686/1686
f 1394/1686/1686 1382/1655/1655 1369/1656/1656
f 1394/1686/1686 1369/1656/1656 1362/1676/1676
f 1362/1676/1676 1369/1656/1656 1327/1657/1657
f 997/1663/1663 1001/1664/1664 1086/1720/1720
f 1086/1720/1720 1001/1664/1664 1091/1721/1721
f 1086/1720/1720 1091/1721/1721 1183/1715/1715
f 1183/1715/1715 1091/1721/1721 1195/1716/1716
f 1183/1715/1715 1195/1716/1716 1260/1710/1710
f 1260/1710/1710 1195/1716/1716 1265/1711/1711
f 1260/1710/1710 1265/1711/1711 1310/1701/1701
f 1310/1701/1701 1265/1711/1711 1320/1702/1702
f 1310/1701/1701 1320/1702/1702 1357/1705/1705
f 1357/1705/1705 1320/1702/1702 1374/1704/1704
f 1357/1705/1705 1374/1704/1704 1407/1696/1696
f 1407/1696/1696 1374/1704/1704 1421/1697/1697
f 1407/1696/1696 1421/1697/1697 1420/1688/1688
f 1420/1688/1688 1421/1697/1697 1428/1689/1689
f 1420/1688/1688 1428/1689/1689 1415/1693/1693
f 1415/1693/1693 1428/1689/1689 1424/1692/1692
f 1415/1693/1693 1424/1692/1692 1367/1683/1683
f 1367/1683/1683 1424/1692/1692 1396/1684/1684
f 1367/1683/1683 1396/1684/1684 1319/1679/1679
f 1319/1679/1679 1396/1684/1684 1331/1680/1680
f 1091/1721/1721 1001/1664/1664 1093/1722/1722
f 1093/1722/1722 1001/1664/1664 1013/1665/1665
f 1093/1722/1722 1013/1665/1665 1129/1666/1666
f 1093/1722/1722 1129/1666/1666 1217/1717/1717
f 1217/1717/1717 1129/1666/1666 1253/1667/1667
f 1217/1717/1717 1253/1667/1667 1274/1712/1712
f 1274/1712/1712 1253/1667/1667 1316/1668/1668
f 1274/1712/1712 1316/1668/1668 1337/1703/1703
f 1337/1703/1703 1316/1668/1668 1419/1669/1669
f 1337/1703/1703 1419/1669/1669 1413/1675/1675
f 1413/1675/1675 1419/1669/1669 1444/1670/1670
f 1413/1675/1675 1444/1670/1670 1434/1698/1698
f 1434/1698/1698 1444/1670/1670 1440/1690/1690
f 1434/1698/1698 1440/1690/1690 1428/1689/1689
f 1428/1689/1689 1440/1690/1690 1424/1692/1692
f 1444/1670/1670 1446/1671/1671 1440/1690/1690
f 1440/1690/1690 1446/1671/1671 1437/1691/1691
f 1440/1690/1690 1437/1691/1691 1424/1692/1692
f 1424/1692/1692 1437/1691/1691 1396/1684/1684
f 1446/1671/1671 1432/1672/1672 1437/1691/1691
f 1437/1691/1691 1432/1672/1672 1417/1685/1685
f 1437/1691/1691 1417/1685/1685 1396/1684/1684
f 1396/1684/1684 1417/1685/1685 1331/1680/1680
f 1417/1685/1685 1432/1672/1672 1353/1673/1673
f 1417/1685/1685 1353/1673/1673 1331/1680/1680
f 1434/1698/1698 1428/1689/1689 1421/1697/1697
f 1413/1675/1675 1434/1698/1698 1421/1697/1697
f 1413/1675/1675 1421/1697/1697 1374/1704/1704
f 1336/1706/1706 1333/1707/1707 1305/1700/1700
f 1305/1700/1700 1333/1707/1707 1303/1699/1699
f 1305/1700/1700 1303/1699/1699 1255/1709/1709
f 1255/1709/1709 1303/1699/1699 1254/1708/1708
f 1255/1709/1709 1254/1708/1708 1170/1714/1714
f 1170/1714/1714 1254/1708/1708 1167/1713/1713
f 1170/1714/1714 1167/1713/1713 1077/1719/1719
f 1077/1719/1719 1167/1713/1713 1066/1718/1718
f 1413/1675/1675 1374/1704/1704 1337/1703/1703
f 1337/1703/1703 1374/1704/1704 1320/1702/1702
f 1337/1703/1703 1320/1702/1702 1274/1712/1712
f 1274/1712/1712 1320/1702/1702 1265/1711/1711
f 1274/1712/1712 1265/1711/1711 1217/1717/1717
f 1217/1717/1717 1265/1711/1711 1195/1716/1716
f 1217/1717/1717 1195/1716/1716 1093/1722/1722
f 1093/1722/1722 1195/1716/1716 1091/1721/1721
f 954/1736/1736 946/1723/1723 936/1741/1741
f 936/1741/1741 946/1723/1723 922/1724/1724
f 936/1741/1741 922/1724/1724 931/1740/1740
f 931/1740/1740 922/1724/1724 919/1739/1739
f 931/1740/1740 919/1739/1739 955/1745/1745
f 955/1745/1745 919/1739/1739 958/1744/1744
f 955/1745/1745 958/1744/1744 989/1732/1732
f 989/1732/1732 958/1744/1744 997/1731/1731
f 997/1731/1731 958/1744/1744 965/1743/1743
f 997/1731/1731 965/1743/1743 1001/1730/1730
f 1001/1730/1730 965/1743/1743 980/1742/1742
f 1001/1730/1730 980/1742/1742 1013/1729/1729
f 1013/1729/1729 980/1742/1742 991/1728/1728
f 991/1728/1728 980/1742/1742 960/1727/1727
f 960/1727/1727 980/1742/1742 933/1737/1737
f 960/1727/1727 933/1737/1737 928/1726/1726
f 928/1726/1726 933/1737/1737 923/1738/1738
f 928/1726/1726 923/1738/1738 914/1725/1725
f 914/1725/1725 923/1738/1738 919/1739/1739
f 914/1725/1725 919/1739/1739 922/1724/1724
f 955/1745/1745 989/1732/1732 961/1746/1746
f 961/1746/1746 989/1732/1732 986/1733/1733
f 961/1746/1746 986/1733/1733 979/1734/1734
f 979/1734/1734 967/1735/1735 961/1746/1746
f 961/1746/1746 967/1735/1735 954/1736/1736
f 961/1746/1746 954/1736/1736 936/1741/1741
f 958/1744/1744 919/1739/1739 923/1738/1738
f 980/1742/1742 965/1743/1743 933/1737/1737
f 933/1737/1737 965/1743/1743 923/1738/1738
f 965/1743/1743 958/1744/1744 923/1738/1738
f 961/1746/1746 936/1741/1741 931/1740/1740
f 961/1746/1746 931/1740/1740 955/1745/1745
f 928/1748/1748 914/1749/1749 927/1747/1747
f 927/1747/1747 914/1749/1749 916/1754/1754
f 916/1754/1754 914/1749/1749 922/1750/1750
f 916/1754/1754 922/1750/1750 942/1753/1753
f 942/1753/1753 922/1750/1750 946/1751/1751
f 942/1753/1753 946/1751/1751 944/1752/1752
f 122/1762/1762 126/1755/1755 124/1761/1761
f 124/1761/1761 126/1755/1755 104/1756/1756
f 124/1761/1761 104/1756/1756 95/1760/1760
f 95/1760/1760 104/1756/1756 89/1757/1757
f 95/1760/1760 89/1757/1757 70/1759/1759
f 70/1759/1759 89/1757/1757 72/1758/1758
f 133/1776/1776 135/1763/1763 116/1781/1781
f 116/1781/1781 135/1763/1763 108/1764/1764
f 116/1781/1781 108/1764/1764 96/1780/1780
f 96/1780/1780 108/1764/1764 83/1765/1765
f 96/1780/1780 83/1765/1765 81/1779/1779
f 81/1779/1779 83/1765/1765 74/1778/1778
f 81/1779/1779 74/1778/1778 85/1784/1784
f 85/1784/1784 74/1778/1778 76/1783/1783
f 85/1784/1784 76/1783/1783 91/1789/1789
f 91/1789/1789 76/1783/1783 79/1788/1788
f 91/1789/1789 79/1788/1788 89/1771/1771
f 89/1771/1771 79/1788/1788 68/1787/1787
f 89/1771/1771 68/1787/1787 72/1770/1770
f 72/1770/1770 68/1787/1787 56/1769/1769
f 56/1769/1769 68/1787/1787 61/1782/1782
f 56/1769/1769 61/1782/1782 54/1768/1768
f 54/1768/1768 61/1782/1782 59/1777/1777
f 54/1768/1768 59/1777/1777 52/1767/1767
f 52/1767/1767 59/1777/1777 63/1766/1766
f 63/1766/1766 59/1777/1777 74/1778/1778
f 63/1766/1766 74/1778/1778 83/1765/1765
f 89/1771/1771 104/1772/1772 91/1789/1789
f 91/1789/1789 104/1772/1772 102/1790/1790
f 91/1789/1789 102/1790/1790 85/1784/1784
f 85/1784/1784 102/1790/1790 98/1785/1785
f 85/1784/1784 98/1785/1785 81/1779/1779
f 81/1779/1779 98/1785/1785 96/1780/1780
f 102/1790/1790 104/1772/1772 111/1791/1791
f 111/1791/1791 104/1772/1772 126/1773/1773
f 111/1791/1791 126/1773/1773 129/1774/1774
f 111/1791/1791 129/1774/1774 110/1786/1786
f 110/1786/1786 129/1774/1774 131/1775/1775
f 110/1786/1786 131/1775/1775 116/1781/1781
f 116/1781/1781 131/1775/1775 133/1776/1776
f 76/1783/1783 74/1778/1778 59/1777/1777
f 110/1786/1786 116/1781/1781 96/1780/1780
f 110/1786/1786 96/1780/1780 98/1785/1785
f 79/1788/1788 76/1783/1783 61/1782/1782
f 61/1782/1782 76/1783/1783 59/1777/1777
f 68/1787/1787 79/1788/1788 61/1782/1782
f 111/1791/1791 110/1786/1786 98/1785/1785
f 111/1791/1791 98/1785/1785 102/1790/1790
f 531/1814/1814 608/1792/1792 539/1819/1819
f 539/1819/1819 608/1792/1792 600/1793/1793
f 539/1819/1819 600/1793/1793 532/1818/1818
f 532/1818/1818 600/1793/1793 596/1794/1794
f 532/1818/1818 596/1794/1794 529/1817/1817
f 529/1817/1817 596/1794/1794 527/1816/1816
f 529/1817/1817 527/1816/1816 438/1822/1822
f 438/1822/1822 527/1816/1816 426/1821/1821
f 438/1822/1822 426/1821/1821 362/1827/1827
f 362/1827/1827 426/1821/1821 361/1826/1826
f 362/1827/1827 361/1826/1826 255/1832/1832
f 255/1832/1832 361/1826/1826 246/1831/1831
f 255/1832/1832 246/1831/1831 209/1837/1837
f 209/1837/1837 246/1831/1831 205/1836/1836
f 209/1837/1837 205/1836/1836 168/1842/1842
f 168/1842/1842 205/1836/1836 166/1841/1841
f 168/1842/1842 166/1841/1841 127/1847/1847
f 127/1847/1847 166/1841/1841 93/1846/1846
f 127/1847/1847 93/1846/1846 83/1805/1805
f 83/1805/1805 93/1846/1846 78/1845/1845
f 83/1805/1805 78/1845/1845 63/1804/1804
f 63/1804/1804 78/1845/1845 52/1803/1803
f 52/1803/1803 78/1845/1845 67/1802/1802
f 67/1802/1802 78/1845/1845 143/1801/1801
f 143/1801/1801 78/1845/1845 159/1840/1840
f 143/1801/1801 159/1840/1840 197/1800/1800
f 197/1800/1800 159/1840/1840 199/1835/1835
f 197/1800/1800 199/1835/1835 239/1799/1799
f 239/1799/1799 199/1835/1835 243/1830/1830
f 239/1799/1799 243/1830/1830 325/1798/1798
f 325/1798/1798 243/1830/1830 357/1825/1825
f 325/1798/1798 357/1825/1825 395/1797/1797
f 395/1797/1797 357/1825/1825 422/1820/1820
f 395/1797/1797 422/1820/1820 495/1796/1796
f 495/1796/1796 422/1820/1820 518/1815/1815
f 495/1796/1796 518/1815/1815 590/1795/1795
f 590/1795/1795 518/1815/1815 596/1794/1794
f 596/1794/1794 518/1815/1815 527/1816/1816
f 83/1805/1805 108/1806/1806 127/1847/1847
f 127/1847/1847 108/1806/1806 146/1848/1848
f 127/1847/1847 146/1848/1848 168/1842/1842
f 168/1842/1842 146/1848/1848 172/1843/1843
f 168/1842/1842 172/1843/1843 209/1837/1837
f 209/1837/1837 172/1843/1843 210/1838/1838
f 209/1837/1837 210/1838/1838 255/1832/1832
f 255/1832/1832 210/1838/1838 259/1833/1833
f 255/1832/1832 259/1833/1833 362/1827/1827
f 362/1827/1827 259/1833/1833 365/1828/1828
f 362/1827/1827 365/1828/1828 438/1822/1822
f 438/1822/1822 365/1828/1828 444/1823/1823
f 438/1822/1822 444/1823/1823 529/1817/1817
f 529/1817/1817 444/1823/1823 532/1818/1818
f 108/1806/1806 135/1807/1807 146/1848/1848
f 146/1848/1848 135/1807/1807 160/1849/1849
f 146/1848/1848 160/1849/1849 172/1843/1843
f 172/1843/1843 160/1849/1849 178/1844/1844
f 172/1843/1843 178/1844/1844 210/1838/1838
f 210/1838/1838 178/1844/1844 211/1839/1839
f 210/1838/1838 211/1839/1839 259/1833/1833
f 259/1833/1833 211/1839/1839 264/1834/1834
f 259/1833/1833 264/1834/1834 365/1828/1828
f 365/1828/1828 264/1834/1834 368/1829/1829
f 365/1828/1828 368/1829/1829 444/1823/1823
f 444/1823/1823 368/1829/1829 468/1824/1824
f 444/1823/1823 468/1824/1824 532/1818/1818
f 532/1818/1818 468/1824/1824 539/1819/1819
f 135/1807/1807 162/1808/1808 160/1849/1849
f 160/1849/1849 162/1808/1808 178/1844/1844
f 162/1808/1808 194/1809/1809 178/1844/1844
f 178/1844/1844 194/1809/1809 211/1839/1839
f 194/1809/1809 216/1810/1810 211/1839/1839
f 211/1839/1839 216/1810/1810 264/1834/1834
f 216/1810/1810 272/1811/1811 264/1834/1834
f 264/1834/1834 272/1811/1811 367/1812/1812
f 264/1834/1834 367/1812/1812 368/1829/1829
f 368/1829/1829 367/1812/1812 425/1813/1813
f 368/1829/1829 425/1813/1813 468/1824/1824
f 468/1824/1824 425/1813/1813 531/1814/1814
f 468/1824/1824 531/1814/1814 539/1819/1819
f 426/1821/1821 527/1816/1816 518/1815/1815
f 361/1826/1826 426/1821/1821 422/1820/1820
f 422/1820/1820 426/1821/1821 518/1815/1815
f 246/1831/1831 361/1826/1826 357/1825/1825
f 357/1825/1825 361/1826/1826 422/1820/1820
f 205/1836/1836 246/1831/1831 243/1830/1830
f 243/1830/1830 246/1831/1831 357/1825/1825
f 166/1841/1841 205/1836/1836 199/1835/1835
f 199/1835/1835 205/1836/1836 243/1830/1830
f 93/1846/1846 166/1841/1841 159/1840/1840
f 159/1840/1840 166/1841/1841 199/1835/1835
f 78/1845/1845 93/1846/1846 159/1840/1840
f 70/1850/1850 72/1851/1851 58/1854/1854
f 58/1854/1854 72/1851/1851 50/1853/1853
f 50/1853/1853 72/1851/1851 44/1852/1852
f 44/1863/1863 72/1855/1855 40/1862/1862
f 40/1862/1862 72/1855/1855 56/1856/1856
f 40/1862/1862 56/1856/1856 32/1861/1861
f 32/1861/1861 56/1856/1856 54/1857/1857
f 32/1861/1861 54/1857/1857 28/1860/1860
f 28/1860/1860 54/1857/1857 52/1858/1858
f 28/1860/1860 52/1858/1858 25/1859/1859
f 52/1864/1864 67/1865/1865 25/1883/1883
f 25/1883/1883 67/1865/1865 143/1866/1866
f 25/1883/1883 143/1866/1866 142/1879/1879
f 142/1879/1879 143/1866/1866 196/1878/1878
f 196/1878/1878 143/1866/1866 197/1867/1867
f 196/1878/1878 197/1867/1867 238/1877/1877
f 238/1877/1877 197/1867/1867 239/1868/1868
f 238/1877/1877 239/1868/1868 324/1876/1876
f 324/1876/1876 239/1868/1868 325/1869/1869
f 324/1876/1876 325/1869/1869 394/1875/1875
f 394/1875/1875 325/1869/1869 395/1870/1870
f 394/1875/1875 395/1870/1870 494/1874/1874
f 494/1874/1874 395/1870/1870 495/1871/1871
f 494/1874/1874 495/1871/1871 589/1873/1873
f 589/1873/1873 495/1871/1871 590/1872/1872
f 25/1883/1883 142/1879/1879 24/1882/1882
f 24/1882/1882 142/1879/1879 66/1880/1880
f 24/1882/1882 66/1880/1880 51/1881/1881
f 494/1906/1906 589/1884/1884 574/1907/1907
f 574/1907/1907 589/1884/1884 595/1885/1885
f 574/1907/1907 595/1885/1885 575/1914/1914
f 575/1914/1914 595/1885/1885 599/1886/1886
f 575/1914/1914 599/1886/1886 576/1913/1913
f 576/1913/1913 599/1886/1886 579/1912/1912
f 576/1913/1913 579/1912/1912 502/1917/1917
f 502/1917/1917 579/1912/1912 517/1916/1916
f 502/1917/1917 517/1916/1916 439/1927/1927
f 439/1927/1927 517/1916/1916 447/1928/1928
f 439/1927/1927 447/1928/1928 389/1922/1922
f 389/1922/1922 447/1928/1928 390/1921/1921
f 389/1922/1922 390/1921/1921 341/1930/1930
f 341/1930/1930 390/1921/1921 352/1929/1929
f 341/1930/1930 352/1929/1929 263/1939/1939
f 263/1939/1939 352/1929/1929 277/1940/1940
f 263/1939/1939 277/1940/1940 220/1935/1935
f 220/1935/1935 277/1940/1940 237/1934/1934
f 220/1935/1935 237/1934/1934 198/1944/1944
f 198/1944/1944 237/1934/1934 202/1943/1943
f 198/1944/1944 202/1943/1943 163/1949/1949
f 163/1949/1949 202/1943/1943 167/1948/1948
f 163/1949/1949 167/1948/1948 109/1954/1954
f 109/1954/1954 167/1948/1948 141/1953/1953
f 109/1954/1954 141/1953/1953 82/1897/1897
f 82/1897/1897 141/1953/1953 107/1896/1896
f 107/1896/1896 141/1953/1953 155/1952/1952
f 107/1896/1896 155/1952/1952 134/1895/1895
f 134/1895/1895 155/1952/1952 161/1894/1894
f 161/1894/1894 155/1952/1952 171/1947/1947
f 161/1894/1894 171/1947/1947 193/1893/1893
f 193/1893/1893 171/1947/1947 208/1942/1942
f 193/1893/1893 208/1942/1942 215/1892/1892
f 215/1892/1892 208/1942/1942 240/1933/1933
f 215/1892/1892 240/1933/1933 271/1891/1891
f 271/1891/1891 240/1933/1933 280/1941/1941
f 271/1891/1891 280/1941/1941 358/1910/1910
f 358/1910/1910 280/1941/1941 277/1940/1940
f 358/1910/1910 277/1940/1940 352/1929/1929
f 599/1886/1886 607/1887/1887 579/1912/1912
f 579/1912/1912 607/1887/1887 588/1911/1911
f 579/1912/1912 588/1911/1911 517/1916/1916
f 517/1916/1916 588/1911/1911 528/1915/1915
f 517/1916/1916 528/1915/1915 447/1928/1928
f 447/1928/1928 528/1915/1915 469/1908/1908
f 447/1928/1928 469/1908/1908 390/1921/1921
f 390/1921/1921 469/1908/1908 393/1920/1920
f 390/1921/1921 393/1920/1920 352/1929/1929
f 352/1929/1929 393/1920/1920 358/1910/1910
f 607/1887/1887 530/1888/1888 588/1911/1911
f 588/1911/1911 530/1888/1888 528/1915/1915
f 528/1915/1915 530/1888/1888 469/1908/1908
f 469/1908/1908 530/1888/1888 424/1889/1889
f 469/1908/1908 424/1889/1889 393/1920/1920
f 393/1920/1920 424/1889/1889 366/1890/1890
f 393/1920/1920 366/1890/1890 358/1910/1910
f 358/1910/1910 366/1890/1890 271/1891/1891
f 82/1897/1897 62/1898/1898 109/1954/1954
f 109/1954/1954 62/1898/1898 92/1955/1955
f 109/1954/1954 92/1955/1955 163/1949/1949
f 163/1949/1949 92/1955/1955 158/1950/1950
f 163/1949/1949 158/1950/1950 198/1944/1944
f 198/1944/1944 158/1950/1950 195/1945/1945
f 198/1944/1944 195/1945/1945 220/1935/1935
f 220/1935/1935 195/1945/1945 217/1936/1936
f 220/1935/1935 217/1936/1936 263/1939/1939
f 263/1939/1939 217/1936/1936 260/1938/1938
f 263/1939/1939 260/1938/1938 341/1930/1930
f 341/1930/1930 260/1938/1938 330/1931/1931
f 341/1930/1930 330/1931/1931 389/1922/1922
f 389/1922/1922 330/1931/1931 386/1923/1923
f 389/1922/1922 386/1923/1923 439/1927/1927
f 439/1927/1927 386/1923/1923 429/1926/1926
f 439/1927/1927 429/1926/1926 502/1917/1917
f 502/1917/1917 429/1926/1926 501/1918/1918
f 502/1917/1917 501/1918/1918 576/1913/1913
f 576/1913/1913 501/1918/1918 575/1914/1914
f 92/1955/1955 62/1898/1898 77/1956/1956
f 77/1956/1956 62/1898/1898 51/1899/1899
f 77/1956/1956 51/1899/1899 66/1900/1900
f 77/1956/1956 66/1900/1900 140/1951/1951
f 140/1951/1951 66/1900/1900 142/1901/1901
f 140/1951/1951 142/1901/1901 177/1946/1946
f 177/1946/1946 142/1901/1901 196/1902/1902
f 177/1946/1946 196/1902/1902 212/1937/1937
f 212/1937/1937 196/1902/1902 238/1903/1903
f 212/1937/1937 238/1903/1903 256/1909/1909
f 256/1909/1909 238/1903/1903 324/1904/1904
f 256/1909/1909 324/1904/1904 319/1932/1932
f 319/1932/1932 324/1904/1904 381/1924/1924
f 319/1932/1932 381/1924/1924 386/1923/1923
f 386/1923/1923 381/1924/1924 429/1926/1926
f 324/1904/1904 394/1905/1905 381/1924/1924
f 381/1924/1924 394/1905/1905 423/1925/1925
f 381/1924/1924 423/1925/1925 429/1926/1926
f 429/1926/1926 423/1925/1925 501/1918/1918
f 394/1905/1905 494/1906/1906 423/1925/1925
f 423/1925/1925 494/1906/1906 496/1919/1919
f 423/1925/1925 496/1919/1919 501/1918/1918
f 501/1918/1918 496/1919/1919 575/1914/1914
f 496/1919/1919 494/1906/1906 574/1907/1907
f 496/1919/1919 574/1907/1907 575/1914/1914
f 319/1932/1932 386/1923/1923 330/1931/1931
f 256/1909/1909 319/1932/1932 330/1931/1931
f 256/1909/1909 330/1931/1931 260/1938/1938
f 277/1940/1940 280/1941/1941 237/1934/1934
f 237/1934/1934 280/1941/1941 240/1933/1933
f 237/1934/1934 240/1933/1933 202/1943/1943
f 202/1943/1943 240/1933/1933 208/1942/1942
f 202/1943/1943 208/1942/1942 167/1948/1948
f 167/1948/1948 208/1942/1942 171/1947/1947
f 167/1948/1948 171/1947/1947 141/1953/1953
f 141/1953/1953 171/1947/1947 155/1952/1952
f 256/1909/1909 260/1938/1938 212/1937/1937
f 212/1937/1937 260/1938/1938 217/1936/1936
f 212/1937/1937 217/1936/1936 177/1946/1946
f 177/1946/1946 217/1936/1936 195/1945/1945
f 177/1946/1946 195/1945/1945 140/1951/1951
f 140/1951/1951 195/1945/1945 158/1950/1950
f 140/1951/1951 158/1950/1950 77/1956/1956
f 77/1956/1956 158/1950/1950 92/1955/1955
f 128/1970/1970 125/1957/1957 114/1975/1975
f 114/1975/1975 125/1957/1957 103/1958/1958
f 114/1975/1975 103/1958/1958 101/1974/1974
f 101/1974/1974 103/1958/1958 90/1973/1973
f 101/1974/1974 90/1973/1973 97/1979/1979
f 97/1979/1979 90/1973/1973 84/1978/1978
f 97/1979/1979 84/1978/1978 107/1966/1966
f 107/1966/1966 84/1978/1978 82/1965/1965
f 82/1965/1965 84/1978/1978 75/1977/1977
f 82/1965/1965 75/1977/1977 62/1964/1964
f 62/1964/1964 75/1977/1977 60/1976/1976
f 62/1964/1964 60/1976/1976 51/1963/1963
f 51/1963/1963 60/1976/1976 53/1962/1962
f 53/1962/1962 60/1976/1976 55/1961/1961
f 55/1961/1961 60/1976/1976 73/1971/1971
f 55/1961/1961 73/1971/1971 71/1960/1960
f 71/1960/1960 73/1971/1971 80/1972/1972
f 71/1960/1960 80/1972/1972 88/1959/1959
f 88/1959/1959 80/1972/1972 90/1973/1973
f 88/1959/1959 90/1973/1973 103/1958/1958
f 97/1979/1979 107/1966/1966 115/1980/1980
f 115/1980/1980 107/1966/1966 134/1967/1967
f 115/1980/1980 134/1967/1967 132/1968/1968
f 132/1968/1968 130/1969/1969 115/1980/1980
f 115/1980/1980 130/1969/1969 128/1970/1970
f 115/1980/1980 128/1970/1970 114/1975/1975
f 84/1978/1978 90/1973/1973 80/1972/1972
f 60/1976/1976 75/1977/1977 73/1971/1971
f 73/1971/1971 75/1977/1977 80/1972/1972
f 75/1977/1977 84/1978/1978 80/1972/1972
f 115/1980/1980 114/1975/1975 101/1974/1974
f 115/1980/1980 101/1974/1974 97/1979/1979
f 71/1982/1982 88/1983/1983 69/1981/1981
f 69/1981/1981 88/1983/1983 94/1988/1988
f 94/1988/1988 88/1983/1983 103/1984/1984
f 94/1988/1988 103/1984/1984 123/1987/1987
f 123/1987/1987 103/1984/1984 125/1985/1985
f 123/1987/1987 125/1985/1985 121/1986/1986
f 943/1996/1996 945/1989/1989 941/1995/1995
f 941/1995/1995 945/1989/1989 921/1990/1990
f 941/1995/1995 921/1990/1990 915/1994/1994
f 915/1994/1994 921/1990/1990 913/1991/1991
f 915/1994/1994 913/1991/1991 925/1993/1993
f 925/1993/1993 913/1991/1991 926/1992/1992
f 978/2010/2010 985/1997/1997 964/2015/2015
f 964/2015/2015 985/1997/1997 987/1998/1998
f 964/2015/2015 987/1998/1998 963/2014/2014
f 963/2014/2014 987/1998/1998 996/1999/1999
f 963/2014/2014 996/1999/1999 968/2013/2013
f 968/2013/2013 996/1999/1999 977/2012/2012
f 968/2013/2013 977/2012/2012 948/2018/2018
f 948/2018/2018 977/2012/2012 949/2017/2017
f 948/2018/2018 949/2017/2017 920/2023/2023
f 920/2023/2023 949/2017/2017 924/2022/2022
f 920/2023/2023 924/2022/2022 913/2005/2005
f 913/2005/2005 924/2022/2022 934/2021/2021
f 913/2005/2005 934/2021/2021 926/2004/2004
f 926/2004/2004 934/2021/2021 959/2003/2003
f 959/2003/2003 934/2021/2021 962/2016/2016
f 959/2003/2003 962/2016/2016 990/2002/2002
f 990/2002/2002 962/2016/2016 988/2011/2011
f 990/2002/2002 988/2011/2011 1012/2001/2001
f 1012/2001/2001 988/2011/2011 1000/2000/2000
f 1000/2000/2000 988/2011/2011 977/2012/2012
f 1000/2000/2000 977/2012/2012 996/1999/1999
f 913/2005/2005 921/2006/2006 920/2023/2023
f 920/2023/2023 921/2006/2006 932/2024/2024
f 920/2023/2023 932/2024/2024 948/2018/2018
f 948/2018/2018 932/2024/2024 947/2019/2019
f 948/2018/2018 947/2019/2019 968/2013/2013
f 968/2013/2013 947/2019/2019 963/2014/2014
f 932/2024/2024 921/2006/2006 935/2025/2025
f 935/2025/2025 921/2006/2006 945/2007/2007
f 935/2025/2025 945/2007/2007 953/2008/2008
f 935/2025/2025 953/2008/2008 950/2020/2020
f 950/2020/2020 953/2008/2008 966/2009/2009
f 950/2020/2020 966/2009/2009 964/2015/2015
f 964/2015/2015 966/2009/2009 978/2010/2010
f 949/2017/2017 977/2012/2012 988/2011/2011
f 950/2020/2020 964/2015/2015 963/2014/2014
f 950/2020/2020 963/2014/2014 947/2019/2019
f 924/2022/2022 949/2017/2017 962/2016/2016
f 962/2016/2016 949/2017/2017 988/2011/2011
f 934/2021/2021 924/2022/2022 962/2016/2016
f 935/2025/2025 950/2020/2020 947/2019/2019
f 935/2025/2025 947/2019/2019 932/2024/2024
f 1334/2048/2048 1286/2026/2026 1332/2053/2053
f 1332/2053/2053 1286/2026/2026 1307/2027/2027
f 1332/2053/2053 1307/2027/2027 1340/2052/2052
f 1340/2052/2052 1307/2027/2027 1321/2028/2028
f 1340/2052/2052 1321/2028/2028 1361/2051/2051
f 1361/2051/2051 1321/2028/2028 1377/2050/2050
f 1361/2051/2051 1377/2050/2050 1414/2056/2056
f 1414/2056/2056 1377/2050/2050 1423/2055/2055
f 1414/2056/2056 1423/2055/2055 1416/2061/2061
f 1416/2061/2061 1423/2055/2055 1425/2060/2060
f 1416/2061/2061 1425/2060/2060 1339/2066/2066
f 1339/2066/2066 1425/2060/2060 1360/2065/2065
f 1339/2066/2066 1360/2065/2065 1275/2071/2071
f 1275/2071/2071 1360/2065/2065 1297/2070/2070
f 1275/2071/2071 1297/2070/2070 1216/2076/2076
f 1216/2076/2076 1297/2070/2070 1238/2075/2075
f 1216/2076/2076 1238/2075/2075 1092/2081/2081
f 1092/2081/2081 1238/2075/2075 1094/2080/2080
f 1092/2081/2081 1094/2080/2080 996/2039/2039
f 996/2039/2039 1094/2080/2080 1101/2079/2079
f 996/2039/2039 1101/2079/2079 1000/2038/2038
f 1000/2038/2038 1101/2079/2079 1012/2037/2037
f 1012/2037/2037 1101/2079/2079 1128/2036/2036
f 1128/2036/2036 1101/2079/2079 1252/2035/2035
f 1252/2035/2035 1101/2079/2079 1245/2074/2074
f 1252/2035/2035 1245/2074/2074 1315/2034/2034
f 1315/2034/2034 1245/2074/2074 1304/2069/2069
f 1315/2034/2034 1304/2069/2069 1418/2033/2033
f 1418/2033/2033 1304/2069/2069 1395/2064/2064
f 1418/2033/2033 1395/2064/2064 1443/2032/2032
f 1443/2032/2032 1395/2064/2064 1439/2059/2059
f 1443/2032/2032 1439/2059/2059 1445/2031/2031
f 1445/2031/2031 1439/2059/2059 1438/2054/2054
f 1445/2031/2031 1438/2054/2054 1431/2030/2030
f 1431/2030/2030 1438/2054/2054 1410/2049/2049
f 1431/2030/2030 1410/2049/2049 1341/2029/2029
f 1341/2029/2029 1410/2049/2049 1321/2028/2028
f 1321/2028/2028 1410/2049/2049 1377/2050/2050
f 996/2039/2039 987/2040/2040 1092/2081/2081
f 1092/2081/2081 987/2040/2040 1090/2082/2082
f 1092/2081/2081 1090/2082/2082 1216/2076/2076
f 1216/2076/2076 1090/2082/2082 1211/2077/2077
f 1216/2076/2076 1211/2077/2077 1275/2071/2071
f 1275/2071/2071 1211/2077/2077 1273/2072/2072
f 1275/2071/2071 1273/2072/2072 1339/2066/2066
f 1339/2066/2066 1273/2072/2072 1330/2067/2067
f 1339/2066/2066 1330/2067/2067 1416/2061/2061
f 1416/2061/2061 1330/2067/2067 1401/2062/2062
f 1416/2061/2061 1401/2062/2062 1414/2056/2056
f 1414/2056/2056 1401/2062/2062 1398/2057/2057
f 1414/2056/2056 1398/2057/2057 1361/2051/2051
f 1361/2051/2051 1398/2057/2057 1340/2052/2052
f 987/2040/2040 985/2041/2041 1090/2082/2082
f 1090/2082/2082 985/2041/2041 1087/2083/2083
f 1090/2082/2082 1087/2083/2083 1211/2077/2077
f 1211/2077/2077 1087/2083/2083 1206/2078/2078
f 1211/2077/2077 1206/2078/2078 1273/2072/2072
f 1273/2072/2072 1206/2078/2078 1266/2073/2073
f 1273/2072/2072 1266/2073/2073 1330/2067/2067
f 1330/2067/2067 1266/2073/2073 1323/2068/2068
f 1330/2067/2067 1323/2068/2068 1401/2062/2062
f 1401/2062/2062 1323/2068/2068 1378/2063/2063
f 1401/2062/2062 1378/2063/2063 1398/2057/2057
f 1398/2057/2057 1378/2063/2063 1376/2058/2058
f 1398/2057/2057 1376/2058/2058 1340/2052/2052
f 1340/2052/2052 1376/2058/2058 1332/2053/2053
f 985/2041/2041 1088/2042/2042 1087/2083/2083
f 1087/2083/2083 1088/2042/2042 1206/2078/2078
f 1088/2042/2042 1209/2043/2043 1206/2078/2078
f 1206/2078/2078 1209/2043/2043 1266/2073/2073
f 1209/2043/2043 1271/2044/2044 1266/2073/2073
f 1266/2073/2073 1271/2044/2044 1323/2068/2068
f 1271/2044/2044 1326/2045/2045 1323/2068/2068
f 1323/2068/2068 1326/2045/2045 1368/2046/2046
f 1323/2068/2068 1368/2046/2046 1378/2063/2063
f 1378/2063/2063 1368/2046/2046 1381/2047/2047
f 1378/2063/2063 1381/2047/2047 1376/2058/2058
f 1376/2058/2058 1381/2047/2047 1334/2048/2048
f 1376/2058/2058 1334/2048/2048 1332/2053/2053
f 1423/2055/2055 1377/2050/2050 1410/2049/2049
f 1425/2060/2060 1423/2055/2055 1438/2054/2054
f 1438/2054/2054 1423/2055/2055 1410/2049/2049
f 1360/2065/2065 1425/2060/2060 1439/2059/2059
f 1439/2059/2059 1425/2060/2060 1438/2054/2054
f 1297/2070/2070 1360/2065/2065 1395/2064/2064
f 1395/2064/2064 1360/2065/2065 1439/2059/2059
f 1238/2075/2075 1297/2070/2070 1304/2069/2069
f 1304/2069/2069 1297/2070/2070 1395/2064/2064
f 1094/2080/2080 1238/2075/2075 1245/2074/2074
f 1245/2074/2074 1238/2075/2075 1304/2069/2069
f 1101/2079/2079 1094/2080/2080 1245/2074/2074
f 925/2084/2084 926/2085/2085 937/2088/2088
f 937/2088/2088 926/2085/2085 951/2087/2087
f 951/2087/2087 926/2085/2085 971/2086/2086
f 971/2097/2097 926/2089/2089 981/2096/2096
f 981/2096/2096 926/2089/2089 959/2090/2090
f 981/2096/2096 959/2090/2090 1020/2095/2095
f 1020/2095/2095 959/2090/2090 990/2091/2091
f 1020/2095/2095 990/2091/2091 1034/2094/2094
f 1034/2094/2094 990/2091/2091 1012/2092/2092
f 1034/2094/2094 1012/2092/2092 1060/2093/2093
f 1012/2098/2098 1128/2099/2099 1060/2117/2117
f 1060/2117/2117 1128/2099/2099 1252/2100/2100
f 1060/2117/2117 1252/2100/2100 1680/2113/2113
f 1680/2113/2113 1252/2100/2100 1646/2112/2112
f 1646/2112/2112 1252/2100/2100 1315/2101/2101
f 1646/2112/2112 1315/2101/2101 1602/2111/2111
f 1602/2111/2111 1315/2101/2101 1418/2102/2102
f 1602/2111/2111 1418/2102/2102 1557/2110/2110
f 1557/2110/2110 1418/2102/2102 1443/2103/2103
f 1557/2110/2110 1443/2103/2103 1512/2109/2109
f 1512/2109/2109 1443/2103/2103 1445/2104/2104
f 1512/2109/2109 1445/2104/2104 1460/2108/2108
f 1460/2108/2108 1445/2104/2104 1431/2105/2105
f 1460/2108/2108 1431/2105/2105 1363/2107/2107
f 1363/2107/2107 1431/2105/2105 1341/2106/2106
f 1060/2117/2117 1680/2113/2113 1841/2116/2116
f 1841/2116/2116 1680/2113/2113 1723/2114/2114
f 1841/2116/2116 1723/2114/2114 1788/2115/2115
f 1460/2140/2140 1363/2118/2118 1426/2141/2141
f 1426/2141/2141 1363/2118/2118 1402/2119/2119
f 1426/2141/2141 1402/2119/2119 1430/2148/2148
f 1430/2148/2148 1402/2119/2119 1411/2120/2120
f 1430/2148/2148 1411/2120/2120 1435/2147/2147
f 1435/2147/2147 1411/2120/2120 1436/2146/2146
f 1435/2147/2147 1436/2146/2146 1467/2151/2151
f 1467/2151/2151 1436/2146/2146 1468/2150/2150
f 1467/2151/2151 1468/2150/2150 1501/2161/2161
f 1501/2161/2161 1468/2150/2150 1500/2162/2162
f 1501/2161/2161 1500/2162/2162 1530/2156/2156
f 1530/2156/2156 1500/2162/2162 1529/2155/2155
f 1530/2156/2156 1529/2155/2155 1564/2164/2164
f 1564/2164/2164 1529/2155/2155 1561/2163/2163
f 1564/2164/2164 1561/2163/2163 1591/2173/2173
f 1591/2173/2173 1561/2163/2163 1589/2174/2174
f 1591/2173/2173 1589/2174/2174 1614/2169/2169
f 1614/2169/2169 1589/2174/2174 1612/2168/2168
f 1614/2169/2169 1612/2168/2168 1649/2178/2178
f 1649/2178/2178 1612/2168/2168 1648/2177/2177
f 1649/2178/2178 1648/2177/2177 1687/2183/2183
f 1687/2183/2183 1648/2177/2177 1686/2182/2182
f 1687/2183/2183 1686/2182/2182 1725/2188/2188
f 1725/2188/2188 1686/2182/2182 1724/2187/2187
f 1725/2188/2188 1724/2187/2187 1769/2131/2131
f 1769/2131/2131 1724/2187/2187 1762/2130/2130
f 1762/2130/2130 1724/2187/2187 1718/2186/2186
f 1762/2130/2130 1718/2186/2186 1756/2129/2129
f 1756/2129/2129 1718/2186/2186 1709/2128/2128
f 1709/2128/2128 1718/2186/2186 1685/2181/2181
f 1709/2128/2128 1685/2181/2181 1665/2127/2127
f 1665/2127/2127 1685/2181/2181 1647/2176/2176
f 1665/2127/2127 1647/2176/2176 1637/2126/2126
f 1637/2126/2126 1647/2176/2176 1611/2167/2167
f 1637/2126/2126 1611/2167/2167 1593/2125/2125
f 1593/2125/2125 1611/2167/2167 1585/2175/2175
f 1593/2125/2125 1585/2175/2175 1558/2144/2144
f 1558/2144/2144 1585/2175/2175 1589/2174/2174
f 1558/2144/2144 1589/2174/2174 1561/2163/2163
f 1411/2120/2120 1384/2121/2121 1436/2146/2146
f 1436/2146/2146 1384/2121/2121 1433/2145/2145
f 1436/2146/2146 1433/2145/2145 1468/2150/2150
f 1468/2150/2150 1433/2145/2145 1464/2149/2149
f 1468/2150/2150 1464/2149/2149 1500/2162/2162
f 1500/2162/2162 1464/2149/2149 1496/2142/2142
f 1500/2162/2162 1496/2142/2142 1529/2155/2155
f 1529/2155/2155 1496/2142/2142 1525/2154/2154
f 1529/2155/2155 1525/2154/2154 1561/2163/2163
f 1561/2163/2163 1525/2154/2154 1558/2144/2144
f 1384/2121/2121 1462/2122/2122 1433/2145/2145
f 1433/2145/2145 1462/2122/2122 1464/2149/2149
f 1464/2149/2149 1462/2122/2122 1496/2142/2142
f 1496/2142/2142 1462/2122/2122 1509/2123/2123
f 1496/2142/2142 1509/2123/2123 1525/2154/2154
f 1525/2154/2154 1509/2123/2123 1551/2124/2124
f 1525/2154/2154 1551/2124/2124 1558/2144/2144
f 1558/2144/2144 1551/2124/2124 1593/2125/2125
f 1769/2131/2131 1778/2132/2132 1725/2188/2188
f 1725/2188/2188 1778/2132/2132 1730/2189/2189
f 1725/2188/2188 1730/2189/2189 1687/2183/2183
f 1687/2183/2183 1730/2189/2189 1688/2184/2184
f 1687/2183/2183 1688/2184/2184 1649/2178/2178
f 1649/2178/2178 1688/2184/2184 1651/2179/2179
f 1649/2178/2178 1651/2179/2179 1614/2169/2169
f 1614/2169/2169 1651/2179/2179 1615/2170/2170
f 1614/2169/2169 1615/2170/2170 1591/2173/2173
f 1591/2173/2173 1615/2170/2170 1590/2172/2172
f 1591/2173/2173 1590/2172/2172 1564/2164/2164
f 1564/2164/2164 1590/2172/2172 1562/2165/2165
f 1564/2164/2164 1562/2165/2165 1530/2156/2156
f 1530/2156/2156 1562/2165/2165 1528/2157/2157
f 1530/2156/2156 1528/2157/2157 1501/2161/2161
f 1501/2161/2161 1528/2157/2157 1499/2160/2160
f 1501/2161/2161 1499/2160/2160 1467/2151/2151
f 1467/2151/2151 1499/2160/2160 1465/2152/2152
f 1467/2151/2151 1465/2152/2152 1435/2147/2147
f 1435/2147/2147 1465/2152/2152 1430/2148/2148
f 1730/2189/2189 1778/2132/2132 1732/2190/2190
f 1732/2190/2190 1778/2132/2132 1788/2133/2133
f 1732/2190/2190 1788/2133/2133 1723/2134/2134
f 1732/2190/2190 1723/2134/2134 1689/2185/2185
f 1689/2185/2185 1723/2134/2134 1680/2135/2135
f 1689/2185/2185 1680/2135/2135 1650/2180/2180
f 1650/2180/2180 1680/2135/2135 1646/2136/2136
f 1650/2180/2180 1646/2136/2136 1613/2171/2171
f 1613/2171/2171 1646/2136/2136 1602/2137/2137
f 1613/2171/2171 1602/2137/2137 1587/2143/2143
f 1587/2143/2143 1602/2137/2137 1557/2138/2138
f 1587/2143/2143 1557/2138/2138 1559/2166/2166
f 1559/2166/2166 1557/2138/2138 1524/2158/2158
f 1559/2166/2166 1524/2158/2158 1528/2157/2157
f 1528/2157/2157 1524/2158/2158 1499/2160/2160
f 1557/2138/2138 1512/2139/2139 1524/2158/2158
f 1524/2158/2158 1512/2139/2139 1494/2159/2159
f 1524/2158/2158 1494/2159/2159 1499/2160/2160
f 1499/2160/2160 1494/2159/2159 1465/2152/2152
f 1512/2139/2139 1460/2140/2140 1494/2159/2159
f 1494/2159/2159 1460/2140/2140 1459/2153/2153
f 1494/2159/2159 1459/2153/2153 1465/2152/2152
f 1465/2152/2152 1459/2153/2153 1430/2148/2148
f 1459/2153/2153 1460/2140/2140 1426/2141/2141
f 1459/2153/2153 1426/2141/2141 1430/2148/2148
f 1559/2166/2166 1528/2157/2157 1562/2165/2165
f 1587/2143/2143 1559/2166/2166 1562/2165/2165
f 1587/2143/2143 1562/2165/2165 1590/2172/2172
f 1589/2174/2174 1585/2175/2175 1612/2168/2168
f 1612/2168/2168 1585/2175/2175 1611/2167/2167
f 1612/2168/2168 1611/2167/2167 1648/2177/2177
f 1648/2177/2177 1611/2167/2167 1647/2176/2176
f 1648/2177/2177 1647/2176/2176 1686/2182/2182
f 1686/2182/2182 1647/2176/2176 1685/2181/2181
f 1686/2182/2182 1685/2181/2181 1724/2187/2187
f 1724/2187/2187 1685/2181/2181 1718/2186/2186
f 1587/2143/2143 1590/2172/2172 1613/2171/2171
f 1613/2171/2171 1590/2172/2172 1615/2170/2170
f 1613/2171/2171 1615/2170/2170 1650/2180/2180
f 1650/2180/2180 1615/2170/2170 1651/2179/2179
f 1650/2180/2180 1651/2179/2179 1689/2185/2185
f 1689/2185/2185 1651/2179/2179 1688/2184/2184
f 1689/2185/2185 1688/2184/2184 1732/2190/2190
f 1732/2190/2190 1688/2184/2184 1730/2189/2189
f 1781/2204/2204 1790/2191/2191 1796/2209/2209
f 1796/2209/2209 1790/2191/2191 1806/2192/2192
f 1796/2209/2209 1806/2192/2192 1805/2208/2208
f 1805/2208/2208 1806/2192/2192 1816/2207/2207
f 1805/2208/2208 1816/2207/2207 1793/2213/2213
f 1793/2213/2213 1816/2207/2207 1800/2212/2212
f 1793/2213/2213 1800/2212/2212 1762/2200/2200
f 1762/2200/2200 1800/2212/2212 1769/2199/2199
f 1769/2199/2199 1800/2212/2212 1807/2211/2211
f 1769/2199/2199 1807/2211/2211 1778/2198/2198
f 1778/2198/2198 1807/2211/2211 1811/2210/2210
f 1778/2198/2198 1811/2210/2210 1788/2197/2197
f 1788/2197/2197 1811/2210/2210 1814/2196/2196
f 1814/2196/2196 1811/2210/2210 1833/2195/2195
f 1833/2195/2195 1811/2210/2210 1834/2205/2205
f 1833/2195/2195 1834/2205/2205 1836/2194/2194
f 1836/2194/2194 1834/2205/2205 1824/2206/2206
f 1836/2194/2194 1824/2206/2206 1823/2193/2193
f 1823/2193/2193 1824/2206/2206 1816/2207/2207
f 1823/2193/2193 1816/2207/2207 1806/2192/2192
f 1793/2213/2213 1762/2200/2200 1775/2214/2214
f 1775/2214/2214 1762/2200/2200 1756/2201/2201
f 1775/2214/2214 1756/2201/2201 1764/2202/2202
f 1764/2202/2202 1770/2203/2203 1775/2214/2214
f 1775/2214/2214 1770/2203/2203 1781/2204/2204
f 1775/2214/2214 1781/2204/2204 1796/2209/2209
f 1800/2212/2212 1816/2207/2207 1824/2206/2206
f 1811/2210/2210 1807/2211/2211 1834/2205/2205
f 1834/2205/2205 1807/2211/2211 1824/2206/2206
f 1807/2211/2211 1800/2212/2212 1824/2206/2206
f 1775/2214/2214 1796/2209/2209 1805/2208/2208
f 1775/2214/2214 1805/2208/2208 1793/2213/2213
f 1836/2216/2216 1823/2217/2217 1835/2215/2215
f 1835/2215/2215 1823/2217/2217 1813/2222/2222
f 1813/2222/2222 1823/2217/2217 1806/2218/2218
f 1813/2222/2222 1806/2218/2218 1791/2221/2221
f 1791/2221/2221 1806/2218/2218 1790/2219/2219
f 1791/2221/2221 1790/2219/2219 1789/2220/2220
f 1784/2230/2230 1785/2223/2223 1786/2229/2229
f 1786/2229/2229 1785/2223/2223 1802/2224/2224
f 1786/2229/2229 1802/2224/2224 1808/2228/2228
f 1808/2228/2228 1802/2224/2224 1821/2225/2225
f 1808/2228/2228 1821/2225/2225 1831/2227/2227
f 1831/2227/2227 1821/2225/2225 1832/2226/2226
f 1766/2243/2243 1753/2231/2231 1768/2248/2248
f 1768/2248/2248 1753/2231/2231 1757/2232/2232
f 1768/2248/2248 1757/2232/2232 1779/2247/2247
f 1779/2247/2247 1757/2232/2232 1765/2233/2233
f 1779/2247/2247 1765/2233/2233 1794/2246/2246
f 1794/2246/2246 1765/2233/2233 1797/2245/2245
f 1794/2246/2246 1797/2245/2245 1804/2251/2251
f 1804/2251/2251 1797/2245/2245 1809/2250/2250
f 1804/2251/2251 1809/2250/2250 1812/2256/2256
f 1812/2256/2256 1809/2250/2250 1822/2255/2255
f 1812/2256/2256 1822/2255/2255 1821/2239/2239
f 1821/2239/2239 1822/2255/2255 1826/2254/2254
f 1821/2239/2239 1826/2254/2254 1832/2238/2238
f 1832/2238/2238 1826/2254/2254 1825/2237/2237
f 1825/2237/2237 1826/2254/2254 1815/2249/2249
f 1825/2237/2237 1815/2249/2249 1810/2236/2236
f 1810/2236/2236 1815/2249/2249 1803/2244/2244
f 1810/2236/2236 1803/2244/2244 1783/2235/2235
f 1783/2235/2235 1803/2244/2244 1772/2234/2234
f 1772/2234/2234 1803/2244/2244 1797/2245/2245
f 1772/2234/2234 1797/2245/2245 1765/2233/2233
f 1821/2239/2239 1802/2240/2240 1812/2256/2256
f 1812/2256/2256 1802/2240/2240 1801/2257/2257
f 1812/2256/2256 1801/2257/2257 1804/2251/2251
f 1804/2251/2251 1801/2257/2257 1795/2252/2252
f 1804/2251/2251 1795/2252/2252 1794/2246/2246
f 1794/2246/2246 1795/2252/2252 1779/2247/2247
f 1801/2257/2257 1802/2240/2240 1792/2258/2258
f 1792/2258/2258 1802/2240/2240 1785/2241/2241
f 1792/2258/2258 1785/2241/2241 1773/2242/2242
f 1792/2258/2258 1773/2242/2242 1777/2253/2253
f 1777/2253/2253 1773/2242/2242 1766/2243/2243
f 1777/2253/2253 1766/2243/2243 1768/2248/2248
f 1809/2250/2250 1797/2245/2245 1803/2244/2244
f 1777/2253/2253 1768/2248/2248 1779/2247/2247
f 1777/2253/2253 1779/2247/2247 1795/2252/2252
f 1822/2255/2255 1809/2250/2250 1815/2249/2249
f 1815/2249/2249 1809/2250/2250 1803/2244/2244
f 1826/2254/2254 1822/2255/2255 1815/2249/2249
f 1792/2258/2258 1777/2253/2253 1795/2252/2252
f 1792/2258/2258 1795/2252/2252 1801/2257/2257
f 1461/2281/2281 1385/2259/2259 1455/2286/2286
f 1455/2286/2286 1385/2259/2259 1412/2260/2260
f 1455/2286/2286 1412/2260/2260 1457/2285/2285
f 1457/2285/2285 1412/2260/2260 1456/2284/2284
f 1457/2285/2285 1456/2284/2284 1497/2290/2290
f 1497/2290/2290 1456/2284/2284 1498/2289/2289
f 1497/2290/2290 1498/2289/2289 1543/2295/2295
f 1543/2295/2295 1498/2289/2289 1545/2294/2294
f 1543/2295/2295 1545/2294/2294 1601/2300/2300
f 1601/2300/2300 1545/2294/2294 1604/2299/2299
f 1601/2300/2300 1604/2299/2299 1641/2305/2305
f 1641/2305/2305 1604/2299/2299 1644/2304/2304
f 1641/2305/2305 1644/2304/2304 1675/2310/2310
f 1675/2310/2310 1644/2304/2304 1676/2309/2309
f 1675/2310/2310 1676/2309/2309 1711/2315/2315
f 1711/2315/2315 1676/2309/2309 1714/2314/2314
f 1711/2315/2315 1714/2314/2314 1757/2273/2273
f 1757/2273/2273 1714/2314/2314 1765/2272/2272
f 1765/2272/2272 1714/2314/2314 1715/2313/2313
f 1765/2272/2272 1715/2313/2313 1716/2312/2312
f 1716/2312/2312 1715/2313/2313 1678/2307/2307
f 1716/2312/2312 1678/2307/2307 1679/2268/2268
f 1679/2268/2268 1678/2307/2307 1642/2267/2267
f 1642/2267/2267 1678/2307/2307 1643/2302/2302
f 1642/2267/2267 1643/2302/2302 1600/2266/2266
f 1600/2266/2266 1643/2302/2302 1599/2297/2297
f 1600/2266/2266 1599/2297/2297 1556/2265/2265
f 1556/2265/2265 1599/2297/2297 1540/2292/2292
f 1556/2265/2265 1540/2292/2292 1510/2264/2264
f 1510/2264/2264 1540/2292/2292 1492/2287/2287
f 1510/2264/2264 1492/2287/2287 1458/2263/2263
f 1458/2263/2263 1492/2287/2287 1453/2282/2282
f 1458/2263/2263 1453/2282/2282 1364/2262/2262
f 1364/2262/2262 1453/2282/2282 1403/2261/2261
f 1403/2261/2261 1453/2282/2282 1454/2283/2283
f 1403/2261/2261 1454/2283/2283 1456/2284/2284
f 1456/2284/2284 1454/2283/2283 1498/2289/2289
f 1412/2260/2260 1403/2261/2261 1456/2284/2284
f 1679/2268/2268 1717/2269/2269 1716/2312/2312
f 1716/2312/2312 1717/2269/2269 1783/2270/2270
f 1716/2312/2312 1783/2270/2270 1772/2271/2271
f 1772/2271/2271 1765/2272/2272 1716/2312/2312
f 1757/2273/2273 1753/2274/2274 1711/2315/2315
f 1711/2315/2315 1753/2274/2274 1710/2316/2316
f 1711/2315/2315 1710/2316/2316 1675/2310/2310
f 1675/2310/2310 1710/2316/2316 1666/2311/2311
f 1675/2310/2310 1666/2311/2311 1641/2305/2305
f 1641/2305/2305 1666/2311/2311 1639/2306/2306
f 1641/2305/2305 1639/2306/2306 1601/2300/2300
f 1601/2300/2300 1639/2306/2306 1598/2301/2301
f 1601/2300/2300 1598/2301/2301 1543/2295/2295
f 1543/2295/2295 1598/2301/2301 1537/2296/2296
f 1543/2295/2295 1537/2296/2296 1497/2290/2290
f 1497/2290/2290 1537/2296/2296 1493/2291/2291
f 1497/2290/2290 1493/2291/2291 1457/2285/2285
f 1457/2285/2285 1493/2291/2291 1455/2286/2286
f 1753/2274/2274 1708/2275/2275 1710/2316/2316
f 1710/2316/2316 1708/2275/2275 1666/2311/2311
f 1708/2275/2275 1664/2276/2276 1666/2311/2311
f 1666/2311/2311 1664/2276/2276 1639/2306/2306
f 1664/2276/2276 1636/2277/2277 1639/2306/2306
f 1639/2306/2306 1636/2277/2277 1598/2301/2301
f 1636/2277/2277 1592/2278/2278 1598/2301/2301
f 1598/2301/2301 1592/2278/2278 1550/2279/2279
f 1598/2301/2301 1550/2279/2279 1537/2296/2296
f 1537/2296/2296 1550/2279/2279 1507/2280/2280
f 1537/2296/2296 1507/2280/2280 1493/2291/2291
f 1493/2291/2291 1507/2280/2280 1461/2281/2281
f 1493/2291/2291 1461/2281/2281 1455/2286/2286
f 1454/2283/2283 1453/2282/2282 1495/2288/2288
f 1495/2288/2288 1453/2282/2282 1492/2287/2287
f 1495/2288/2288 1492/2287/2287 1544/2293/2293
f 1544/2293/2293 1492/2287/2287 1540/2292/2292
f 1544/2293/2293 1540/2292/2292 1603/2298/2298
f 1603/2298/2298 1540/2292/2292 1599/2297/2297
f 1603/2298/2298 1599/2297/2297 1645/2303/2303
f 1645/2303/2303 1599/2297/2297 1643/2302/2302
f 1645/2303/2303 1643/2302/2302 1677/2308/2308
f 1677/2308/2308 1643/2302/2302 1678/2307/2307
f 1677/2308/2308 1678/2307/2307 1715/2313/2313
f 1545/2294/2294 1498/2289/2289 1495/2288/2288
f 1495/2288/2288 1498/2289/2289 1454/2283/2283
f 1545/2294/2294 1495/2288/2288 1544/2293/2293
f 1604/2299/2299 1545/2294/2294 1544/2293/2293
f 1604/2299/2299 1544/2293/2293 1603/2298/2298
f 1644/2304/2304 1604/2299/2299 1603/2298/2298
f 1644/2304/2304 1603/2298/2298 1645/2303/2303
f 1676/2309/2309 1644/2304/2304 1645/2303/2303
f 1676/2309/2309 1645/2303/2303 1677/2308/2308
f 1714/2314/2314 1676/2309/2309 1677/2308/2308
f 1714/2314/2314 1677/2308/2308 1715/2313/2313
f 293/2317/2317 322/2318/2318 291/2320/2320
f 291/2320/2320 322/2318/2318 320/2319/2319
f 436/2321/2321 577/2322/2322 432/2335/2335
f 432/2335/2335 577/2322/2322 456/2334/2334
f 456/2334/2334 577/2322/2322 486/2333/2333
f 486/2333/2333 577/2322/2322 601/2332/2332
f 601/2332/2332 577/2322/2322 672/2323/2323
f 601/2332/2332 672/2323/2323 701/2331/2331
f 701/2331/2331 672/2323/2323 851/2330/2330
f 851/2330/2330 672/2323/2323 835/2324/2324
f 851/2330/2330 835/2324/2324 1006/2329/2329
f 1006/2329/2329 835/2324/2324 1020/2326/2326
f 1006/2329/2329 1020/2326/2326 1034/2327/2327
f 835/2324/2324 981/2325/2325 1020/2326/2326
f 1034/2327/2327 1060/2328/2328 1006/2329/2329
f 320/2343/2343 322/2336/2336 337/2342/2342
f 337/2342/2342 322/2336/2336 335/2337/2337
f 337/2342/2342 335/2337/2337 331/2341/2341
f 331/2341/2341 335/2337/2337 305/2338/2338
f 331/2341/2341 305/2338/2338 301/2340/2340
f 301/2340/2340 305/2338/2338 303/2339/2339
f 276/2345/2345 258/2346/2346 274/2344/2344
f 274/2344/2344 258/2346/2346 245/2347/2347
f 274/2344/2344 245/2347/2347 232/2348/2348
f 274/2344/2344 232/2348/2348 201/2358/2358
f 201/2358/2358 232/2348/2348 234/2349/2349
f 201/2358/2358 234/2349/2349 157/2350/2350
f 201/2358/2358 157/2350/2350 87/2357/2357
f 87/2357/2357 157/2350/2350 46/2351/2351
f 87/2357/2357 46/2351/2351 42/2356/2356
f 42/2356/2356 46/2351/2351 34/2352/2352
f 42/2356/2356 34/2352/2352 30/2355/2355
f 30/2355/2355 34/2352/2352 26/2353/2353
f 30/2355/2355 26/2353/2353 22/2354/2354
f 286/2359/2359 207/2360/2360 268/2373/2373
f 268/2373/2373 207/2360/2360 248/2372/2372
f 248/2372/2372 207/2360/2360 234/2371/2371
f 234/2371/2371 207/2360/2360 157/2370/2370
f 157/2370/2370 207/2360/2360 100/2361/2361
f 157/2370/2370 100/2361/2361 46/2369/2369
f 46/2369/2369 100/2361/2361 48/2362/2362
f 46/2369/2369 48/2362/2362 34/2368/2368
f 34/2368/2368 48/2362/2362 40/2363/2363
f 34/2368/2368 40/2363/2363 26/2367/2367
f 26/2367/2367 40/2363/2363 32/2364/2364
f 26/2367/2367 32/2364/2364 28/2365/2365
f 28/2365/2365 25/2366/2366 26/2367/2367
f 1863/2388/2388 1857/2374/2374 1880/2385/2385
f 1880/2385/2385 1857/2374/2374 1917/2375/2375
f 1880/2385/2385 1917/2375/2375 1932/2384/2384
f 1932/2384/2384 1917/2375/2375 1966/2383/2383
f 1966/2383/2383 1917/2375/2375 1951/2376/2376
f 1966/2383/2383 1951/2376/2376 1996/2382/2382
f 1996/2382/2382 1951/2376/2376 1985/2377/2377
f 1996/2382/2382 1985/2377/2377 2032/2381/2381
f 2032/2381/2381 1985/2377/2377 1998/2378/2378
f 2032/2381/2381 1998/2378/2378 2011/2379/2379
f 2011/2379/2379 2026/2380/2380 2032/2381/2381
f 1841/2386/2386 1851/2387/2387 1880/2385/2385
f 1880/2385/2385 1851/2387/2387 1863/2388/2388
f 408/2390/2390 420/2391/2391 406/2389/2389
f 406/2389/2389 420/2391/2391 458/2392/2392
f 406/2389/2389 458/2392/2392 484/2393/2393
f 406/2389/2389 484/2393/2393 535/2403/2403
f 535/2403/2403 484/2393/2393 486/2394/2394
f 535/2403/2403 486/2394/2394 601/2395/2395
f 535/2403/2403 601/2395/2395 645/2402/2402
f 645/2402/2402 601/2395/2395 701/2396/2396
f 645/2402/2402 701/2396/2396 731/2401/2401
f 731/2401/2401 701/2396/2396 851/2397/2397
f 731/2401/2401 851/2397/2397 857/2400/2400
f 857/2400/2400 851/2397/2397 1006/2398/2398
f 857/2400/2400 1006/2398/2398 1004/2399/2399
f 2002/2426/2426 1997/2404/2404 2030/2420/2420
f 2030/2420/2420 1997/2404/2404 1984/2405/2405
f 2030/2420/2420 1984/2405/2405 1999/2419/2419
f 1999/2419/2419 1984/2405/2405 1979/2418/2418
f 1979/2418/2418 1984/2405/2405 1950/2406/2406
f 1979/2418/2418 1950/2406/2406 1935/2417/2417
f 1935/2417/2417 1950/2406/2406 1915/2407/2407
f 1935/2417/2417 1915/2407/2407 1911/2416/2416
f 1911/2416/2416 1915/2407/2407 1854/2408/2408
f 1911/2416/2416 1854/2408/2408 1859/2409/2409
f 1859/2409/2409 1862/2410/2410 1911/2416/2416
f 1911/2416/2416 1862/2410/2410 1858/2411/2411
f 1911/2416/2416 1858/2411/2411 1855/2412/2412
f 1855/2412/2412 1852/2413/2413 1911/2416/2416
f 1911/2416/2416 1852/2413/2413 1849/2414/2414
f 1911/2416/2416 1849/2414/2414 1844/2415/2415
f 2034/2421/2421 2028/2422/2422 2030/2420/2420
f 2030/2420/2420 2028/2422/2422 2019/2423/2423
f 2030/2420/2420 2019/2423/2423 2014/2424/2424
f 2014/2424/2424 2007/2425/2425 2030/2420/2420
f 2030/2420/2420 2007/2425/2425 2002/2426/2426
f 1061/2435/2435 1013/2427/2427 1035/2434/2434
f 1035/2434/2434 1013/2427/2427 991/2428/2428
f 1035/2434/2434 991/2428/2428 1021/2433/2433
f 1021/2433/2433 991/2428/2428 960/2429/2429
f 1021/2433/2433 960/2429/2429 982/2432/2432
f 982/2432/2432 960/2429/2429 928/2430/2430
f 982/2432/2432 928/2430/2430 972/2431/2431
f 1364/2455/2455 1342/2436/2436 1458/2454/2454
f 1458/2454/2454 1342/2436/2436 1432/2437/2437
f 1458/2454/2454 1432/2437/2437 1510/2453/2453
f 1510/2453/2453 1432/2437/2437 1446/2438/2438
f 1510/2453/2453 1446/2438/2438 1556/2452/2452
f 1556/2452/2452 1446/2438/2438 1444/2439/2439
f 1556/2452/2452 1444/2439/2439 1600/2451/2451
f 1600/2451/2451 1444/2439/2439 1419/2440/2440
f 1600/2451/2451 1419/2440/2440 1642/2450/2450
f 1642/2450/2450 1419/2440/2440 1316/2441/2441
f 1642/2450/2450 1316/2441/2441 1679/2449/2449
f 1679/2449/2449 1316/2441/2441 1253/2442/2442
f 1679/2449/2449 1253/2442/2442 1838/2446/2446
f 1838/2446/2446 1253/2442/2442 1061/2445/2445
f 1061/2445/2445 1253/2442/2442 1129/2443/2443
f 1061/2445/2445 1129/2443/2443 1013/2444/2444
f 1783/2447/2447 1717/2448/2448 1838/2446/2446
f 1838/2446/2446 1717/2448/2448 1679/2449/2449
f 24/2464/2464 51/2456/2456 27/2463/2463
f 27/2463/2463 51/2456/2456 53/2457/2457
f 27/2463/2463 53/2457/2457 31/2462/2462
f 31/2462/2462 53/2457/2457 55/2458/2458
f 31/2462/2462 55/2458/2458 39/2461/2461
f 39/2461/2461 55/2458/2458 71/2459/2459
f 39/2461/2461 71/2459/2459 43/2460/2460
f 69/2466/2466 57/2467/2467 71/2465/2465
f 71/2465/2465 57/2467/2467 49/2468/2468
f 71/2465/2465 49/2468/2468 43/2469/2469
f 1841/2478/2478 1788/2470/2470 1851/2477/2477
f 1851/2477/2477 1788/2470/2470 1814/2471/2471
f 1851/2477/2477 1814/2471/2471 1863/2476/2476
f 1863/2476/2476 1814/2471/2471 1833/2472/2472
f 1863/2476/2476 1833/2472/2472 1857/2475/2475
f 1857/2475/2475 1833/2472/2472 1836/2473/2473
f 1857/2475/2475 1836/2473/2473 1850/2474/2474
f 1848/2493/2493 1832/2479/2479 1854/2492/2492
f 1854/2492/2492 1832/2479/2479 1825/2480/2480
f 1854/2492/2492 1825/2480/2480 1858/2491/2491
f 1858/2491/2491 1825/2480/2480 1810/2481/2481
f 1858/2491/2491 1810/2481/2481 1844/2490/2490
f 1844/2490/2490 1810/2481/2481 1783/2482/2482
f 1844/2490/2490 1783/2482/2482 1845/2484/2484
f 1845/2484/2484 1783/2482/2482 1838/2483/2483
f 1845/2484/2484 1860/2485/2485 1844/2490/2490
f 1844/2490/2490 1860/2485/2485 1864/2489/2489
f 1864/2489/2489 1860/2485/2485 1866/2486/2486
f 1864/2489/2489 1866/2486/2486 1868/2488/2488
f 1868/2488/2488 1866/2486/2486 1876/2487/2487
f 1866/2495/2495 1838/2498/2498 1876/2494/2494
f 1876/2494/2494 1838/2498/2498 1061/2499/2499
f 1876/2494/2494 1061/2499/2499 1005/2501/2501
f 1005/2501/2501 1061/2499/2499 1007/2500/2500
f 1860/2496/2496 1845/2497/2497 1866/2495/2495
f 1866/2495/2495 1845/2497/2497 1838/2498/2498
f 1005/2501/2501 1875/2502/2502 1876/2494/2494
f 23/2504/2504 21/2505/2505 24/2503/2503
f 24/2503/2503 21/2505/2505 22/2506/2506
f 24/2503/2503 22/2506/2506 25/2508/2508
f 25/2508/2508 22/2506/2506 26/2507/2507
f 927/2510/2510 938/2511/2511 928/2509/2509
f 928/2509/2509 938/2511/2511 952/2512/2512
f 928/2509/2509 952/2512/2512 972/2513/2513
f 1835/2515/2515 1839/2516/2516 1836/2514/2514
f 1836/2514/2514 1839/2516/2516 1846/2517/2517
f 1836/2514/2514 1846/2517/2517 1850/2518/2518
f 1831/2519/2519 1832/2520/2520 1837/2523/2523
f 1837/2523/2523 1832/2520/2520 1843/2522/2522
f 1843/2522/2522 1832/2520/2520 1848/2521/2521
f 982/2524/2524 836/2525/2525 1021/2538/2538
f 1021/2538/2538 836/2525/2525 1007/2535/2535
f 1021/2538/2538 1007/2535/2535 1035/2537/2537
f 1035/2537/2537 1007/2535/2535 1061/2536/2536
f 1007/2535/2535 836/2525/2525 852/2534/2534
f 852/2534/2534 836/2525/2525 673/2526/2526
f 852/2534/2534 673/2526/2526 702/2533/2533
f 702/2533/2533 673/2526/2526 602/2532/2532
f 602/2532/2532 673/2526/2526 578/2527/2527
f 602/2532/2532 578/2527/2527 487/2531/2531
f 487/2531/2531 578/2527/2527 457/2530/2530
f 457/2530/2530 578/2527/2527 433/2529/2529
f 433/2529/2529 578/2527/2527 437/2528/2528
f 1880/2540/2540 1879/2541/2541 1841/2539/2539
f 1841/2539/2539 1879/2541/2541 1004/2542/2542
f 1841/2539/2539 1004/2542/2542 1060/2544/2544
f 1060/2544/2544 1004/2542/2542 1006/2543/2543
f 1909/2546/2546 1956/2610/2610 1918/2545/2545
f 1918/2545/2545 1956/2610/2610 1967/2611/2611
f 1918/2545/2545 1967/2611/2611 1969/2612/2612
f 1956/2610/2610 1909/2546/2546 1936/2609/2609
f 1936/2609/2609 1909/2546/2546 1877/2547/2547
f 1936/2609/2609 1877/2547/2547 1914/2608/2608
f 1914/2608/2608 1877/2547/2547 1776/2548/2548
f 1914/2608/2608 1776/2548/2548 1867/2607/2607
f 1867/2607/2607 1776/2548/2548 1712/2549/2549
f 1867/2607/2607 1712/2549/2549 1736/2606/2606
f 1736/2606/2606 1712/2549/2549 1683/2605/2605
f 1683/2605/2605 1712/2549/2549 1662/2550/2550
f 1683/2605/2605 1662/2550/2550 1623/2604/2604
f 1623/2604/2604 1662/2550/2550 1616/2551/2551
f 1623/2604/2604 1616/2551/2551 1565/2603/2603
f 1565/2603/2603 1616/2551/2551 1567/2552/2552
f 1565/2603/2603 1567/2552/2552 1506/2602/2602
f 1506/2602/2602 1567/2552/2552 1526/2553/2553
f 1506/2602/2602 1526/2553/2553 1447/2601/2601
f 1447/2601/2601 1526/2553/2553 1490/2554/2554
f 1447/2601/2601 1490/2554/2554 1296/2600/2600
f 1296/2600/2600 1490/2554/2554 1449/2555/2555
f 1296/2600/2600 1449/2555/2555 1239/2599/2599
f 1239/2599/2599 1449/2555/2555 1427/2556/2556
f 1239/2599/2599 1427/2556/2556 1194/2598/2598
f 1194/2598/2598 1427/2556/2556 1429/2557/2557
f 1194/2598/2598 1429/2557/2557 1240/2597/2597
f 1240/2597/2597 1429/2557/2557 1452/2558/2558
f 1240/2597/2597 1452/2558/2558 1298/2596/2596
f 1298/2596/2596 1452/2558/2558 1491/2559/2559
f 1298/2596/2596 1491/2559/2559 1448/2595/2595
f 1448/2595/2595 1491/2559/2559 1527/2560/2560
f 1448/2595/2595 1527/2560/2560 1508/2594/2594
f 1508/2594/2594 1527/2560/2560 1568/2561/2561
f 1508/2594/2594 1568/2561/2561 1566/2593/2593
f 1566/2593/2593 1568/2561/2561 1617/2562/2562
f 1566/2593/2593 1617/2562/2562 1634/2592/2592
f 1634/2592/2592 1617/2562/2562 1663/2563/2563
f 1634/2592/2592 1663/2563/2563 1684/2591/2591
f 1684/2591/2591 1663/2563/2563 1713/2564/2564
f 1684/2591/2591 1713/2564/2564 1737/2590/2590
f 1737/2590/2590 1713/2564/2564 1869/2589/2589
f 1869/2589/2589 1713/2564/2564 1780/2565/2565
f 1869/2589/2589 1780/2565/2565 1916/2588/2588
f 1916/2588/2588 1780/2565/2565 1878/2566/2566
f 1916/2588/2588 1878/2566/2566 1937/2587/2587
f 1937/2587/2587 1878/2566/2566 1910/2567/2567
f 1937/2587/2587 1910/2567/2567 1959/2586/2586
f 1959/2586/2586 1910/2567/2567 1919/2568/2568
f 1959/2586/2586 1919/2568/2568 1968/2585/2585
f 1968/2585/2585 1919/2568/2568 1970/2584/2584
f 1970/2584/2584 1919/2568/2568 1976/2583/2583
f 1976/2583/2583 1919/2568/2568 1981/2582/2582
f 1981/2582/2582 1919/2568/2568 1983/2581/2581
f 1983/2581/2581 1919/2568/2568 1988/2580/2580
f 1988/2580/2580 1919/2568/2568 2043/2569/2569
f 1988/2580/2580 2043/2569/2569 1994/2579/2579
f 1994/2579/2579 2043/2569/2569 2001/2578/2578
f 2001/2578/2578 2043/2569/2569 2004/2577/2577
f 2004/2577/2577 2043/2569/2569 2013/2576/2576
f 2013/2576/2576 2043/2569/2569 2039/2570/2570
f 2013/2576/2576 2039/2570/2570 2018/2575/2575
f 2018/2575/2575 2039/2570/2570 2027/2574/2574
f 2027/2574/2574 2039/2570/2570 2037/2571/2571
f 2027/2574/2574 2037/2571/2571 2035/2573/2573
f 2035/2573/2573 2037/2571/2571 2031/2572/2572
f 1969/2612/2612 1975/2613/2613 1918/2545/2545
f 1918/2545/2545 1975/2613/2613 1980/2614/2614
f 1918/2545/2545 1980/2614/2614 1982/2615/2615
f 1982/2615/2615 1986/2616/2616 1918/2545/2545
f 1918/2545/2545 1986/2616/2616 2041/2627/2627
f 2041/2627/2627 1986/2616/2616 1992/2617/2617
f 2041/2627/2627 1992/2617/2617 2000/2618/2618
f 2000/2618/2618 2003/2619/2619 2041/2627/2627
f 2041/2627/2627 2003/2619/2619 2012/2620/2620
f 2041/2627/2627 2012/2620/2620 2038/2626/2626
f 2038/2626/2626 2012/2620/2620 2015/2621/2621
f 2038/2626/2626 2015/2621/2621 2025/2622/2622
f 2038/2626/2626 2025/2622/2622 2036/2625/2625
f 2036/2625/2625 2025/2622/2622 2033/2623/2623
f 2036/2625/2625 2033/2623/2623 2029/2624/2624
f 1373/2636/2636 1576/2628/2628 1481/2635/2635
f 1481/2635/2635 1576/2628/2628 1597/2629/2629
f 1481/2635/2635 1597/2629/2629 1523/2634/2634
f 1523/2634/2634 1597/2629/2629 1608/2630/2630
f 1523/2634/2634 1608/2630/2630 1572/2633/2633
f 1572/2633/2633 1608/2630/2630 1632/2631/2631
f 1572/2633/2633 1632/2631/2631 1633/2632/2632
f 1372/2637/2637 1480/2638/2638 1575/2645/2645
f 1575/2645/2645 1480/2638/2638 1596/2644/2644
f 1596/2644/2644 1480/2638/2638 1522/2639/2639
f 1596/2644/2644 1522/2639/2639 1607/2643/2643
f 1607/2643/2643 1522/2639/2639 1571/2640/2640
f 1607/2643/2643 1571/2640/2640 1631/2642/2642
f 1631/2642/2642 1571/2640/2640 1630/2641/2641
f 624/2647/2647 508/2648/2648 623/2646/2646
f 623/2646/2646 508/2648/2648 585/2654/2654
f 585/2654/2654 508/2648/2648 403/2649/2649
f 585/2654/2654 403/2649/2649 551/2653/2653
f 551/2653/2653 403/2649/2649 312/2650/2650
f 551/2653/2653 312/2650/2650 524/2652/2652
f 524/2652/2652 312/2650/2650 226/2651/2651
f 227/2655/2655 313/2656/2656 525/2663/2663
f 525/2663/2663 313/2656/2656 552/2662/2662
f 552/2662/2662 313/2656/2656 404/2657/2657
f 552/2662/2662 404/2657/2657 586/2661/2661
f 586/2661/2661 404/2657/2657 509/2658/2658
f 586/2661/2661 509/2658/2658 626/2660/2660
f 626/2660/2660 509/2658/2658 625/2659/2659
f 1744/2672/2672 1944/2664/2664 1750/2671/2671
f 1750/2671/2671 1944/2664/2664 1964/2665/2665
f 1750/2671/2671 1964/2665/2665 1972/2666/2666
f 1750/2671/2671 1972/2666/2666 1751/2670/2670
f 1751/2670/2670 1972/2666/2666 1965/2667/2667
f 1751/2670/2670 1965/2667/2667 1945/2668/2668
f 1945/2668/2668 1745/2669/2669 1751/2670/2670
f 1930/2674/2674 1902/2675/2675 1722/2673/2673
f 1722/2673/2673 1902/2675/2675 1701/2681/2681
f 1701/2681/2681 1902/2675/2675 1820/2676/2676
f 1701/2681/2681 1820/2676/2676 1693/2680/2680
f 1693/2680/2680 1820/2676/2676 1729/2677/2677
f 1693/2680/2680 1729/2677/2677 1673/2679/2679
f 1673/2679/2679 1729/2677/2677 1674/2678/2678
f 481/2682/2682 192/2683/2683 455/2690/2690
f 455/2690/2690 192/2683/2683 154/2684/2684
f 455/2690/2690 154/2684/2684 120/2685/2685
f 455/2690/2690 120/2685/2685 454/2689/2689
f 454/2689/2689 120/2685/2685 153/2686/2686
f 454/2689/2689 153/2686/2686 191/2687/2687
f 191/2687/2687 480/2688/2688 454/2689/2689
f 479/2691/2691 190/2692/2692 453/2699/2699
f 453/2699/2699 190/2692/2692 152/2693/2693
f 453/2699/2699 152/2693/2693 119/2694/2694
f 453/2699/2699 119/2694/2694 452/2698/2698
f 452/2698/2698 119/2694/2694 151/2695/2695
f 452/2698/2698 151/2695/2695 189/2696/2696
f 189/2696/2696 478/2697/2697 452/2698/2698
f 628/2700/2700 510/2701/2701 627/2708/2708
f 627/2708/2708 510/2701/2701 587/2707/2707
f 587/2707/2707 510/2701/2701 405/2702/2702
f 587/2707/2707 405/2702/2702 553/2706/2706
f 553/2706/2706 405/2702/2702 314/2703/2703
f 553/2706/2706 314/2703/2703 526/2705/2705
f 526/2705/2705 314/2703/2703 228/2704/2704
f 225/2709/2709 311/2710/2710 523/2717/2717
f 523/2717/2717 311/2710/2710 550/2716/2716
f 550/2716/2716 311/2710/2710 402/2711/2711
f 550/2716/2716 402/2711/2711 584/2715/2715
f 584/2715/2715 402/2711/2711 507/2712/2712
f 584/2715/2715 507/2712/2712 622/2714/2714
f 622/2714/2714 507/2712/2712 621/2713/2713
f 1671/2718/2718 1728/2719/2719 1672/2726/2726
f 1672/2726/2726 1728/2719/2719 1692/2725/2725
f 1692/2725/2725 1728/2719/2719 1819/2720/2720
f 1692/2725/2725 1819/2720/2720 1700/2724/2724
f 1700/2724/2724 1819/2720/2720 1901/2721/2721
f 1700/2724/2724 1901/2721/2721 1721/2723/2723
f 1721/2723/2723 1901/2721/2721 1929/2722/2722
f 695/2735/2735 694/2727/2727 830/2734/2734
f 830/2734/2734 694/2727/2727 724/2728/2728
f 830/2734/2734 724/2728/2728 906/2733/2733
f 906/2733/2733 724/2728/2728 756/2729/2729
f 906/2733/2733 756/2729/2729 1049/2732/2732
f 1049/2732/2732 756/2729/2729 818/2730/2730
f 1049/2732/2732 818/2730/2730 1205/2731/2731
f 688/2736/2736 827/2737/2737 689/2744/2744
f 689/2744/2744 827/2737/2737 721/2743/2743
f 721/2743/2743 827/2737/2737 903/2738/2738
f 721/2743/2743 903/2738/2738 753/2742/2742
f 753/2742/2742 903/2738/2738 1046/2739/2739
f 753/2742/2742 1046/2739/2739 815/2741/2741
f 815/2741/2741 1046/2739/2739 1202/2740/2740
f 864/2746/2746 876/2747/2747 1281/2745/2745
f 1281/2745/2745 876/2747/2747 1350/2753/2753
f 1350/2753/2753 876/2747/2747 1392/2752/2752
f 1392/2752/2752 876/2747/2747 875/2748/2748
f 1392/2752/2752 875/2748/2748 1349/2751/2751
f 1349/2751/2751 875/2748/2748 1280/2750/2750
f 1280/2750/2750 875/2748/2748 863/2749/2749
f 1554/2754/2754 1548/2755/2755 1263/2762/2762
f 1263/2762/2762 1548/2755/2755 1220/2761/2761
f 1220/2761/2761 1548/2755/2755 1193/2760/2760
f 1193/2760/2760 1548/2755/2755 1549/2756/2756
f 1193/2760/2760 1549/2756/2756 1221/2759/2759
f 1221/2759/2759 1549/2756/2756 1264/2758/2758
f 1264/2758/2758 1549/2756/2756 1555/2757/2757
f 865/2763/2763 1282/2764/2764 877/2771/2771
f 877/2771/2771 1282/2764/2764 1351/2765/2765
f 877/2771/2771 1351/2765/2765 1393/2766/2766
f 877/2771/2771 1393/2766/2766 878/2770/2770
f 878/2770/2770 1393/2766/2766 1352/2767/2767
f 878/2770/2770 1352/2767/2767 1283/2768/2768
f 1283/2768/2768 866/2769/2769 878/2770/2770
f 691/2780/2780 690/2772/2772 828/2779/2779
f 828/2779/2779 690/2772/2772 722/2773/2773
f 828/2779/2779 722/2773/2773 904/2778/2778
f 904/2778/2778 722/2773/2773 754/2774/2774
f 904/2778/2778 754/2774/2774 1047/2777/2777
f 1047/2777/2777 754/2774/2774 816/2775/2775
f 1047/2777/2777 816/2775/2775 1203/2776/2776
f 692/2781/2781 829/2782/2782 693/2789/2789
f 693/2789/2789 829/2782/2782 723/2788/2788
f 723/2788/2788 829/2782/2782 905/2783/2783
f 723/2788/2788 905/2783/2783 755/2787/2787
f 755/2787/2787 905/2783/2783 1048/2784/2784
f 755/2787/2787 1048/2784/2784 817/2786/2786
f 817/2786/2786 1048/2784/2784 1204/2785/2785
f 21/2791/2791 4/2899/2899 22/2790/2790
f 22/2790/2790 4/2899/2899 8/2900/2900
f 22/2790/2790 8/2900/2900 30/2897/2897
f 30/2897/2897 8/2900/2900 12/2901/2901
f 30/2897/2897 12/2901/2901 42/2896/2896
f 42/2896/2896 12/2901/2901 16/2902/2902
f 42/2896/2896 16/2902/2902 87/2895/2895
f 87/2895/2895 16/2902/2902 20/2903/2903
f 87/2895/2895 20/2903/2903 201/2894/2894
f 201/2894/2894 20/2903/2903 38/2904/2904
f 201/2894/2894 38/2904/2904 274/2893/2893
f 274/2893/2893 38/2904/2904 182/2905/2905
f 274/2893/2893 182/2905/2905 407/2868/2868
f 407/2868/2868 182/2905/2905 356/2906/2906
f 407/2868/2868 356/2906/2906 536/2867/2867
f 536/2867/2867 356/2906/2906 500/2907/2907
f 536/2867/2867 500/2907/2907 648/2866/2866
f 648/2866/2866 500/2907/2907 666/2908/2908
f 648/2866/2866 666/2908/2908 732/2865/2865
f 732/2865/2865 666/2908/2908 834/2909/2909
f 732/2865/2865 834/2909/2909 858/2864/2864
f 858/2864/2864 834/2909/2909 1027/2910/2910
f 858/2864/2864 1027/2910/2910 1005/2863/2863
f 1005/2863/2863 1027/2910/2910 1295/2911/2911
f 1005/2863/2863 1295/2911/2911 1875/2862/2862
f 1875/2862/2862 1295/2911/2911 1941/2912/2912
f 1875/2862/2862 1941/2912/2912 1922/2861/2861
f 1922/2861/2861 1941/2912/2912 2017/2913/2913
f 1922/2861/2861 2017/2913/2913 1952/2860/2860
f 1952/2860/2860 2017/2913/2913 2045/2914/2914
f 1952/2860/2860 2045/2914/2914 2049/2915/2915
f 29/2792/2792 7/2936/2936 21/2791/2791
f 21/2791/2791 7/2936/2936 3/2898/2898
f 21/2791/2791 3/2898/2898 4/2899/2899
f 7/2936/2936 29/2792/2792 11/2935/2935
f 11/2935/2935 29/2792/2792 41/2793/2793
f 11/2935/2935 41/2793/2793 15/2934/2934
f 15/2934/2934 41/2793/2793 86/2794/2794
f 15/2934/2934 86/2794/2794 19/2933/2933
f 19/2933/2933 86/2794/2794 200/2795/2795
f 19/2933/2933 200/2795/2795 37/2932/2932
f 37/2932/2932 200/2795/2795 273/2796/2796
f 37/2932/2932 273/2796/2796 181/2931/2931
f 181/2931/2931 273/2796/2796 406/2821/2821
f 181/2931/2931 406/2821/2821 355/2930/2930
f 355/2930/2930 406/2821/2821 535/2822/2822
f 355/2930/2930 535/2822/2822 499/2929/2929
f 499/2929/2929 535/2822/2822 645/2823/2823
f 499/2929/2929 645/2823/2823 665/2928/2928
f 665/2928/2928 645/2823/2823 731/2824/2824
f 665/2928/2928 731/2824/2824 833/2927/2927
f 833/2927/2927 731/2824/2824 857/2825/2825
f 833/2927/2927 857/2825/2825 1025/2926/2926
f 1025/2926/2926 857/2825/2825 1004/2826/2826
f 1025/2926/2926 1004/2826/2826 1294/2925/2925
f 1294/2925/2925 1004/2826/2826 1879/2827/2827
f 1294/2925/2925 1879/2827/2827 1947/2924/2924
f 1947/2924/2924 1879/2827/2827 1923/2828/2828
f 1947/2924/2924 1923/2828/2828 2022/2923/2923
f 2022/2923/2923 1923/2828/2828 1953/2829/2829
f 2022/2923/2923 1953/2829/2829 2047/2922/2922
f 2047/2922/2922 1953/2829/2829 2051/2921/2921
f 2051/2921/2921 1953/2829/2829 1991/2830/2830
f 2051/2921/2921 1991/2830/2830 2055/2920/2920
f 2055/2920/2920 1991/2830/2830 2010/2831/2831
f 2055/2920/2920 2010/2831/2831 2059/2919/2919
f 2059/2919/2919 2010/2831/2831 2042/2832/2832
f 2059/2919/2919 2042/2832/2832 2061/2918/2918
f 2061/2918/2918 2042/2832/2832 2040/2857/2857
f 2061/2918/2918 2040/2857/2857 2057/2917/2917
f 2057/2917/2917 2040/2857/2857 2008/2858/2858
f 2057/2917/2917 2008/2858/2858 2053/2916/2916
f 2053/2916/2916 2008/2858/2858 1990/2859/2859
f 2053/2916/2916 1990/2859/2859 2049/2915/2915
f 2049/2915/2915 1990/2859/2859 1952/2860/2860
f 273/2796/2796 416/2797/2797 406/2821/2821
f 406/2821/2821 416/2797/2797 564/2820/2820
f 564/2820/2820 416/2797/2797 391/2803/2803
f 564/2820/2820 391/2803/2803 482/2804/2804
f 416/2797/2797 379/2798/2798 391/2803/2803
f 391/2803/2803 379/2798/2798 359/2802/2802
f 359/2802/2802 379/2798/2798 348/2799/2799
f 359/2802/2802 348/2799/2799 317/2801/2801
f 317/2801/2801 348/2799/2799 299/2800/2800
f 482/2804/2804 544/2805/2805 564/2820/2820
f 564/2820/2820 544/2805/2805 635/2806/2806
f 564/2820/2820 635/2806/2806 646/2819/2819
f 646/2819/2819 635/2806/2806 676/2807/2807
f 646/2819/2819 676/2807/2807 707/2818/2818
f 707/2818/2818 676/2807/2807 768/2808/2808
f 707/2818/2818 768/2808/2808 807/2817/2817
f 807/2817/2817 768/2808/2808 869/2809/2809
f 807/2817/2817 869/2809/2809 887/2816/2816
f 887/2816/2816 869/2809/2809 939/2810/2810
f 887/2816/2816 939/2810/2810 969/2815/2815
f 969/2815/2815 939/2810/2810 1022/2811/2811
f 969/2815/2815 1022/2811/2811 1028/2814/2814
f 1028/2814/2814 1022/2811/2811 1050/2812/2812
f 1028/2814/2814 1050/2812/2812 1058/2813/2813
f 2042/2832/2832 1896/2833/2833 2040/2857/2857
f 2040/2857/2857 1896/2833/2833 1894/2856/2856
f 1894/2856/2856 1896/2833/2833 1883/2834/2834
f 1894/2856/2856 1883/2834/2834 1881/2855/2855
f 1881/2855/2855 1883/2834/2834 1829/2835/2835
f 1881/2855/2855 1829/2835/2835 1827/2854/2854
f 1827/2854/2854 1829/2835/2835 1740/2836/2836
f 1827/2854/2854 1740/2836/2836 1738/2853/2853
f 1738/2853/2853 1740/2836/2836 1696/2837/2837
f 1738/2853/2853 1696/2837/2837 1694/2852/2852
f 1694/2852/2852 1696/2837/2837 1656/2838/2838
f 1694/2852/2852 1656/2838/2838 1654/2851/2851
f 1654/2851/2851 1656/2838/2838 1621/2839/2839
f 1654/2851/2851 1621/2839/2839 1618/2850/2850
f 1618/2850/2850 1621/2839/2839 1582/2840/2840
f 1618/2850/2850 1582/2840/2840 1579/2849/2849
f 1579/2849/2849 1582/2840/2840 1541/2841/2841
f 1579/2849/2849 1541/2841/2841 1538/2848/2848
f 1538/2848/2848 1541/2841/2841 1516/2842/2842
f 1538/2848/2848 1516/2842/2842 1514/2847/2847
f 1514/2847/2847 1516/2842/2842 1488/2843/2843
f 1514/2847/2847 1488/2843/2843 1486/2846/2846
f 1486/2846/2846 1488/2843/2843 1474/2844/2844
f 1486/2846/2846 1474/2844/2844 1472/2845/2845
f 274/2893/2893 407/2868/2868 417/2892/2892
f 417/2892/2892 407/2868/2868 565/2869/2869
f 417/2892/2892 565/2869/2869 392/2886/2886
f 392/2886/2886 565/2869/2869 483/2885/2885
f 483/2885/2885 565/2869/2869 545/2884/2884
f 545/2884/2884 565/2869/2869 636/2883/2883
f 636/2883/2883 565/2869/2869 647/2870/2870
f 636/2883/2883 647/2870/2870 677/2882/2882
f 677/2882/2882 647/2870/2870 708/2871/2871
f 677/2882/2882 708/2871/2871 769/2881/2881
f 769/2881/2881 708/2871/2871 808/2872/2872
f 769/2881/2881 808/2872/2872 870/2880/2880
f 870/2880/2880 808/2872/2872 888/2873/2873
f 870/2880/2880 888/2873/2873 940/2879/2879
f 940/2879/2879 888/2873/2873 970/2874/2874
f 940/2879/2879 970/2874/2874 1023/2878/2878
f 1023/2878/2878 970/2874/2874 1029/2875/2875
f 1023/2878/2878 1029/2875/2875 1051/2877/2877
f 1051/2877/2877 1029/2875/2875 1059/2876/2876
f 417/2892/2892 392/2886/2886 380/2891/2891
f 380/2891/2891 392/2886/2886 360/2887/2887
f 380/2891/2891 360/2887/2887 349/2890/2890
f 349/2890/2890 360/2887/2887 318/2888/2888
f 349/2890/2890 318/2888/2888 300/2889/2889
f 692/2946/2946 684/2937/2937 829/2945/2945
f 829/2945/2945 684/2937/2937 825/2938/2938
f 829/2945/2945 825/2938/2938 905/2944/2944
f 905/2944/2944 825/2938/2938 901/2939/2939
f 905/2944/2944 901/2939/2939 1048/2943/2943
f 1048/2943/2943 901/2939/2939 1044/2940/2940
f 1048/2943/2943 1044/2940/2940 1204/2942/2942
f 1204/2942/2942 1044/2940/2940 1200/2941/2941
f 685/2947/2947 684/2948/2948 693/2950/2950
f 693/2950/2950 684/2948/2948 692/2949/2949
f 817/2958/2958 813/2951/2951 755/2957/2957
f 755/2957/2957 813/2951/2951 751/2952/2952
f 755/2957/2957 751/2952/2952 719/2953/2953
f 685/2954/2954 693/2955/2955 719/2953/2953
f 719/2953/2953 693/2955/2955 723/2956/2956
f 719/2953/2953 723/2956/2956 755/2957/2957
f 1200/2959/2959 813/2960/2960 1204/2962/2962
f 1204/2962/2962 813/2960/2960 817/2961/2961
f 690/2970/2970 682/2963/2963 722/2969/2969
f 722/2969/2969 682/2963/2963 718/2964/2964
f 722/2969/2969 718/2964/2964 750/2965/2965
f 812/2966/2966 816/2967/2967 750/2965/2965
f 750/2965/2965 816/2967/2967 754/2968/2968
f 750/2965/2965 754/2968/2968 722/2969/2969
f 683/2971/2971 682/2972/2972 691/2974/2974
f 691/2974/2974 682/2972/2972 690/2973/2973
f 1203/2984/2984 1199/2975/2975 1047/2983/2983
f 1047/2983/2983 1199/2975/2975 1043/2976/2976
f 1047/2983/2983 1043/2976/2976 904/2982/2982
f 904/2982/2982 1043/2976/2976 900/2977/2977
f 904/2982/2982 900/2977/2977 828/2981/2981
f 828/2981/2981 900/2977/2977 824/2978/2978
f 828/2981/2981 824/2978/2978 691/2980/2980
f 691/2980/2980 824/2978/2978 683/2979/2979
f 812/2985/2985 1199/2986/2986 816/2988/2988
f 816/2988/2988 1199/2986/2986 1203/2987/2987
f 861/2989/2989 1278/2990/2990 865/2992/2992
f 865/2992/2992 1278/2990/2990 1282/2991/2991
f 866/3000/3000 862/2993/2993 878/2999/2999
f 878/2999/2999 862/2993/2993 874/2994/2994
f 878/2999/2999 874/2994/2994 873/2995/2995
f 861/2996/2996 865/2997/2997 873/2995/2995
f 873/2995/2995 865/2997/2997 877/2998/2998
f 873/2995/2995 877/2998/2998 878/2999/2999
f 1279/3001/3001 862/3002/3002 1283/3004/3004
f 1283/3004/3004 862/3002/3002 866/3003/3003
f 1282/3014/3014 1278/3005/3005 1351/3013/3013
f 1351/3013/3013 1278/3005/3005 1347/3006/3006
f 1351/3013/3013 1347/3006/3006 1393/3012/3012
f 1393/3012/3012 1347/3006/3006 1391/3007/3007
f 1393/3012/3012 1391/3007/3007 1352/3011/3011
f 1352/3011/3011 1391/3007/3007 1348/3008/3008
f 1352/3011/3011 1348/3008/3008 1283/3010/3010
f 1283/3010/3010 1348/3008/3008 1279/3009/3009
f 1554/3022/3022 1552/3015/3015 1548/3021/3021
f 1548/3021/3021 1552/3015/3015 1546/3016/3016
f 1548/3021/3021 1546/3016/3016 1547/3017/3017
f 1553/3018/3018 1555/3019/3019 1547/3017/3017
f 1547/3017/3017 1555/3019/3019 1549/3020/3020
f 1547/3017/3017 1549/3020/3020 1548/3021/3021
f 1261/3023/3023 1552/3024/3024 1263/3026/3026
f 1263/3026/3026 1552/3024/3024 1554/3025/3025
f 1264/3036/3036 1262/3027/3027 1221/3035/3035
f 1221/3035/3035 1262/3027/3027 1219/3028/3028
f 1221/3035/3035 1219/3028/3028 1193/3034/3034
f 1193/3034/3034 1219/3028/3028 1192/3029/3029
f 1193/3034/3034 1192/3029/3029 1220/3033/3033
f 1220/3033/3033 1192/3029/3029 1218/3030/3030
f 1220/3033/3033 1218/3030/3030 1263/3032/3032
f 1263/3032/3032 1218/3030/3030 1261/3031/3031
f 1553/3037/3037 1262/3038/3038 1555/3040/3040
f 1555/3040/3040 1262/3038/3038 1264/3039/3039
f 1277/3041/3041 860/3042/3042 1281/3044/3044
f 1281/3044/3044 860/3042/3042 864/3043/3043
f 1280/3054/3054 1276/3045/3045 1349/3053/3053
f 1349/3053/3053 1276/3045/3045 1345/3046/3046
f 1349/3053/3053 1345/3046/3046 1392/3052/3052
f 1392/3052/3052 1345/3046/3046 1390/3047/3047
f 1392/3052/3052 1390/3047/3047 1350/3051/3051
f 1350/3051/3051 1390/3047/3047 1346/3048/3048
f 1350/3051/3051 1346/3048/3048 1281/3050/3050
f 1281/3050/3050 1346/3048/3048 1277/3049/3049
f 859/3055/3055 1276/3056/3056 863/3058/3058
f 863/3058/3058 1276/3056/3056 1280/3057/3057
f 864/3066/3066 860/3059/3059 876/3065/3065
f 876/3065/3065 860/3059/3059 872/3060/3060
f 876/3065/3065 872/3060/3060 871/3061/3061
f 859/3062/3062 863/3063/3063 871/3061/3061
f 871/3061/3061 863/3063/3063 875/3064/3064
f 871/3061/3061 875/3064/3064 876/3065/3065
f 688/3076/3076 680/3067/3067 827/3075/3075
f 827/3075/3075 680/3067/3067 823/3068/3068
f 827/3075/3075 823/3068/3068 903/3074/3074
f 903/3074/3074 823/3068/3068 899/3069/3069
f 903/3074/3074 899/3069/3069 1046/3073/3073
f 1046/3073/3073 899/3069/3069 1042/3070/3070
f 1046/3073/3073 1042/3070/3070 1202/3072/3072
f 1202/3072/3072 1042/3070/3070 1198/3071/3071
f 681/3077/3077 680/3078/3078 689/3080/3080
f 689/3080/3080 680/3078/3078 688/3079/3079
f 815/3088/3088 811/3081/3081 753/3087/3087
f 753/3087/3087 811/3081/3081 749/3082/3082
f 753/3087/3087 749/3082/3082 717/3083/3083
f 681/3084/3084 689/3085/3085 717/3083/3083
f 717/3083/3083 689/3085/3085 721/3086/3086
f 717/3083/3083 721/3086/3086 753/3087/3087
f 1198/3089/3089 811/3090/3090 1202/3092/3092
f 1202/3092/3092 811/3090/3090 815/3091/3091
f 694/3100/3100 686/3093/3093 724/3099/3099
f 724/3099/3099 686/3093/3093 720/3094/3094
f 724/3099/3099 720/3094/3094 752/3095/3095
f 814/3096/3096 818/3097/3097 752/3095/3095
f 752/3095/3095 818/3097/3097 756/3098/3098
f 752/3095/3095 756/3098/3098 724/3099/3099
f 687/3101/3101 686/3102/3102 695/3104/3104
f 695/3104/3104 686/3102/3102 694/3103/3103
f 1205/3114/3114 1201/3105/3105 1049/3113/3113
f 1049/3113/3113 1201/3105/3105 1045/3106/3106
f 1049/3113/3113 1045/3106/3106 906/3112/3112
f 906/3112/3112 1045/3106/3106 902/3107/3107
f 906/3112/3112 902/3107/3107 830/3111/3111
f 830/3111/3111 902/3107/3107 826/3108/3108
f 830/3111/3111 826/3108/3108 695/3110/3110
f 695/3110/3110 826/3108/3108 687/3109/3109
f 814/3115/3115 1201/3116/3116 818/3118/3118
f 818/3118/3118 1201/3116/3116 1205/3117/3117
f 1671/3128/3128 1667/3119/3119 1728/3127/3127
f 1728/3127/3127 1667/3119/3119 1726/3120/3120
f 1728/3127/3127 1726/3120/3120 1819/3126/3126
f 1819/3126/3126 1726/3120/3120 1817/3121/3121
f 1819/3126/3126 1817/3121/3121 1901/3125/3125
f 1901/3125/3125 1817/3121/3121 1899/3122/3122
f 1901/3125/3125 1899/3122/3122 1929/3124/3124
f 1929/3124/3124 1899/3122/3122 1927/3123/3123
f 1668/3129/3129 1667/3130/3130 1672/3132/3132
f 1672/3132/3132 1667/3130/3130 1671/3131/3131
f 1721/3140/3140 1719/3133/3133 1700/3139/3139
f 1700/3139/3139 1719/3133/3133 1698/3134/3134
f 1700/3139/3139 1698/3134/3134 1690/3135/3135
f 1668/3136/3136 1672/3137/3137 1690/3135/3135
f 1690/3135/3135 1672/3137/3137 1692/3138/3138
f 1690/3135/3135 1692/3138/3138 1700/3139/3139
f 1927/3141/3141 1719/3142/3142 1929/3144/3144
f 1929/3144/3144 1719/3142/3142 1721/3143/3143
f 225/3154/3154 221/3145/3145 311/3153/3153
f 311/3153/3153 221/3145/3145 307/3146/3146
f 311/3153/3153 307/3146/3146 402/3152/3152
f 402/3152/3152 307/3146/3146 398/3147/3147
f 402/3152/3152 398/3147/3147 507/3151/3151
f 507/3151/3151 398/3147/3147 503/3148/3148
f 507/3151/3151 503/3148/3148 621/3150/3150
f 621/3150/3150 503/3148/3148 613/3149/3149
f 519/3155/3155 221/3156/3156 523/3158/3158
f 523/3158/3158 221/3156/3156 225/3157/3157
f 622/3166/3166 614/3159/3159 584/3165/3165
f 584/3165/3165 614/3159/3159 580/3160/3160
f 584/3165/3165 580/3160/3160 546/3161/3161
f 519/3162/3162 523/3163/3163 546/3161/3161
f 546/3161/3161 523/3163/3163 550/3164/3164
f 546/3161/3161 550/3164/3164 584/3165/3165
f 613/3167/3167 614/3168/3168 621/3170/3170
f 621/3170/3170 614/3168/3168 622/3169/3169
f 628/3180/3180 620/3171/3171 510/3179/3179
f 510/3179/3179 620/3171/3171 506/3172/3172
f 510/3179/3179 506/3172/3172 405/3178/3178
f 405/3178/3178 506/3172/3172 401/3173/3173
f 405/3178/3178 401/3173/3173 314/3177/3177
f 314/3177/3177 401/3173/3173 310/3174/3174
f 314/3177/3177 310/3174/3174 228/3176/3176
f 228/3176/3176 310/3174/3174 224/3175/3175
f 619/3181/3181 620/3182/3182 627/3184/3184
f 627/3184/3184 620/3182/3182 628/3183/3183
f 526/3192/3192 522/3185/3185 553/3191/3191
f 553/3191/3191 522/3185/3185 549/3186/3186
f 553/3191/3191 549/3186/3186 583/3187/3187
f 619/3188/3188 627/3189/3189 583/3187/3187
f 583/3187/3187 627/3189/3189 587/3190/3190
f 583/3187/3187 587/3190/3190 553/3191/3191
f 224/3193/3193 522/3194/3194 228/3196/3196
f 228/3196/3196 522/3194/3194 526/3195/3195
f 475/3197/3197 186/3198/3198 479/3200/3200
f 479/3200/3200 186/3198/3198 190/3199/3199
f 478/3208/3208 474/3201/3201 452/3207/3207
f 452/3207/3207 474/3201/3201 448/3202/3202
f 452/3207/3207 448/3202/3202 449/3203/3203
f 475/3204/3204 479/3205/3205 449/3203/3203
f 449/3203/3203 479/3205/3205 453/3206/3206
f 449/3203/3203 453/3206/3206 452/3207/3207
f 185/3209/3209 474/3210/3210 189/3212/3212
f 189/3212/3212 474/3210/3210 478/3211/3211
f 190/3222/3222 186/3213/3213 152/3221/3221
f 152/3221/3221 186/3213/3213 148/3214/3214
f 152/3221/3221 148/3214/3214 119/3220/3220
f 119/3220/3220 148/3214/3214 117/3215/3215
f 119/3220/3220 117/3215/3215 151/3219/3219
f 151/3219/3219 117/3215/3215 147/3216/3216
f 151/3219/3219 147/3216/3216 189/3218/3218
f 189/3218/3218 147/3216/3216 185/3217/3217
f 477/3223/3223 188/3224/3224 481/3226/3226
f 481/3226/3226 188/3224/3224 192/3225/3225
f 480/3234/3234 476/3227/3227 454/3233/3233
f 454/3233/3233 476/3227/3227 450/3228/3228
f 454/3233/3233 450/3228/3228 451/3229/3229
f 477/3230/3230 481/3231/3231 451/3229/3229
f 451/3229/3229 481/3231/3231 455/3232/3232
f 451/3229/3229 455/3232/3232 454/3233/3233
f 187/3235/3235 476/3236/3236 191/3238/3238
f 191/3238/3238 476/3236/3236 480/3237/3237
f 192/3248/3248 188/3239/3239 154/3247/3247
f 154/3247/3247 188/3239/3239 150/3240/3240
f 154/3247/3247 150/3240/3240 120/3246/3246
f 120/3246/3246 150/3240/3240 118/3241/3241
f 120/3246/3246 118/3241/3241 153/3245/3245
f 153/3245/3245 118/3241/3241 149/3242/3242
f 153/3245/3245 149/3242/3242 191/3244/3244
f 191/3244/3244 149/3242/3242 187/3243/3243
f 1720/3249/3249 1928/3250/3250 1722/3252/3252
f 1722/3252/3252 1928/3250/3250 1930/3251/3251
f 1673/3260/3260 1669/3253/3253 1693/3259/3259
f 1693/3259/3259 1669/3253/3253 1691/3254/3254
f 1693/3259/3259 1691/3254/3254 1699/3255/3255
f 1720/3256/3256 1722/3257/3257 1699/3255/3255
f 1699/3255/3255 1722/3257/3257 1701/3258/3258
f 1699/3255/3255 1701/3258/3258 1693/3259/3259
f 1670/3261/3261 1669/3262/3262 1674/3264/3264
f 1674/3264/3264 1669/3262/3262 1673/3263/3263
f 1930/3274/3274 1928/3265/3265 1902/3273/3273
f 1902/3273/3273 1928/3265/3265 1900/3266/3266
f 1902/3273/3273 1900/3266/3266 1820/3272/3272
f 1820/3272/3272 1900/3266/3266 1818/3267/3267
f 1820/3272/3272 1818/3267/3267 1729/3271/3271
f 1729/3271/3271 1818/3267/3267 1727/3268/3268
f 1729/3271/3271 1727/3268/3268 1674/3270/3270
f 1674/3270/3270 1727/3268/3268 1670/3269/3269
f 1944/3284/3284 1942/3275/3275 1964/3283/3283
f 1964/3283/3283 1942/3275/3275 1962/3276/3276
f 1964/3283/3283 1962/3276/3276 1972/3282/3282
f 1972/3282/3282 1962/3276/3276 1971/3277/3277
f 1972/3282/3282 1971/3277/3277 1965/3281/3281
f 1965/3281/3281 1971/3277/3277 1963/3278/3278
f 1965/3281/3281 1963/3278/3278 1945/3280/3280
f 1945/3280/3280 1963/3278/3278 1943/3279/3279
f 1742/3285/3285 1942/3286/3286 1744/3288/3288
f 1744/3288/3288 1942/3286/3286 1944/3287/3287
f 1745/3296/3296 1743/3289/3289 1751/3295/3295
f 1751/3295/3295 1743/3289/3289 1749/3290/3290
f 1751/3295/3295 1749/3290/3290 1748/3291/3291
f 1742/3292/3292 1744/3293/3293 1748/3291/3291
f 1748/3291/3291 1744/3293/3293 1750/3294/3294
f 1748/3291/3291 1750/3294/3294 1751/3295/3295
f 1943/3297/3297 1743/3298/3298 1945/3300/3300
f 1945/3300/3300 1743/3298/3298 1745/3299/3299
f 227/3310/3310 223/3301/3301 313/3309/3309
f 313/3309/3309 223/3301/3301 309/3302/3302
f 313/3309/3309 309/3302/3302 404/3308/3308
f 404/3308/3308 309/3302/3302 400/3303/3303
f 404/3308/3308 400/3303/3303 509/3307/3307
f 509/3307/3307 400/3303/3303 505/3304/3304
f 509/3307/3307 505/3304/3304 625/3306/3306
f 625/3306/3306 505/3304/3304 617/3305/3305
f 521/3311/3311 223/3312/3312 525/3314/3314
f 525/3314/3314 223/3312/3312 227/3313/3313
f 626/3322/3322 618/3315/3315 586/3321/3321
f 586/3321/3321 618/3315/3315 582/3316/3316
f 586/3321/3321 582/3316/3316 548/3317/3317
f 521/3318/3318 525/3319/3319 548/3317/3317
f 548/3317/3317 525/3319/3319 552/3320/3320
f 548/3317/3317 552/3320/3320 586/3321/3321
f 617/3323/3323 618/3324/3324 625/3326/3326
f 625/3326/3326 618/3324/3324 626/3325/3325
f 615/3327/3327 616/3328/3328 623/3330/3330
f 623/3330/3330 616/3328/3328 624/3329/3329
f 524/3338/3338 520/3331/3331 551/3337/3337
f 551/3337/3337 520/3331/3331 547/3332/3332
f 551/3337/3337 547/3332/3332 581/3333/3333
f 615/3334/3334 623/3335/3335 581/3333/3333
f 581/3333/3333 623/3335/3335 585/3336/3336
f 581/3333/3333 585/3336/3336 551/3337/3337
f 222/3339/3339 520/3340/3340 226/3342/3342
f 226/3342/3342 520/3340/3340 524/3341/3341
f 624/3352/3352 616/3343/3343 508/3351/3351
f 508/3351/3351 616/3343/3343 504/3344/3344
f 508/3351/3351 504/3344/3344 403/3350/3350
f 403/3350/3350 504/3344/3344 399/3345/3345
f 403/3350/3350 399/3345/3345 312/3349/3349
f 312/3349/3349 399/3345/3345 308/3346/3346
f 312/3349/3349 308/3346/3346 226/3348/3348
f 226/3348/3348 308/3346/3346 222/3347/3347
f 1372/3362/3362 1370/3353/3353 1480/3361/3361
f 1480/3361/3361 1370/3353/3353 1478/3354/3354
f 1480/3361/3361 1478/3354/3354 1522/3360/3360
f 1522/3360/3360 1478/3354/3354 1520/3355/3355
f 1522/3360/3360 1520/3355/3355 1571/3359/3359
f 1571/3359/3359 1520/3355/3355 1569/3356/3356
f 1571/3359/3359 1569/3356/3356 1630/3358/3358
f 1630/3358/3358 1569/3356/3356 1626/3357/3357
f 1573/3363/3363 1370/3364/3364 1575/3366/3366
f 1575/3366/3366 1370/3364/3364 1372/3365/3365
f 1631/3374/3374 1627/3367/3367 1607/3373/3373
f 1607/3373/3373 1627/3367/3367 1605/3368/3368
f 1607/3373/3373 1605/3368/3368 1594/3369/3369
f 1573/3370/3370 1575/3371/3371 1594/3369/3369
f 1594/3369/3369 1575/3371/3371 1596/3372/3372
f 1594/3369/3369 1596/3372/3372 1607/3373/3373
f 1626/3375/3375 1627/3376/3376 1630/3378/3378
f 1630/3378/3378 1627/3376/3376 1631/3377/3377
f 1576/3386/3386 1574/3379/3379 1597/3385/3385
f 1597/3385/3385 1574/3379/3379 1595/3380/3380
f 1597/3385/3385 1595/3380/3380 1606/3381/3381
f 1628/3382/3382 1632/3383/3383 1606/3381/3381
f 1606/3381/3381 1632/3383/3383 1608/3384/3384
f 1606/3381/3381 1608/3384/3384 1597/3385/3385
f 1371/3387/3387 1574/3388/3388 1373/3390/3390
f 1373/3390/3390 1574/3388/3388 1576/3389/3389
f 1633/3400/3400 1629/3391/3391 1572/3399/3399
f 1572/3399/3399 1629/3391/3391 1570/3392/3392
f 1572/3399/3399 1570/3392/3392 1523/3398/3398
f 1523/3398/3398 1570/3392/3392 1521/3393/3393
f 1523/3398/3398 1521/3393/3393 1481/3397/3397
f 1481/3397/3397 1521/3393/3393 1479/3394/3394
f 1481/3397/3397 1479/3394/3394 1373/3396/3396
f 1373/3396/3396 1479/3394/3394 1371/3395/3395
f 1628/3401/3401 1629/3402/3402 1632/3404/3404
f 1632/3404/3404 1629/3402/3402 1633/3403/3403
f 1293/3405/3405 1940/3406/3406 1295/3408/3408
f 1295/3408/3408 1940/3406/3406 1941/3407/3407
f 4/3434/3434 2/3409/3409 8/3433/3433
f 8/3433/3433 2/3409/3409 6/3410/3410
f 8/3433/3433 6/3410/3410 12/3432/3432
f 12/3432/3432 6/3410/3410 10/3411/3411
f 12/3432/3432 10/3411/3411 16/3431/3431
f 16/3431/3431 10/3411/3411 14/3412/3412
f 16/3431/3431 14/3412/3412 20/3430/3430
f 20/3430/3430 14/3412/3412 18/3413/3413
f 20/3430/3430 18/3413/3413 38/3429/3429
f 38/3429/3429 18/3413/3413 36/3414/3414
f 38/3429/3429 36/3414/3414 182/3428/3428
f 182/3428/3428 36/3414/3414 180/3415/3415
f 182/3428/3428 180/3415/3415 356/3427/3427
f 356/3427/3427 180/3415/3415 354/3416/3416
f 356/3427/3427 354/3416/3416 500/3426/3426
f 500/3426/3426 354/3416/3416 498/3417/3417
f 500/3426/3426 498/3417/3417 666/3425/3425
f 666/3425/3425 498/3417/3417 664/3418/3418
f 666/3425/3425 664/3418/3418 834/3424/3424
f 834/3424/3424 664/3418/3418 832/3419/3419
f 834/3424/3424 832/3419/3419 1027/3423/3423
f 1027/3423/3423 832/3419/3419 1026/3420/3420
f 1027/3423/3423 1026/3420/3420 1295/3422/3422
f 1295/3422/3422 1026/3420/3420 1293/3421/3421
f 1/3435/3435 2/3436/3436 3/3438/3438
f 3/3438/3438 2/3436/3436 4/3437/3437
f 1294/3464/3464 1292/3439/3439 1025/3463/3463
f 1025/3463/3463 1292/3439/3439 1024/3440/3440
f 1025/3463/3463 1024/3440/3440 833/3462/3462
f 833/3462/3462 1024/3440/3440 831/3441/3441
f 833/3462/3462 831/3441/3441 665/3461/3461
f 665/3461/3461 831/3441/3441 663/3442/3442
f 665/3461/3461 663/3442/3442 499/3460/3460
f 499/3460/3460 663/3442/3442 497/3443/3443
f 499/3460/3460 497/3443/3443 355/3459/3459
f 355/3459/3459 497/3443/3443 353/3444/3444
f 355/3459/3459 353/3444/3444 181/3458/3458
f 181/3458/3458 353/3444/3444 179/3445/3445
f 181/3458/3458 179/3445/3445 37/3457/3457
f 37/3457/3457 179/3445/3445 35/3446/3446
f 37/3457/3457 35/3446/3446 19/3456/3456
f 19/3456/3456 35/3446/3446 17/3447/3447
f 19/3456/3456 17/3447/3447 15/3455/3455
f 15/3455/3455 17/3447/3447 13/3448/3448
f 15/3455/3455 13/3448/3448 11/3454/3454
f 11/3454/3454 13/3448/3448 9/3449/3449
f 11/3454/3454 9/3449/3449 7/3453/3453
f 7/3453/3453 9/3449/3449 5/3450/3450
f 7/3453/3453 5/3450/3450 3/3452/3452
f 3/3452/3452 5/3450/3450 1/3451/3451
f 1946/3465/3465 1292/3466/3466 1947/3468/3468
f 1947/3468/3468 1292/3466/3466 1294/3467/3467
f 1941/3494/3494 1940/3469/3469 2017/3493/3493
f 2017/3493/3493 1940/3469/3469 2016/3470/3470
f 2017/3493/3493 2016/3470/3470 2045/3492/3492
f 2045/3492/3492 2016/3470/3470 2044/3471/3471
f 2045/3492/3492 2044/3471/3471 2049/3491/3491
f 2049/3491/3491 2044/3471/3471 2048/3472/3472
f 2049/3491/3491 2048/3472/3472 2053/3490/3490
f 2053/3490/3490 2048/3472/3472 2052/3473/3473
f 2053/3490/3490 2052/3473/3473 2057/3489/3489
f 2057/3489/3489 2052/3473/3473 2056/3474/3474
f 2057/3489/3489 2056/3474/3474 2061/3488/3488
f 2061/3488/3488 2056/3474/3474 2060/3475/3475
f 2061/3488/3488 2060/3475/3475 2059/3487/3487
f 2059/3487/3487 2060/3475/3475 2058/3476/3476
f 2059/3487/3487 2058/3476/3476 2055/3486/3486
f 2055/3486/3486 2058/3476/3476 2054/3477/3477
f 2055/3486/3486 2054/3477/3477 2051/3485/3485
f 2051/3485/3485 2054/3477/3477 2050/3478/3478
f 2051/3485/3485 2050/3478/3478 2047/3484/3484
f 2047/3484/3484 2050/3478/3478 2046/3479/3479
f 2047/3484/3484 2046/3479/3479 2022/3483/3483
f 2022/3483/3483 2046/3479/3479 2021/3480/3480
f 2022/3483/3483 2021/3480/3480 1947/3482/3482
f 1947/3482/3482 2021/3480/3480 1946/3481/3481
f 1628/3496/3496 1670/3540/3540 1629/3495/3495
f 1629/3495/3495 1670/3540/3540 1940/3669/3669
f 1629/3495/3495 1940/3669/3669 1293/3670/3670
f 1606/3497/3497 1605/3512/3512 1628/3496/3496
f 1628/3496/3496 1605/3512/3512 1627/3504/3504
f 1628/3496/3496 1627/3504/3504 1669/3548/3548
f 1669/3548/3548 1627/3504/3504 1668/3591/3591
f 1669/3548/3548 1668/3591/3591 1691/3547/3547
f 1691/3547/3547 1668/3591/3591 1690/3592/3592
f 1691/3547/3547 1690/3592/3592 1699/3546/3546
f 1699/3546/3546 1690/3592/3592 1698/3593/3593
f 1699/3546/3546 1698/3593/3593 1720/3545/3545
f 1720/3545/3545 1698/3593/3593 1719/3585/3585
f 1720/3545/3545 1719/3585/3585 1743/3531/3531
f 1743/3531/3531 1719/3585/3585 1749/3539/3539
f 1749/3539/3539 1719/3585/3585 1748/3538/3538
f 1748/3538/3538 1719/3585/3585 1742/3537/3537
f 1742/3537/3537 1719/3585/3585 1927/3586/3586
f 1742/3537/3537 1927/3586/3586 1942/3536/3536
f 1942/3536/3536 1927/3586/3586 2050/3660/3660
f 1942/3536/3536 2050/3660/3660 2054/3661/3661
f 1605/3512/3512 1606/3497/3497 1594/3511/3511
f 1594/3511/3511 1606/3497/3497 1595/3498/3498
f 1594/3511/3511 1595/3498/3498 1573/3510/3510
f 1573/3510/3510 1595/3498/3498 1574/3499/3499
f 1573/3510/3510 1574/3499/3499 1552/3625/3625
f 1552/3625/3625 1574/3499/3499 1546/3624/3624
f 1546/3624/3624 1574/3499/3499 1547/3623/3623
f 1547/3623/3623 1574/3499/3499 1553/3622/3622
f 1553/3622/3622 1574/3499/3499 1371/3500/3500
f 1553/3622/3622 1371/3500/3500 1262/3621/3621
f 1262/3621/3621 1371/3500/3500 1278/3634/3634
f 1262/3621/3621 1278/3634/3634 1200/3649/3649
f 1200/3649/3649 1278/3634/3634 861/3635/3635
f 1200/3649/3649 861/3635/3635 813/3648/3648
f 813/3648/3648 861/3635/3635 873/3636/3636
f 813/3648/3648 873/3636/3636 874/3637/3637
f 1278/3634/3634 1371/3500/3500 1347/3633/3633
f 1347/3633/3633 1371/3500/3500 1479/3501/3501
f 1347/3633/3633 1479/3501/3501 1391/3632/3632
f 1391/3632/3632 1479/3501/3501 1521/3502/3502
f 1391/3632/3632 1521/3502/3502 1348/3631/3631
f 1348/3631/3631 1521/3502/3502 1570/3503/3503
f 1348/3631/3631 1570/3503/3503 1279/3630/3630
f 1279/3630/3630 1570/3503/3503 1629/3495/3495
f 1279/3630/3630 1629/3495/3495 1293/3670/3670
f 1627/3504/3504 1626/3505/3505 1668/3591/3591
f 1668/3591/3591 1626/3505/3505 1667/3590/3590
f 1667/3590/3590 1626/3505/3505 1292/3695/3695
f 1667/3590/3590 1292/3695/3695 1946/3657/3657
f 1292/3695/3695 1626/3505/3505 1276/3620/3620
f 1276/3620/3620 1626/3505/3505 1569/3506/3506
f 1276/3620/3620 1569/3506/3506 1345/3619/3619
f 1345/3619/3619 1569/3506/3506 1520/3507/3507
f 1345/3619/3619 1520/3507/3507 1390/3618/3618
f 1390/3618/3618 1520/3507/3507 1478/3508/3508
f 1390/3618/3618 1478/3508/3508 1346/3617/3617
f 1346/3617/3617 1478/3508/3508 1370/3509/3509
f 1346/3617/3617 1370/3509/3509 1277/3616/3616
f 1277/3616/3616 1370/3509/3509 1261/3626/3626
f 1277/3616/3616 1261/3626/3626 1199/3639/3639
f 1199/3639/3639 1261/3626/3626 1218/3627/3627
f 1199/3639/3639 1218/3627/3627 1043/3647/3647
f 1043/3647/3647 1218/3627/3627 1192/3628/3628
f 1043/3647/3647 1192/3628/3628 900/3646/3646
f 900/3646/3646 1192/3628/3628 901/3651/3651
f 900/3646/3646 901/3651/3651 824/3645/3645
f 824/3645/3645 901/3651/3651 825/3652/3652
f 824/3645/3645 825/3652/3652 683/3644/3644
f 683/3644/3644 825/3652/3652 684/3653/3653
f 683/3644/3644 684/3653/3653 617/3523/3523
f 617/3523/3523 684/3653/3653 618/3522/3522
f 618/3522/3522 684/3653/3653 685/3654/3654
f 618/3522/3522 685/3654/3654 619/3573/3573
f 619/3573/3573 685/3654/3654 686/3598/3598
f 619/3573/3573 686/3598/3598 620/3572/3572
f 620/3572/3572 686/3598/3598 687/3599/3599
f 620/3572/3572 687/3599/3599 664/3673/3673
f 664/3673/3673 687/3599/3599 832/3672/3672
f 832/3672/3672 687/3599/3599 826/3600/3600
f 832/3672/3672 826/3600/3600 1026/3671/3671
f 1026/3671/3671 826/3600/3600 902/3601/3601
f 1026/3671/3671 902/3601/3601 1293/3670/3670
f 1293/3670/3670 902/3601/3601 1045/3602/3602
f 1293/3670/3670 1045/3602/3602 1201/3594/3594
f 1261/3626/3626 1370/3509/3509 1552/3625/3625
f 1552/3625/3625 1370/3509/3509 1573/3510/3510
f 308/3514/3514 309/3526/3526 222/3513/3513
f 222/3513/3513 309/3526/3526 223/3527/3527
f 222/3513/3513 223/3527/3527 1/3683/3683
f 1/3683/3683 223/3527/3527 187/3549/3549
f 1/3683/3683 187/3549/3549 2/3682/3682
f 2/3682/3682 187/3549/3549 149/3550/3550
f 2/3682/3682 149/3550/3550 118/3551/3551
f 309/3526/3526 308/3514/3514 400/3525/3525
f 400/3525/3525 308/3514/3514 399/3515/3515
f 400/3525/3525 399/3515/3515 505/3524/3524
f 505/3524/3524 399/3515/3515 504/3516/3516
f 505/3524/3524 504/3516/3516 617/3523/3523
f 617/3523/3523 504/3516/3516 616/3517/3517
f 617/3523/3523 616/3517/3517 683/3644/3644
f 683/3644/3644 616/3517/3517 682/3643/3643
f 682/3643/3643 616/3517/3517 615/3518/3518
f 682/3643/3643 615/3518/3518 681/3609/3609
f 681/3609/3609 615/3518/3518 614/3576/3576
f 681/3609/3609 614/3576/3576 680/3608/3608
f 680/3608/3608 614/3576/3576 613/3577/3577
f 680/3608/3608 613/3577/3577 663/3692/3692
f 663/3692/3692 613/3577/3577 497/3691/3691
f 497/3691/3691 613/3577/3577 503/3578/3578
f 497/3691/3691 503/3578/3578 353/3690/3690
f 353/3690/3690 503/3578/3578 398/3579/3579
f 353/3690/3690 398/3579/3579 179/3689/3689
f 179/3689/3689 398/3579/3579 307/3580/3580
f 179/3689/3689 307/3580/3580 35/3688/3688
f 35/3688/3688 307/3580/3580 17/3687/3687
f 17/3687/3687 307/3580/3580 221/3581/3581
f 17/3687/3687 221/3581/3581 13/3686/3686
f 13/3686/3686 221/3581/3581 185/3558/3558
f 13/3686/3686 185/3558/3558 9/3685/3685
f 9/3685/3685 185/3558/3558 147/3559/3559
f 9/3685/3685 147/3559/3559 5/3684/3684
f 5/3684/3684 147/3559/3559 117/3560/3560
f 5/3684/3684 117/3560/3560 1/3683/3683
f 1/3683/3683 117/3560/3560 148/3561/3561
f 1/3683/3683 148/3561/3561 186/3562/3562
f 614/3576/3576 615/3518/3518 580/3584/3584
f 580/3584/3584 615/3518/3518 581/3519/3519
f 580/3584/3584 581/3519/3519 546/3583/3583
f 546/3583/3583 581/3519/3519 547/3520/3520
f 546/3583/3583 547/3520/3520 519/3582/3582
f 519/3582/3582 547/3520/3520 520/3521/3521
f 519/3582/3582 520/3521/3521 474/3566/3566
f 474/3566/3566 520/3521/3521 448/3565/3565
f 448/3565/3565 520/3521/3521 449/3564/3564
f 449/3564/3564 520/3521/3521 475/3563/3563
f 475/3563/3563 520/3521/3521 222/3513/3513
f 475/3563/3563 222/3513/3513 186/3562/3562
f 186/3562/3562 222/3513/3513 1/3683/3683
f 187/3549/3549 223/3527/3527 476/3557/3557
f 476/3557/3557 223/3527/3527 521/3528/3528
f 476/3557/3557 521/3528/3528 522/3567/3567
f 522/3567/3567 521/3528/3528 549/3575/3575
f 549/3575/3575 521/3528/3528 548/3529/3529
f 549/3575/3575 548/3529/3529 583/3574/3574
f 583/3574/3574 548/3529/3529 582/3530/3530
f 583/3574/3574 582/3530/3530 619/3573/3573
f 619/3573/3573 582/3530/3530 618/3522/3522
f 1720/3545/3545 1743/3531/3531 1928/3544/3544
f 1928/3544/3544 1743/3531/3531 1943/3532/3532
f 1928/3544/3544 1943/3532/3532 2048/3666/3666
f 2048/3666/3666 1943/3532/3532 2052/3665/3665
f 2052/3665/3665 1943/3532/3532 1963/3533/3533
f 2052/3665/3665 1963/3533/3533 2056/3664/3664
f 2056/3664/3664 1963/3533/3533 1971/3534/3534
f 2056/3664/3664 1971/3534/3534 2060/3663/3663
f 2060/3663/3663 1971/3534/3534 2058/3662/3662
f 2058/3662/3662 1971/3534/3534 1962/3535/3535
f 2058/3662/3662 1962/3535/3535 2054/3661/3661
f 2054/3661/3661 1962/3535/3535 1942/3536/3536
f 1670/3540/3540 1727/3541/3541 1940/3669/3669
f 1940/3669/3669 1727/3541/3541 1818/3542/3542
f 1940/3669/3669 1818/3542/3542 1900/3543/3543
f 1928/3544/3544 2044/3667/3667 1900/3543/3543
f 1900/3543/3543 2044/3667/3667 2016/3668/3668
f 1900/3543/3543 2016/3668/3668 1940/3669/3669
f 1669/3548/3548 1670/3540/3540 1628/3496/3496
f 2/3682/3682 118/3551/3551 6/3681/3681
f 6/3681/3681 118/3551/3551 150/3552/3552
f 6/3681/3681 150/3552/3552 10/3680/3680
f 10/3680/3680 150/3552/3552 188/3553/3553
f 10/3680/3680 188/3553/3553 14/3679/3679
f 14/3679/3679 188/3553/3553 224/3568/3568
f 14/3679/3679 224/3568/3568 18/3678/3678
f 18/3678/3678 224/3568/3568 310/3569/3569
f 18/3678/3678 310/3569/3569 36/3677/3677
f 36/3677/3677 310/3569/3569 180/3676/3676
f 180/3676/3676 310/3569/3569 401/3570/3570
f 180/3676/3676 401/3570/3570 354/3675/3675
f 354/3675/3675 401/3570/3570 506/3571/3571
f 354/3675/3675 506/3571/3571 498/3674/3674
f 498/3674/3674 506/3571/3571 620/3572/3572
f 498/3674/3674 620/3572/3572 664/3673/3673
f 188/3553/3553 477/3554/3554 224/3568/3568
f 224/3568/3568 477/3554/3554 522/3567/3567
f 522/3567/3567 477/3554/3554 451/3555/3555
f 522/3567/3567 451/3555/3555 450/3556/3556
f 450/3556/3556 476/3557/3557 522/3567/3567
f 519/3582/3582 474/3566/3566 221/3581/3581
f 221/3581/3581 474/3566/3566 185/3558/3558
f 2050/3660/3660 1927/3586/3586 2046/3659/3659
f 2046/3659/3659 1927/3586/3586 1899/3587/3587
f 2046/3659/3659 1899/3587/3587 2021/3658/3658
f 2021/3658/3658 1899/3587/3587 1946/3657/3657
f 1946/3657/3657 1899/3587/3587 1817/3588/3588
f 1946/3657/3657 1817/3588/3588 1726/3589/3589
f 1726/3589/3589 1667/3590/3590 1946/3657/3657
f 814/3595/3595 862/3638/3638 1201/3594/3594
f 1201/3594/3594 862/3638/3638 1279/3630/3630
f 1201/3594/3594 1279/3630/3630 1293/3670/3670
f 752/3596/3596 751/3656/3656 814/3595/3595
f 814/3595/3595 751/3656/3656 813/3648/3648
f 814/3595/3595 813/3648/3648 862/3638/3638
f 862/3638/3638 813/3648/3648 874/3637/3637
f 751/3656/3656 752/3596/3596 719/3655/3655
f 719/3655/3655 752/3596/3596 720/3597/3597
f 719/3655/3655 720/3597/3597 685/3654/3654
f 685/3654/3654 720/3597/3597 686/3598/3598
f 1198/3604/3604 859/3612/3612 811/3603/3603
f 811/3603/3603 859/3612/3612 871/3613/3613
f 811/3603/3603 871/3613/3613 872/3614/3614
f 1042/3605/3605 1292/3695/3695 1198/3604/3604
f 1198/3604/3604 1292/3695/3695 1276/3620/3620
f 1198/3604/3604 1276/3620/3620 859/3612/3612
f 1042/3605/3605 899/3606/3606 1292/3695/3695
f 1292/3695/3695 899/3606/3606 1024/3694/3694
f 1024/3694/3694 899/3606/3606 823/3607/3607
f 1024/3694/3694 823/3607/3607 831/3693/3693
f 831/3693/3693 823/3607/3607 680/3608/3608
f 831/3693/3693 680/3608/3608 663/3692/3692
f 682/3643/3643 681/3609/3609 718/3642/3642
f 718/3642/3642 681/3609/3609 717/3610/3610
f 718/3642/3642 717/3610/3610 750/3641/3641
f 750/3641/3641 717/3610/3610 749/3611/3611
f 750/3641/3641 749/3611/3611 812/3640/3640
f 812/3640/3640 749/3611/3611 811/3603/3603
f 812/3640/3640 811/3603/3603 860/3615/3615
f 860/3615/3615 811/3603/3603 872/3614/3614
f 812/3640/3640 860/3615/3615 1199/3639/3639
f 1199/3639/3639 860/3615/3615 1277/3616/3616
f 901/3651/3651 1192/3628/3628 1044/3650/3650
f 1044/3650/3650 1192/3628/3628 1219/3629/3629
f 1044/3650/3650 1219/3629/3629 1200/3649/3649
f 1200/3649/3649 1219/3629/3629 1262/3621/3621
f 2048/3666/3666 2044/3667/3667 1928/3544/3544
# 2061 vertices
# 3695 texture params
# 3695 normals
# 3898 facets

# 1 groups
