# WaveFront *.obj file (generated by Autodesk ATF)

mtllib 3_Standing_Chalk_holder_Lid.mtl

g Solid1

v -0.440000 0.000000 -0.500000
v -0.440000 0.000000 0.000000
v -0.440000 3.130000 -0.500000
v -0.440000 3.130000 0.000000
v -0.433315 0.000000 -0.576405
v -0.433315 0.000000 0.076406
v -0.433315 3.130000 -0.576405
v -0.433315 3.130000 0.076406
v -0.413465 0.000000 -0.650489
v -0.413465 0.000000 0.150490
v -0.413465 3.130000 -0.650489
v -0.413465 3.130000 0.150490
v -0.391000 3.130000 -0.500000
v -0.391000 3.130000 0.000000
v -0.383934 3.130000 -0.573997
v -0.383934 3.130000 0.073998
v -0.381051 0.000000 -0.720000
v -0.381051 0.000000 0.220001
v -0.381051 3.130000 -0.720000
v -0.381051 3.130000 0.220001
v -0.362992 3.130000 -0.645320
v -0.362992 3.130000 0.145321
v -0.337060 0.000000 -0.782827
v -0.337059 0.000000 0.282828
v -0.337060 3.130000 -0.782827
v -0.337059 3.130000 0.282828
v -0.328930 3.130000 -0.711391
v -0.328930 3.130000 0.211391
v -0.291000 0.179000 -0.500000
v -0.291000 0.179000 0.000000
v -0.291000 2.930000 -0.500000
v -0.291000 2.930000 0.000000
v -0.284641 0.179000 -0.560502
v -0.284641 0.179000 0.060503
v -0.284641 2.930000 -0.560502
v -0.284641 2.930000 0.060503
v -0.282980 3.130000 -0.769821
v -0.282979 3.130000 0.269822
v -0.282827 0.000000 -0.837060
v -0.282825 0.000000 0.337061
v -0.282827 3.130000 -0.837060
v -0.282825 3.130000 0.337061
v -0.265842 0.179000 -0.618360
v -0.265842 0.179000 0.118361
v -0.265842 2.930000 -0.618360
v -0.265842 2.930000 0.118361
v -0.240000 0.000000 -0.500000
v -0.240000 0.000000 0.000000
v -0.240000 0.030000 -0.500000
v -0.240000 0.030000 0.000000
v -0.235424 0.179000 -0.671046
v -0.235423 0.179000 0.171046
v -0.235424 2.930000 -0.671046
v -0.235423 2.930000 0.171046
v -0.234746 0.000000 -0.549942
v -0.234746 0.000000 -0.450058
v -0.234746 0.000000 -0.049942
v -0.234746 0.000000 0.049942
v -0.234746 0.030000 -0.549942
v -0.234746 0.030000 -0.450058
v -0.234746 0.030000 -0.049942
v -0.234746 0.030000 0.049942
v -0.226802 3.130000 -0.818499
v -0.226801 3.130000 0.318500
v -0.220000 0.000000 -0.881051
v -0.219998 0.000000 0.381052
v -0.220000 3.130000 -0.881051
v -0.219998 3.130000 0.381052
v -0.219215 0.000000 -0.597697
v -0.219215 0.000000 -0.402303
v -0.219215 0.000000 -0.097697
v -0.219215 0.000000 0.097697
v -0.219215 0.030000 -0.597697
v -0.219215 0.030000 -0.402303
v -0.219215 0.030000 -0.097697
v -0.219215 0.030000 0.097697
v -0.194717 0.179000 -0.716255
v -0.194716 0.179000 0.216256
v -0.194717 2.930000 -0.716255
v -0.194716 2.930000 0.216256
v -0.194215 0.000000 -0.640998
v -0.194215 0.000000 -0.359002
v -0.194215 0.000000 -0.140998
v -0.194215 0.000000 0.140998
v -0.194215 0.030000 -0.640998
v -0.194215 0.030000 -0.359002
v -0.194215 0.030000 -0.140998
v -0.194215 0.030000 0.140998
v -0.166613 2.505000 -0.738582
v -0.166612 2.505000 0.238582
v -0.166613 2.905000 -0.738582
v -0.166612 2.905000 0.238582
v -0.165043 2.495431 -0.739670
v -0.165042 2.495431 0.239671
v -0.165043 2.914569 -0.739670
v -0.165042 2.914569 0.239671
v -0.162427 3.130000 -0.855666
v -0.162425 3.130000 0.355667
v -0.160624 0.000000 -0.678326
v -0.160624 0.000000 -0.321674
v -0.160624 0.000000 -0.178326
v -0.160624 0.000000 0.178326
v -0.160624 0.030000 -0.678326
v -0.160624 0.030000 -0.321674
v -0.160624 0.030000 -0.178326
v -0.160624 0.030000 0.178326
v -0.160541 2.487322 -0.742709
v -0.160539 2.487322 0.242710
v -0.160541 2.922678 -0.742709
v -0.160539 2.922678 0.242710
v -0.154651 2.505000 -0.717863
v -0.154650 2.505000 0.217863
v -0.154651 2.905000 -0.717863
v -0.154650 2.905000 0.217863
v -0.153709 2.481904 -0.747092
v -0.153707 2.481904 0.247093
v -0.153709 2.928096 -0.747092
v -0.153707 2.928096 0.247093
v -0.150516 2.490305 -0.720250
v -0.150515 2.490305 0.220251
v -0.150516 2.919695 -0.720250
v -0.150515 2.919695 0.220251
v -0.150489 0.000000 -0.913465
v -0.150487 0.000000 0.413466
v -0.150489 3.130000 -0.913465
v -0.150487 3.130000 0.413466
v -0.148803 2.504929 0.210993
v -0.147433 2.490566 0.215930
v -0.146280 2.916855 -0.712810
v -0.145747 2.493963 -0.711904
v -0.145500 0.179000 -0.752013
v -0.145499 0.179000 0.252014
v -0.145500 2.480000 -0.752013
v -0.145499 2.480000 0.252014
v -0.145500 2.930000 -0.752013
v -0.145499 2.930000 0.252014
v -0.144068 2.919029 0.212880
v -0.143168 2.505000 -0.707524
v -0.143167 2.505000 0.207525
v -0.143168 2.905000 -0.707524
v -0.143167 2.905000 0.207525
v -0.140692 2.500874 0.206937
v -0.139690 2.481224 -0.726500
v -0.139689 2.481224 0.226501
v -0.139690 2.928776 -0.726500
v -0.139689 2.928776 0.226501
v -0.137297 2.502280 -0.705885
v -0.137125 2.481574 0.222671
v -0.137134 2.481904 -0.756662
v -0.137133 2.481904 0.256662
v -0.137134 2.928096 -0.756662
v -0.137133 2.928096 0.256662
v -0.136229 2.927742 0.220495
v -0.134478 2.493252 0.208346
v -0.133642 2.485143 -0.715188
v -0.133070 2.485629 0.214559
v -0.132304 2.920868 -0.711056
v -0.132184 2.913248 0.206777
v -0.130946 2.926859 -0.718406
v -0.129922 2.487322 -0.760387
v -0.129921 2.487322 0.260387
v -0.129922 2.922678 -0.760387
v -0.129921 2.922678 0.260387
v -0.128393 2.913046 -0.707146
v -0.127802 2.505000 -0.705909
v -0.127801 2.505000 0.205910
v -0.127802 2.905000 -0.705909
v -0.127801 2.905000 0.205910
v -0.127381 2.929346 0.231195
v -0.126310 2.481224 -0.734225
v -0.126308 2.481224 0.234226
v -0.126310 2.928776 -0.734225
v -0.126308 2.928776 0.234226
v -0.126135 2.494146 -0.708913
v -0.125282 2.481298 0.232274
v -0.125039 2.495431 -0.762766
v -0.125038 2.495431 0.262767
v -0.125039 2.914569 -0.762766
v -0.125038 2.914569 0.262767
v -0.124954 2.928217 -0.725756
v -0.123932 2.921760 0.214180
v -0.123311 2.505000 -0.763582
v -0.123310 2.505000 0.263582
v -0.123311 2.905000 -0.763582
v -0.123310 2.905000 0.263582
v -0.121970 2.483228 -0.724946
v -0.121043 2.907054 -0.708504
v -0.120973 2.500308 0.208954
v -0.120000 0.000000 -0.707846
v -0.120000 0.000000 -0.292154
v -0.120000 0.000000 -0.207846
v -0.120000 0.000000 0.207846
v -0.120000 0.030000 -0.707846
v -0.120000 0.030000 -0.292154
v -0.120000 0.030000 -0.207846
v -0.120000 0.030000 0.207846
v -0.118680 2.487900 0.219069
v -0.118566 2.919434 -0.715929
v -0.118513 2.925033 0.226641
v -0.117133 2.924306 -0.729666
v -0.115484 2.490305 -0.740475
v -0.115483 2.490305 0.240476
v -0.115484 2.919695 -0.740475
v -0.115483 2.919695 0.240476
v -0.115372 2.492381 -0.717911
v -0.115189 2.488952 -0.737451
v -0.114421 2.505000 -0.713634
v -0.114420 2.505000 0.213635
v -0.114421 2.905000 -0.713634
v -0.114420 2.905000 0.213635
v -0.113870 2.910604 0.215274
v -0.113694 2.905696 -0.714495
v -0.111349 2.505000 -0.742863
v -0.111348 2.505000 0.242863
v -0.111349 2.905000 -0.742863
v -0.111348 2.905000 0.242863
v -0.111258 2.916988 0.227430
v -0.111218 2.910376 -0.741393
v -0.111141 2.916957 -0.728308
v -0.109783 2.909607 -0.722317
v -0.109618 2.496533 0.227782
v -0.109120 2.497660 -0.729442
v -0.108386 2.908286 0.233260
v -0.108137 2.505000 -0.727750
v -0.108136 2.505000 0.227750
v -0.108137 2.905000 -0.727750
v -0.108136 2.905000 0.227750
v -0.099593 0.000000 -0.509018
v -0.099593 0.000000 -0.490982
v -0.099593 0.000000 -0.009018
v -0.099593 0.000000 0.009018
v -0.099593 0.030000 -0.509018
v -0.099593 0.030000 -0.490982
v -0.099593 0.030000 -0.009018
v -0.099593 0.030000 0.009018
v -0.096353 0.000000 -0.526762
v -0.096353 0.000000 -0.473238
v -0.096353 0.000000 -0.026762
v -0.096353 0.000000 0.026762
v -0.096353 0.030000 -0.526762
v -0.096353 0.030000 -0.473238
v -0.096353 0.030000 -0.026762
v -0.096353 0.030000 0.026762
v -0.092182 3.130000 -0.879978
v -0.092179 3.130000 0.379979
v -0.089924 0.179000 -0.776757
v -0.089922 0.179000 0.276758
v -0.089924 2.930000 -0.776757
v -0.089922 2.930000 0.276758
v -0.076405 0.000000 -0.933315
v -0.076402 0.000000 0.433316
v -0.076405 3.130000 -0.933315
v -0.076402 3.130000 0.433316
v -0.074123 0.000000 -0.728267
v -0.074123 0.000000 -0.271733
v -0.074123 0.000000 -0.228267
v -0.074123 0.000000 0.228267
v -0.074123 0.030000 -0.728267
v -0.074123 0.030000 -0.271733
v -0.074123 0.030000 -0.228267
v -0.074123 0.030000 0.228267
v -0.071353 0.000000 -0.570063
v -0.071353 0.000000 -0.429937
v -0.071353 0.000000 -0.070063
v -0.071353 0.000000 0.070063
v -0.071353 0.030000 -0.570063
v -0.071353 0.030000 -0.429937
v -0.071353 0.030000 -0.070063
v -0.071353 0.030000 0.070063
v -0.057606 0.000000 -0.581740
v -0.057606 0.000000 -0.418260
v -0.057606 0.000000 -0.081740
v -0.057606 0.000000 0.081740
v -0.057606 0.030000 -0.581740
v -0.057606 0.030000 -0.418260
v -0.057606 0.030000 -0.081740
v -0.057606 0.030000 0.081740
v -0.041986 0.000000 -0.590759
v -0.041986 0.000000 -0.409241
v -0.041986 0.000000 -0.090759
v -0.041986 0.000000 0.090759
v -0.041986 0.030000 -0.590759
v -0.041986 0.030000 -0.409241
v -0.041986 0.030000 -0.090759
v -0.041986 0.030000 0.090759
v -0.030418 0.179000 -0.789406
v -0.030416 0.179000 0.289406
v -0.030418 2.930000 -0.789406
v -0.030416 2.930000 0.289406
v -0.025000 0.000000 -0.738694
v -0.025000 0.000000 -0.596825
v -0.025000 0.000000 -0.403175
v -0.025000 0.000000 -0.261306
v -0.025000 0.000000 -0.238694
v -0.025000 0.000000 -0.096825
v -0.025000 0.000000 0.096825
v -0.025000 0.000000 0.238694
v -0.025000 0.030000 -0.738694
v -0.025000 0.030000 -0.596825
v -0.025000 0.030000 -0.403175
v -0.025000 0.030000 -0.261306
v -0.025000 0.030000 -0.238694
v -0.025000 0.030000 -0.096825
v -0.025000 0.030000 0.096825
v -0.025000 0.030000 0.238694
v -0.018605 3.130000 -0.890557
v -0.018602 3.130000 0.390557
v 0.000000 0.000000 -0.940000
v 0.000003 0.000000 0.440000
v 0.000000 3.130000 -0.940000
v 0.000003 3.130000 0.440000
v 0.025000 0.000000 -0.738694
v 0.025000 0.000000 -0.596825
v 0.025000 0.000000 -0.403175
v 0.025000 0.000000 -0.261306
v 0.025000 0.000000 -0.238694
v 0.025000 0.000000 -0.096825
v 0.025000 0.000000 0.096825
v 0.025000 0.000000 0.238694
v 0.025000 0.030000 -0.738694
v 0.025000 0.030000 -0.596825
v 0.025000 0.030000 -0.403175
v 0.025000 0.030000 -0.261306
v 0.025000 0.030000 -0.238694
v 0.025000 0.030000 -0.096825
v 0.025000 0.030000 0.096825
v 0.025000 0.030000 0.238694
v 0.030418 0.179000 -0.789406
v 0.030420 0.179000 0.289406
v 0.030418 2.930000 -0.789406
v 0.030420 2.930000 0.289406
v 0.041986 0.000000 -0.590759
v 0.041986 0.000000 -0.409241
v 0.041986 0.000000 -0.090759
v 0.041986 0.000000 0.090759
v 0.041986 0.030000 -0.590759
v 0.041986 0.030000 -0.409241
v 0.041986 0.030000 -0.090759
v 0.041986 0.030000 0.090759
v 0.055645 3.130000 -0.887020
v 0.055648 3.130000 0.387020
v 0.057606 0.000000 -0.581740
v 0.057606 0.000000 -0.418260
v 0.057606 0.000000 -0.081740
v 0.057606 0.000000 0.081740
v 0.057606 0.030000 -0.581740
v 0.057606 0.030000 -0.418260
v 0.057606 0.030000 -0.081740
v 0.057606 0.030000 0.081740
v 0.071353 0.000000 -0.570063
v 0.071353 0.000000 -0.429937
v 0.071353 0.000000 -0.070063
v 0.071353 0.000000 0.070063
v 0.071353 0.030000 -0.570063
v 0.071353 0.030000 -0.429937
v 0.071353 0.030000 -0.070063
v 0.071353 0.030000 0.070063
v 0.074123 0.000000 -0.728267
v 0.074123 0.000000 -0.271733
v 0.074123 0.000000 -0.228267
v 0.074123 0.000000 0.228267
v 0.074123 0.030000 -0.728267
v 0.074123 0.030000 -0.271733
v 0.074123 0.030000 -0.228267
v 0.074123 0.030000 0.228267
v 0.076405 0.000000 -0.933315
v 0.076409 0.000000 0.433315
v 0.076405 3.130000 -0.933315
v 0.076409 3.130000 0.433315
v 0.089924 0.179000 -0.776757
v 0.089926 0.179000 0.276757
v 0.089924 2.930000 -0.776757
v 0.089926 2.930000 0.276757
v 0.096353 0.000000 -0.526762
v 0.096353 0.000000 -0.473238
v 0.096353 0.000000 -0.026762
v 0.096353 0.000000 0.026762
v 0.096353 0.030000 -0.526762
v 0.096353 0.030000 -0.473238
v 0.096353 0.030000 -0.026762
v 0.096353 0.030000 0.026762
v 0.099593 0.000000 -0.509018
v 0.099593 0.000000 -0.490982
v 0.099593 0.000000 -0.009018
v 0.099593 0.000000 0.009018
v 0.099593 0.030000 -0.509018
v 0.099593 0.030000 -0.490982
v 0.099593 0.030000 -0.009018
v 0.099593 0.030000 0.009018
v 0.120000 0.000000 -0.707846
v 0.120000 0.000000 -0.292154
v 0.120000 0.000000 -0.207846
v 0.120000 0.000000 0.207846
v 0.120000 0.030000 -0.707846
v 0.120000 0.030000 -0.292154
v 0.120000 0.030000 -0.207846
v 0.120000 0.030000 0.207846
v 0.127884 3.130000 -0.869495
v 0.127887 3.130000 0.369494
v 0.145500 0.179000 -0.752013
v 0.145502 0.179000 0.252012
v 0.145500 2.930000 -0.752013
v 0.145502 2.930000 0.252012
v 0.150489 0.000000 -0.913465
v 0.150489 3.130000 -0.913465
v 0.150492 0.000000 0.413463
v 0.150492 3.130000 0.413463
v 0.160624 0.000000 -0.678326
v 0.160624 0.000000 -0.321674
v 0.160624 0.000000 -0.178326
v 0.160624 0.000000 0.178326
v 0.160624 0.030000 -0.678326
v 0.160624 0.030000 -0.321674
v 0.160624 0.030000 -0.178326
v 0.160624 0.030000 0.178326
v 0.193013 0.000000 -0.250000
v 0.193013 0.030000 -0.250000
v 0.194215 0.000000 -0.640998
v 0.194215 0.000000 -0.359002
v 0.194215 0.000000 -0.140998
v 0.194215 0.000000 0.140998
v 0.194215 0.030000 -0.640998
v 0.194215 0.030000 -0.359002
v 0.194215 0.030000 -0.140998
v 0.194215 0.030000 0.140998
v 0.195500 3.130000 -0.838616
v 0.195503 3.130000 0.338614
v 0.198266 0.000000 -0.299942
v 0.198266 0.000000 -0.200058
v 0.198266 0.030000 -0.299942
v 0.198266 0.030000 -0.200058
v 0.213797 0.000000 -0.347697
v 0.213797 0.000000 -0.152303
v 0.213797 0.030000 -0.347697
v 0.213797 0.030000 -0.152303
v 0.219215 0.000000 -0.597697
v 0.219215 0.000000 -0.402303
v 0.219215 0.000000 -0.097697
v 0.219215 0.000000 0.097697
v 0.219215 0.030000 -0.597697
v 0.219215 0.030000 -0.402303
v 0.219215 0.030000 -0.097697
v 0.219215 0.030000 0.097697
v 0.220000 0.000000 -0.881051
v 0.220004 0.000000 0.381049
v 0.220000 3.130000 -0.881051
v 0.220004 3.130000 0.381049
v 0.234746 0.000000 -0.549942
v 0.234746 0.000000 -0.450058
v 0.234746 0.000000 -0.049942
v 0.234746 0.000000 0.049942
v 0.234746 0.030000 -0.549942
v 0.234746 0.030000 -0.450058
v 0.234746 0.030000 -0.049942
v 0.234746 0.030000 0.049942
v 0.238797 0.000000 -0.390998
v 0.238797 0.000000 -0.109002
v 0.238797 0.030000 -0.390998
v 0.238797 0.030000 -0.109002
v 0.240000 0.000000 -0.500000
v 0.240000 0.000000 0.000000
v 0.240000 0.030000 -0.500000
v 0.240000 0.030000 0.000000
v 0.272389 0.000000 -0.428326
v 0.272389 0.000000 -0.071674
v 0.272389 0.030000 -0.428326
v 0.272389 0.030000 -0.071674
v 0.313013 0.000000 -0.457846
v 0.313013 0.000000 -0.042154
v 0.313013 0.030000 -0.457846
v 0.313013 0.030000 -0.042154
v 0.333420 0.000000 -0.259018
v 0.333420 0.000000 -0.240982
v 0.333420 0.030000 -0.259018
v 0.333420 0.030000 -0.240982
v 0.336660 0.000000 -0.276762
v 0.336660 0.000000 -0.223238
v 0.336660 0.030000 -0.276762
v 0.336660 0.030000 -0.223238
v 0.358890 0.000000 -0.478267
v 0.358890 0.000000 -0.021733
v 0.358890 0.030000 -0.478267
v 0.358890 0.030000 -0.021733
v 0.361660 0.000000 -0.320063
v 0.361660 0.000000 -0.179937
v 0.361660 0.030000 -0.320063
v 0.361660 0.030000 -0.179937
v 0.375406 0.000000 -0.331740
v 0.375406 0.000000 -0.168260
v 0.375406 0.030000 -0.331740
v 0.375406 0.030000 -0.168260
v 0.391027 0.000000 -0.340759
v 0.391027 0.000000 -0.159241
v 0.391027 0.030000 -0.340759
v 0.391027 0.030000 -0.159241
v 0.408013 0.000000 -0.488694
v 0.408013 0.000000 -0.346825
v 0.408013 0.000000 -0.153175
v 0.408013 0.000000 -0.011306
v 0.408013 0.030000 -0.488694
v 0.408013 0.030000 -0.346825
v 0.408013 0.030000 -0.153175
v 0.408013 0.030000 -0.011306
v 0.458013 0.000000 -0.488694
v 0.458013 0.000000 -0.346825
v 0.458013 0.000000 -0.153175
v 0.458013 0.000000 -0.011306
v 0.458013 0.030000 -0.488694
v 0.458013 0.030000 -0.346825
v 0.458013 0.030000 -0.153175
v 0.458013 0.030000 -0.011306
v 0.474999 0.000000 -0.340759
v 0.474999 0.000000 -0.159241
v 0.474999 0.030000 -0.340759
v 0.474999 0.030000 -0.159241
v 0.490619 0.000000 -0.331740
v 0.490619 0.000000 -0.168260
v 0.490619 0.030000 -0.331740
v 0.490619 0.030000 -0.168260
v 0.504365 0.000000 -0.320063
v 0.504365 0.000000 -0.179937
v 0.504365 0.030000 -0.320063
v 0.504365 0.030000 -0.179937
v 0.507135 0.000000 -0.478267
v 0.507135 0.000000 -0.021733
v 0.507135 0.030000 -0.478267
v 0.507135 0.030000 -0.021733
v 0.529365 0.000000 -0.276762
v 0.529365 0.000000 -0.223238
v 0.529365 0.030000 -0.276762
v 0.529365 0.030000 -0.223238
v 0.532605 0.000000 -0.259018
v 0.532605 0.000000 -0.240982
v 0.532605 0.030000 -0.259018
v 0.532605 0.030000 -0.240982
v 0.553013 0.000000 -0.457846
v 0.553013 0.000000 -0.042154
v 0.553013 0.030000 -0.457846
v 0.553013 0.030000 -0.042154
v 0.577066 0.179000 0.002843
v 0.577066 2.930000 0.002843
v 0.578513 0.179000 -0.502013
v 0.578513 2.930000 -0.502013
v 0.593636 0.000000 -0.428326
v 0.593636 0.000000 -0.071674
v 0.593636 0.030000 -0.428326
v 0.593636 0.030000 -0.071674
v 0.601942 3.030000 0.046216
v 0.626612 0.179000 -0.032744
v 0.626612 2.930000 -0.032744
v 0.626819 3.130000 0.089588
v 0.627228 0.000000 -0.390998
v 0.627228 0.000000 -0.109002
v 0.627228 0.030000 -0.390998
v 0.627228 0.030000 -0.109002
v 0.627854 0.179000 -0.466144
v 0.627854 2.930000 -0.466144
v 0.628513 3.130000 -0.588616
v 0.651235 0.000000 0.132072
v 0.651235 3.130000 0.132072
v 0.652228 0.000000 -0.347697
v 0.652228 0.000000 -0.152303
v 0.652228 0.030000 -0.347697
v 0.652228 0.030000 -0.152303
v 0.653013 0.000000 -0.631051
v 0.653013 3.130000 -0.631051
v 0.667650 0.179000 -0.077877
v 0.667650 2.930000 -0.077877
v 0.667759 0.000000 -0.299942
v 0.667759 0.000000 -0.200058
v 0.667759 0.030000 -0.299942
v 0.667759 0.030000 -0.200058
v 0.668633 0.179000 -0.420776
v 0.668633 2.930000 -0.420776
v 0.673013 0.000000 -0.250000
v 0.673013 0.030000 -0.250000
v 0.674520 2.504549 -0.244240
v 0.675213 2.505000 -0.241581
v 0.675213 2.905000 -0.241581
v 0.675257 2.505000 -0.257031
v 0.675257 2.905000 -0.257031
v 0.675581 2.913586 -0.247727
v 0.676237 2.496291 -0.254759
v 0.677496 2.501846 -0.261573
v 0.679863 2.489040 -0.251133
v 0.680717 2.492155 -0.238043
v 0.681608 2.919561 -0.259730
v 0.683051 2.503105 -0.268387
v 0.684259 2.505000 -0.229055
v 0.684259 2.905000 -0.229055
v 0.684375 2.505000 -0.269505
v 0.684375 2.905000 -0.269505
v 0.684438 2.922460 -0.238857
v 0.684578 2.490566 -0.263672
v 0.685664 2.911501 -0.229124
v 0.686677 2.483485 -0.252392
v 0.686893 2.499006 -0.228209
v 0.687719 3.130000 0.046658
v 0.689197 3.130000 -0.545382
v 0.690303 2.499479 -0.272012
v 0.690468 2.928439 -0.250866
v 0.692363 2.482661 -0.240195
v 0.692585 2.918277 -0.269423
v 0.693491 2.482226 -0.257947
v 0.695857 2.492665 -0.270753
v 0.697116 2.485851 -0.265198
v 0.698378 0.179000 -0.130574
v 0.698378 2.930000 -0.130574
v 0.698954 2.490305 -0.229013
v 0.698940 2.505000 -0.224238
v 0.698940 2.905000 -0.224238
v 0.698954 2.919695 -0.229013
v 0.698989 2.481224 -0.241513
v 0.698989 2.928776 -0.241513
v 0.699034 2.481224 -0.256963
v 0.699034 2.928776 -0.256963
v 0.699057 0.179000 -0.367903
v 0.699070 2.490305 -0.269463
v 0.699070 2.919695 -0.269463
v 0.699057 2.930000 -0.367903
v 0.699083 2.505000 -0.274238
v 0.699083 2.905000 -0.274238
v 0.714398 0.000000 0.088264
v 0.714398 3.130000 0.088264
v 0.715970 0.000000 -0.586950
v 0.715970 3.130000 -0.586950
v 0.717444 0.179000 -0.188519
v 0.717444 2.930000 -0.188519
v 0.717792 0.179000 -0.309850
v 0.717792 2.930000 -0.309850
v 0.722864 2.505000 -0.224170
v 0.722864 2.905000 -0.224170
v 0.723007 2.505000 -0.274169
v 0.723007 2.905000 -0.274169
v 0.723027 2.495431 -0.226073
v 0.723027 2.914569 -0.226073
v 0.723160 2.495431 -0.272265
v 0.723160 2.914569 -0.272265
v 0.723423 2.487322 -0.231490
v 0.723423 2.922678 -0.231490
v 0.723525 2.487322 -0.266845
v 0.723525 2.922678 -0.266845
v 0.723827 2.481904 -0.239598
v 0.723827 2.928096 -0.239598
v 0.723882 2.481904 -0.258736
v 0.723882 2.928096 -0.258736
v 0.724012 0.179000 -0.249166
v 0.724012 2.480000 -0.249166
v 0.724012 2.930000 -0.249166
v 0.739369 3.130000 -0.007046
v 0.740579 3.130000 -0.491421
v 0.768972 0.000000 0.034133
v 0.768972 3.130000 0.034133
v 0.770292 0.000000 -0.532565
v 0.770292 3.130000 -0.532565
v 0.779894 3.130000 -0.069572
v 0.780791 3.130000 -0.428693
v 0.807822 3.130000 -0.138650
v 0.808374 3.130000 -0.359476
v 0.813293 0.000000 -0.028670
v 0.813293 3.130000 -0.028670
v 0.814320 0.000000 -0.469556
v 0.814320 3.130000 -0.469556
v 0.822140 3.130000 -0.211773
v 0.822326 3.130000 -0.286283
v 0.846008 0.000000 -0.098228
v 0.846008 3.130000 -0.098228
v 0.846711 0.000000 -0.399847
v 0.846711 3.130000 -0.399847
v 0.866119 0.000000 -0.172418
v 0.866119 3.130000 -0.172418
v 0.866476 0.000000 -0.325564
v 0.866476 3.130000 -0.325564
v 0.873011 0.000000 -0.248975
v 0.873011 3.130000 -0.248975
vt 6.362700 -2.260616 0.000000
vt 7.378699 -2.260616 0.000000
vt 7.403006 -2.265468 0.000000
vt 7.423601 -2.279265 0.000000
vt 7.437364 -2.299884 0.000000
vt 7.442200 -2.324194 0.000000
vt 7.442200 -2.168966 0.000000
vt 7.442200 -2.013737 0.000000
vt 7.442200 -1.858508 0.000000
vt 7.442200 -1.703280 0.000000
vt 7.442200 -1.548051 0.000000
vt 0.454660 -1.548051 0.000000
vt 0.454660 -1.703280 0.000000
vt 0.454660 -1.858508 0.000000
vt 0.454660 -2.013737 0.000000
vt 0.454660 -2.168966 0.000000
vt 0.454660 -2.324194 0.000000
vt 0.454660 -2.479423 0.000000
vt 0.454660 -2.634651 0.000000
vt 0.454660 -2.789880 0.000000
vt 0.454660 -2.945109 0.000000
vt 0.454660 -3.100338 0.000000
vt 7.442200 -3.100338 0.000000
vt 7.442200 -2.945109 0.000000
vt 7.442200 -2.789880 0.000000
vt 7.442200 -2.634651 0.000000
vt 7.442200 -2.479423 0.000000
vt 7.442200 -2.324194 0.000000
vt 7.437364 -2.348505 0.000000
vt 7.423601 -2.369123 0.000000
vt 7.403006 -2.382920 0.000000
vt 7.378699 -2.387773 0.000000
vt 6.362700 -2.387773 0.000000
vt 6.338394 -2.382920 0.000000
vt 6.317798 -2.369123 0.000000
vt 6.304036 -2.348505 0.000000
vt 6.299200 -2.324194 0.000000
vt 6.304036 -2.299884 0.000000
vt 6.317798 -2.279265 0.000000
vt 6.338394 -2.265468 0.000000
vt 6.362700 0.837607 0.000000
vt 7.378699 0.837607 0.000000
vt 7.403006 0.832755 0.000000
vt 7.423601 0.818958 0.000000
vt 7.437364 0.798339 0.000000
vt 7.442200 0.774029 0.000000
vt 7.442200 0.928835 0.000000
vt 7.442200 1.083641 0.000000
vt 7.442200 1.238447 0.000000
vt 7.442200 1.393252 0.000000
vt 7.442200 1.548058 0.000000
vt 0.454660 1.548058 0.000000
vt 0.454660 1.393252 0.000000
vt 0.454660 1.238447 0.000000
vt 0.454660 1.083641 0.000000
vt 0.454660 0.928835 0.000000
vt 0.454660 0.774029 0.000000
vt 0.454660 0.619223 0.000000
vt 0.454660 0.464417 0.000000
vt 0.454660 0.309612 0.000000
vt 0.454660 0.154806 0.000000
vt 0.454660 0.000000 0.000000
vt 7.442200 0.000000 0.000000
vt 7.442200 0.154806 0.000000
vt 7.442200 0.309612 0.000000
vt 7.442200 0.464417 0.000000
vt 7.442200 0.619223 0.000000
vt 7.442200 0.774029 0.000000
vt 7.437364 0.749719 0.000000
vt 7.423601 0.729100 0.000000
vt 7.403006 0.715303 0.000000
vt 7.378699 0.710451 0.000000
vt 6.362700 0.710451 0.000000
vt 6.338394 0.715303 0.000000
vt 6.317798 0.729100 0.000000
vt 6.304036 0.749719 0.000000
vt 6.299200 0.774029 0.000000
vt 6.304036 0.798339 0.000000
vt 6.317798 0.818958 0.000000
vt 6.338394 0.832755 0.000000
vt 6.362700 -0.710447 0.000000
vt 7.378699 -0.710447 0.000000
vt 7.403006 -0.715300 0.000000
vt 7.423601 -0.729097 0.000000
vt 7.437364 -0.749715 0.000000
vt 7.442200 -0.774026 0.000000
vt 7.442200 -0.619220 0.000000
vt 7.442200 -0.464415 0.000000
vt 7.442200 -0.309610 0.000000
vt 7.442200 -0.154805 0.000000
vt 7.442200 0.000000 0.000000
vt 0.454660 0.000000 0.000000
vt 0.454660 -0.154805 0.000000
vt 0.454660 -0.309610 0.000000
vt 0.454660 -0.464415 0.000000
vt 0.454660 -0.619220 0.000000
vt 0.454660 -0.774026 0.000000
vt 0.454660 -0.928831 0.000000
vt 0.454660 -1.083636 0.000000
vt 0.454660 -1.238441 0.000000
vt 0.454660 -1.393246 0.000000
vt 0.454660 -1.548051 0.000000
vt 7.442200 -1.548051 0.000000
vt 7.442200 -1.393246 0.000000
vt 7.442200 -1.238441 0.000000
vt 7.442200 -1.083636 0.000000
vt 7.442200 -0.928831 0.000000
vt 7.442200 -0.774026 0.000000
vt 7.437364 -0.798336 0.000000
vt 7.423601 -0.818955 0.000000
vt 7.403006 -0.832751 0.000000
vt 7.378699 -0.837604 0.000000
vt 6.362700 -0.837604 0.000000
vt 6.338394 -0.832751 0.000000
vt 6.317798 -0.818955 0.000000
vt 6.304036 -0.798336 0.000000
vt 6.299200 -0.774026 0.000000
vt 6.304036 -0.749715 0.000000
vt 6.317798 -0.729097 0.000000
vt 6.338394 -0.715300 0.000000
vt -0.283981 -0.911983 0.000000
vt 0.000000 -0.911618 0.000000
vt 0.283981 -0.911347 0.000000
vt 0.283981 -0.746041 0.000000
vt 0.283981 -0.580735 0.000000
vt 0.283981 -0.415429 0.000000
vt 0.283981 -0.250123 0.000000
vt 0.283981 -0.084817 0.000000
vt 0.283981 0.080489 0.000000
vt 0.283981 0.245796 0.000000
vt 0.283981 0.411102 0.000000
vt 0.283981 0.576408 0.000000
vt 0.283981 0.741714 0.000000
vt 0.283981 0.907020 0.000000
vt -0.283981 0.907020 0.000000
vt -0.283981 0.725119 0.000000
vt -0.283981 0.543219 0.000000
vt -0.283981 0.361319 0.000000
vt -0.283981 0.179419 0.000000
vt -0.283981 -0.002481 0.000000
vt -0.283981 -0.184382 0.000000
vt -0.283981 -0.366282 0.000000
vt -0.283981 -0.548182 0.000000
vt -0.283981 -0.730082 0.000000
vt -0.283981 0.000000 0.000000
vt 0.283981 0.000000 0.000000
vt 0.283981 0.164913 0.000000
vt 0.283981 0.329827 0.000000
vt 0.283981 0.494740 0.000000
vt 0.283981 0.659654 0.000000
vt 0.283981 0.824567 0.000000
vt 0.283981 0.989481 0.000000
vt 0.283981 1.154394 0.000000
vt 0.283981 1.319307 0.000000
vt 0.283981 1.484221 0.000000
vt 0.283981 1.649134 0.000000
vt 0.283981 1.814048 0.000000
vt -0.283981 1.814048 0.000000
vt -0.283981 1.632643 0.000000
vt -0.283981 1.451238 0.000000
vt -0.283981 1.269833 0.000000
vt -0.283981 1.088429 0.000000
vt -0.283981 0.907024 0.000000
vt -0.283981 0.725619 0.000000
vt -0.283981 0.544214 0.000000
vt -0.283981 0.362810 0.000000
vt -0.283981 0.181405 0.000000
vt -0.283981 -1.814039 0.000000
vt 0.283981 -1.814039 0.000000
vt 0.283981 -1.649127 0.000000
vt 0.283981 -1.484214 0.000000
vt 0.283981 -1.319301 0.000000
vt 0.283981 -1.154389 0.000000
vt 0.283981 -0.989476 0.000000
vt 0.283981 -0.824563 0.000000
vt 0.283981 -0.659651 0.000000
vt 0.283981 -0.494738 0.000000
vt 0.283981 -0.329825 0.000000
vt 0.283981 -0.164913 0.000000
vt 0.283981 0.000000 0.000000
vt -0.283981 0.000000 0.000000
vt -0.283981 -0.181404 0.000000
vt -0.283981 -0.362808 0.000000
vt -0.283981 -0.544212 0.000000
vt -0.283981 -0.725616 0.000000
vt -0.283981 -0.907020 0.000000
vt -0.283981 -1.088424 0.000000
vt -0.283981 -1.269828 0.000000
vt -0.283981 -1.451232 0.000000
vt -0.283981 -1.632635 0.000000
vt 0.060767 1.079500 0.000000
vt 0.000000 1.079500 0.000000
vt 0.000000 0.063500 0.000000
vt 0.060767 0.063500 0.000000
vt -1.079500 0.133177 0.000000
vt -1.079500 0.093278 0.000000
vt -1.079500 0.053380 0.000000
vt -1.079500 0.013482 0.000000
vt -1.079500 -0.026416 0.000000
vt -1.079500 -0.066315 0.000000
vt -0.063500 -0.066315 0.000000
vt -0.063500 -0.026416 0.000000
vt -0.063500 0.013482 0.000000
vt -0.063500 0.053380 0.000000
vt -0.063500 0.093278 0.000000
vt -0.063500 0.133177 0.000000
vt 0.060767 1.079500 0.000000
vt 0.000000 1.079500 0.000000
vt 0.000000 0.063500 0.000000
vt 0.060767 0.063500 0.000000
vt 0.038954 0.206442 0.000000
vt 0.059427 0.162601 0.000000
vt 0.051685 0.106843 0.000000
vt 0.024149 0.075107 0.000000
vt -0.008047 0.053777 0.000000
vt -0.038954 0.029372 0.000000
vt -0.007985 0.005045 0.000000
vt 0.024256 -0.016234 0.000000
vt 0.051830 -0.047979 0.000000
vt 0.059531 -0.103892 0.000000
vt 0.099746 -0.177070 0.000000
vt 0.065071 -0.177070 0.000000
vt 0.065071 -0.059023 0.000000
vt 0.065071 -0.137721 0.000000
vt 0.065071 0.137721 0.000000
vt 0.065071 0.098372 0.000000
vt 0.030396 0.059023 0.000000
vt 0.065071 0.059023 0.000000
vt -0.004279 0.019674 0.000000
vt 0.030396 0.019674 0.000000
vt 0.065071 0.019674 0.000000
vt 0.030396 -0.019674 0.000000
vt 0.065071 -0.019674 0.000000
vt 0.065071 -0.098372 0.000000
vt 0.065071 0.177070 0.000000
vt 0.038954 -0.147698 0.000000
vt 0.038954 -0.147698 0.000000
vt 0.065071 0.177070 0.000000
vt 0.099746 0.177070 0.000000
vt 0.099746 0.177070 0.000000
vt 0.065071 -0.216419 0.000000
vt 0.099746 0.177070 0.000000
vt -0.030384 0.049873 0.000000
vt -0.030384 0.009975 0.000000
vt -0.030384 -0.029924 0.000000
vt -0.030384 -0.069822 0.000000
vt -0.030384 -0.109720 0.000000
vt -0.030384 -0.149618 0.000000
vt 0.030383 -0.149618 0.000000
vt 0.030784 -0.124676 0.000000
vt 0.031750 -0.099746 0.000000
vt 0.032716 -0.074815 0.000000
vt 0.033116 -0.049873 0.000000
vt 0.032716 -0.024930 0.000000
vt 0.031750 0.000000 0.000000
vt 0.030784 0.024931 0.000000
vt 0.030383 0.049873 0.000000
vt 0.060767 1.079500 0.000000
vt 0.000000 1.079500 0.000000
vt 0.000000 0.063500 0.000000
vt 0.060767 0.063500 0.000000
vt -1.079500 -0.132994 0.000000
vt -1.079500 -0.172892 0.000000
vt -1.079500 -0.212790 0.000000
vt -1.079500 -0.252688 0.000000
vt -1.079500 -0.292587 0.000000
vt -1.079500 -0.332485 0.000000
vt -0.063500 -0.332485 0.000000
vt -0.063500 -0.292587 0.000000
vt -0.063500 -0.252688 0.000000
vt -0.063500 -0.212790 0.000000
vt -0.063500 -0.172892 0.000000
vt -0.063500 -0.132994 0.000000
vt 0.060767 1.079500 0.000000
vt 0.000000 1.079500 0.000000
vt 0.000000 0.063500 0.000000
vt 0.060767 0.063500 0.000000
vt -0.057699 0.120423 0.000000
vt -0.019261 0.107613 0.000000
vt 0.019706 0.099379 0.000000
vt 0.058128 0.086425 0.000000
vt 0.086222 0.008195 0.000000
vt 0.057699 -0.068235 0.000000
vt 0.055042 -0.129564 0.000000
vt 0.029263 0.210199 0.000000
vt -0.002714 0.186841 0.000000
vt -0.034268 0.162395 0.000000
vt 0.099746 -0.188658 0.000000
vt 0.021023 0.188658 0.000000
vt 0.060384 -0.188658 0.000000
vt 0.060384 0.146734 0.000000
vt 0.021023 0.146734 0.000000
vt -0.018338 0.146734 0.000000
vt 0.021023 0.104810 0.000000
vt 0.060384 0.104810 0.000000
vt 0.060384 -0.104810 0.000000
vt 0.060384 -0.146734 0.000000
vt 0.029263 -0.167116 0.000000
vt 0.029263 -0.167116 0.000000
vt 0.060384 0.188658 0.000000
vt 0.060384 0.188658 0.000000
vt 0.099746 0.188658 0.000000
vt 0.060384 -0.230581 0.000000
vt 0.099746 0.188658 0.000000
vt -0.868153 0.283981 0.000000
vt -0.868517 0.000000 0.000000
vt -0.868882 -0.283981 0.000000
vt 0.396876 -0.283981 0.000000
vt 0.396876 0.283981 0.000000
vt -0.037638 0.049873 0.000000
vt -0.037638 0.009975 0.000000
vt -0.037638 -0.029924 0.000000
vt -0.037638 -0.069822 0.000000
vt -0.037638 -0.109720 0.000000
vt -0.037638 -0.149618 0.000000
vt 0.023129 -0.149618 0.000000
vt 0.023530 -0.124676 0.000000
vt 0.024497 -0.099746 0.000000
vt 0.025462 -0.074815 0.000000
vt 0.025862 -0.049873 0.000000
vt 0.025462 -0.024930 0.000000
vt 0.024497 0.000000 0.000000
vt 0.023530 0.024931 0.000000
vt 0.023129 0.049873 0.000000
vt 0.317500 -0.283981 0.000000
vt 0.317500 0.283981 0.000000
vt -0.952500 0.283981 0.000000
vt -0.952500 -0.283981 0.000000
vt 0.060767 1.079500 0.000000
vt 0.000000 1.079500 0.000000
vt 0.000000 0.063500 0.000000
vt 0.060767 0.063500 0.000000
vt 0.238125 -0.283981 0.000000
vt 0.238125 0.283981 0.000000
vt -1.031875 0.283981 0.000000
vt -1.031875 -0.283981 0.000000
vt -1.079500 0.000001 0.000000
vt -1.079500 -0.039898 0.000000
vt -1.079500 -0.079796 0.000000
vt -1.079500 -0.119694 0.000000
vt -1.079500 -0.159592 0.000000
vt -1.079500 -0.199491 0.000000
vt -0.063500 -0.199491 0.000000
vt -0.063500 -0.159592 0.000000
vt -0.063500 -0.119694 0.000000
vt -0.063500 -0.079796 0.000000
vt -0.063500 -0.039898 0.000000
vt -0.063500 0.000001 0.000000
vt -0.000000 7.442200 0.000000
vt -1.270000 7.442200 0.000000
vt -1.270000 0.454660 0.000000
vt -0.000000 0.454660 0.000000
vt 0.060767 1.079500 0.000000
vt 0.000000 1.079500 0.000000
vt 0.000000 0.063500 0.000000
vt 0.060767 0.063500 0.000000
vt -0.000000 7.442200 0.000000
vt -1.265758 7.442200 0.000000
vt -1.265758 0.454660 0.000000
vt -0.000000 0.454660 0.000000
vt -0.635000 -1.667526 0.000000
vt 0.635000 -1.667526 0.000000
vt 0.829070 -1.650547 0.000000
vt 1.017243 -1.600126 0.000000
vt 1.193802 -1.517795 0.000000
vt 1.353382 -1.406055 0.000000
vt 1.491134 -1.268302 0.000000
vt 1.602873 -1.108721 0.000000
vt 1.685203 -0.932162 0.000000
vt 1.735622 -0.743988 0.000000
vt 1.752600 -0.549918 0.000000
vt 1.735620 -0.355848 0.000000
vt 1.685197 -0.167675 0.000000
vt 1.602865 0.008883 0.000000
vt 0.970462 1.104212 0.000000
vt 0.859191 1.264644 0.000000
vt 0.721697 1.403262 0.000000
vt 0.562178 1.515838 0.000000
vt 0.385501 1.598935 0.000000
vt 0.197059 1.650016 0.000000
vt 0.002603 1.667523 0.000000
vt -0.191933 1.650922 0.000000
vt -0.380611 1.600719 0.000000
vt -0.557673 1.518446 0.000000
vt -0.717715 1.406615 0.000000
vt -0.855852 1.268638 0.000000
vt -0.967870 1.108726 0.000000
vt -1.602870 0.008874 0.000000
vt -1.685200 -0.167684 0.000000
vt -1.735621 -0.355857 0.000000
vt -1.752600 -0.549926 0.000000
vt -1.735621 -0.743995 0.000000
vt -1.685200 -0.932168 0.000000
vt -1.602870 -1.108726 0.000000
vt -1.491131 -1.268306 0.000000
vt -1.353379 -1.406057 0.000000
vt -1.193800 -1.517796 0.000000
vt -1.017242 -1.600127 0.000000
vt -0.829069 -1.650547 0.000000
vt 0.862555 1.042193 0.000000
vt 1.495080 -0.053348 0.000000
vt 1.573515 -0.225094 0.000000
vt 1.618030 -0.408580 0.000000
vt 1.627015 -0.597175 0.000000
vt 1.600146 -0.784062 0.000000
vt 1.538394 -0.962487 0.000000
vt 1.443990 -1.126000 0.000000
vt 1.320348 -1.268693 0.000000
vt 1.171934 -1.385407 0.000000
vt 1.004115 -1.471925 0.000000
vt 0.822954 -1.525119 0.000000
vt 0.635000 -1.543066 0.000000
vt -0.635000 -1.543066 0.000000
vt -0.822953 -1.525119 0.000000
vt -1.004113 -1.471925 0.000000
vt -1.171932 -1.385409 0.000000
vt -1.320345 -1.268695 0.000000
vt -1.443988 -1.126004 0.000000
vt -1.538392 -0.962491 0.000000
vt -1.600145 -0.784068 0.000000
vt -1.627015 -0.597182 0.000000
vt -1.618031 -0.408588 0.000000
vt -1.573518 -0.225102 0.000000
vt -1.495085 -0.053356 0.000000
vt -0.860084 1.046496 0.000000
vt -0.750270 1.200635 0.000000
vt -0.613209 1.331144 0.000000
vt -0.453880 1.433283 0.000000
vt -0.278068 1.503344 0.000000
vt -0.092159 1.538781 0.000000
vt 0.097098 1.538308 0.000000
vt 0.282828 1.501943 0.000000
vt 0.458287 1.431005 0.000000
vt 0.617104 1.328071 0.000000
vt 0.753511 1.196879 0.000000
vt 0.013521 -0.009643 0.000000
vt 0.034008 0.027058 0.000000
vt 0.042013 0.074312 0.000000
vt 0.032066 0.120552 0.000000
vt 0.010744 0.156193 0.000000
vt -0.013521 0.187730 0.000000
vt -0.043650 0.158460 0.000000
vt -0.060540 0.104373 0.000000
vt -0.047897 0.045657 0.000000
vt -0.018856 0.013702 0.000000
vt 0.007829 0.069306 0.000000
vt -0.026356 0.148255 0.000000
vt 0.007829 0.029832 0.000000
vt -0.026356 0.029832 0.000000
vt -0.026356 0.069306 0.000000
vt 0.007829 0.108781 0.000000
vt -0.026356 0.108781 0.000000
vt 0.007829 0.148255 0.000000
vt -0.000000 7.442200 0.000000
vt -1.270000 7.442200 0.000000
vt -1.270000 0.454660 0.000000
vt -0.000000 0.454660 0.000000
vt -0.037638 0.049873 0.000000
vt -0.037638 0.009975 0.000000
vt -0.037638 -0.029924 0.000000
vt -0.037638 -0.069822 0.000000
vt -0.037638 -0.109720 0.000000
vt -0.037638 -0.149618 0.000000
vt 0.023129 -0.149618 0.000000
vt 0.023530 -0.124676 0.000000
vt 0.024497 -0.099746 0.000000
vt 0.025462 -0.074815 0.000000
vt 0.025862 -0.049873 0.000000
vt 0.025462 -0.024930 0.000000
vt 0.024497 0.000000 0.000000
vt 0.023530 0.024931 0.000000
vt 0.023129 0.049873 0.000000
vt -1.275114 -0.180356 0.000000
vt -1.337964 -0.321519 0.000000
vt -1.370091 -0.472665 0.000000
vt -1.370091 -0.627187 0.000000
vt -1.337964 -0.778333 0.000000
vt -1.275114 -0.919496 0.000000
vt -1.184288 -1.044507 0.000000
vt -1.069456 -1.147903 0.000000
vt -0.935635 -1.225164 0.000000
vt -0.788676 -1.272914 0.000000
vt -0.635000 -1.289066 0.000000
vt 0.635000 -1.289066 0.000000
vt 0.788677 -1.272914 0.000000
vt 0.935637 -1.225164 0.000000
vt 1.069457 -1.147902 0.000000
vt 1.184290 -1.044505 0.000000
vt 1.275116 -0.919493 0.000000
vt 1.337965 -0.778329 0.000000
vt 1.370091 -0.627182 0.000000
vt 1.370090 -0.472659 0.000000
vt 1.337962 -0.321513 0.000000
vt 1.275110 -0.180350 0.000000
vt 0.642221 0.915822 0.000000
vt 0.551831 1.041668 0.000000
vt 0.437192 1.145905 0.000000
vt 0.303341 1.223953 0.000000
vt 0.156160 1.272382 0.000000
vt 0.002118 1.289063 0.000000
vt -0.152018 1.273264 0.000000
vt -0.299474 1.225680 0.000000
vt -0.433770 1.148400 0.000000
vt -0.549005 1.044822 0.000000
vt -0.640114 0.919496 0.000000
vt -0.177960 0.368691 0.000000
vt -0.207621 0.403606 0.000000
vt -0.230527 0.443281 0.000000
vt -0.245934 0.486426 0.000000
vt -0.606284 0.486426 0.000000
vt -0.579798 0.361655 0.000000
vt -0.527929 0.245126 0.000000
vt -0.452947 0.141942 0.000000
vt -0.358134 0.056619 0.000000
vt 0.358134 0.056619 0.000000
vt 0.452947 0.141942 0.000000
vt 0.527929 0.245126 0.000000
vt 0.579798 0.361655 0.000000
vt 0.606284 0.486426 0.000000
vt 0.245934 0.486426 0.000000
vt 0.230527 0.443281 0.000000
vt 0.207621 0.403606 0.000000
vt 0.177960 0.368691 0.000000
vt 0.389066 -0.613426 0.000000
vt 0.028716 -0.613426 0.000000
vt 0.055202 -0.738197 0.000000
vt 0.107071 -0.854726 0.000000
vt 0.182053 -0.957911 0.000000
vt 0.276866 -1.043233 0.000000
vt 0.457040 -0.731162 0.000000
vt 0.427379 -0.696246 0.000000
vt 0.404473 -0.656571 0.000000
vt -0.276866 -1.043233 0.000000
vt -0.182053 -0.957911 0.000000
vt -0.107071 -0.854726 0.000000
vt -0.055202 -0.738197 0.000000
vt -0.028716 -0.613426 0.000000
vt -0.389066 -0.613426 0.000000
vt -0.404473 -0.656571 0.000000
vt -0.427379 -0.696246 0.000000
vt -0.457040 -0.731162 0.000000
vt 0.248149 1.106733 0.000000
vt 0.126851 1.146182 0.000000
vt -0.000000 1.159526 0.000000
vt -0.126851 1.146182 0.000000
vt -0.248149 1.106733 0.000000
vt -0.067975 0.794662 0.000000
vt -0.022907 0.802891 0.000000
vt 0.022907 0.802891 0.000000
vt 0.067975 0.794662 0.000000
vt -0.177960 0.731162 0.000000
vt -0.358134 1.043233 0.000000
vt -0.452947 0.957911 0.000000
vt -0.527929 0.854726 0.000000
vt -0.579798 0.738197 0.000000
vt -0.606284 0.613426 0.000000
vt -0.245934 0.613426 0.000000
vt -0.230527 0.656571 0.000000
vt -0.207621 0.696246 0.000000
vt -0.702975 -0.794662 0.000000
vt -0.883149 -1.106733 0.000000
vt -0.761851 -1.146182 0.000000
vt -0.635000 -1.159526 0.000000
vt -0.508149 -1.146182 0.000000
vt -0.386851 -1.106733 0.000000
vt -0.567025 -0.794662 0.000000
vt -0.612093 -0.802891 0.000000
vt -0.657907 -0.802891 0.000000
vt 0.567025 -0.794662 0.000000
vt 0.386851 -1.106733 0.000000
vt 0.508149 -1.146182 0.000000
vt 0.635000 -1.159526 0.000000
vt 0.761851 -1.146182 0.000000
vt 0.883149 -1.106733 0.000000
vt 0.702975 -0.794662 0.000000
vt 0.657907 -0.802891 0.000000
vt 0.612093 -0.802891 0.000000
vt -1.241284 -0.613426 0.000000
vt -1.214798 -0.738197 0.000000
vt -1.162929 -0.854726 0.000000
vt -1.087947 -0.957911 0.000000
vt -0.993134 -1.043233 0.000000
vt -0.812960 -0.731162 0.000000
vt -0.842621 -0.696246 0.000000
vt -0.865527 -0.656571 0.000000
vt -0.880934 -0.613426 0.000000
vt 0.993134 -1.043233 0.000000
vt 1.087947 -0.957911 0.000000
vt 1.162929 -0.854726 0.000000
vt 1.214798 -0.738197 0.000000
vt 1.241284 -0.613426 0.000000
vt 0.880934 -0.613426 0.000000
vt 0.865527 -0.656571 0.000000
vt 0.842621 -0.696246 0.000000
vt 0.812960 -0.731162 0.000000
vt 0.606284 0.613426 0.000000
vt 0.579798 0.738197 0.000000
vt 0.527929 0.854726 0.000000
vt 0.452947 0.957911 0.000000
vt 0.358134 1.043233 0.000000
vt 0.177960 0.731162 0.000000
vt 0.207621 0.696246 0.000000
vt 0.230527 0.656571 0.000000
vt 0.245934 0.613426 0.000000
vt -0.880934 -0.486426 0.000000
vt -0.865527 -0.443281 0.000000
vt -0.842621 -0.403606 0.000000
vt -0.812960 -0.368691 0.000000
vt -0.993134 -0.056619 0.000000
vt -1.087947 -0.141942 0.000000
vt -1.162929 -0.245126 0.000000
vt -1.214798 -0.361655 0.000000
vt -1.241284 -0.486426 0.000000
vt 1.241284 -0.486426 0.000000
vt 1.214798 -0.361655 0.000000
vt 1.162929 -0.245126 0.000000
vt 1.087947 -0.141942 0.000000
vt 0.993134 -0.056619 0.000000
vt 0.812960 -0.368691 0.000000
vt 0.842621 -0.403606 0.000000
vt 0.865527 -0.443281 0.000000
vt 0.880934 -0.486426 0.000000
vt 0.386851 0.006881 0.000000
vt 0.567025 -0.305191 0.000000
vt 0.612093 -0.296961 0.000000
vt 0.657907 -0.296961 0.000000
vt 0.702975 -0.305191 0.000000
vt 0.883149 0.006881 0.000000
vt 0.761851 0.046330 0.000000
vt 0.635000 0.059674 0.000000
vt 0.508149 0.046330 0.000000
vt 0.067975 0.305191 0.000000
vt 0.022907 0.296961 0.000000
vt -0.022907 0.296961 0.000000
vt -0.067975 0.305191 0.000000
vt -0.248149 -0.006881 0.000000
vt -0.126851 -0.046330 0.000000
vt -0.000000 -0.059674 0.000000
vt 0.126851 -0.046330 0.000000
vt 0.248149 -0.006881 0.000000
vt -0.567025 -0.305191 0.000000
vt -0.386851 0.006881 0.000000
vt -0.508149 0.046330 0.000000
vt -0.635000 0.059674 0.000000
vt -0.761851 0.046330 0.000000
vt -0.883149 0.006881 0.000000
vt -0.702975 -0.305191 0.000000
vt -0.657907 -0.296961 0.000000
vt -0.612093 -0.296961 0.000000
vt 0.389066 -0.486426 0.000000
vt 0.404473 -0.443281 0.000000
vt 0.427379 -0.403606 0.000000
vt 0.457040 -0.368691 0.000000
vt 0.276866 -0.056619 0.000000
vt 0.182053 -0.141942 0.000000
vt 0.107071 -0.245126 0.000000
vt 0.055202 -0.361655 0.000000
vt 0.028716 -0.486426 0.000000
vt -0.028716 -0.486426 0.000000
vt -0.055202 -0.361655 0.000000
vt -0.107071 -0.245126 0.000000
vt -0.182053 -0.141942 0.000000
vt -0.276866 -0.056619 0.000000
vt -0.457040 -0.368691 0.000000
vt -0.427379 -0.403606 0.000000
vt -0.404473 -0.443281 0.000000
vt -0.389066 -0.486426 0.000000
vt 0.000000 0.893942 0.000000
vt 0.000000 0.766157 0.000000
vt 0.000000 0.638372 0.000000
vt 0.000000 0.510586 0.000000
vt 0.000000 0.382801 0.000000
vt 0.076200 0.382801 0.000000
vt 0.076200 0.510586 0.000000
vt 0.076200 0.638372 0.000000
vt 0.076200 0.766157 0.000000
vt 0.076200 0.893942 0.000000
vt 0.000000 0.000000 0.000000
vt 0.360349 0.000000 0.000000
vt 0.360349 0.076200 0.000000
vt 0.000000 0.076200 0.000000
vt -0.000000 -0.600790 0.000000
vt -0.000000 -0.554914 0.000000
vt -0.000000 -0.509039 0.000000
vt -0.000000 -0.463163 0.000000
vt -0.076200 -0.463163 0.000000
vt -0.076200 -0.509039 0.000000
vt -0.076200 -0.554914 0.000000
vt -0.076200 -0.600790 0.000000
vt 0.000000 0.000000 0.000000
vt 0.360349 0.000000 0.000000
vt 0.360349 0.076200 0.000000
vt 0.000000 0.076200 0.000000
vt -0.000000 0.463163 0.000000
vt -0.000000 0.509039 0.000000
vt -0.000000 0.554914 0.000000
vt -0.000000 0.600790 0.000000
vt -0.076200 0.600790 0.000000
vt -0.076200 0.554914 0.000000
vt -0.076200 0.509039 0.000000
vt -0.076200 0.463163 0.000000
vt 0.000000 0.000000 0.000000
vt 0.360349 0.000000 0.000000
vt 0.360349 0.076200 0.000000
vt 0.000000 0.076200 0.000000
vt 0.000000 -0.382801 0.000000
vt 0.000000 -0.510586 0.000000
vt 0.000000 -0.638372 0.000000
vt 0.000000 -0.766157 0.000000
vt 0.000000 -0.893942 0.000000
vt 0.076200 -0.893942 0.000000
vt 0.076200 -0.766157 0.000000
vt 0.076200 -0.638372 0.000000
vt 0.076200 -0.510586 0.000000
vt 0.076200 -0.382801 0.000000
vt 0.000000 0.000000 0.000000
vt 0.360349 0.000000 0.000000
vt 0.360349 0.076200 0.000000
vt 0.000000 0.076200 0.000000
vt 0.000000 0.000000 0.000000
vt 0.360349 0.000000 0.000000
vt 0.360349 0.076200 0.000000
vt 0.000000 0.076200 0.000000
vt -0.000000 0.729151 0.000000
vt -0.000000 0.775027 0.000000
vt -0.000000 0.820902 0.000000
vt -0.000000 0.866778 0.000000
vt -0.076200 0.866778 0.000000
vt -0.076200 0.820902 0.000000
vt -0.076200 0.775027 0.000000
vt -0.076200 0.729151 0.000000
vt 0.000000 0.000000 0.000000
vt 0.360349 0.000000 0.000000
vt 0.360349 0.076200 0.000000
vt 0.000000 0.076200 0.000000
vt 0.000000 0.255570 0.000000
vt 0.000000 0.127785 0.000000
vt 0.000000 0.000000 0.000000
vt 0.000000 -0.127785 0.000000
vt 0.000000 -0.255570 0.000000
vt 0.076200 -0.255570 0.000000
vt 0.076200 -0.127785 0.000000
vt 0.076200 0.000000 0.000000
vt 0.076200 0.127785 0.000000
vt 0.076200 0.255570 0.000000
vt -0.000000 -0.068813 0.000000
vt -0.000000 -0.022938 0.000000
vt -0.000000 0.022938 0.000000
vt -0.000000 0.068813 0.000000
vt -0.076200 0.068813 0.000000
vt -0.076200 0.022938 0.000000
vt -0.076200 -0.022938 0.000000
vt -0.076200 -0.068813 0.000000
vt 0.000000 0.000000 0.000000
vt 0.360349 0.000000 0.000000
vt 0.360349 0.076200 0.000000
vt 0.000000 0.076200 0.000000
vt 0.000000 -1.659544 0.000000
vt 0.000000 -1.787330 0.000000
vt 0.000000 -1.915115 0.000000
vt 0.000000 -2.042900 0.000000
vt 0.000000 -2.170685 0.000000
vt 0.076200 -2.170685 0.000000
vt 0.076200 -2.042900 0.000000
vt 0.076200 -1.915115 0.000000
vt 0.076200 -1.787330 0.000000
vt 0.076200 -1.659544 0.000000
vt 0.000000 0.000000 0.000000
vt 0.360349 0.000000 0.000000
vt 0.360349 0.076200 0.000000
vt 0.000000 0.076200 0.000000
vt 0.000000 0.000000 0.000000
vt 0.360349 0.000000 0.000000
vt 0.360349 0.076200 0.000000
vt 0.000000 0.076200 0.000000
vt 0.000000 0.255570 0.000000
vt 0.000000 0.127785 0.000000
vt 0.000000 0.000000 0.000000
vt 0.000000 -0.127785 0.000000
vt 0.000000 -0.255570 0.000000
vt 0.076200 -0.255570 0.000000
vt 0.076200 -0.127785 0.000000
vt 0.076200 0.000000 0.000000
vt 0.076200 0.127785 0.000000
vt 0.076200 0.255570 0.000000
vt 0.000000 0.000000 0.000000
vt 0.360349 0.000000 0.000000
vt 0.360349 0.076200 0.000000
vt 0.000000 0.076200 0.000000
vt -0.000000 0.729151 0.000000
vt -0.000000 0.775027 0.000000
vt -0.000000 0.820902 0.000000
vt -0.000000 0.866778 0.000000
vt -0.076200 0.866778 0.000000
vt -0.076200 0.820902 0.000000
vt -0.076200 0.775027 0.000000
vt -0.076200 0.729151 0.000000
vt 0.000000 0.893942 0.000000
vt 0.000000 0.766157 0.000000
vt 0.000000 0.638372 0.000000
vt 0.000000 0.510586 0.000000
vt 0.000000 0.382801 0.000000
vt 0.076200 0.382801 0.000000
vt 0.076200 0.510586 0.000000
vt 0.076200 0.638372 0.000000
vt 0.076200 0.766157 0.000000
vt 0.076200 0.893942 0.000000
vt 0.000000 0.000000 0.000000
vt 0.360349 0.000000 0.000000
vt 0.360349 0.076200 0.000000
vt 0.000000 0.076200 0.000000
vt -0.000000 -0.600790 0.000000
vt -0.000000 -0.554914 0.000000
vt -0.000000 -0.509039 0.000000
vt -0.000000 -0.463163 0.000000
vt -0.076200 -0.463163 0.000000
vt -0.076200 -0.509039 0.000000
vt -0.076200 -0.554914 0.000000
vt -0.076200 -0.600790 0.000000
vt 0.000000 0.000000 0.000000
vt 0.360349 0.000000 0.000000
vt 0.360349 0.076200 0.000000
vt 0.000000 0.076200 0.000000
vt -0.000000 0.463163 0.000000
vt -0.000000 0.509039 0.000000
vt -0.000000 0.554914 0.000000
vt -0.000000 0.600790 0.000000
vt -0.076200 0.600790 0.000000
vt -0.076200 0.554914 0.000000
vt -0.076200 0.509039 0.000000
vt -0.076200 0.463163 0.000000
vt 0.000000 0.000000 0.000000
vt 0.360349 0.000000 0.000000
vt 0.360349 0.076200 0.000000
vt 0.000000 0.076200 0.000000
vt 0.000000 -0.382801 0.000000
vt 0.000000 -0.510586 0.000000
vt 0.000000 -0.638372 0.000000
vt 0.000000 -0.766157 0.000000
vt 0.000000 -0.893942 0.000000
vt 0.076200 -0.893942 0.000000
vt 0.076200 -0.766157 0.000000
vt 0.076200 -0.638372 0.000000
vt 0.076200 -0.510586 0.000000
vt 0.076200 -0.382801 0.000000
vt 0.000000 0.000000 0.000000
vt 0.360349 0.000000 0.000000
vt 0.360349 0.076200 0.000000
vt 0.000000 0.076200 0.000000
vt 0.000000 0.893942 0.000000
vt 0.000000 0.766157 0.000000
vt 0.000000 0.638372 0.000000
vt 0.000000 0.510586 0.000000
vt 0.000000 0.382801 0.000000
vt 0.076200 0.382801 0.000000
vt 0.076200 0.510586 0.000000
vt 0.076200 0.638372 0.000000
vt 0.076200 0.766157 0.000000
vt 0.076200 0.893942 0.000000
vt 0.000000 0.000000 0.000000
vt 0.360349 0.000000 0.000000
vt 0.360349 0.076200 0.000000
vt 0.000000 0.076200 0.000000
vt -0.000000 -0.600790 0.000000
vt -0.000000 -0.554914 0.000000
vt -0.000000 -0.509039 0.000000
vt -0.000000 -0.463163 0.000000
vt -0.076200 -0.463163 0.000000
vt -0.076200 -0.509039 0.000000
vt -0.076200 -0.554914 0.000000
vt -0.076200 -0.600790 0.000000
vt 0.000000 0.000000 0.000000
vt 0.360349 0.000000 0.000000
vt 0.360349 0.076200 0.000000
vt 0.000000 0.076200 0.000000
vt 0.000000 1.532314 0.000000
vt 0.000000 1.404528 0.000000
vt 0.000000 1.276743 0.000000
vt 0.000000 1.148958 0.000000
vt 0.000000 1.021173 0.000000
vt 0.076200 1.021173 0.000000
vt 0.076200 1.148958 0.000000
vt 0.076200 1.276743 0.000000
vt 0.076200 1.404528 0.000000
vt 0.076200 1.532314 0.000000
vt 0.000000 0.000000 0.000000
vt 0.360349 0.000000 0.000000
vt 0.360349 0.076200 0.000000
vt 0.000000 0.076200 0.000000
vt -0.000000 -0.334801 0.000000
vt -0.000000 -0.288926 0.000000
vt -0.000000 -0.243050 0.000000
vt -0.000000 -0.197175 0.000000
vt -0.076200 -0.197175 0.000000
vt -0.076200 -0.243050 0.000000
vt -0.076200 -0.288926 0.000000
vt -0.076200 -0.334801 0.000000
vt 0.000000 0.000000 0.000000
vt 0.360349 0.000000 0.000000
vt 0.360349 0.076200 0.000000
vt 0.000000 0.076200 0.000000
vt 0.000000 -1.021173 0.000000
vt 0.000000 -1.148958 0.000000
vt 0.000000 -1.276743 0.000000
vt 0.000000 -1.404528 0.000000
vt 0.000000 -1.532314 0.000000
vt 0.076200 -1.532314 0.000000
vt 0.076200 -1.404528 0.000000
vt 0.076200 -1.276743 0.000000
vt 0.076200 -1.148958 0.000000
vt 0.076200 -1.021173 0.000000
vt 0.000000 0.000000 0.000000
vt 0.360349 0.000000 0.000000
vt 0.360349 0.076200 0.000000
vt 0.000000 0.076200 0.000000
vt -0.000000 0.197175 0.000000
vt -0.000000 0.243050 0.000000
vt -0.000000 0.288926 0.000000
vt -0.000000 0.334801 0.000000
vt -0.076200 0.334801 0.000000
vt -0.076200 0.288926 0.000000
vt -0.076200 0.243050 0.000000
vt -0.076200 0.197175 0.000000
vt 0.000000 0.000000 0.000000
vt 0.360349 0.000000 0.000000
vt 0.360349 0.076200 0.000000
vt 0.000000 0.076200 0.000000
vt 0.000000 0.000000 0.000000
vt 0.360349 0.000000 0.000000
vt 0.360349 0.076200 0.000000
vt 0.000000 0.076200 0.000000
vt -0.000000 -0.068813 0.000000
vt -0.000000 -0.022938 0.000000
vt -0.000000 0.022938 0.000000
vt -0.000000 0.068813 0.000000
vt -0.076200 0.068813 0.000000
vt -0.076200 0.022938 0.000000
vt -0.076200 -0.022938 0.000000
vt -0.076200 -0.068813 0.000000
vt 0.000000 0.000000 0.000000
vt 0.360349 0.000000 0.000000
vt 0.360349 0.076200 0.000000
vt 0.000000 0.076200 0.000000
vt 0.000000 -1.659544 0.000000
vt 0.000000 -1.787330 0.000000
vt 0.000000 -1.915115 0.000000
vt 0.000000 -2.042900 0.000000
vt 0.000000 -2.170685 0.000000
vt 0.076200 -2.170685 0.000000
vt 0.076200 -2.042900 0.000000
vt 0.076200 -1.915115 0.000000
vt 0.076200 -1.787330 0.000000
vt 0.076200 -1.659544 0.000000
vt 0.000000 0.000000 0.000000
vt 0.360349 0.000000 0.000000
vt 0.360349 0.076200 0.000000
vt 0.000000 0.076200 0.000000
vt -0.000000 -0.068813 0.000000
vt -0.000000 -0.022938 0.000000
vt -0.000000 0.022938 0.000000
vt -0.000000 0.068813 0.000000
vt -0.076200 0.068813 0.000000
vt -0.076200 0.022938 0.000000
vt -0.076200 -0.022938 0.000000
vt -0.076200 -0.068813 0.000000
vt 0.000000 0.000000 0.000000
vt 0.360349 0.000000 0.000000
vt 0.360349 0.076200 0.000000
vt 0.000000 0.076200 0.000000
vt 0.000000 -1.659544 0.000000
vt 0.000000 -1.787330 0.000000
vt 0.000000 -1.915115 0.000000
vt 0.000000 -2.042900 0.000000
vt 0.000000 -2.170685 0.000000
vt 0.076200 -2.170685 0.000000
vt 0.076200 -2.042900 0.000000
vt 0.076200 -1.915115 0.000000
vt 0.076200 -1.787330 0.000000
vt 0.076200 -1.659544 0.000000
vt 0.000000 0.000000 0.000000
vt 0.360349 0.000000 0.000000
vt 0.360349 0.076200 0.000000
vt 0.000000 0.076200 0.000000
vt -0.000000 0.463163 0.000000
vt -0.000000 0.509039 0.000000
vt -0.000000 0.554914 0.000000
vt -0.000000 0.600790 0.000000
vt -0.076200 0.600790 0.000000
vt -0.076200 0.554914 0.000000
vt -0.076200 0.509039 0.000000
vt -0.076200 0.463163 0.000000
vt 0.000000 0.000000 0.000000
vt 0.360349 0.000000 0.000000
vt 0.360349 0.076200 0.000000
vt 0.000000 0.076200 0.000000
vt 0.000000 -0.382801 0.000000
vt 0.000000 -0.510586 0.000000
vt 0.000000 -0.638372 0.000000
vt 0.000000 -0.766157 0.000000
vt 0.000000 -0.893942 0.000000
vt 0.076200 -0.893942 0.000000
vt 0.076200 -0.766157 0.000000
vt 0.076200 -0.638372 0.000000
vt 0.076200 -0.510586 0.000000
vt 0.076200 -0.382801 0.000000
vt 0.000000 0.255570 0.000000
vt 0.000000 0.127785 0.000000
vt 0.000000 0.000000 0.000000
vt 0.000000 -0.127785 0.000000
vt 0.000000 -0.255570 0.000000
vt 0.076200 -0.255570 0.000000
vt 0.076200 -0.127785 0.000000
vt 0.076200 0.000000 0.000000
vt 0.076200 0.127785 0.000000
vt 0.076200 0.255570 0.000000
vt 0.000000 0.000000 0.000000
vt 0.360349 0.000000 0.000000
vt 0.360349 0.076200 0.000000
vt 0.000000 0.076200 0.000000
vt -0.000000 0.729151 0.000000
vt -0.000000 0.775027 0.000000
vt -0.000000 0.820902 0.000000
vt -0.000000 0.866778 0.000000
vt -0.076200 0.866778 0.000000
vt -0.076200 0.820902 0.000000
vt -0.076200 0.775027 0.000000
vt -0.076200 0.729151 0.000000
vt 0.000000 0.000000 0.000000
vt 0.360349 0.000000 0.000000
vt 0.360349 0.076200 0.000000
vt 0.000000 0.076200 0.000000
vt 0.000000 1.532314 0.000000
vt 0.000000 1.404528 0.000000
vt 0.000000 1.276743 0.000000
vt 0.000000 1.148958 0.000000
vt 0.000000 1.021173 0.000000
vt 0.076200 1.021173 0.000000
vt 0.076200 1.148958 0.000000
vt 0.076200 1.276743 0.000000
vt 0.076200 1.404528 0.000000
vt 0.076200 1.532314 0.000000
vt 0.000000 0.000000 0.000000
vt 0.360349 0.000000 0.000000
vt 0.360349 0.076200 0.000000
vt 0.000000 0.076200 0.000000
vt -0.000000 -0.334801 0.000000
vt -0.000000 -0.288926 0.000000
vt -0.000000 -0.243050 0.000000
vt -0.000000 -0.197175 0.000000
vt -0.076200 -0.197175 0.000000
vt -0.076200 -0.243050 0.000000
vt -0.076200 -0.288926 0.000000
vt -0.076200 -0.334801 0.000000
vt 0.000000 0.000000 0.000000
vt 0.360349 0.000000 0.000000
vt 0.360349 0.076200 0.000000
vt 0.000000 0.076200 0.000000
vt 0.000000 0.000000 0.000000
vt 0.360349 0.000000 0.000000
vt 0.360349 0.076200 0.000000
vt 0.000000 0.076200 0.000000
vt -0.000000 0.197175 0.000000
vt -0.000000 0.243050 0.000000
vt -0.000000 0.288926 0.000000
vt -0.000000 0.334801 0.000000
vt -0.076200 0.334801 0.000000
vt -0.076200 0.288926 0.000000
vt -0.076200 0.243050 0.000000
vt -0.076200 0.197175 0.000000
vt 0.000000 0.000000 0.000000
vt 0.360349 0.000000 0.000000
vt 0.360349 0.076200 0.000000
vt 0.000000 0.076200 0.000000
vt 0.000000 -1.021173 0.000000
vt 0.000000 -1.148958 0.000000
vt 0.000000 -1.276743 0.000000
vt 0.000000 -1.404528 0.000000
vt 0.000000 -1.532314 0.000000
vt 0.076200 -1.532314 0.000000
vt 0.076200 -1.404528 0.000000
vt 0.076200 -1.276743 0.000000
vt 0.076200 -1.148958 0.000000
vt 0.076200 -1.021173 0.000000
vt 0.000000 1.532314 0.000000
vt 0.000000 1.404528 0.000000
vt 0.000000 1.276743 0.000000
vt 0.000000 1.148958 0.000000
vt 0.000000 1.021173 0.000000
vt 0.076200 1.021173 0.000000
vt 0.076200 1.148958 0.000000
vt 0.076200 1.276743 0.000000
vt 0.076200 1.404528 0.000000
vt 0.076200 1.532314 0.000000
vt 0.000000 0.000000 0.000000
vt 0.360349 0.000000 0.000000
vt 0.360349 0.076200 0.000000
vt 0.000000 0.076200 0.000000
vt -0.000000 -0.334801 0.000000
vt -0.000000 -0.288926 0.000000
vt -0.000000 -0.243050 0.000000
vt -0.000000 -0.197175 0.000000
vt -0.076200 -0.197175 0.000000
vt -0.076200 -0.243050 0.000000
vt -0.076200 -0.288926 0.000000
vt -0.076200 -0.334801 0.000000
vt 0.000000 0.000000 0.000000
vt 0.360349 0.000000 0.000000
vt 0.360349 0.076200 0.000000
vt 0.000000 0.076200 0.000000
vt -0.000000 0.197175 0.000000
vt -0.000000 0.243050 0.000000
vt -0.000000 0.288926 0.000000
vt -0.000000 0.334801 0.000000
vt -0.076200 0.334801 0.000000
vt -0.076200 0.288926 0.000000
vt -0.076200 0.243050 0.000000
vt -0.076200 0.197175 0.000000
vt 0.000000 0.000000 0.000000
vt 0.360349 0.000000 0.000000
vt 0.360349 0.076200 0.000000
vt 0.000000 0.076200 0.000000
vt 0.000000 -1.021173 0.000000
vt 0.000000 -1.148958 0.000000
vt 0.000000 -1.276743 0.000000
vt 0.000000 -1.404528 0.000000
vt 0.000000 -1.532314 0.000000
vt 0.076200 -1.532314 0.000000
vt 0.076200 -1.404528 0.000000
vt 0.076200 -1.276743 0.000000
vt 0.076200 -1.148958 0.000000
vt 0.076200 -1.021173 0.000000
vt 0.000000 0.000000 0.000000
vt 0.360349 0.000000 0.000000
vt 0.360349 0.076200 0.000000
vt 0.000000 0.076200 0.000000
vt 0.000000 0.000000 0.000000
vt 1.264784 0.000000 0.000000
vt 1.264784 7.950200 0.000000
vt 0.000000 7.950200 0.000000
vt -0.000000 0.000000 0.000000
vt -0.000000 0.195059 0.000000
vt -0.000000 0.390118 0.000000
vt -0.000000 0.585177 0.000000
vt -0.000000 0.780236 0.000000
vt -0.000000 0.975294 0.000000
vt -0.000000 1.170353 0.000000
vt -0.000000 1.365412 0.000000
vt -0.000000 1.560471 0.000000
vt -0.000000 1.755530 0.000000
vt -0.000000 1.950589 0.000000
vt -0.000000 2.145648 0.000000
vt -0.000000 2.340707 0.000000
vt -7.950200 2.340707 0.000000
vt -7.950200 2.145648 0.000000
vt -7.950200 1.950589 0.000000
vt -7.950200 1.755530 0.000000
vt -7.950200 1.560471 0.000000
vt -7.950200 1.365412 0.000000
vt -7.950200 1.170353 0.000000
vt -7.950200 0.975294 0.000000
vt -7.950200 0.780236 0.000000
vt -7.950200 0.585177 0.000000
vt -7.950200 0.390118 0.000000
vt -7.950200 0.195059 0.000000
vt -7.950200 0.000000 0.000000
vt 0.000000 0.000000 0.000000
vt 1.270000 0.000000 0.000000
vt 1.270000 7.950200 0.000000
vt 0.000000 7.950200 0.000000
vt -0.000000 -2.340696 0.000000
vt -0.000000 -2.145638 0.000000
vt -0.000000 -1.950580 0.000000
vt -0.000000 -1.755522 0.000000
vt -0.000000 -1.560464 0.000000
vt -0.000000 -1.365406 0.000000
vt -0.000000 -1.170348 0.000000
vt -0.000000 -0.975290 0.000000
vt -0.000000 -0.780232 0.000000
vt -0.000000 -0.585174 0.000000
vt -0.000000 -0.390116 0.000000
vt -0.000000 -0.195058 0.000000
vt -0.000000 0.000000 0.000000
vt -7.950200 0.000000 0.000000
vt -7.950200 -0.195058 0.000000
vt -7.950200 -0.390116 0.000000
vt -7.950200 -0.585174 0.000000
vt -7.950200 -0.780232 0.000000
vt -7.950200 -0.975290 0.000000
vt -7.950200 -1.170348 0.000000
vt -7.950200 -1.365406 0.000000
vt -7.950200 -1.560464 0.000000
vt -7.950200 -1.755522 0.000000
vt -7.950200 -1.950580 0.000000
vt -7.950200 -2.145638 0.000000
vt -7.950200 -2.340696 0.000000
vt 0.000000 0.000000 0.000000
vt 1.270000 0.000000 0.000000
vt 1.270000 7.950200 0.000000
vt 0.000000 7.950200 0.000000
vt -0.000000 2.335490 0.000000
vt -0.000000 2.530982 0.000000
vt -0.000000 2.726474 0.000000
vt -0.000000 2.921966 0.000000
vt -0.000000 3.117457 0.000000
vt -0.000000 3.312949 0.000000
vt -0.000000 3.508441 0.000000
vt -0.000000 3.703933 0.000000
vt -0.000000 3.899425 0.000000
vt -0.000000 4.094916 0.000000
vt -0.000000 4.290408 0.000000
vt -0.000000 4.485900 0.000000
vt -0.000000 4.681392 0.000000
vt -7.950200 4.681392 0.000000
vt -7.950200 4.485900 0.000000
vt -7.950200 4.290408 0.000000
vt -7.950200 4.094916 0.000000
vt -7.950200 3.899425 0.000000
vt -7.950200 3.703933 0.000000
vt -7.950200 3.508441 0.000000
vt -7.950200 3.312949 0.000000
vt -7.950200 3.117457 0.000000
vt -7.950200 2.921966 0.000000
vt -7.950200 2.726474 0.000000
vt -7.950200 2.530982 0.000000
vt -7.950200 2.335490 0.000000
vt 0.680380 -0.070121 0.000000
vt 1.040729 -0.070121 0.000000
vt 1.056136 -0.113266 0.000000
vt 1.079043 -0.152942 0.000000
vt 1.108704 -0.187857 0.000000
vt 0.928529 -0.499928 0.000000
vt 0.833717 -0.414606 0.000000
vt 0.758734 -0.311421 0.000000
vt 0.706865 -0.194893 0.000000
vt 1.532598 -0.070121 0.000000
vt 1.892947 -0.070121 0.000000
vt 1.866462 -0.194893 0.000000
vt 1.814593 -0.311421 0.000000
vt 1.739610 -0.414606 0.000000
vt 1.644798 -0.499928 0.000000
vt 1.464623 -0.187857 0.000000
vt 1.494284 -0.152942 0.000000
vt 1.517191 -0.113266 0.000000
vt 1.563529 -1.599781 0.000000
vt 1.468717 -1.514458 0.000000
vt 1.393734 -1.411274 0.000000
vt 1.341865 -1.294745 0.000000
vt 1.315380 -1.169974 0.000000
vt 1.675729 -1.169974 0.000000
vt 1.691136 -1.213118 0.000000
vt 1.714043 -1.252794 0.000000
vt 1.743704 -1.287709 0.000000
vt 0.897598 -1.169974 0.000000
vt 1.257947 -1.169974 0.000000
vt 1.231462 -1.294745 0.000000
vt 1.179593 -1.411274 0.000000
vt 1.104610 -1.514458 0.000000
vt 1.009798 -1.599781 0.000000
vt 0.829623 -1.287709 0.000000
vt 0.859284 -1.252794 0.000000
vt 0.882191 -1.213118 0.000000
vt 1.218689 0.238114 0.000000
vt 1.038514 0.550186 0.000000
vt 1.159812 0.589634 0.000000
vt 1.286664 0.602979 0.000000
vt 1.413515 0.589634 0.000000
vt 1.534813 0.550186 0.000000
vt 1.354638 0.238114 0.000000
vt 1.309570 0.246344 0.000000
vt 1.263757 0.246344 0.000000
vt 0.680380 0.056879 0.000000
vt 0.706865 0.181650 0.000000
vt 0.758734 0.298179 0.000000
vt 0.833717 0.401363 0.000000
vt 0.928529 0.486686 0.000000
vt 1.108704 0.174614 0.000000
vt 1.079043 0.139699 0.000000
vt 1.056136 0.100023 0.000000
vt 1.040729 0.056879 0.000000
vt 0.899813 -1.663281 0.000000
vt 0.778515 -1.702729 0.000000
vt 0.651663 -1.716074 0.000000
vt 0.524812 -1.702729 0.000000
vt 0.403514 -1.663281 0.000000
vt 0.583689 -1.351209 0.000000
vt 0.628757 -1.359439 0.000000
vt 0.674570 -1.359439 0.000000
vt 0.719638 -1.351209 0.000000
vt 2.169813 -1.663281 0.000000
vt 2.048515 -1.702729 0.000000
vt 1.921664 -1.716074 0.000000
vt 1.794812 -1.702729 0.000000
vt 1.673514 -1.663281 0.000000
vt 1.853689 -1.351209 0.000000
vt 1.898757 -1.359439 0.000000
vt 1.944570 -1.359439 0.000000
vt 1.989638 -1.351209 0.000000
vt 0.473704 -1.287709 0.000000
vt 0.293529 -1.599781 0.000000
vt 0.198717 -1.514458 0.000000
vt 0.123734 -1.411274 0.000000
vt 0.071865 -1.294745 0.000000
vt 0.045380 -1.169974 0.000000
vt 0.405729 -1.169974 0.000000
vt 0.421136 -1.213118 0.000000
vt 0.444043 -1.252794 0.000000
vt 2.167598 -1.169974 0.000000
vt 2.527947 -1.169974 0.000000
vt 2.501462 -1.294745 0.000000
vt 2.449593 -1.411274 0.000000
vt 2.374610 -1.514458 0.000000
vt 2.279798 -1.599781 0.000000
vt 2.099623 -1.287709 0.000000
vt 2.129284 -1.252794 0.000000
vt 2.152191 -1.213118 0.000000
vt 1.464623 0.174614 0.000000
vt 1.644798 0.486686 0.000000
vt 1.739610 0.401363 0.000000
vt 1.814593 0.298179 0.000000
vt 1.866462 0.181650 0.000000
vt 1.892947 0.056879 0.000000
vt 1.532598 0.056879 0.000000
vt 1.517191 0.100023 0.000000
vt 1.494284 0.139699 0.000000
vt 0.293529 -0.613167 0.000000
vt 0.473704 -0.925238 0.000000
vt 0.444043 -0.960153 0.000000
vt 0.421136 -0.999829 0.000000
vt 0.405729 -1.042974 0.000000
vt 0.045380 -1.042974 0.000000
vt 0.071865 -0.918202 0.000000
vt 0.123734 -0.801674 0.000000
vt 0.198717 -0.698489 0.000000
vt 2.099623 -0.925238 0.000000
vt 2.279798 -0.613167 0.000000
vt 2.374610 -0.698489 0.000000
vt 2.449593 -0.801674 0.000000
vt 2.501462 -0.918202 0.000000
vt 2.527947 -1.042974 0.000000
vt 2.167598 -1.042974 0.000000
vt 2.152191 -0.999829 0.000000
vt 2.129284 -0.960153 0.000000
vt 1.989638 -0.861738 0.000000
vt 1.944570 -0.853509 0.000000
vt 1.898757 -0.853509 0.000000
vt 1.853689 -0.861738 0.000000
vt 1.673514 -0.549667 0.000000
vt 1.794812 -0.510218 0.000000
vt 1.921664 -0.496874 0.000000
vt 2.048515 -0.510218 0.000000
vt 2.169813 -0.549667 0.000000
vt 1.038514 -0.563428 0.000000
vt 1.218689 -0.251357 0.000000
vt 1.263757 -0.259586 0.000000
vt 1.309570 -0.259586 0.000000
vt 1.354638 -0.251357 0.000000
vt 1.534813 -0.563428 0.000000
vt 1.413515 -0.602877 0.000000
vt 1.286664 -0.616221 0.000000
vt 1.159812 -0.602877 0.000000
vt 0.403514 -0.549667 0.000000
vt 0.524812 -0.510218 0.000000
vt 0.651663 -0.496874 0.000000
vt 0.778515 -0.510218 0.000000
vt 0.899813 -0.549667 0.000000
vt 0.719638 -0.861738 0.000000
vt 0.674570 -0.853509 0.000000
vt 0.628757 -0.853509 0.000000
vt 0.583689 -0.861738 0.000000
vt 1.563529 -0.613167 0.000000
vt 1.743704 -0.925238 0.000000
vt 1.714043 -0.960153 0.000000
vt 1.691136 -0.999829 0.000000
vt 1.675729 -1.042974 0.000000
vt 1.315380 -1.042974 0.000000
vt 1.341865 -0.918202 0.000000
vt 1.393734 -0.801674 0.000000
vt 1.468717 -0.698489 0.000000
vt 0.829623 -0.925238 0.000000
vt 1.009798 -0.613167 0.000000
vt 1.104610 -0.698489 0.000000
vt 1.179593 -0.801674 0.000000
vt 1.231462 -0.918202 0.000000
vt 1.257947 -1.042974 0.000000
vt 0.897598 -1.042974 0.000000
vt 0.882191 -0.999829 0.000000
vt 0.859284 -0.960153 0.000000
vt 2.254534 0.552179 0.000000
vt 2.142516 0.712090 0.000000
vt 2.004378 0.850067 0.000000
vt 1.844336 0.961899 0.000000
vt 1.667274 1.044171 0.000000
vt 1.478596 1.094374 0.000000
vt 1.284061 1.110976 0.000000
vt 1.089604 1.093468 0.000000
vt 0.901162 1.042387 0.000000
vt 0.724486 0.959291 0.000000
vt 0.564966 0.846715 0.000000
vt 0.427473 0.708096 0.000000
vt 0.316201 0.547664 0.000000
vt -0.316201 -0.547664 0.000000
vt -0.398534 -0.724223 0.000000
vt -0.448956 -0.912396 0.000000
vt -0.465937 -1.106466 0.000000
vt -0.448959 -1.300536 0.000000
vt -0.398539 -1.488709 0.000000
vt -0.316209 -1.665269 0.000000
vt -0.204471 -1.824850 0.000000
vt -0.066719 -1.962603 0.000000
vt 0.092861 -2.074342 0.000000
vt 0.269420 -2.156673 0.000000
vt 0.457593 -2.207095 0.000000
vt 0.651663 -2.224074 0.000000
vt 1.921664 -2.224074 0.000000
vt 2.115733 -2.207095 0.000000
vt 2.303905 -2.156674 0.000000
vt 2.480464 -2.074344 0.000000
vt 2.640043 -1.962605 0.000000
vt 2.777795 -1.824853 0.000000
vt 2.889534 -1.665274 0.000000
vt 2.971864 -1.488715 0.000000
vt 3.022285 -1.300543 0.000000
vt 3.039263 -1.106474 0.000000
vt 3.022285 -0.912404 0.000000
vt 2.971864 -0.724232 0.000000
vt 2.889534 -0.547674 0.000000
vt 0.023129 -0.049873 0.000000
vt 0.023530 -0.024931 0.000000
vt 0.024497 0.000000 0.000000
vt 0.025462 0.024930 0.000000
vt 0.025862 0.049873 0.000000
vt 0.025462 0.074815 0.000000
vt 0.024497 0.099746 0.000000
vt 0.023530 0.124676 0.000000
vt 0.023129 0.149618 0.000000
vt -0.037638 0.149618 0.000000
vt -0.037638 0.109720 0.000000
vt -0.037638 0.069822 0.000000
vt -0.037638 0.029924 0.000000
vt -0.037638 -0.009975 0.000000
vt -0.037638 -0.049873 0.000000
vt -0.013521 -0.162838 0.000000
vt -0.034008 -0.133969 0.000000
vt -0.042013 -0.096799 0.000000
vt -0.032066 -0.060427 0.000000
vt -0.010744 -0.032392 0.000000
vt 0.013521 -0.007585 0.000000
vt -0.018856 0.010778 0.000000
vt -0.047897 0.035914 0.000000
vt -0.060540 0.082100 0.000000
vt -0.043650 0.124644 0.000000
vt -0.099746 0.155253 0.000000
vt -0.061990 -0.155253 0.000000
vt -0.024234 0.155253 0.000000
vt -0.061990 0.086251 0.000000
vt -0.061990 0.120752 0.000000
vt -0.061990 -0.120752 0.000000
vt -0.061990 -0.086251 0.000000
vt -0.061990 -0.051751 0.000000
vt -0.024234 -0.017250 0.000000
vt -0.061990 -0.017250 0.000000
vt -0.061990 0.017250 0.000000
vt -0.061990 0.051751 0.000000
vt -0.013521 0.147668 0.000000
vt -0.024234 -0.155253 0.000000
vt -0.024234 -0.155253 0.000000
vt -0.099746 -0.155253 0.000000
vt -0.099746 -0.155253 0.000000
vt -0.099746 -0.155253 0.000000
vt -0.061990 0.155253 0.000000
vt -0.099746 -0.155253 0.000000
vt -0.061990 0.155253 0.000000
vt -0.061990 0.155253 0.000000
vt 0.023129 -0.049873 0.000000
vt 0.023530 -0.024931 0.000000
vt 0.024497 0.000000 0.000000
vt 0.025462 0.024930 0.000000
vt 0.025862 0.049873 0.000000
vt 0.025462 0.074815 0.000000
vt 0.024497 0.099746 0.000000
vt 0.023530 0.124676 0.000000
vt 0.023129 0.149618 0.000000
vt -0.037638 0.149618 0.000000
vt -0.037638 0.109720 0.000000
vt -0.037638 0.069822 0.000000
vt -0.037638 0.029924 0.000000
vt -0.037638 -0.009975 0.000000
vt -0.037638 -0.049873 0.000000
vt 0.057699 -0.070341 0.000000
vt 0.019261 -0.083547 0.000000
vt -0.019706 -0.092035 0.000000
vt -0.058128 -0.105388 0.000000
vt -0.086222 -0.186033 0.000000
vt -0.057699 -0.264822 0.000000
vt -0.034268 -0.221554 0.000000
vt -0.002714 -0.196353 0.000000
vt 0.029263 -0.172274 0.000000
vt 0.055042 -0.133564 0.000000
vt -0.050242 -0.225926 0.000000
vt -0.050242 -0.148133 0.000000
vt -0.050242 -0.109237 0.000000
vt -0.014262 -0.109237 0.000000
vt 0.021719 -0.109237 0.000000
vt 0.021719 -0.148133 0.000000
vt -0.014262 -0.148133 0.000000
vt -0.050242 -0.187030 0.000000
vt -0.014262 -0.187030 0.000000
vt 0.030383 -0.049873 0.000000
vt 0.030784 -0.024931 0.000000
vt 0.031750 0.000000 0.000000
vt 0.032716 0.024930 0.000000
vt 0.033116 0.049873 0.000000
vt 0.032716 0.074815 0.000000
vt 0.031750 0.099746 0.000000
vt 0.030784 0.124676 0.000000
vt 0.030383 0.149618 0.000000
vt -0.030384 0.149618 0.000000
vt -0.030384 0.109720 0.000000
vt -0.030384 0.069822 0.000000
vt -0.030384 0.029924 0.000000
vt -0.030384 -0.009975 0.000000
vt -0.030384 -0.049873 0.000000
vt -0.038954 0.033091 0.000000
vt -0.059427 -0.016301 0.000000
vt -0.051685 -0.079120 0.000000
vt -0.024149 -0.114874 0.000000
vt 0.008047 -0.138905 0.000000
vt 0.038954 -0.166400 0.000000
vt 0.059531 -0.117047 0.000000
vt 0.051830 -0.054054 0.000000
vt 0.024256 -0.018289 0.000000
vt -0.007985 0.005684 0.000000
vt -0.019774 -0.006807 0.000000
vt -0.019774 -0.046705 0.000000
vt 0.019878 -0.046705 0.000000
vt -0.019774 -0.086603 0.000000
vt 0.019878 -0.086603 0.000000
vt 0.019878 -0.126502 0.000000
vn -2.531224 0.000000 0.210962
vn -2.531224 0.000000 0.210962
vn -2.532554 0.000000 0.194340
vn -2.535741 0.000000 0.147036
vn -2.538855 0.000000 0.076252
vn -2.539990 0.000000 -0.007277
vn -2.485699 0.000000 0.522400
vn -2.322178 0.000000 1.029121
vn -2.056613 0.000000 1.490619
vn -1.700673 0.000000 1.886614
vn -1.270000 0.000000 2.199704
vn -1.270000 0.000000 2.199704
vn -1.700673 0.000000 1.886614
vn -2.056613 0.000000 1.490619
vn -2.322178 0.000000 1.029121
vn -2.485699 0.000000 0.522400
vn -2.539990 0.000000 -0.007277
vn -2.482665 0.000000 -0.536634
vn -2.316243 0.000000 -1.042410
vn -2.048038 0.000000 -1.502378
vn -1.689835 0.000000 -1.896327
vn -1.257375 0.000000 -2.206945
vn -1.257375 0.000000 -2.206945
vn -1.689835 0.000000 -1.896327
vn -2.048038 0.000000 -1.502378
vn -2.316243 0.000000 -1.042410
vn -2.482665 0.000000 -0.536634
vn -2.539990 0.000000 -0.007277
vn -2.538377 0.000000 -0.090798
vn -2.534856 0.000000 -0.161563
vn -2.531399 0.000000 -0.208848
vn -2.529974 0.000000 -0.225462
vn -2.529974 0.000000 -0.225462
vn -2.531399 0.000000 -0.208848
vn -2.534856 0.000000 -0.161563
vn -2.538377 0.000000 -0.090798
vn -2.539990 0.000000 -0.007277
vn -2.538855 0.000000 0.076252
vn -2.535741 0.000000 0.147036
vn -2.532554 0.000000 0.194340
vn 1.076316 0.000000 -2.300684
vn 1.076316 0.000000 -2.300684
vn 1.091396 0.000000 -2.293568
vn 1.134016 0.000000 -2.272797
vn 1.196967 0.000000 -2.240283
vn 1.269989 0.000000 -2.199711
vn 0.784889 0.000000 -2.415688
vn 0.265485 0.000000 -2.526087
vn -0.265522 0.000000 -2.526084
vn -0.784924 0.000000 -2.415677
vn -1.270021 0.000000 -2.199692
vn -1.270021 0.000000 -2.199692
vn -0.784924 0.000000 -2.415677
vn -0.265522 0.000000 -2.526084
vn 0.265485 0.000000 -2.526087
vn 0.784889 0.000000 -2.415688
vn 1.269989 0.000000 -2.199711
vn 1.699585 0.000000 -1.887594
vn 2.054899 0.000000 -1.492980
vn 2.320403 0.000000 -1.033116
vn 2.484494 0.000000 -0.528098
vn 2.540000 0.000000 0.000000
vn 2.540000 0.000000 0.000000
vn 2.484494 0.000000 -0.528098
vn 2.320403 0.000000 -1.033116
vn 2.054899 0.000000 -1.492980
vn 1.699585 0.000000 -1.887594
vn 1.269989 0.000000 -2.199711
vn 1.341638 0.000000 -2.156759
vn 1.401272 0.000000 -2.118499
vn 1.440570 0.000000 -2.091975
vn 1.454273 0.000000 -2.082472
vn 1.454273 0.000000 -2.082472
vn 1.440570 0.000000 -2.091975
vn 1.401272 0.000000 -2.118499
vn 1.341638 0.000000 -2.156759
vn 1.269989 0.000000 -2.199711
vn 1.196967 0.000000 -2.240283
vn 1.134016 0.000000 -2.272797
vn 1.091396 0.000000 -2.293568
vn 1.454283 0.000000 2.082465
vn 1.454283 0.000000 2.082465
vn 1.440580 0.000000 2.091968
vn 1.401282 0.000000 2.118492
vn 1.341648 0.000000 2.156752
vn 1.270000 0.000000 2.199704
vn 1.699592 0.000000 1.887588
vn 2.054903 0.000000 1.492975
vn 2.320405 0.000000 1.033111
vn 2.484495 0.000000 0.528096
vn 2.540000 0.000000 0.000000
vn 2.540000 0.000000 0.000000
vn 2.484495 0.000000 0.528096
vn 2.320405 0.000000 1.033111
vn 2.054903 0.000000 1.492975
vn 1.699592 0.000000 1.887588
vn 1.270000 0.000000 2.199704
vn 0.784903 0.000000 2.415684
vn 0.265502 0.000000 2.526086
vn -0.265502 0.000000 2.526086
vn -0.784903 0.000000 2.415684
vn -1.270000 0.000000 2.199704
vn -1.270000 0.000000 2.199704
vn -0.784903 0.000000 2.415684
vn -0.265502 0.000000 2.526086
vn 0.265502 0.000000 2.526086
vn 0.784903 0.000000 2.415684
vn 1.270000 0.000000 2.199704
vn 1.196978 0.000000 2.240278
vn 1.134027 0.000000 2.272792
vn 1.091407 0.000000 2.293563
vn 1.076327 0.000000 2.300678
vn 1.076327 0.000000 2.300678
vn 1.091407 0.000000 2.293563
vn 1.134027 0.000000 2.272792
vn 1.196978 0.000000 2.240278
vn 1.270000 0.000000 2.199704
vn 1.341648 0.000000 2.156752
vn 1.401282 0.000000 2.118492
vn 1.440580 0.000000 2.091968
vn -1.124631 1.135923 -1.973952
vn -1.125461 1.135923 -1.973478
vn -1.126079 1.135923 -1.973126
vn -1.479929 1.135923 -1.723685
vn -1.780036 1.135923 -1.411649
vn -2.015501 1.135923 -1.048350
vn -2.177774 1.135923 -0.646979
vn -2.260961 1.135923 -0.222115
vn -2.262042 1.135923 0.210816
vn -2.180978 1.135923 0.636092
vn -2.020713 1.135923 1.038267
vn -1.787066 1.135923 1.402739
vn -1.488522 1.135923 1.716270
vn -1.135923 1.135923 1.967476
vn -1.135923 1.135923 1.967476
vn -1.521128 1.135923 1.687439
vn -1.839490 1.135923 1.333250
vn -2.077019 1.135923 0.920474
vn -2.223277 1.135923 0.467249
vn -2.271836 1.135923 -0.006509
vn -2.220563 1.135923 -0.479980
vn -2.071711 1.135923 -0.932359
vn -1.831821 1.135923 -1.343768
vn -1.511435 1.135923 -1.696127
vn 2.271845 1.135923 0.000000
vn 2.271845 1.135923 0.000000
vn 2.230790 1.135923 -0.429951
vn 2.109107 1.135923 -0.844363
vn 1.911195 1.135923 -1.228257
vn 1.644206 1.135923 -1.567758
vn 1.317791 1.135923 -1.850596
vn 0.943748 1.135923 -2.066548
vn 0.535594 1.135923 -2.207809
vn 0.108083 1.135923 -2.269273
vn -0.323335 1.135923 -2.248718
vn -0.743066 1.135923 -2.146889
vn -1.135941 1.135923 -1.967465
vn -1.135941 1.135923 -1.967465
vn -0.702057 1.135923 -2.160647
vn -0.237490 1.135923 -2.259398
vn 0.237457 1.135923 -2.259401
vn 0.702026 1.135923 -2.160657
vn 1.135913 1.135923 -1.967481
vn 1.520155 1.135923 -1.688316
vn 1.837957 1.135923 -1.335362
vn 2.075432 1.135923 -0.924047
vn 2.222199 1.135923 -0.472345
vn -1.135923 1.135923 1.967476
vn -1.135923 1.135923 1.967476
vn -0.743048 1.135923 2.146896
vn -0.323317 1.135923 2.248721
vn 0.108099 1.135923 2.269272
vn 0.535608 1.135923 2.207805
vn 0.943759 1.135923 2.066543
vn 1.317799 1.135923 1.850590
vn 1.644212 1.135923 1.567753
vn 1.911198 1.135923 1.228252
vn 2.109108 1.135923 0.844359
vn 2.230790 1.135923 0.429949
vn 2.271845 1.135923 0.000000
vn 2.271845 1.135923 0.000000
vn 2.222200 1.135923 0.472343
vn 2.075434 1.135923 0.924043
vn 1.837961 1.135923 1.335357
vn 1.520161 1.135923 1.688310
vn 1.135923 1.135923 1.967476
vn 0.702039 1.135923 2.160653
vn 0.237472 1.135923 2.259400
vn -0.237472 1.135923 2.259400
vn -0.702039 1.135923 2.160653
vn 0.007277 0.000000 -2.539990
vn 0.007277 0.000000 -2.539990
vn 0.007277 0.000000 -2.539990
vn 0.007277 0.000000 -2.539990
vn 0.007277 0.000000 -2.539990
vn -1.487081 0.000000 -2.059172
vn -2.413425 0.000000 -0.791821
vn -2.417922 0.000000 0.777979
vn -1.498855 0.000000 2.050617
vn -0.007277 0.000000 2.539990
vn -0.007277 0.000000 2.539990
vn -1.498855 0.000000 2.050617
vn -2.417922 0.000000 0.777979
vn -2.413425 0.000000 -0.791821
vn -1.487081 0.000000 -2.059172
vn 0.007277 0.000000 -2.539990
vn -0.007277 0.000000 2.539990
vn -0.007277 0.000000 2.539990
vn -0.007277 0.000000 2.539990
vn -0.007277 0.000000 2.539990
vn 0.007277 0.000000 -2.539990
vn 0.005887 -1.492975 -2.054895
vn 0.002249 -2.415684 -0.784900
vn -0.002249 -2.415684 0.784900
vn -0.005887 -1.492975 2.054895
vn -0.007277 0.000000 2.539990
vn -1.498855 0.000000 2.050617
vn -2.417922 0.000000 0.777979
vn -2.413425 0.000000 -0.791821
vn -1.487081 0.000000 -2.059172
vn -1.466470 -1.466470 -1.466470
vn -0.320474 -1.253210 -2.185946
vn -2.185946 -0.320474 -1.253210
vn -0.884844 -0.560908 -2.313879
vn -0.192541 -1.945512 -1.621576
vn -0.560908 -2.313879 -0.884844
vn -0.675457 -2.269645 0.918731
vn -1.253210 -2.185946 -0.320474
vn -1.231301 -0.608955 2.136509
vn -1.858707 -1.305051 1.137387
vn -1.945512 -1.621576 -0.192541
vn -2.488301 -0.045863 0.507793
vn -2.313879 -0.884844 -0.560908
vn -1.621576 -0.192541 -1.945512
vn -0.320474 -1.253210 -2.185946
vn 0.007277 0.000000 -2.539990
vn 0.007277 0.000000 -2.539990
vn -0.320474 -1.253210 -2.185946
vn -1.466470 -1.466470 -1.466470
vn -1.466470 -1.466470 -1.466470
vn -0.192541 -1.945512 -1.621576
vn -1.466470 -1.466470 -1.466470
vn -0.007277 0.000000 2.539990
vn -0.005887 -1.492975 2.054895
vn -0.002249 -2.415684 0.784900
vn 0.002249 -2.415684 -0.784900
vn 0.005887 -1.492975 -2.054895
vn 0.007277 0.000000 -2.539990
vn 0.007277 0.000000 -2.539990
vn 0.006723 -0.972233 -2.346554
vn 0.005145 -1.796050 -1.796045
vn 0.002785 -2.346563 -0.972231
vn 0.000000 -2.540000 0.000000
vn -0.002785 -2.346563 0.972231
vn -0.005145 -1.796050 1.796045
vn -0.006723 -0.972233 2.346554
vn -0.007277 0.000000 2.539990
vn 2.199711 0.000000 1.269989
vn 2.199711 0.000000 1.269989
vn 2.199711 0.000000 1.269989
vn 2.199711 0.000000 1.269989
vn 2.199711 0.000000 1.269989
vn 2.526084 0.000000 -0.265514
vn 1.887580 0.000000 -1.699601
vn 0.528084 0.000000 -2.484497
vn -1.033122 0.000000 -2.320401
vn -2.199711 0.000000 -1.269989
vn -2.199711 0.000000 -1.269989
vn -1.033122 0.000000 -2.320401
vn 0.528084 0.000000 -2.484497
vn 1.887580 0.000000 -1.699601
vn 2.526084 0.000000 -0.265514
vn 2.199711 0.000000 1.269989
vn -2.199711 0.000000 -1.269989
vn -2.199711 0.000000 -1.269989
vn -2.199711 0.000000 -1.269989
vn -2.199711 0.000000 -1.269989
vn 2.199711 0.000000 1.269989
vn 1.779603 -1.492975 1.027443
vn 0.679748 -2.415684 0.392448
vn -0.679748 -2.415684 -0.392448
vn -1.779603 -1.492975 -1.027443
vn -2.199711 0.000000 -1.269989
vn -1.033122 0.000000 -2.320401
vn 0.528084 0.000000 -2.484497
vn 1.887580 0.000000 -1.699601
vn 2.526084 0.000000 -0.265514
vn -1.466470 -1.466470 -1.466470
vn 1.221827 -0.476688 -2.175203
vn -0.150280 -1.193646 -2.237012
vn -0.007174 -1.968061 -1.605704
vn 1.454792 -1.737372 -1.147484
vn 2.375455 -0.860238 -0.262306
vn 0.783996 -2.408168 0.194108
vn -0.419231 -2.380119 -0.781589
vn -1.605704 -0.007174 -1.968061
vn -0.781589 -0.419231 -2.380119
vn 0.528084 0.000000 -2.484497
vn 0.528084 0.000000 -2.484497
vn -0.150280 -1.193646 -2.237012
vn -0.150280 -1.193646 -2.237012
vn -1.466470 -1.466470 -1.466470
vn -0.007174 -1.968061 -1.605704
vn -1.466470 -1.466470 -1.466470
vn -1.135941 1.135923 -1.967465
vn -1.135941 1.135923 -1.967465
vn -1.135941 1.135923 -1.967465
vn -1.135941 1.135923 -1.967465
vn -1.135941 1.135923 -1.967465
vn -2.199711 0.000000 -1.269989
vn -1.779603 -1.492975 -1.027443
vn -0.679748 -2.415684 -0.392448
vn 0.679748 -2.415684 0.392448
vn 1.779603 -1.492975 1.027443
vn 2.199711 0.000000 1.269989
vn 2.199711 0.000000 1.269989
vn 2.032190 -0.972233 1.173272
vn 1.555431 -1.796050 0.898019
vn 0.841983 -2.346563 0.486113
vn 0.000000 -2.540000 0.000000
vn -0.841983 -2.346563 -0.486113
vn -1.555431 -1.796050 -0.898019
vn -2.032190 -0.972233 -1.173272
vn -2.199711 0.000000 -1.269989
vn 2.271845 1.135923 0.000000
vn 2.271845 1.135923 0.000000
vn 2.271845 1.135923 0.000000
vn 2.271845 1.135923 0.000000
vn -2.199704 0.000000 1.270000
vn -2.199704 0.000000 1.270000
vn -2.199704 0.000000 1.270000
vn -2.199704 0.000000 1.270000
vn -1.135923 1.135923 1.967476
vn -1.135923 1.135923 1.967476
vn -1.135923 1.135923 1.967476
vn -1.135923 1.135923 1.967476
vn -2.199704 0.000000 1.270000
vn -1.033111 0.000000 2.320405
vn 0.528096 0.000000 2.484495
vn 1.887588 0.000000 1.699592
vn 2.526086 0.000000 0.265502
vn 2.199704 0.000000 -1.270000
vn 2.199704 0.000000 -1.270000
vn 2.526086 0.000000 0.265502
vn 1.887588 0.000000 1.699592
vn 0.528096 0.000000 2.484495
vn -1.033111 0.000000 2.320405
vn -2.199704 0.000000 1.270000
vn 2.540000 0.000000 0.000000
vn 2.540000 0.000000 0.000000
vn 2.540000 0.000000 0.000000
vn 2.540000 0.000000 0.000000
vn 2.199704 0.000000 -1.270000
vn 2.199704 0.000000 -1.270000
vn 2.199704 0.000000 -1.270000
vn 2.199704 0.000000 -1.270000
vn -1.270021 0.000000 -2.199692
vn -1.270021 0.000000 -2.199692
vn -1.270021 0.000000 -2.199692
vn -1.270021 0.000000 -2.199692
vn 0.000000 2.540000 0.000000
vn 0.000000 2.540000 0.000000
vn 0.000000 2.540000 0.000000
vn 0.000000 2.540000 0.000000
vn 0.000000 2.540000 0.000000
vn 0.000000 2.540000 0.000000
vn 0.000000 2.540000 0.000000
vn 0.000000 2.540000 0.000000
vn 0.000000 2.540000 0.000000
vn 0.000000 2.540000 0.000000
vn 0.000000 2.540000 0.000000
vn 0.000000 2.540000 0.000000
vn 0.000000 2.540000 0.000000
vn 0.000000 2.540000 0.000000
vn 0.000000 2.540000 0.000000
vn 0.000000 2.540000 0.000000
vn 0.000000 2.540000 0.000000
vn 0.000000 2.540000 0.000000
vn 0.000000 2.540000 0.000000
vn 0.000000 2.540000 0.000000
vn 0.000000 2.540000 0.000000
vn 0.000000 2.540000 0.000000
vn 0.000000 2.540000 0.000000
vn 0.000000 2.540000 0.000000
vn 0.000000 2.540000 0.000000
vn 0.000000 2.540000 0.000000
vn 0.000000 2.540000 0.000000
vn 0.000000 2.540000 0.000000
vn 0.000000 2.540000 0.000000
vn 0.000000 2.540000 0.000000
vn 0.000000 2.540000 0.000000
vn 0.000000 2.540000 0.000000
vn 0.000000 2.540000 0.000000
vn 0.000000 2.540000 0.000000
vn 0.000000 2.540000 0.000000
vn 0.000000 2.540000 0.000000
vn 0.000000 2.540000 0.000000
vn 0.000000 2.540000 0.000000
vn 0.000000 2.540000 0.000000
vn 0.000000 2.540000 0.000000
vn 0.000000 2.540000 0.000000
vn 0.000000 2.540000 0.000000
vn 0.000000 2.540000 0.000000
vn 0.000000 2.540000 0.000000
vn 0.000000 2.540000 0.000000
vn 0.000000 2.540000 0.000000
vn 0.000000 2.540000 0.000000
vn 0.000000 2.540000 0.000000
vn 0.000000 2.540000 0.000000
vn 0.000000 2.540000 0.000000
vn 0.000000 2.540000 0.000000
vn 0.000000 2.540000 0.000000
vn 0.000000 2.540000 0.000000
vn 0.000000 2.540000 0.000000
vn 0.000000 2.540000 0.000000
vn 0.000000 2.540000 0.000000
vn 0.000000 2.540000 0.000000
vn 0.000000 2.540000 0.000000
vn 0.000000 2.540000 0.000000
vn 0.000000 2.540000 0.000000
vn 0.000000 2.540000 0.000000
vn 0.000000 2.540000 0.000000
vn 0.000000 2.540000 0.000000
vn 0.000000 2.540000 0.000000
vn 0.000000 2.540000 0.000000
vn 0.000000 2.540000 0.000000
vn 0.000000 2.540000 0.000000
vn 0.000000 2.540000 0.000000
vn 0.000000 2.540000 0.000000
vn 0.000000 2.540000 0.000000
vn 0.000000 2.540000 0.000000
vn 0.000000 2.540000 0.000000
vn 0.000000 2.540000 0.000000
vn 0.000000 2.540000 0.000000
vn 0.000000 2.540000 0.000000
vn -2.199704 0.000000 1.270000
vn -1.779598 -1.492975 1.027452
vn -0.679746 -2.415684 0.392452
vn 0.679746 -2.415684 -0.392452
vn 1.779598 -1.492975 -1.027452
vn 2.199704 0.000000 -1.270000
vn 2.526086 0.000000 0.265502
vn 1.887588 0.000000 1.699592
vn 0.528096 0.000000 2.484495
vn -1.033111 0.000000 2.320405
vn -0.065232 -2.017520 1.541739
vn 2.426238 -0.745799 0.093549
vn -1.295078 -1.121311 1.875376
vn -0.436568 -0.276338 2.486895
vn 0.697468 -1.102729 2.179249
vn 1.120647 -2.211988 0.550327
vn 1.790963 -1.282047 1.265073
vn 1.809595 -1.630434 -0.720174
vn -1.270000 0.000000 2.199704
vn -1.270000 0.000000 2.199704
vn -1.270000 0.000000 2.199704
vn -1.270000 0.000000 2.199704
vn 2.199704 0.000000 -1.270000
vn 1.779598 -1.492975 -1.027452
vn 0.679746 -2.415684 -0.392452
vn -0.679746 -2.415684 0.392452
vn -1.779598 -1.492975 1.027452
vn -2.199704 0.000000 1.270000
vn -2.199704 0.000000 1.270000
vn -2.032184 -0.972233 1.173282
vn -1.555427 -1.796050 0.898026
vn -0.841980 -2.346563 0.486118
vn 0.000000 -2.540000 0.000000
vn 0.841980 -2.346563 -0.486118
vn 1.555427 -1.796050 -0.898026
vn 2.032184 -0.972233 -1.173282
vn 2.199704 0.000000 -1.270000
vn 0.000000 2.540000 0.000000
vn 0.000000 2.540000 0.000000
vn 0.000000 2.540000 0.000000
vn 0.000000 2.540000 0.000000
vn 0.000000 2.540000 0.000000
vn 0.000000 2.540000 0.000000
vn 0.000000 2.540000 0.000000
vn 0.000000 2.540000 0.000000
vn 0.000000 2.540000 0.000000
vn 0.000000 2.540000 0.000000
vn 0.000000 2.540000 0.000000
vn 0.000000 2.540000 0.000000
vn 0.000000 2.540000 0.000000
vn 0.000000 2.540000 0.000000
vn 0.000000 2.540000 0.000000
vn 0.000000 2.540000 0.000000
vn 0.000000 2.540000 0.000000
vn 0.000000 2.540000 0.000000
vn 0.000000 2.540000 0.000000
vn 0.000000 2.540000 0.000000
vn 0.000000 2.540000 0.000000
vn 0.000000 2.540000 0.000000
vn 0.000000 2.540000 0.000000
vn 0.000000 2.540000 0.000000
vn 0.000000 2.540000 0.000000
vn 0.000000 2.540000 0.000000
vn 0.000000 2.540000 0.000000
vn 0.000000 2.540000 0.000000
vn 0.000000 2.540000 0.000000
vn 0.000000 2.540000 0.000000
vn 0.000000 2.540000 0.000000
vn 0.000000 2.540000 0.000000
vn 0.000000 2.540000 0.000000
vn 0.000000 -2.540000 0.000000
vn 0.000000 -2.540000 0.000000
vn 0.000000 -2.540000 0.000000
vn 0.000000 -2.540000 0.000000
vn 0.000000 -2.540000 0.000000
vn 0.000000 -2.540000 0.000000
vn 0.000000 -2.540000 0.000000
vn 0.000000 -2.540000 0.000000
vn 0.000000 -2.540000 0.000000
vn 0.000000 -2.540000 0.000000
vn 0.000000 -2.540000 0.000000
vn 0.000000 -2.540000 0.000000
vn 0.000000 -2.540000 0.000000
vn 0.000000 -2.540000 0.000000
vn 0.000000 -2.540000 0.000000
vn 0.000000 -2.540000 0.000000
vn 0.000000 -2.540000 0.000000
vn 0.000000 -2.540000 0.000000
vn 0.000000 -2.540000 0.000000
vn 0.000000 -2.540000 0.000000
vn 0.000000 -2.540000 0.000000
vn 0.000000 -2.540000 0.000000
vn 0.000000 -2.540000 0.000000
vn 0.000000 -2.540000 0.000000
vn 0.000000 -2.540000 0.000000
vn 0.000000 -2.540000 0.000000
vn 0.000000 -2.540000 0.000000
vn 0.000000 -2.540000 0.000000
vn 0.000000 -2.540000 0.000000
vn 0.000000 -2.540000 0.000000
vn 0.000000 -2.540000 0.000000
vn 0.000000 -2.540000 0.000000
vn 0.000000 -2.540000 0.000000
vn 0.000000 -2.540000 0.000000
vn 0.000000 -2.540000 0.000000
vn 0.000000 -2.540000 0.000000
vn 0.000000 -2.540000 0.000000
vn 0.000000 -2.540000 0.000000
vn 0.000000 -2.540000 0.000000
vn 0.000000 -2.540000 0.000000
vn 0.000000 -2.540000 0.000000
vn 0.000000 -2.540000 0.000000
vn 0.000000 -2.540000 0.000000
vn 0.000000 -2.540000 0.000000
vn 0.000000 -2.540000 0.000000
vn 0.000000 -2.540000 0.000000
vn 0.000000 -2.540000 0.000000
vn 0.000000 -2.540000 0.000000
vn 0.000000 -2.540000 0.000000
vn 0.000000 -2.540000 0.000000
vn 0.000000 -2.540000 0.000000
vn 0.000000 -2.540000 0.000000
vn 0.000000 -2.540000 0.000000
vn 0.000000 -2.540000 0.000000
vn 0.000000 -2.540000 0.000000
vn 0.000000 -2.540000 0.000000
vn 0.000000 -2.540000 0.000000
vn 0.000000 -2.540000 0.000000
vn 0.000000 -2.540000 0.000000
vn 0.000000 -2.540000 0.000000
vn 0.000000 -2.540000 0.000000
vn 0.000000 -2.540000 0.000000
vn 0.000000 -2.540000 0.000000
vn 0.000000 -2.540000 0.000000
vn 0.000000 -2.540000 0.000000
vn 0.000000 -2.540000 0.000000
vn 0.000000 -2.540000 0.000000
vn 0.000000 -2.540000 0.000000
vn 0.000000 -2.540000 0.000000
vn 0.000000 -2.540000 0.000000
vn 0.000000 -2.540000 0.000000
vn 0.000000 -2.540000 0.000000
vn 0.000000 -2.540000 0.000000
vn 0.000000 -2.540000 0.000000
vn 0.000000 -2.540000 0.000000
vn 0.000000 -2.540000 0.000000
vn 0.000000 -2.540000 0.000000
vn 0.000000 -2.540000 0.000000
vn 0.000000 -2.540000 0.000000
vn 0.000000 -2.540000 0.000000
vn 0.000000 -2.540000 0.000000
vn 0.000000 -2.540000 0.000000
vn 0.000000 -2.540000 0.000000
vn 0.000000 -2.540000 0.000000
vn 0.000000 -2.540000 0.000000
vn 0.000000 -2.540000 0.000000
vn 0.000000 -2.540000 0.000000
vn 0.000000 -2.540000 0.000000
vn 0.000000 -2.540000 0.000000
vn 0.000000 -2.540000 0.000000
vn 0.000000 -2.540000 0.000000
vn 0.000000 -2.540000 0.000000
vn 0.000000 -2.540000 0.000000
vn 0.000000 -2.540000 0.000000
vn 0.000000 -2.540000 0.000000
vn 0.000000 -2.540000 0.000000
vn 0.000000 -2.540000 0.000000
vn 0.000000 -2.540000 0.000000
vn 0.000000 -2.540000 0.000000
vn 0.000000 -2.540000 0.000000
vn 0.000000 -2.540000 0.000000
vn 0.000000 -2.540000 0.000000
vn 0.000000 -2.540000 0.000000
vn 0.000000 -2.540000 0.000000
vn 0.000000 -2.540000 0.000000
vn 0.000000 -2.540000 0.000000
vn 0.000000 -2.540000 0.000000
vn 0.000000 -2.540000 0.000000
vn 0.000000 -2.540000 0.000000
vn 0.000000 -2.540000 0.000000
vn 0.000000 -2.540000 0.000000
vn 0.000000 -2.540000 0.000000
vn 0.000000 -2.540000 0.000000
vn 0.000000 -2.540000 0.000000
vn 0.000000 -2.540000 0.000000
vn 0.000000 -2.540000 0.000000
vn 0.000000 -2.540000 0.000000
vn 0.000000 -2.540000 0.000000
vn 0.000000 -2.540000 0.000000
vn 0.000000 -2.540000 0.000000
vn 0.000000 -2.540000 0.000000
vn 0.000000 -2.540000 0.000000
vn 0.000000 -2.540000 0.000000
vn 0.000000 -2.540000 0.000000
vn 0.000000 -2.540000 0.000000
vn 0.000000 -2.540000 0.000000
vn 0.000000 -2.540000 0.000000
vn 0.000000 -2.540000 0.000000
vn 0.000000 -2.540000 0.000000
vn 0.000000 -2.540000 0.000000
vn 0.000000 -2.540000 0.000000
vn 0.000000 -2.540000 0.000000
vn 0.000000 -2.540000 0.000000
vn 0.000000 -2.540000 0.000000
vn 0.000000 -2.540000 0.000000
vn 0.000000 -2.540000 0.000000
vn 0.000000 -2.540000 0.000000
vn 0.000000 -2.540000 0.000000
vn 0.000000 -2.540000 0.000000
vn 0.000000 -2.540000 0.000000
vn 0.000000 -2.540000 0.000000
vn 0.000000 -2.540000 0.000000
vn 0.000000 -2.540000 0.000000
vn 0.000000 -2.540000 0.000000
vn 0.000000 -2.540000 0.000000
vn 0.000000 -2.540000 0.000000
vn 0.000000 -2.540000 0.000000
vn 0.000000 -2.540000 0.000000
vn 0.000000 -2.540000 0.000000
vn 0.000000 -2.540000 0.000000
vn 0.000000 -2.540000 0.000000
vn 0.000000 -2.540000 0.000000
vn 0.000000 -2.540000 0.000000
vn 0.000000 -2.540000 0.000000
vn 0.000000 -2.540000 0.000000
vn 0.000000 -2.540000 0.000000
vn 0.000000 -2.540000 0.000000
vn 0.000000 -2.540000 0.000000
vn 0.000000 -2.540000 0.000000
vn 0.000000 -2.540000 0.000000
vn 0.000000 -2.540000 0.000000
vn 0.000000 -2.540000 0.000000
vn -0.264583 0.000000 2.526182
vn -0.784464 0.000000 2.415826
vn -1.270000 0.000000 2.199704
vn -1.699935 0.000000 1.887279
vn -2.055446 0.000000 1.492227
vn -2.055446 0.000000 1.492227
vn -1.699935 0.000000 1.887279
vn -1.270000 0.000000 2.199704
vn -0.784464 0.000000 2.415826
vn -0.264583 0.000000 2.526182
vn 2.540000 0.000000 0.000000
vn 2.540000 0.000000 0.000000
vn 2.540000 0.000000 0.000000
vn 2.540000 0.000000 0.000000
vn 1.812355 0.000000 -1.779598
vn 1.463202 0.000000 -2.076208
vn 1.066448 0.000000 -2.305274
vn 0.635000 0.000000 -2.459344
vn 0.635000 0.000000 -2.459344
vn 1.066448 0.000000 -2.305274
vn 1.463202 0.000000 -2.076208
vn 1.812355 0.000000 -1.779598
vn -1.270000 0.000000 -2.199704
vn -1.270000 0.000000 -2.199704
vn -1.270000 0.000000 -2.199704
vn -1.270000 0.000000 -2.199704
vn 0.635000 0.000000 2.459344
vn 1.066448 0.000000 2.305274
vn 1.463202 0.000000 2.076208
vn 1.812355 0.000000 1.779598
vn 1.812355 0.000000 1.779598
vn 1.463202 0.000000 2.076208
vn 1.066448 0.000000 2.305274
vn 0.635000 0.000000 2.459344
vn 2.540000 0.000000 0.000000
vn 2.540000 0.000000 0.000000
vn 2.540000 0.000000 0.000000
vn 2.540000 0.000000 0.000000
vn -2.055446 0.000000 -1.492227
vn -1.699935 0.000000 -1.887279
vn -1.270000 0.000000 -2.199704
vn -0.784464 0.000000 -2.415826
vn -0.264583 0.000000 -2.526182
vn -0.264583 0.000000 -2.526182
vn -0.784464 0.000000 -2.415826
vn -1.270000 0.000000 -2.199704
vn -1.699935 0.000000 -1.887279
vn -2.055446 0.000000 -1.492227
vn -1.270000 0.000000 2.199704
vn -1.270000 0.000000 2.199704
vn -1.270000 0.000000 2.199704
vn -1.270000 0.000000 2.199704
vn 1.270000 0.000000 2.199704
vn 1.270000 0.000000 2.199704
vn 1.270000 0.000000 2.199704
vn 1.270000 0.000000 2.199704
vn 2.447355 0.000000 0.679746
vn 2.529650 0.000000 0.229066
vn 2.529650 0.000000 -0.229066
vn 2.447355 0.000000 -0.679746
vn 2.447355 0.000000 -0.679746
vn 2.529650 0.000000 -0.229066
vn 2.529650 0.000000 0.229066
vn 2.447355 0.000000 0.679746
vn 1.270000 0.000000 -2.199704
vn 1.270000 0.000000 -2.199704
vn 1.270000 0.000000 -2.199704
vn 1.270000 0.000000 -2.199704
vn -2.320029 0.000000 1.033955
vn -2.484399 0.000000 0.528548
vn -2.540000 0.000000 0.000000
vn -2.484399 0.000000 -0.528548
vn -2.320029 0.000000 -1.033955
vn -2.320029 0.000000 -1.033955
vn -2.484399 0.000000 -0.528548
vn -2.540000 0.000000 0.000000
vn -2.484399 0.000000 0.528548
vn -2.320029 0.000000 1.033955
vn -2.447355 0.000000 -0.679746
vn -2.529650 0.000000 -0.229066
vn -2.529650 0.000000 0.229066
vn -2.447355 0.000000 0.679746
vn -2.447355 0.000000 0.679746
vn -2.529650 0.000000 0.229066
vn -2.529650 0.000000 -0.229066
vn -2.447355 0.000000 -0.679746
vn -1.270000 0.000000 2.199704
vn -1.270000 0.000000 2.199704
vn -1.270000 0.000000 2.199704
vn -1.270000 0.000000 2.199704
vn 2.320029 0.000000 -1.033955
vn 2.484399 0.000000 -0.528548
vn 2.540000 0.000000 0.000000
vn 2.484399 0.000000 0.528548
vn 2.320029 0.000000 1.033955
vn 2.320029 0.000000 1.033955
vn 2.484399 0.000000 0.528548
vn 2.540000 0.000000 0.000000
vn 2.484399 0.000000 -0.528548
vn 2.320029 0.000000 -1.033955
vn -1.270000 0.000000 -2.199704
vn -1.270000 0.000000 -2.199704
vn -1.270000 0.000000 -2.199704
vn -1.270000 0.000000 -2.199704
vn 1.270000 0.000000 -2.199704
vn 1.270000 0.000000 -2.199704
vn 1.270000 0.000000 -2.199704
vn 1.270000 0.000000 -2.199704
vn -2.320029 0.000000 1.033955
vn -2.484399 0.000000 0.528548
vn -2.540000 0.000000 0.000000
vn -2.484399 0.000000 -0.528548
vn -2.320029 0.000000 -1.033955
vn -2.320029 0.000000 -1.033955
vn -2.484399 0.000000 -0.528548
vn -2.540000 0.000000 0.000000
vn -2.484399 0.000000 0.528548
vn -2.320029 0.000000 1.033955
vn 1.270000 0.000000 2.199704
vn 1.270000 0.000000 2.199704
vn 1.270000 0.000000 2.199704
vn 1.270000 0.000000 2.199704
vn 2.447355 0.000000 0.679746
vn 2.529650 0.000000 0.229066
vn 2.529650 0.000000 -0.229066
vn 2.447355 0.000000 -0.679746
vn 2.447355 0.000000 -0.679746
vn 2.529650 0.000000 -0.229066
vn 2.529650 0.000000 0.229066
vn 2.447355 0.000000 0.679746
vn -0.264583 0.000000 2.526182
vn -0.784464 0.000000 2.415826
vn -1.270000 0.000000 2.199704
vn -1.699935 0.000000 1.887279
vn -2.055446 0.000000 1.492227
vn -2.055446 0.000000 1.492227
vn -1.699935 0.000000 1.887279
vn -1.270000 0.000000 2.199704
vn -0.784464 0.000000 2.415826
vn -0.264583 0.000000 2.526182
vn 2.540000 0.000000 0.000000
vn 2.540000 0.000000 0.000000
vn 2.540000 0.000000 0.000000
vn 2.540000 0.000000 0.000000
vn 1.812355 0.000000 -1.779598
vn 1.463202 0.000000 -2.076208
vn 1.066448 0.000000 -2.305274
vn 0.635000 0.000000 -2.459344
vn 0.635000 0.000000 -2.459344
vn 1.066448 0.000000 -2.305274
vn 1.463202 0.000000 -2.076208
vn 1.812355 0.000000 -1.779598
vn -1.270000 0.000000 -2.199704
vn -1.270000 0.000000 -2.199704
vn -1.270000 0.000000 -2.199704
vn -1.270000 0.000000 -2.199704
vn 0.635000 0.000000 2.459344
vn 1.066448 0.000000 2.305274
vn 1.463202 0.000000 2.076208
vn 1.812355 0.000000 1.779598
vn 1.812355 0.000000 1.779598
vn 1.463202 0.000000 2.076208
vn 1.066448 0.000000 2.305274
vn 0.635000 0.000000 2.459344
vn 2.540000 0.000000 0.000000
vn 2.540000 0.000000 0.000000
vn 2.540000 0.000000 0.000000
vn 2.540000 0.000000 0.000000
vn -2.055446 0.000000 -1.492227
vn -1.699935 0.000000 -1.887279
vn -1.270000 0.000000 -2.199704
vn -0.784464 0.000000 -2.415826
vn -0.264583 0.000000 -2.526182
vn -0.264583 0.000000 -2.526182
vn -0.784464 0.000000 -2.415826
vn -1.270000 0.000000 -2.199704
vn -1.699935 0.000000 -1.887279
vn -2.055446 0.000000 -1.492227
vn -1.270000 0.000000 2.199704
vn -1.270000 0.000000 2.199704
vn -1.270000 0.000000 2.199704
vn -1.270000 0.000000 2.199704
vn -0.264583 0.000000 2.526182
vn -0.784464 0.000000 2.415826
vn -1.270000 0.000000 2.199704
vn -1.699935 0.000000 1.887279
vn -2.055446 0.000000 1.492227
vn -2.055446 0.000000 1.492227
vn -1.699935 0.000000 1.887279
vn -1.270000 0.000000 2.199704
vn -0.784464 0.000000 2.415826
vn -0.264583 0.000000 2.526182
vn 2.540000 0.000000 0.000000
vn 2.540000 0.000000 0.000000
vn 2.540000 0.000000 0.000000
vn 2.540000 0.000000 0.000000
vn 1.812355 0.000000 -1.779598
vn 1.463202 0.000000 -2.076208
vn 1.066448 0.000000 -2.305274
vn 0.635000 0.000000 -2.459344
vn 0.635000 0.000000 -2.459344
vn 1.066448 0.000000 -2.305274
vn 1.463202 0.000000 -2.076208
vn 1.812355 0.000000 -1.779598
vn -1.270000 0.000000 -2.199704
vn -1.270000 0.000000 -2.199704
vn -1.270000 0.000000 -2.199704
vn -1.270000 0.000000 -2.199704
vn 2.055446 0.000000 1.492227
vn 1.699935 0.000000 1.887279
vn 1.270000 0.000000 2.199704
vn 0.784464 0.000000 2.415826
vn 0.264583 0.000000 2.526182
vn 0.264583 0.000000 2.526182
vn 0.784464 0.000000 2.415826
vn 1.270000 0.000000 2.199704
vn 1.699935 0.000000 1.887279
vn 2.055446 0.000000 1.492227
vn 1.270000 0.000000 -2.199704
vn 1.270000 0.000000 -2.199704
vn 1.270000 0.000000 -2.199704
vn 1.270000 0.000000 -2.199704
vn -0.635000 0.000000 -2.459344
vn -1.066448 0.000000 -2.305274
vn -1.463202 0.000000 -2.076208
vn -1.812355 0.000000 -1.779598
vn -1.812355 0.000000 -1.779598
vn -1.463202 0.000000 -2.076208
vn -1.066448 0.000000 -2.305274
vn -0.635000 0.000000 -2.459344
vn -2.540000 0.000000 0.000000
vn -2.540000 0.000000 0.000000
vn -2.540000 0.000000 0.000000
vn -2.540000 0.000000 0.000000
vn 0.264583 0.000000 -2.526182
vn 0.784464 0.000000 -2.415826
vn 1.270000 0.000000 -2.199704
vn 1.699935 0.000000 -1.887279
vn 2.055446 0.000000 -1.492227
vn 2.055446 0.000000 -1.492227
vn 1.699935 0.000000 -1.887279
vn 1.270000 0.000000 -2.199704
vn 0.784464 0.000000 -2.415826
vn 0.264583 0.000000 -2.526182
vn -2.540000 0.000000 0.000000
vn -2.540000 0.000000 0.000000
vn -2.540000 0.000000 0.000000
vn -2.540000 0.000000 0.000000
vn -1.812355 0.000000 1.779598
vn -1.463202 0.000000 2.076208
vn -1.066448 0.000000 2.305274
vn -0.635000 0.000000 2.459344
vn -0.635000 0.000000 2.459344
vn -1.066448 0.000000 2.305274
vn -1.463202 0.000000 2.076208
vn -1.812355 0.000000 1.779598
vn 1.270000 0.000000 2.199704
vn 1.270000 0.000000 2.199704
vn 1.270000 0.000000 2.199704
vn 1.270000 0.000000 2.199704
vn -1.270000 0.000000 -2.199704
vn -1.270000 0.000000 -2.199704
vn -1.270000 0.000000 -2.199704
vn -1.270000 0.000000 -2.199704
vn -2.447355 0.000000 -0.679746
vn -2.529650 0.000000 -0.229066
vn -2.529650 0.000000 0.229066
vn -2.447355 0.000000 0.679746
vn -2.447355 0.000000 0.679746
vn -2.529650 0.000000 0.229066
vn -2.529650 0.000000 -0.229066
vn -2.447355 0.000000 -0.679746
vn -1.270000 0.000000 2.199704
vn -1.270000 0.000000 2.199704
vn -1.270000 0.000000 2.199704
vn -1.270000 0.000000 2.199704
vn 2.320029 0.000000 -1.033955
vn 2.484399 0.000000 -0.528548
vn 2.540000 0.000000 0.000000
vn 2.484399 0.000000 0.528548
vn 2.320029 0.000000 1.033955
vn 2.320029 0.000000 1.033955
vn 2.484399 0.000000 0.528548
vn 2.540000 0.000000 0.000000
vn 2.484399 0.000000 -0.528548
vn 2.320029 0.000000 -1.033955
vn -1.270000 0.000000 -2.199704
vn -1.270000 0.000000 -2.199704
vn -1.270000 0.000000 -2.199704
vn -1.270000 0.000000 -2.199704
vn -2.447355 0.000000 -0.679746
vn -2.529650 0.000000 -0.229066
vn -2.529650 0.000000 0.229066
vn -2.447355 0.000000 0.679746
vn -2.447355 0.000000 0.679746
vn -2.529650 0.000000 0.229066
vn -2.529650 0.000000 -0.229066
vn -2.447355 0.000000 -0.679746
vn -1.270000 0.000000 2.199704
vn -1.270000 0.000000 2.199704
vn -1.270000 0.000000 2.199704
vn -1.270000 0.000000 2.199704
vn 2.320029 0.000000 -1.033955
vn 2.484399 0.000000 -0.528548
vn 2.540000 0.000000 0.000000
vn 2.484399 0.000000 0.528548
vn 2.320029 0.000000 1.033955
vn 2.320029 0.000000 1.033955
vn 2.484399 0.000000 0.528548
vn 2.540000 0.000000 0.000000
vn 2.484399 0.000000 -0.528548
vn 2.320029 0.000000 -1.033955
vn -1.270000 0.000000 2.199704
vn -1.270000 0.000000 2.199704
vn -1.270000 0.000000 2.199704
vn -1.270000 0.000000 2.199704
vn 0.635000 0.000000 2.459344
vn 1.066448 0.000000 2.305274
vn 1.463202 0.000000 2.076208
vn 1.812355 0.000000 1.779598
vn 1.812355 0.000000 1.779598
vn 1.463202 0.000000 2.076208
vn 1.066448 0.000000 2.305274
vn 0.635000 0.000000 2.459344
vn 2.540000 0.000000 0.000000
vn 2.540000 0.000000 0.000000
vn 2.540000 0.000000 0.000000
vn 2.540000 0.000000 0.000000
vn -2.055446 0.000000 -1.492227
vn -1.699935 0.000000 -1.887279
vn -1.270000 0.000000 -2.199704
vn -0.784464 0.000000 -2.415826
vn -0.264583 0.000000 -2.526182
vn -0.264583 0.000000 -2.526182
vn -0.784464 0.000000 -2.415826
vn -1.270000 0.000000 -2.199704
vn -1.699935 0.000000 -1.887279
vn -2.055446 0.000000 -1.492227
vn -2.320029 0.000000 1.033955
vn -2.484399 0.000000 0.528548
vn -2.540000 0.000000 0.000000
vn -2.484399 0.000000 -0.528548
vn -2.320029 0.000000 -1.033955
vn -2.320029 0.000000 -1.033955
vn -2.484399 0.000000 -0.528548
vn -2.540000 0.000000 0.000000
vn -2.484399 0.000000 0.528548
vn -2.320029 0.000000 1.033955
vn 1.270000 0.000000 2.199704
vn 1.270000 0.000000 2.199704
vn 1.270000 0.000000 2.199704
vn 1.270000 0.000000 2.199704
vn 2.447355 0.000000 0.679746
vn 2.529650 0.000000 0.229066
vn 2.529650 0.000000 -0.229066
vn 2.447355 0.000000 -0.679746
vn 2.447355 0.000000 -0.679746
vn 2.529650 0.000000 -0.229066
vn 2.529650 0.000000 0.229066
vn 2.447355 0.000000 0.679746
vn 1.270000 0.000000 -2.199704
vn 1.270000 0.000000 -2.199704
vn 1.270000 0.000000 -2.199704
vn 1.270000 0.000000 -2.199704
vn 2.055446 0.000000 1.492227
vn 1.699935 0.000000 1.887279
vn 1.270000 0.000000 2.199704
vn 0.784464 0.000000 2.415826
vn 0.264583 0.000000 2.526182
vn 0.264583 0.000000 2.526182
vn 0.784464 0.000000 2.415826
vn 1.270000 0.000000 2.199704
vn 1.699935 0.000000 1.887279
vn 2.055446 0.000000 1.492227
vn 1.270000 0.000000 -2.199704
vn 1.270000 0.000000 -2.199704
vn 1.270000 0.000000 -2.199704
vn 1.270000 0.000000 -2.199704
vn -0.635000 0.000000 -2.459344
vn -1.066448 0.000000 -2.305274
vn -1.463202 0.000000 -2.076208
vn -1.812355 0.000000 -1.779598
vn -1.812355 0.000000 -1.779598
vn -1.463202 0.000000 -2.076208
vn -1.066448 0.000000 -2.305274
vn -0.635000 0.000000 -2.459344
vn -2.540000 0.000000 0.000000
vn -2.540000 0.000000 0.000000
vn -2.540000 0.000000 0.000000
vn -2.540000 0.000000 0.000000
vn -2.540000 0.000000 0.000000
vn -2.540000 0.000000 0.000000
vn -2.540000 0.000000 0.000000
vn -2.540000 0.000000 0.000000
vn -1.812355 0.000000 1.779598
vn -1.463202 0.000000 2.076208
vn -1.066448 0.000000 2.305274
vn -0.635000 0.000000 2.459344
vn -0.635000 0.000000 2.459344
vn -1.066448 0.000000 2.305274
vn -1.463202 0.000000 2.076208
vn -1.812355 0.000000 1.779598
vn 1.270000 0.000000 2.199704
vn 1.270000 0.000000 2.199704
vn 1.270000 0.000000 2.199704
vn 1.270000 0.000000 2.199704
vn 0.264583 0.000000 -2.526182
vn 0.784464 0.000000 -2.415826
vn 1.270000 0.000000 -2.199704
vn 1.699935 0.000000 -1.887279
vn 2.055446 0.000000 -1.492227
vn 2.055446 0.000000 -1.492227
vn 1.699935 0.000000 -1.887279
vn 1.270000 0.000000 -2.199704
vn 0.784464 0.000000 -2.415826
vn 0.264583 0.000000 -2.526182
vn 2.055446 0.000000 1.492227
vn 1.699935 0.000000 1.887279
vn 1.270000 0.000000 2.199704
vn 0.784464 0.000000 2.415826
vn 0.264583 0.000000 2.526182
vn 0.264583 0.000000 2.526182
vn 0.784464 0.000000 2.415826
vn 1.270000 0.000000 2.199704
vn 1.699935 0.000000 1.887279
vn 2.055446 0.000000 1.492227
vn 1.270000 0.000000 -2.199704
vn 1.270000 0.000000 -2.199704
vn 1.270000 0.000000 -2.199704
vn 1.270000 0.000000 -2.199704
vn -0.635000 0.000000 -2.459344
vn -1.066448 0.000000 -2.305274
vn -1.463202 0.000000 -2.076208
vn -1.812355 0.000000 -1.779598
vn -1.812355 0.000000 -1.779598
vn -1.463202 0.000000 -2.076208
vn -1.066448 0.000000 -2.305274
vn -0.635000 0.000000 -2.459344
vn -2.540000 0.000000 0.000000
vn -2.540000 0.000000 0.000000
vn -2.540000 0.000000 0.000000
vn -2.540000 0.000000 0.000000
vn -1.812355 0.000000 1.779598
vn -1.463202 0.000000 2.076208
vn -1.066448 0.000000 2.305274
vn -0.635000 0.000000 2.459344
vn -0.635000 0.000000 2.459344
vn -1.066448 0.000000 2.305274
vn -1.463202 0.000000 2.076208
vn -1.812355 0.000000 1.779598
vn 1.270000 0.000000 2.199704
vn 1.270000 0.000000 2.199704
vn 1.270000 0.000000 2.199704
vn 1.270000 0.000000 2.199704
vn 0.264583 0.000000 -2.526182
vn 0.784464 0.000000 -2.415826
vn 1.270000 0.000000 -2.199704
vn 1.699935 0.000000 -1.887279
vn 2.055446 0.000000 -1.492227
vn 2.055446 0.000000 -1.492227
vn 1.699935 0.000000 -1.887279
vn 1.270000 0.000000 -2.199704
vn 0.784464 0.000000 -2.415826
vn 0.264583 0.000000 -2.526182
vn -2.540000 0.000000 0.000000
vn -2.540000 0.000000 0.000000
vn -2.540000 0.000000 0.000000
vn -2.540000 0.000000 0.000000
vn 1.270021 0.000000 2.199692
vn 1.270021 0.000000 2.199692
vn 1.270021 0.000000 2.199692
vn 1.270021 0.000000 2.199692
vn -2.540000 0.000000 0.000000
vn -2.501411 0.000000 0.441068
vn -2.386818 0.000000 0.868735
vn -2.199701 0.000000 1.270005
vn -1.945748 0.000000 1.632687
vn -1.632673 0.000000 1.945759
vn -1.269989 0.000000 2.199711
vn -0.868718 0.000000 2.386824
vn -0.441050 0.000000 2.501415
vn 0.000018 0.000000 2.540000
vn 0.441086 0.000000 2.501408
vn 0.868752 0.000000 2.386812
vn 1.270021 0.000000 2.199692
vn 1.270021 0.000000 2.199692
vn 0.868752 0.000000 2.386812
vn 0.441086 0.000000 2.501408
vn 0.000018 0.000000 2.540000
vn -0.441050 0.000000 2.501415
vn -0.868718 0.000000 2.386824
vn -1.269989 0.000000 2.199711
vn -1.632673 0.000000 1.945759
vn -1.945748 0.000000 1.632687
vn -2.199701 0.000000 1.270005
vn -2.386818 0.000000 0.868735
vn -2.501411 0.000000 0.441068
vn -2.540000 0.000000 0.000000
vn -2.540000 0.000000 0.000000
vn -2.540000 0.000000 0.000000
vn -2.540000 0.000000 0.000000
vn -2.540000 0.000000 0.000000
vn 1.270000 0.000000 -2.199704
vn 0.868731 0.000000 -2.386819
vn 0.441066 0.000000 -2.501412
vn 0.000000 0.000000 -2.540000
vn -0.441066 0.000000 -2.501412
vn -0.868731 0.000000 -2.386819
vn -1.270000 0.000000 -2.199704
vn -1.632681 0.000000 -1.945753
vn -1.945753 0.000000 -1.632681
vn -2.199704 0.000000 -1.270000
vn -2.386819 0.000000 -0.868731
vn -2.501412 0.000000 -0.441066
vn -2.540000 0.000000 0.000000
vn -2.540000 0.000000 0.000000
vn -2.501412 0.000000 -0.441066
vn -2.386819 0.000000 -0.868731
vn -2.199704 0.000000 -1.270000
vn -1.945753 0.000000 -1.632681
vn -1.632681 0.000000 -1.945753
vn -1.270000 0.000000 -2.199704
vn -0.868731 0.000000 -2.386819
vn -0.441066 0.000000 -2.501412
vn 0.000000 0.000000 -2.540000
vn 0.441066 0.000000 -2.501412
vn 0.868731 0.000000 -2.386819
vn 1.270000 0.000000 -2.199704
vn 1.270000 0.000000 -2.199704
vn 1.270000 0.000000 -2.199704
vn 1.270000 0.000000 -2.199704
vn 1.270000 0.000000 -2.199704
vn 1.259740 0.000000 2.205596
vn 1.624358 0.000000 1.952706
vn 1.939401 0.000000 1.640221
vn 2.195255 0.000000 1.277677
vn 2.384110 0.000000 0.876139
vn 2.500204 0.000000 0.447861
vn 2.539993 0.000000 0.005916
vn 2.502263 0.000000 -0.436211
vn 2.388165 0.000000 -0.865024
vn 2.201182 0.000000 -1.267438
vn 1.947020 0.000000 -1.631170
vn 1.633436 0.000000 -1.945119
vn 1.270000 0.000000 -2.199704
vn 1.270000 0.000000 -2.199704
vn 1.633436 0.000000 -1.945119
vn 1.947020 0.000000 -1.631170
vn 2.201182 0.000000 -1.267438
vn 2.388165 0.000000 -0.865024
vn 2.502263 0.000000 -0.436211
vn 2.539993 0.000000 0.005916
vn 2.500204 0.000000 0.447861
vn 2.384110 0.000000 0.876139
vn 2.195255 0.000000 1.277677
vn 1.939401 0.000000 1.640221
vn 1.624358 0.000000 1.952706
vn 1.259740 0.000000 2.205596
vn 0.000000 -2.540000 0.000000
vn 0.000000 -2.540000 0.000000
vn 0.000000 -2.540000 0.000000
vn 0.000000 -2.540000 0.000000
vn 0.000000 -2.540000 0.000000
vn 0.000000 -2.540000 0.000000
vn 0.000000 -2.540000 0.000000
vn 0.000000 -2.540000 0.000000
vn 0.000000 -2.540000 0.000000
vn 0.000000 -2.540000 0.000000
vn 0.000000 -2.540000 0.000000
vn 0.000000 -2.540000 0.000000
vn 0.000000 -2.540000 0.000000
vn 0.000000 -2.540000 0.000000
vn 0.000000 -2.540000 0.000000
vn 0.000000 -2.540000 0.000000
vn 0.000000 -2.540000 0.000000
vn 0.000000 -2.540000 0.000000
vn 0.000000 -2.540000 0.000000
vn 0.000000 -2.540000 0.000000
vn 0.000000 -2.540000 0.000000
vn 0.000000 -2.540000 0.000000
vn 0.000000 -2.540000 0.000000
vn 0.000000 -2.540000 0.000000
vn 0.000000 -2.540000 0.000000
vn 0.000000 -2.540000 0.000000
vn 0.000000 -2.540000 0.000000
vn 0.000000 -2.540000 0.000000
vn 0.000000 -2.540000 0.000000
vn 0.000000 -2.540000 0.000000
vn 0.000000 -2.540000 0.000000
vn 0.000000 -2.540000 0.000000
vn 0.000000 -2.540000 0.000000
vn 0.000000 -2.540000 0.000000
vn 0.000000 -2.540000 0.000000
vn 0.000000 -2.540000 0.000000
vn 0.000000 -2.540000 0.000000
vn 0.000000 -2.540000 0.000000
vn 0.000000 -2.540000 0.000000
vn 0.000000 -2.540000 0.000000
vn 0.000000 -2.540000 0.000000
vn 0.000000 -2.540000 0.000000
vn 0.000000 -2.540000 0.000000
vn 0.000000 -2.540000 0.000000
vn 0.000000 -2.540000 0.000000
vn 0.000000 -2.540000 0.000000
vn 0.000000 -2.540000 0.000000
vn 0.000000 -2.540000 0.000000
vn 0.000000 -2.540000 0.000000
vn 0.000000 -2.540000 0.000000
vn 0.000000 -2.540000 0.000000
vn 0.000000 -2.540000 0.000000
vn 0.000000 -2.540000 0.000000
vn 0.000000 -2.540000 0.000000
vn 0.000000 -2.540000 0.000000
vn 0.000000 -2.540000 0.000000
vn 0.000000 -2.540000 0.000000
vn 0.000000 -2.540000 0.000000
vn 0.000000 -2.540000 0.000000
vn 0.000000 -2.540000 0.000000
vn 0.000000 -2.540000 0.000000
vn 0.000000 -2.540000 0.000000
vn 0.000000 -2.540000 0.000000
vn 0.000000 -2.540000 0.000000
vn 0.000000 -2.540000 0.000000
vn 0.000000 -2.540000 0.000000
vn 0.000000 -2.540000 0.000000
vn 0.000000 -2.540000 0.000000
vn 0.000000 -2.540000 0.000000
vn 0.000000 -2.540000 0.000000
vn 0.000000 -2.540000 0.000000
vn 0.000000 -2.540000 0.000000
vn 0.000000 -2.540000 0.000000
vn 0.000000 -2.540000 0.000000
vn 0.000000 -2.540000 0.000000
vn 0.000000 -2.540000 0.000000
vn 0.000000 -2.540000 0.000000
vn 0.000000 -2.540000 0.000000
vn 0.000000 -2.540000 0.000000
vn 0.000000 -2.540000 0.000000
vn 0.000000 -2.540000 0.000000
vn 0.000000 -2.540000 0.000000
vn 0.000000 -2.540000 0.000000
vn 0.000000 -2.540000 0.000000
vn 0.000000 -2.540000 0.000000
vn 0.000000 -2.540000 0.000000
vn 0.000000 -2.540000 0.000000
vn 0.000000 -2.540000 0.000000
vn 0.000000 -2.540000 0.000000
vn 0.000000 -2.540000 0.000000
vn 0.000000 -2.540000 0.000000
vn 0.000000 -2.540000 0.000000
vn 0.000000 -2.540000 0.000000
vn 0.000000 -2.540000 0.000000
vn 0.000000 -2.540000 0.000000
vn 0.000000 -2.540000 0.000000
vn 0.000000 -2.540000 0.000000
vn 0.000000 -2.540000 0.000000
vn 0.000000 -2.540000 0.000000
vn 0.000000 -2.540000 0.000000
vn 0.000000 -2.540000 0.000000
vn 0.000000 -2.540000 0.000000
vn 0.000000 -2.540000 0.000000
vn 0.000000 -2.540000 0.000000
vn 0.000000 -2.540000 0.000000
vn 0.000000 -2.540000 0.000000
vn 0.000000 -2.540000 0.000000
vn 0.000000 -2.540000 0.000000
vn 0.000000 -2.540000 0.000000
vn 0.000000 -2.540000 0.000000
vn 0.000000 -2.540000 0.000000
vn 0.000000 -2.540000 0.000000
vn 0.000000 -2.540000 0.000000
vn 0.000000 -2.540000 0.000000
vn 0.000000 -2.540000 0.000000
vn 0.000000 -2.540000 0.000000
vn 0.000000 -2.540000 0.000000
vn 0.000000 -2.540000 0.000000
vn 0.000000 -2.540000 0.000000
vn 0.000000 -2.540000 0.000000
vn 0.000000 -2.540000 0.000000
vn 0.000000 -2.540000 0.000000
vn 0.000000 -2.540000 0.000000
vn 0.000000 -2.540000 0.000000
vn 0.000000 -2.540000 0.000000
vn 0.000000 -2.540000 0.000000
vn 0.000000 -2.540000 0.000000
vn 0.000000 -2.540000 0.000000
vn 0.000000 -2.540000 0.000000
vn 0.000000 -2.540000 0.000000
vn 0.000000 -2.540000 0.000000
vn 0.000000 -2.540000 0.000000
vn 0.000000 -2.540000 0.000000
vn 0.000000 -2.540000 0.000000
vn 0.000000 -2.540000 0.000000
vn 0.000000 -2.540000 0.000000
vn 0.000000 -2.540000 0.000000
vn 0.000000 -2.540000 0.000000
vn 0.000000 -2.540000 0.000000
vn 0.000000 -2.540000 0.000000
vn 0.000000 -2.540000 0.000000
vn 0.000000 -2.540000 0.000000
vn 0.000000 -2.540000 0.000000
vn 0.000000 -2.540000 0.000000
vn 0.000000 -2.540000 0.000000
vn 0.000000 -2.540000 0.000000
vn 0.000000 -2.540000 0.000000
vn 0.000000 -2.540000 0.000000
vn 0.000000 -2.540000 0.000000
vn 0.000000 -2.540000 0.000000
vn 0.000000 -2.540000 0.000000
vn 0.000000 -2.540000 0.000000
vn 0.000000 -2.540000 0.000000
vn 0.000000 -2.540000 0.000000
vn 0.000000 -2.540000 0.000000
vn 0.000000 -2.540000 0.000000
vn 0.000000 -2.540000 0.000000
vn 0.000000 -2.540000 0.000000
vn 0.000000 -2.540000 0.000000
vn 0.000000 -2.540000 0.000000
vn 0.000000 -2.540000 0.000000
vn 0.000000 -2.540000 0.000000
vn 0.000000 -2.540000 0.000000
vn 0.000000 -2.540000 0.000000
vn 0.000000 -2.540000 0.000000
vn 0.000000 -2.540000 0.000000
vn 0.000000 -2.540000 0.000000
vn 0.000000 -2.540000 0.000000
vn 0.000000 -2.540000 0.000000
vn 0.000000 -2.540000 0.000000
vn 0.000000 -2.540000 0.000000
vn 0.000000 -2.540000 0.000000
vn 0.000000 -2.540000 0.000000
vn 0.000000 -2.540000 0.000000
vn 0.000000 -2.540000 0.000000
vn 0.000000 -2.540000 0.000000
vn 0.000000 -2.540000 0.000000
vn 0.000000 -2.540000 0.000000
vn 0.000000 -2.540000 0.000000
vn 0.000000 -2.540000 0.000000
vn 0.000000 -2.540000 0.000000
vn 0.000000 -2.540000 0.000000
vn 0.000000 -2.540000 0.000000
vn 0.000000 -2.540000 0.000000
vn 0.000000 -2.540000 0.000000
vn 0.000000 -2.540000 0.000000
vn 0.000000 -2.540000 0.000000
vn 0.000000 -2.540000 0.000000
vn 0.000000 -2.540000 0.000000
vn 0.000000 -2.540000 0.000000
vn 0.000000 -2.540000 0.000000
vn 0.000000 -2.540000 0.000000
vn 0.000000 -2.540000 0.000000
vn 0.000000 -2.540000 0.000000
vn 0.000000 -2.540000 0.000000
vn 0.000000 -2.540000 0.000000
vn 0.000000 -2.540000 0.000000
vn 0.000000 -2.540000 0.000000
vn 0.000000 -2.540000 0.000000
vn 0.000000 -2.540000 0.000000
vn 0.000000 -2.540000 0.000000
vn 2.199704 0.000000 -1.270000
vn 2.032184 0.972233 -1.173282
vn 1.555427 1.796050 -0.898026
vn 0.841980 2.346563 -0.486118
vn 0.000000 2.540000 0.000000
vn -0.841980 2.346563 0.486118
vn -1.555427 1.796050 0.898026
vn -2.032184 0.972233 1.173282
vn -2.199704 0.000000 1.270000
vn -2.199704 0.000000 1.270000
vn -1.779598 1.492975 1.027452
vn -0.679746 2.415684 0.392452
vn 0.679746 2.415684 -0.392452
vn 1.779598 1.492975 -1.027452
vn 2.199704 0.000000 -1.270000
vn 2.199704 0.000000 -1.270000
vn 1.779598 1.492975 -1.027452
vn 0.679746 2.415684 -0.392452
vn -0.679746 2.415684 0.392452
vn -1.779598 1.492975 1.027452
vn -2.199704 0.000000 1.270000
vn -1.033111 0.000000 2.320405
vn 0.528096 0.000000 2.484495
vn 1.887588 0.000000 1.699592
vn 2.526086 0.000000 0.265502
vn 1.466470 1.466470 1.466470
vn 2.220874 1.214803 0.208732
vn 2.213014 0.546184 -1.120647
vn 1.961537 0.070742 1.612132
vn 2.358865 0.468070 0.817475
vn 1.612132 1.961537 0.070742
vn 0.817475 2.358865 0.468070
vn 0.208732 2.220874 1.214803
vn -1.349267 1.204466 1.783351
vn 0.070742 1.612132 1.961537
vn 0.468070 0.817475 2.358865
vn 1.214803 0.208732 2.220874
vn 2.199704 0.000000 -1.270000
vn 2.213014 0.546184 -1.120647
vn 2.213014 0.546184 -1.120647
vn 1.466470 1.466470 1.466470
vn 1.466470 1.466470 1.466470
vn 1.466470 1.466470 1.466470
vn 2.220874 1.214803 0.208732
vn 1.466470 1.466470 1.466470
vn 2.220874 1.214803 0.208732
vn 2.220874 1.214803 0.208732
vn -2.199711 0.000000 -1.269989
vn -2.032190 0.972233 -1.173272
vn -1.555431 1.796050 -0.898019
vn -0.841983 2.346563 -0.486113
vn 0.000000 2.540000 0.000000
vn 0.841983 2.346563 0.486113
vn 1.555431 1.796050 0.898019
vn 2.032190 0.972233 1.173272
vn 2.199711 0.000000 1.269989
vn 2.199711 0.000000 1.269989
vn 1.779603 1.492975 1.027443
vn 0.679748 2.415684 0.392448
vn -0.679748 2.415684 -0.392448
vn -1.779603 1.492975 -1.027443
vn -2.199711 0.000000 -1.269989
vn -2.199711 0.000000 -1.269989
vn -1.779603 1.492975 -1.027443
vn -0.679748 2.415684 -0.392448
vn 0.679748 2.415684 0.392448
vn 1.779603 1.492975 1.027443
vn 2.199711 0.000000 1.269989
vn 2.526084 0.000000 -0.265514
vn 1.887580 0.000000 -1.699601
vn 0.528084 0.000000 -2.484497
vn -1.033122 0.000000 -2.320401
vn 2.500702 0.333846 0.294336
vn 1.471734 2.035333 -0.378181
vn 0.570800 2.473590 0.084495
vn -0.328190 2.310564 -1.002590
vn -1.124601 1.425347 -1.776304
vn 0.082749 0.838034 -2.396341
vn 0.921208 1.702797 -1.644220
vn 2.208891 1.218023 -0.298029
vn 1.943484 0.569367 -1.533067
vn -0.007277 0.000000 2.539990
vn -0.006723 0.972233 2.346554
vn -0.005145 1.796050 1.796045
vn -0.002785 2.346563 0.972231
vn 0.000000 2.540000 0.000000
vn 0.002785 2.346563 -0.972231
vn 0.005145 1.796050 -1.796045
vn 0.006723 0.972233 -2.346554
vn 0.007277 0.000000 -2.539990
vn 0.007277 0.000000 -2.539990
vn 0.005887 1.492975 -2.054895
vn 0.002249 2.415684 -0.784900
vn -0.002249 2.415684 0.784900
vn -0.005887 1.492975 2.054895
vn -0.007277 0.000000 2.539990
vn -0.007277 0.000000 2.539990
vn -0.005887 1.492975 2.054895
vn -0.002249 2.415684 0.784900
vn 0.002249 2.415684 -0.784900
vn 0.005887 1.492975 -2.054895
vn 0.007277 0.000000 -2.539990
vn -1.487081 0.000000 -2.059172
vn -2.413425 0.000000 -0.791821
vn -2.417922 0.000000 0.777979
vn -1.498855 0.000000 2.050617
vn -1.356145 0.660539 2.043565
vn -1.480673 1.773918 1.054714
vn -2.380579 0.872292 0.153467
vn -0.868009 2.381346 -0.165378
vn -1.768239 1.479398 -1.065979
vn -0.652991 1.348927 -2.050756
usemtl 191,191,191
f 634/2/2 630/7/7 633/1/1
f 633/1/1 630/7/7 629/16/16
f 633/1/1 629/16/16 647/17/17
f 634/2/2 638/3/3 630/7/7
f 630/7/7 638/3/3 642/4/4
f 630/7/7 642/4/4 646/5/5
f 646/5/5 649/6/6 630/7/7
f 629/16/16 630/7/7 617/15/15
f 617/15/15 630/7/7 620/8/8
f 617/15/15 620/8/8 573/14/14
f 573/14/14 620/8/8 574/9/9
f 573/14/14 574/9/9 556/13/13
f 556/13/13 574/9/9 557/10/10
f 556/13/13 557/10/10 542/12/12
f 542/12/12 557/10/10 543/11/11
f 627/18/18 631/33/33 647/17/17
f 647/17/17 631/33/33 635/34/34
f 647/17/17 635/34/34 639/35/35
f 607/19/19 608/26/26 627/18/18
f 627/18/18 608/26/26 628/27/27
f 627/18/18 628/27/27 631/33/33
f 631/33/33 628/27/27 632/32/32
f 632/32/32 628/27/27 636/31/31
f 636/31/31 628/27/27 640/30/30
f 640/30/30 628/27/27 644/29/29
f 644/29/29 628/27/27 649/28/28
f 608/26/26 607/19/19 568/25/25
f 568/25/25 607/19/19 567/20/20
f 568/25/25 567/20/20 550/24/24
f 550/24/24 567/20/20 549/21/21
f 550/24/24 549/21/21 541/23/23
f 541/23/23 549/21/21 540/22/22
f 639/35/35 643/36/36 647/17/17
f 647/17/17 643/36/36 648/37/37
f 647/17/17 648/37/37 645/38/38
f 645/38/38 641/39/39 647/17/17
f 647/17/17 641/39/39 637/40/40
f 647/17/17 637/40/40 633/1/1
f 185/42/42 249/47/47 183/41/41
f 183/41/41 249/47/47 247/56/56
f 183/41/41 247/56/56 132/57/57
f 185/42/42 179/43/43 249/47/47
f 249/47/47 179/43/43 163/44/44
f 249/47/47 163/44/44 152/45/45
f 152/45/45 136/46/46 249/47/47
f 247/56/56 249/47/47 287/55/55
f 287/55/55 249/47/47 289/48/48
f 287/55/55 289/48/48 329/54/54
f 329/54/54 289/48/48 331/49/49
f 329/54/54 331/49/49 371/53/53
f 371/53/53 331/49/49 373/50/50
f 371/53/53 373/50/50 401/52/52
f 401/52/52 373/50/50 403/51/51
f 78/58/58 90/73/73 132/57/57
f 132/57/57 90/73/73 94/74/74
f 132/57/57 94/74/74 108/75/75
f 52/59/59 54/66/66 78/58/58
f 78/58/58 54/66/66 80/67/67
f 78/58/58 80/67/67 90/73/73
f 90/73/73 80/67/67 92/72/72
f 92/72/72 80/67/67 96/71/71
f 96/71/71 80/67/67 110/70/70
f 110/70/70 80/67/67 118/69/69
f 118/69/69 80/67/67 136/68/68
f 54/66/66 52/59/59 46/65/65
f 46/65/65 52/59/59 44/60/60
f 46/65/65 44/60/60 36/64/64
f 36/64/64 44/60/60 34/61/61
f 36/64/64 34/61/61 32/63/63
f 32/63/63 34/61/61 30/62/62
f 108/75/75 116/76/76 132/57/57
f 132/57/57 116/76/76 134/77/77
f 132/57/57 134/77/77 150/78/78
f 150/78/78 161/79/79 132/57/57
f 132/57/57 161/79/79 177/80/80
f 132/57/57 177/80/80 183/41/41
f 91/82/82 79/87/87 89/81/81
f 89/81/81 79/87/87 77/96/96
f 89/81/81 77/96/96 131/97/97
f 91/82/82 95/83/83 79/87/87
f 79/87/87 95/83/83 109/84/84
f 79/87/87 109/84/84 117/85/85
f 117/85/85 135/86/86 79/87/87
f 77/96/96 79/87/87 51/95/95
f 51/95/95 79/87/87 53/88/88
f 51/95/95 53/88/88 43/94/94
f 43/94/94 53/88/88 45/89/89
f 43/94/94 45/89/89 33/93/93
f 33/93/93 45/89/89 35/90/90
f 33/93/93 35/90/90 29/92/92
f 29/92/92 35/90/90 31/91/91
f 246/98/98 182/113/113 131/97/97
f 131/97/97 182/113/113 176/114/114
f 131/97/97 176/114/114 160/115/115
f 286/99/99 288/106/106 246/98/98
f 246/98/98 288/106/106 248/107/107
f 246/98/98 248/107/107 182/113/113
f 182/113/113 248/107/107 184/112/112
f 184/112/112 248/107/107 178/111/111
f 178/111/111 248/107/107 162/110/110
f 162/110/110 248/107/107 151/109/109
f 151/109/109 248/107/107 135/108/108
f 288/106/106 286/99/99 330/105/105
f 330/105/105 286/99/99 328/100/100
f 330/105/105 328/100/100 372/104/104
f 372/104/104 328/100/100 370/101/101
f 372/104/104 370/101/101 402/103/103
f 402/103/103 370/101/101 400/102/102
f 160/115/115 149/116/116 131/97/97
f 131/97/97 149/116/116 133/117/117
f 131/97/97 133/117/117 115/118/118
f 115/118/118 107/119/119 131/97/97
f 131/97/97 107/119/119 93/120/120
f 131/97/97 93/120/120 89/81/81
f 541/121/121 548/122/122 550/144/144
f 550/144/144 548/122/122 598/124/124
f 550/144/144 598/124/124 650/125/125
f 548/122/122 551/123/123 598/124/124
f 550/144/144 650/125/125 568/143/143
f 568/143/143 650/125/125 656/126/126
f 568/143/143 656/126/126 608/142/142
f 608/142/142 656/126/126 658/127/127
f 608/142/142 658/127/127 628/141/141
f 628/141/141 658/127/127 664/128/128
f 628/141/141 664/128/128 649/140/140
f 649/140/140 664/128/128 665/129/129
f 649/140/140 665/129/129 630/139/139
f 630/139/139 665/129/129 659/130/130
f 630/139/139 659/130/130 620/138/138
f 620/138/138 659/130/130 657/131/131
f 620/138/138 657/131/131 574/137/137
f 574/137/137 657/131/131 651/132/132
f 574/137/137 651/132/132 557/136/136
f 557/136/136 651/132/132 599/133/133
f 557/136/136 599/133/133 543/135/135
f 543/135/135 599/133/133 558/134/134
f 14/146/146 16/147/147 32/145/145
f 32/145/145 16/147/147 36/167/167
f 36/167/167 16/147/147 22/148/148
f 36/167/167 22/148/148 46/166/166
f 46/166/166 22/148/148 28/149/149
f 46/166/166 28/149/149 54/165/165
f 54/165/165 28/149/149 38/150/150
f 54/165/165 38/150/150 80/164/164
f 80/164/164 38/150/150 64/151/151
f 80/164/164 64/151/151 136/163/163
f 136/163/163 64/151/151 98/152/152
f 136/163/163 98/152/152 249/162/162
f 249/162/162 98/152/152 245/153/153
f 249/162/162 245/153/153 289/161/161
f 289/161/161 245/153/153 307/154/154
f 289/161/161 307/154/154 331/160/160
f 331/160/160 307/154/154 341/155/155
f 331/160/160 341/155/155 373/159/159
f 373/159/159 341/155/155 399/156/156
f 373/159/159 399/156/156 403/158/158
f 403/158/158 399/156/156 427/157/157
f 426/169/169 398/170/170 402/168/168
f 402/168/168 398/170/170 372/190/190
f 372/190/190 398/170/170 340/171/171
f 372/190/190 340/171/171 330/189/189
f 330/189/189 340/171/171 306/172/172
f 330/189/189 306/172/172 288/188/188
f 288/188/188 306/172/172 244/173/173
f 288/188/188 244/173/173 248/187/187
f 248/187/187 244/173/173 97/174/174
f 248/187/187 97/174/174 135/186/186
f 135/186/186 97/174/174 63/175/175
f 135/186/186 63/175/175 79/185/185
f 79/185/185 63/175/175 37/176/176
f 79/185/185 37/176/176 53/184/184
f 53/184/184 37/176/176 27/177/177
f 53/184/184 27/177/177 45/183/183
f 45/183/183 27/177/177 21/178/178
f 45/183/183 21/178/178 35/182/182
f 35/182/182 21/178/178 15/179/179
f 35/182/182 15/179/179 31/181/181
f 31/181/181 15/179/179 13/180/180
f 633/191/191 621/192/192 634/194/194
f 634/194/194 621/192/192 622/193/193
f 622/206/206 621/195/195 592/205/205
f 592/205/205 621/195/195 591/196/196
f 592/205/205 591/196/196 581/204/204
f 581/204/204 591/196/196 580/197/197
f 581/204/204 580/197/197 579/203/203
f 579/203/203 580/197/197 578/198/198
f 579/203/203 578/198/198 590/202/202
f 590/202/202 578/198/198 589/199/199
f 590/202/202 589/199/199 611/201/201
f 611/201/201 589/199/199 610/200/200
f 610/207/207 631/208/208 611/210/210
f 611/210/210 631/208/208 632/209/209
f 618/212/212 605/235/235 621/211/211
f 621/236/236 605/222/222 600/224/224
f 621/237/237 600/224/224 591/220/220
f 591/220/220 600/224/224 588/234/234
f 591/220/220 588/234/234 584/223/223
f 584/223/223 588/234/234 594/221/221
f 605/238/238 618/212/212 606/225/225
f 606/225/225 618/212/212 615/213/213
f 606/225/225 615/213/213 604/226/226
f 604/226/226 615/213/213 613/214/214
f 604/226/226 613/214/214 596/228/228
f 596/228/228 613/214/214 602/227/227
f 596/228/228 602/227/227 585/231/231
f 585/231/231 602/227/227 586/230/230
f 585/231/231 586/230/230 583/233/233
f 583/233/233 586/230/230 577/232/232
f 583/233/233 577/232/232 580/219/219
f 580/219/219 577/232/232 578/218/218
f 578/218/218 577/232/232 586/230/230
f 578/218/218 586/230/230 589/217/217
f 589/217/217 586/230/230 597/229/229
f 589/217/217 597/229/229 610/216/216
f 610/216/216 597/229/229 609/215/215
f 609/215/215 597/229/229 586/230/230
f 609/215/215 586/230/230 602/227/227
f 613/214/214 609/215/215 602/227/227
f 583/233/233 580/219/219 584/223/223
f 584/223/223 580/219/219 591/220/220
f 605/222/222 594/221/221 600/224/224
f 584/223/223 594/221/221 583/233/233
f 600/224/224 594/221/221 588/234/234
f 583/233/233 594/221/221 585/231/231
f 585/231/231 594/239/239 596/228/228
f 604/226/226 594/240/240 606/225/225
f 606/241/241 594/221/221 605/222/222
f 596/228/228 594/242/242 604/226/226
f 631/257/257 610/243/243 635/256/256
f 635/256/256 610/243/243 609/244/244
f 635/256/256 609/244/244 639/255/255
f 639/255/255 609/244/244 613/245/245
f 639/255/255 613/245/245 643/254/254
f 643/254/254 613/245/245 648/253/253
f 648/253/253 613/245/245 615/246/246
f 648/253/253 615/246/246 645/252/252
f 645/252/252 615/246/246 641/251/251
f 641/251/251 615/246/246 618/247/247
f 641/251/251 618/247/247 637/250/250
f 637/250/250 618/247/247 621/248/248
f 637/250/250 621/248/248 633/249/249
f 183/258/258 214/259/259 185/261/261
f 185/261/261 214/259/259 216/260/260
f 216/273/273 214/262/262 227/272/272
f 227/272/272 214/262/262 225/263/263
f 227/272/272 225/263/263 210/271/271
f 210/271/271 225/263/263 208/264/264
f 210/271/271 208/264/264 168/270/270
f 168/270/270 208/264/264 166/265/265
f 168/270/270 166/265/265 141/269/269
f 141/269/269 166/265/265 139/266/266
f 141/269/269 139/266/266 114/268/268
f 114/268/268 139/266/266 112/267/267
f 112/274/274 90/275/275 114/277/277
f 114/277/277 90/275/275 92/276/276
f 225/287/287 214/278/278 221/293/293
f 221/293/293 214/278/278 202/279/279
f 221/293/293 202/279/279 197/292/292
f 197/292/292 202/279/279 175/294/294
f 197/292/292 175/294/294 148/295/295
f 148/295/295 175/294/294 144/281/281
f 148/295/295 144/281/281 120/282/282
f 202/279/279 171/280/280 175/294/294
f 175/294/294 171/280/280 144/281/281
f 112/283/283 128/288/288 120/282/282
f 139/284/284 127/296/296 112/283/283
f 112/283/283 127/296/296 128/288/288
f 127/296/296 139/284/284 142/297/297
f 142/297/297 139/284/284 166/298/298
f 142/297/297 166/299/299 154/290/290
f 154/300/300 166/285/285 188/289/289
f 154/301/301 188/289/289 156/291/291
f 156/291/291 188/289/289 197/292/292
f 156/291/291 197/292/292 148/295/295
f 166/285/285 208/286/286 188/289/289
f 188/289/289 208/286/286 197/292/292
f 197/292/292 208/286/286 221/293/293
f 221/293/293 208/286/286 225/287/287
f 154/290/290 128/288/288 142/297/297
f 142/297/297 128/288/288 127/296/296
f 148/295/295 128/302/302 156/291/291
f 156/303/303 128/288/288 154/290/290
f 120/282/282 128/304/304 148/295/295
f 551/305/305 548/306/306 427/309/309
f 427/309/309 548/306/306 403/308/308
f 403/308/308 548/306/306 541/307/307
f 90/324/324 112/310/310 94/323/323
f 94/323/323 112/310/310 120/311/311
f 94/323/323 120/311/311 108/322/322
f 108/322/322 120/311/311 144/312/312
f 108/322/322 144/312/312 116/321/321
f 116/321/321 144/312/312 134/320/320
f 134/320/320 144/312/312 171/313/313
f 134/320/320 171/313/313 150/319/319
f 150/319/319 171/313/313 161/318/318
f 161/318/318 171/313/313 202/314/314
f 161/318/318 202/314/314 177/317/317
f 177/317/317 202/314/314 214/315/315
f 177/317/317 214/315/315 183/316/316
f 13/326/326 14/327/327 31/325/325
f 31/325/325 14/327/327 32/328/328
f 89/329/329 111/330/330 91/332/332
f 91/332/332 111/330/330 113/331/331
f 558/334/334 426/335/335 543/333/333
f 543/333/333 426/335/335 402/336/336
f 113/348/348 111/337/337 140/347/347
f 140/347/347 111/337/337 138/338/338
f 140/347/347 138/338/338 167/346/346
f 167/346/346 138/338/338 165/339/339
f 167/346/346 165/339/339 209/345/345
f 209/345/345 165/339/339 207/340/340
f 209/345/345 207/340/340 226/344/344
f 226/344/344 207/340/340 224/341/341
f 226/344/344 224/341/341 215/343/343
f 215/343/343 224/341/341 213/342/342
f 31/349/349 32/350/350 29/352/352
f 29/352/352 32/350/350 30/351/351
f 213/353/353 182/354/354 215/356/356
f 215/356/356 182/354/354 184/355/355
f 403/357/357 541/358/358 401/360/360
f 401/360/360 541/358/358 540/359/359
f 7/399/399 3/361/361 13/413/413
f 13/413/413 3/361/361 4/362/362
f 13/413/413 4/362/362 14/412/412
f 14/412/412 4/362/362 8/363/363
f 14/412/412 8/363/363 16/411/411
f 16/411/411 8/363/363 12/364/364
f 16/411/411 12/364/364 22/410/410
f 22/410/410 12/364/364 20/365/365
f 22/410/410 20/365/365 28/409/409
f 28/409/409 20/365/365 26/366/366
f 28/409/409 26/366/366 38/408/408
f 38/408/408 26/366/366 42/367/367
f 38/408/408 42/367/367 64/407/407
f 64/407/407 42/367/367 68/368/368
f 64/407/407 68/368/368 98/406/406
f 98/406/406 68/368/368 126/369/369
f 98/406/406 126/369/369 245/405/405
f 245/405/405 126/369/369 253/370/370
f 245/405/405 253/370/370 307/404/404
f 307/404/404 253/370/370 311/371/371
f 307/404/404 311/371/371 341/403/403
f 341/403/403 311/371/371 369/372/372
f 341/403/403 369/372/372 399/402/402
f 399/402/402 369/372/372 407/373/373
f 399/402/402 407/373/373 427/401/401
f 427/401/401 407/373/373 447/374/374
f 427/401/401 447/374/374 551/400/400
f 551/400/400 447/374/374 560/375/375
f 551/400/400 560/375/375 624/376/376
f 551/400/400 624/376/376 598/435/435
f 598/435/435 624/376/376 653/377/377
f 598/435/435 653/377/377 650/434/434
f 650/434/434 653/377/377 661/378/378
f 650/434/434 661/378/378 656/433/433
f 656/433/433 661/378/378 667/379/379
f 656/433/433 667/379/379 658/432/432
f 658/432/432 667/379/379 671/380/380
f 658/432/432 671/380/380 664/431/431
f 664/431/431 671/380/380 675/381/381
f 664/431/431 675/381/381 665/430/430
f 665/430/430 675/381/381 673/382/382
f 665/430/430 673/382/382 659/429/429
f 659/429/429 673/382/382 669/383/383
f 659/429/429 669/383/383 657/428/428
f 657/428/428 669/383/383 663/384/384
f 657/428/428 663/384/384 651/427/427
f 651/427/427 663/384/384 655/385/385
f 651/427/427 655/385/385 599/426/426
f 599/426/426 655/385/385 626/386/386
f 599/426/426 626/386/386 558/425/425
f 558/425/425 626/386/386 566/387/387
f 558/425/425 566/387/387 446/388/388
f 558/425/425 446/388/388 426/424/424
f 426/424/424 446/388/388 405/389/389
f 426/424/424 405/389/389 398/423/423
f 398/423/423 405/389/389 368/390/390
f 398/423/423 368/390/390 340/422/422
f 340/422/422 368/390/390 310/391/391
f 340/422/422 310/391/391 306/421/421
f 306/421/421 310/391/391 252/392/392
f 306/421/421 252/392/392 244/420/420
f 244/420/420 252/392/392 125/393/393
f 244/420/420 125/393/393 97/419/419
f 97/419/419 125/393/393 67/394/394
f 97/419/419 67/394/394 63/418/418
f 63/418/418 67/394/394 41/395/395
f 63/418/418 41/395/395 37/417/417
f 37/417/417 41/395/395 25/396/396
f 37/417/417 25/396/396 27/416/416
f 27/416/416 25/396/396 19/397/397
f 27/416/416 19/397/397 21/415/415
f 21/415/415 19/397/397 11/398/398
f 21/415/415 11/398/398 15/414/414
f 15/414/414 11/398/398 7/399/399
f 15/414/414 7/399/399 13/413/413
f 138/445/445 111/436/436 130/448/448
f 130/448/448 111/436/436 119/437/437
f 130/448/448 119/437/437 155/446/446
f 155/446/446 119/437/437 143/438/438
f 155/446/446 143/438/438 186/451/451
f 186/451/451 143/438/438 170/439/439
f 186/451/451 170/439/439 206/453/453
f 206/453/453 170/439/439 201/440/440
f 206/453/453 201/440/440 222/447/447
f 222/447/447 201/440/440 213/441/441
f 222/447/447 213/441/441 224/442/442
f 224/442/442 207/443/443 222/447/447
f 222/447/447 207/443/443 205/452/452
f 222/447/447 205/452/452 186/451/451
f 186/451/451 205/452/452 155/446/446
f 205/452/452 207/443/443 174/450/450
f 174/450/450 207/443/443 165/444/444
f 174/450/450 165/444/444 147/449/449
f 147/449/449 165/444/444 138/445/445
f 147/449/449 138/445/445 130/448/448
f 174/450/450 147/449/449 130/448/448
f 130/448/448 155/446/446 174/450/450
f 174/450/450 155/446/446 205/452/452
f 206/453/453 222/447/447 186/451/451
f 543/454/454 402/455/455 542/457/457
f 542/457/457 402/455/455 400/456/456
f 182/472/472 213/458/458 176/471/471
f 176/471/471 213/458/458 201/459/459
f 176/471/471 201/459/459 160/470/470
f 160/470/470 201/459/459 170/460/460
f 160/470/470 170/460/460 149/469/469
f 149/469/469 170/460/460 133/468/468
f 133/468/468 170/460/460 143/461/461
f 133/468/468 143/461/461 115/467/467
f 115/467/467 143/461/461 107/466/466
f 107/466/466 143/461/461 119/462/462
f 107/466/466 119/462/462 93/465/465
f 93/465/465 119/462/462 111/463/463
f 93/465/465 111/463/463 89/464/464
f 370/474/474 328/475/475 400/473/473
f 400/473/473 328/475/475 286/476/476
f 400/473/473 286/476/476 246/477/477
f 246/477/477 131/478/478 400/473/473
f 400/473/473 131/478/478 77/479/479
f 400/473/473 77/479/479 51/480/480
f 51/480/480 43/481/481 400/473/473
f 400/473/473 43/481/481 33/482/482
f 400/473/473 33/482/482 29/483/483
f 400/473/473 29/483/483 401/494/494
f 401/494/494 29/483/483 30/484/484
f 401/494/494 30/484/484 34/485/485
f 34/485/485 44/486/486 401/494/494
f 401/494/494 44/486/486 52/487/487
f 401/494/494 52/487/487 78/488/488
f 78/488/488 132/489/489 401/494/494
f 401/494/494 132/489/489 247/490/490
f 401/494/494 247/490/490 287/491/491
f 287/491/491 329/492/492 401/494/494
f 401/494/494 329/492/492 371/493/493
f 401/494/494 540/495/495 400/473/473
f 400/473/473 540/495/495 542/505/505
f 542/505/505 540/495/495 549/496/496
f 542/505/505 549/496/496 556/504/504
f 556/504/504 549/496/496 567/497/497
f 556/504/504 567/497/497 573/503/503
f 573/503/503 567/497/497 607/498/498
f 573/503/503 607/498/498 617/502/502
f 617/502/502 607/498/498 627/499/499
f 617/502/502 627/499/499 629/501/501
f 629/501/501 627/499/499 647/500/500
f 459/514/514 487/506/506 467/513/513
f 467/513/513 487/506/506 491/507/507
f 467/513/513 491/507/507 471/512/512
f 471/512/512 491/507/507 495/508/508
f 471/512/512 495/508/508 483/511/511
f 483/511/511 495/508/508 502/509/509
f 483/511/511 502/509/509 503/510/510
f 458/515/515 466/516/516 486/523/523
f 486/523/523 466/516/516 490/522/522
f 490/522/522 466/516/516 470/517/517
f 490/522/522 470/517/517 494/521/521
f 494/521/521 470/517/517 482/518/518
f 494/521/521 482/518/518 501/520/520
f 501/520/520 482/518/518 500/519/519
f 301/525/525 259/526/526 300/524/524
f 300/524/524 259/526/526 283/532/532
f 283/532/532 259/526/526 194/527/527
f 283/532/532 194/527/527 275/531/531
f 275/531/531 194/527/527 104/528/528
f 275/531/531 104/528/528 267/530/530
f 267/530/530 104/528/528 86/529/529
f 87/533/533 105/534/534 268/541/541
f 268/541/541 105/534/534 276/540/540
f 276/540/540 105/534/534 195/535/535
f 276/540/540 195/535/535 284/539/539
f 284/539/539 195/535/535 260/536/536
f 284/539/539 260/536/536 303/538/538
f 303/538/538 260/536/536 302/537/537
f 530/550/550 563/542/542 534/549/549
f 534/549/549 563/542/542 571/543/543
f 534/549/549 571/543/543 576/544/544
f 534/549/549 576/544/544 535/548/548
f 535/548/548 576/544/544 572/545/545
f 535/548/548 572/545/545 564/546/546
f 564/546/546 531/547/547 535/548/548
f 555/552/552 547/553/553 523/551/551
f 523/551/551 547/553/553 519/559/559
f 519/559/559 547/553/553 539/554/554
f 519/559/559 539/554/554 515/558/558
f 515/558/558 539/554/554 527/555/555
f 515/558/558 527/555/555 510/557/557
f 510/557/557 527/555/555 511/556/556
f 243/560/560 76/561/561 235/568/568
f 235/568/568 76/561/561 62/562/562
f 235/568/568 62/562/562 50/563/563
f 235/568/568 50/563/563 234/567/567
f 234/567/567 50/563/563 61/564/564
f 234/567/567 61/564/564 75/565/565
f 75/565/565 242/566/566 234/567/567
f 241/569/569 74/570/570 233/577/577
f 233/577/577 74/570/570 60/571/571
f 233/577/577 60/571/571 49/572/572
f 233/577/577 49/572/572 232/576/576
f 232/576/576 49/572/572 59/573/573
f 232/576/576 59/573/573 73/574/574
f 73/574/574 240/575/575 232/576/576
f 305/578/578 261/579/579 304/586/586
f 304/586/586 261/579/579 285/585/585
f 285/585/585 261/579/579 196/580/580
f 285/585/585 196/580/580 277/584/584
f 277/584/584 196/580/580 106/581/581
f 277/584/584 106/581/581 269/583/583
f 269/583/583 106/581/581 88/582/582
f 85/587/587 103/588/588 266/595/595
f 266/595/595 103/588/588 274/594/594
f 274/594/594 103/588/588 193/589/589
f 274/594/594 193/589/589 282/593/593
f 282/593/593 193/589/589 258/590/590
f 282/593/593 258/590/590 299/592/592
f 299/592/592 258/590/590 298/591/591
f 508/596/596 526/597/597 509/604/604
f 509/604/604 526/597/597 514/603/603
f 514/603/603 526/597/597 538/598/598
f 514/603/603 538/598/598 518/602/602
f 518/602/602 538/598/598 546/599/599
f 518/602/602 546/599/599 522/601/601
f 522/601/601 546/599/599 554/600/600
f 327/613/613 326/605/605 365/612/612
f 365/612/612 326/605/605 339/606/606
f 365/612/612 339/606/606 397/611/611
f 397/611/611 339/606/606 349/607/607
f 397/611/611 349/607/607 415/610/610
f 415/610/610 349/607/607 357/608/608
f 415/610/610 357/608/608 425/609/609
f 320/614/614 362/615/615 321/622/622
f 321/622/622 362/615/615 336/621/621
f 336/621/621 362/615/615 394/616/616
f 336/621/621 394/616/616 346/620/620
f 346/620/620 394/616/616 412/617/617
f 346/620/620 412/617/617 354/619/619
f 354/619/619 412/617/617 422/618/618
f 379/624/624 387/625/625 441/623/623
f 441/623/623 387/625/625 453/631/631
f 453/631/631 387/625/625 462/630/630
f 462/630/630 387/625/625 386/626/626
f 462/630/630 386/626/626 452/629/629
f 452/629/629 386/626/626 440/628/628
f 440/628/628 386/626/626 378/627/627
f 478/632/632 474/633/633 434/640/640
f 434/640/640 474/633/633 430/639/639
f 430/639/639 474/633/633 417/638/638
f 417/638/638 474/633/633 475/634/634
f 417/638/638 475/634/634 431/637/637
f 431/637/637 475/634/634 435/636/636
f 435/636/636 475/634/634 479/635/635
f 380/641/641 442/642/642 388/649/649
f 388/649/649 442/642/642 454/643/643
f 388/649/649 454/643/643 463/644/644
f 388/649/649 463/644/644 389/648/648
f 389/648/648 463/644/644 455/645/645
f 389/648/648 455/645/645 443/646/646
f 443/646/646 381/647/647 389/648/648
f 323/658/658 322/650/650 363/657/657
f 363/657/657 322/650/650 337/651/651
f 363/657/657 337/651/651 395/656/656
f 395/656/656 337/651/651 347/652/652
f 395/656/656 347/652/652 413/655/655
f 413/655/655 347/652/652 355/653/653
f 413/655/655 355/653/653 423/654/654
f 324/659/659 364/660/660 325/667/667
f 325/667/667 364/660/660 338/666/666
f 338/666/666 364/660/660 396/661/661
f 338/666/666 396/661/661 348/665/665
f 348/665/665 396/661/661 414/662/662
f 348/665/665 414/662/662 356/664/664
f 356/664/664 414/662/662 424/663/663
f 324/677/677 316/668/668 364/676/676
f 364/676/676 316/668/668 360/669/669
f 364/676/676 360/669/669 396/675/675
f 396/675/675 360/669/669 392/670/670
f 396/675/675 392/670/670 414/674/674
f 414/674/674 392/670/670 410/671/671
f 414/674/674 410/671/671 424/673/673
f 424/673/673 410/671/671 420/672/672
f 317/678/678 316/679/679 325/681/681
f 325/681/681 316/679/679 324/680/680
f 356/689/689 352/682/682 348/688/688
f 348/688/688 352/682/682 344/683/683
f 348/688/688 344/683/683 334/684/684
f 317/685/685 325/686/686 334/684/684
f 334/684/684 325/686/686 338/687/687
f 334/684/684 338/687/687 348/688/688
f 420/690/690 352/691/691 424/693/693
f 424/693/693 352/691/691 356/692/692
f 322/701/701 314/694/694 337/700/700
f 337/700/700 314/694/694 333/695/695
f 337/700/700 333/695/695 343/696/696
f 351/697/697 355/698/698 343/696/696
f 343/696/696 355/698/698 347/699/699
f 343/696/696 347/699/699 337/700/700
f 315/702/702 314/703/703 323/705/705
f 323/705/705 314/703/703 322/704/704
f 423/715/715 419/706/706 413/714/714
f 413/714/714 419/706/706 409/707/707
f 413/714/714 409/707/707 395/713/713
f 395/713/713 409/707/707 391/708/708
f 395/713/713 391/708/708 363/712/712
f 363/712/712 391/708/708 359/709/709
f 363/712/712 359/709/709 323/711/711
f 323/711/711 359/709/709 315/710/710
f 351/716/716 419/717/717 355/719/719
f 355/719/719 419/717/717 423/718/718
f 376/720/720 438/721/721 380/723/723
f 380/723/723 438/721/721 442/722/722
f 381/731/731 377/724/724 389/730/730
f 389/730/730 377/724/724 385/725/725
f 389/730/730 385/725/725 384/726/726
f 376/727/727 380/728/728 384/726/726
f 384/726/726 380/728/728 388/729/729
f 384/726/726 388/729/729 389/730/730
f 439/732/732 377/733/733 443/735/735
f 443/735/735 377/733/733 381/734/734
f 442/745/745 438/736/736 454/744/744
f 454/744/744 438/736/736 450/737/737
f 454/744/744 450/737/737 463/743/743
f 463/743/743 450/737/737 461/738/738
f 463/743/743 461/738/738 455/742/742
f 455/742/742 461/738/738 451/739/739
f 455/742/742 451/739/739 443/741/741
f 443/741/741 451/739/739 439/740/740
f 478/753/753 476/746/746 474/752/752
f 474/752/752 476/746/746 472/747/747
f 474/752/752 472/747/747 473/748/748
f 477/749/749 479/750/750 473/748/748
f 473/748/748 479/750/750 475/751/751
f 473/748/748 475/751/751 474/752/752
f 432/754/754 476/755/755 434/757/757
f 434/757/757 476/755/755 478/756/756
f 435/767/767 433/758/758 431/766/766
f 431/766/766 433/758/758 429/759/759
f 431/766/766 429/759/759 417/765/765
f 417/765/765 429/759/759 416/760/760
f 417/765/765 416/760/760 430/764/764
f 430/764/764 416/760/760 428/761/761
f 430/764/764 428/761/761 434/763/763
f 434/763/763 428/761/761 432/762/762
f 477/768/768 433/769/769 479/771/771
f 479/771/771 433/769/769 435/770/770
f 437/772/772 375/773/773 441/775/775
f 441/775/775 375/773/773 379/774/774
f 440/785/785 436/776/776 452/784/784
f 452/784/784 436/776/776 448/777/777
f 452/784/784 448/777/777 462/783/783
f 462/783/783 448/777/777 460/778/778
f 462/783/783 460/778/778 453/782/782
f 453/782/782 460/778/778 449/779/779
f 453/782/782 449/779/779 441/781/781
f 441/781/781 449/779/779 437/780/780
f 374/786/786 436/787/787 378/789/789
f 378/789/789 436/787/787 440/788/788
f 379/797/797 375/790/790 387/796/796
f 387/796/796 375/790/790 383/791/791
f 387/796/796 383/791/791 382/792/792
f 374/793/793 378/794/794 382/792/792
f 382/792/792 378/794/794 386/795/795
f 382/792/792 386/795/795 387/796/796
f 320/807/807 312/798/798 362/806/806
f 362/806/806 312/798/798 358/799/799
f 362/806/806 358/799/799 394/805/805
f 394/805/805 358/799/799 390/800/800
f 394/805/805 390/800/800 412/804/804
f 412/804/804 390/800/800 408/801/801
f 412/804/804 408/801/801 422/803/803
f 422/803/803 408/801/801 418/802/802
f 313/808/808 312/809/809 321/811/811
f 321/811/811 312/809/809 320/810/810
f 354/819/819 350/812/812 346/818/818
f 346/818/818 350/812/812 342/813/813
f 346/818/818 342/813/813 332/814/814
f 313/815/815 321/816/816 332/814/814
f 332/814/814 321/816/816 336/817/817
f 332/814/814 336/817/817 346/818/818
f 418/820/820 350/821/821 422/823/823
f 422/823/823 350/821/821 354/822/822
f 326/831/831 318/824/824 339/830/830
f 339/830/830 318/824/824 335/825/825
f 339/830/830 335/825/825 345/826/826
f 353/827/827 357/828/828 345/826/826
f 345/826/826 357/828/828 349/829/829
f 345/826/826 349/829/829 339/830/830
f 319/832/832 318/833/833 327/835/835
f 327/835/835 318/833/833 326/834/834
f 425/845/845 421/836/836 415/844/844
f 415/844/844 421/836/836 411/837/837
f 415/844/844 411/837/837 397/843/843
f 397/843/843 411/837/837 393/838/838
f 397/843/843 393/838/838 365/842/842
f 365/842/842 393/838/838 361/839/839
f 365/842/842 361/839/839 327/841/841
f 327/841/841 361/839/839 319/840/840
f 353/846/846 421/847/847 357/849/849
f 357/849/849 421/847/847 425/848/848
f 508/859/859 504/850/850 526/858/858
f 526/858/858 504/850/850 524/851/851
f 526/858/858 524/851/851 538/857/857
f 538/857/857 524/851/851 536/852/852
f 538/857/857 536/852/852 546/856/856
f 546/856/856 536/852/852 544/853/853
f 546/856/856 544/853/853 554/855/855
f 554/855/855 544/853/853 552/854/854
f 505/860/860 504/861/861 509/863/863
f 509/863/863 504/861/861 508/862/862
f 522/871/871 520/864/864 518/870/870
f 518/870/870 520/864/864 516/865/865
f 518/870/870 516/865/865 512/866/866
f 505/867/867 509/868/868 512/866/866
f 512/866/866 509/868/868 514/869/869
f 512/866/866 514/869/869 518/870/870
f 552/872/872 520/873/873 554/875/875
f 554/875/875 520/873/873 522/874/874
f 85/885/885 81/876/876 103/884/884
f 103/884/884 81/876/876 99/877/877
f 103/884/884 99/877/877 193/883/883
f 193/883/883 99/877/877 189/878/878
f 193/883/883 189/878/878 258/882/882
f 258/882/882 189/878/878 254/879/879
f 258/882/882 254/879/879 298/881/881
f 298/881/881 254/879/879 290/880/880
f 262/886/886 81/887/887 266/889/889
f 266/889/889 81/887/887 85/888/888
f 299/897/897 291/890/890 282/896/896
f 282/896/896 291/890/890 278/891/891
f 282/896/896 278/891/891 270/892/892
f 262/893/893 266/894/894 270/892/892
f 270/892/892 266/894/894 274/895/895
f 270/892/892 274/895/895 282/896/896
f 290/898/898 291/899/899 298/901/901
f 298/901/901 291/899/899 299/900/900
f 305/911/911 297/902/902 261/910/910
f 261/910/910 297/902/902 257/903/903
f 261/910/910 257/903/903 196/909/909
f 196/909/909 257/903/903 192/904/904
f 196/909/909 192/904/904 106/908/908
f 106/908/908 192/904/904 102/905/905
f 106/908/908 102/905/905 88/907/907
f 88/907/907 102/905/905 84/906/906
f 296/912/912 297/913/913 304/915/915
f 304/915/915 297/913/913 305/914/914
f 269/923/923 265/916/916 277/922/922
f 277/922/922 265/916/916 273/917/917
f 277/922/922 273/917/917 281/918/918
f 296/919/919 304/920/920 281/918/918
f 281/918/918 304/920/920 285/921/921
f 281/918/918 285/921/921 277/922/922
f 84/924/924 265/925/925 88/927/927
f 88/927/927 265/925/925 269/926/926
f 237/928/928 70/929/929 241/931/931
f 241/931/931 70/929/929 74/930/930
f 240/939/939 236/932/932 232/938/938
f 232/938/938 236/932/932 228/933/933
f 232/938/938 228/933/933 229/934/934
f 237/935/935 241/936/936 229/934/934
f 229/934/934 241/936/936 233/937/937
f 229/934/934 233/937/937 232/938/938
f 69/940/940 236/941/941 73/943/943
f 73/943/943 236/941/941 240/942/942
f 74/953/953 70/944/944 60/952/952
f 60/952/952 70/944/944 56/945/945
f 60/952/952 56/945/945 49/951/951
f 49/951/951 56/945/945 47/946/946
f 49/951/951 47/946/946 59/950/950
f 59/950/950 47/946/946 55/947/947
f 59/950/950 55/947/947 73/949/949
f 73/949/949 55/947/947 69/948/948
f 239/954/954 72/955/955 243/957/957
f 243/957/957 72/955/955 76/956/956
f 242/965/965 238/958/958 234/964/964
f 234/964/964 238/958/958 230/959/959
f 234/964/964 230/959/959 231/960/960
f 239/961/961 243/962/962 231/960/960
f 231/960/960 243/962/962 235/963/963
f 231/960/960 235/963/963 234/964/964
f 71/966/966 238/967/967 75/969/969
f 75/969/969 238/967/967 242/968/968
f 76/979/979 72/970/970 62/978/978
f 62/978/978 72/970/970 58/971/971
f 62/978/978 58/971/971 50/977/977
f 50/977/977 58/971/971 48/972/972
f 50/977/977 48/972/972 61/976/976
f 61/976/976 48/972/972 57/973/973
f 61/976/976 57/973/973 75/975/975
f 75/975/975 57/973/973 71/974/974
f 521/980/980 553/981/981 523/983/983
f 523/983/983 553/981/981 555/982/982
f 510/991/991 506/984/984 515/990/990
f 515/990/990 506/984/984 513/985/985
f 515/990/990 513/985/985 517/986/986
f 521/987/987 523/988/988 517/986/986
f 517/986/986 523/988/988 519/989/989
f 517/986/986 519/989/989 515/990/990
f 507/992/992 506/993/993 511/995/995
f 511/995/995 506/993/993 510/994/994
f 555/1005/1005 553/996/996 547/1004/1004
f 547/1004/1004 553/996/996 545/997/997
f 547/1004/1004 545/997/997 539/1003/1003
f 539/1003/1003 545/997/997 537/998/998
f 539/1003/1003 537/998/998 527/1002/1002
f 527/1002/1002 537/998/998 525/999/999
f 527/1002/1002 525/999/999 511/1001/1001
f 511/1001/1001 525/999/999 507/1000/1000
f 563/1015/1015 561/1006/1006 571/1014/1014
f 571/1014/1014 561/1006/1006 569/1007/1007
f 571/1014/1014 569/1007/1007 576/1013/1013
f 576/1013/1013 569/1007/1007 575/1008/1008
f 576/1013/1013 575/1008/1008 572/1012/1012
f 572/1012/1012 575/1008/1008 570/1009/1009
f 572/1012/1012 570/1009/1009 564/1011/1011
f 564/1011/1011 570/1009/1009 562/1010/1010
f 528/1016/1016 561/1017/1017 530/1019/1019
f 530/1019/1019 561/1017/1017 563/1018/1018
f 531/1027/1027 529/1020/1020 535/1026/1026
f 535/1026/1026 529/1020/1020 533/1021/1021
f 535/1026/1026 533/1021/1021 532/1022/1022
f 528/1023/1023 530/1024/1024 532/1022/1022
f 532/1022/1022 530/1024/1024 534/1025/1025
f 532/1022/1022 534/1025/1025 535/1026/1026
f 562/1028/1028 529/1029/1029 564/1031/1031
f 564/1031/1031 529/1029/1029 531/1030/1030
f 87/1041/1041 83/1032/1032 105/1040/1040
f 105/1040/1040 83/1032/1032 101/1033/1033
f 105/1040/1040 101/1033/1033 195/1039/1039
f 195/1039/1039 101/1033/1033 191/1034/1034
f 195/1039/1039 191/1034/1034 260/1038/1038
f 260/1038/1038 191/1034/1034 256/1035/1035
f 260/1038/1038 256/1035/1035 302/1037/1037
f 302/1037/1037 256/1035/1035 294/1036/1036
f 264/1042/1042 83/1043/1043 268/1045/1045
f 268/1045/1045 83/1043/1043 87/1044/1044
f 303/1053/1053 295/1046/1046 284/1052/1052
f 284/1052/1052 295/1046/1046 280/1047/1047
f 284/1052/1052 280/1047/1047 272/1048/1048
f 264/1049/1049 268/1050/1050 272/1048/1048
f 272/1048/1048 268/1050/1050 276/1051/1051
f 272/1048/1048 276/1051/1051 284/1052/1052
f 294/1054/1054 295/1055/1055 302/1057/1057
f 302/1057/1057 295/1055/1055 303/1056/1056
f 292/1058/1058 293/1059/1059 300/1061/1061
f 300/1061/1061 293/1059/1059 301/1060/1060
f 267/1069/1069 263/1062/1062 275/1068/1068
f 275/1068/1068 263/1062/1062 271/1063/1063
f 275/1068/1068 271/1063/1063 279/1064/1064
f 292/1065/1065 300/1066/1066 279/1064/1064
f 279/1064/1064 300/1066/1066 283/1067/1067
f 279/1064/1064 283/1067/1067 275/1068/1068
f 82/1070/1070 263/1071/1071 86/1073/1073
f 86/1073/1073 263/1071/1071 267/1072/1072
f 301/1083/1083 293/1074/1074 259/1082/1082
f 259/1082/1082 293/1074/1074 255/1075/1075
f 259/1082/1082 255/1075/1075 194/1081/1081
f 194/1081/1081 255/1075/1075 190/1076/1076
f 194/1081/1081 190/1076/1076 104/1080/1080
f 104/1080/1080 190/1076/1076 100/1077/1077
f 104/1080/1080 100/1077/1077 86/1079/1079
f 86/1079/1079 100/1077/1077 82/1078/1078
f 458/1093/1093 456/1084/1084 466/1092/1092
f 466/1092/1092 456/1084/1084 464/1085/1085
f 466/1092/1092 464/1085/1085 470/1091/1091
f 470/1091/1091 464/1085/1085 468/1086/1086
f 470/1091/1091 468/1086/1086 482/1090/1090
f 482/1090/1090 468/1086/1086 480/1087/1087
f 482/1090/1090 480/1087/1087 500/1089/1089
f 500/1089/1089 480/1087/1087 496/1088/1088
f 484/1094/1094 456/1095/1095 486/1097/1097
f 486/1097/1097 456/1095/1095 458/1096/1096
f 501/1105/1105 497/1098/1098 494/1104/1104
f 494/1104/1104 497/1098/1098 492/1099/1099
f 494/1104/1104 492/1099/1099 488/1100/1100
f 484/1101/1101 486/1102/1102 488/1100/1100
f 488/1100/1100 486/1102/1102 490/1103/1103
f 488/1100/1100 490/1103/1103 494/1104/1104
f 496/1106/1106 497/1107/1107 500/1109/1109
f 500/1109/1109 497/1107/1107 501/1108/1108
f 487/1117/1117 485/1110/1110 491/1116/1116
f 491/1116/1116 485/1110/1110 489/1111/1111
f 491/1116/1116 489/1111/1111 493/1112/1112
f 498/1113/1113 502/1114/1114 493/1112/1112
f 493/1112/1112 502/1114/1114 495/1115/1115
f 493/1112/1112 495/1115/1115 491/1116/1116
f 457/1118/1118 485/1119/1119 459/1121/1121
f 459/1121/1121 485/1119/1119 487/1120/1120
f 503/1131/1131 499/1122/1122 483/1130/1130
f 483/1130/1130 499/1122/1122 481/1123/1123
f 483/1130/1130 481/1123/1123 471/1129/1129
f 471/1129/1129 481/1123/1123 469/1124/1124
f 471/1129/1129 469/1124/1124 467/1128/1128
f 467/1128/1128 469/1124/1124 465/1125/1125
f 467/1128/1128 465/1125/1125 459/1127/1127
f 459/1127/1127 465/1125/1125 457/1126/1126
f 498/1132/1132 499/1133/1133 502/1135/1135
f 502/1135/1135 499/1133/1133 503/1134/1134
f 445/1136/1136 559/1137/1137 447/1139/1139
f 447/1139/1139 559/1137/1137 560/1138/1138
f 4/1165/1165 2/1140/1140 8/1164/1164
f 8/1164/1164 2/1140/1140 6/1141/1141
f 8/1164/1164 6/1141/1141 12/1163/1163
f 12/1163/1163 6/1141/1141 10/1142/1142
f 12/1163/1163 10/1142/1142 20/1162/1162
f 20/1162/1162 10/1142/1142 18/1143/1143
f 20/1162/1162 18/1143/1143 26/1161/1161
f 26/1161/1161 18/1143/1143 24/1144/1144
f 26/1161/1161 24/1144/1144 42/1160/1160
f 42/1160/1160 24/1144/1144 40/1145/1145
f 42/1160/1160 40/1145/1145 68/1159/1159
f 68/1159/1159 40/1145/1145 66/1146/1146
f 68/1159/1159 66/1146/1146 126/1158/1158
f 126/1158/1158 66/1146/1146 124/1147/1147
f 126/1158/1158 124/1147/1147 253/1157/1157
f 253/1157/1157 124/1147/1147 251/1148/1148
f 253/1157/1157 251/1148/1148 311/1156/1156
f 311/1156/1156 251/1148/1148 309/1149/1149
f 311/1156/1156 309/1149/1149 369/1155/1155
f 369/1155/1155 309/1149/1149 367/1150/1150
f 369/1155/1155 367/1150/1150 407/1154/1154
f 407/1154/1154 367/1150/1150 406/1151/1151
f 407/1154/1154 406/1151/1151 447/1153/1153
f 447/1153/1153 406/1151/1151 445/1152/1152
f 1/1166/1166 2/1167/1167 3/1169/1169
f 3/1169/1169 2/1167/1167 4/1168/1168
f 446/1195/1195 444/1170/1170 405/1194/1194
f 405/1194/1194 444/1170/1170 404/1171/1171
f 405/1194/1194 404/1171/1171 368/1193/1193
f 368/1193/1193 404/1171/1171 366/1172/1172
f 368/1193/1193 366/1172/1172 310/1192/1192
f 310/1192/1192 366/1172/1172 308/1173/1173
f 310/1192/1192 308/1173/1173 252/1191/1191
f 252/1191/1191 308/1173/1173 250/1174/1174
f 252/1191/1191 250/1174/1174 125/1190/1190
f 125/1190/1190 250/1174/1174 123/1175/1175
f 125/1190/1190 123/1175/1175 67/1189/1189
f 67/1189/1189 123/1175/1175 65/1176/1176
f 67/1189/1189 65/1176/1176 41/1188/1188
f 41/1188/1188 65/1176/1176 39/1177/1177
f 41/1188/1188 39/1177/1177 25/1187/1187
f 25/1187/1187 39/1177/1177 23/1178/1178
f 25/1187/1187 23/1178/1178 19/1186/1186
f 19/1186/1186 23/1178/1178 17/1179/1179
f 19/1186/1186 17/1179/1179 11/1185/1185
f 11/1185/1185 17/1179/1179 9/1180/1180
f 11/1185/1185 9/1180/1180 7/1184/1184
f 7/1184/1184 9/1180/1180 5/1181/1181
f 7/1184/1184 5/1181/1181 3/1183/1183
f 3/1183/1183 5/1181/1181 1/1182/1182
f 565/1196/1196 444/1197/1197 566/1199/1199
f 566/1199/1199 444/1197/1197 446/1198/1198
f 560/1225/1225 559/1200/1200 624/1224/1224
f 624/1224/1224 559/1200/1200 623/1201/1201
f 624/1224/1224 623/1201/1201 653/1223/1223
f 653/1223/1223 623/1201/1201 652/1202/1202
f 653/1223/1223 652/1202/1202 661/1222/1222
f 661/1222/1222 652/1202/1202 660/1203/1203
f 661/1222/1222 660/1203/1203 667/1221/1221
f 667/1221/1221 660/1203/1203 666/1204/1204
f 667/1221/1221 666/1204/1204 671/1220/1220
f 671/1220/1220 666/1204/1204 670/1205/1205
f 671/1220/1220 670/1205/1205 675/1219/1219
f 675/1219/1219 670/1205/1205 674/1206/1206
f 675/1219/1219 674/1206/1206 673/1218/1218
f 673/1218/1218 674/1206/1206 672/1207/1207
f 673/1218/1218 672/1207/1207 669/1217/1217
f 669/1217/1217 672/1207/1207 668/1208/1208
f 669/1217/1217 668/1208/1208 663/1216/1216
f 663/1216/1216 668/1208/1208 662/1209/1209
f 663/1216/1216 662/1209/1209 655/1215/1215
f 655/1215/1215 662/1209/1209 654/1210/1210
f 655/1215/1215 654/1210/1210 626/1214/1214
f 626/1214/1214 654/1210/1210 625/1211/1211
f 626/1214/1214 625/1211/1211 566/1213/1213
f 566/1213/1213 625/1211/1211 565/1212/1212
f 498/1227/1227 507/1271/1271 499/1226/1226
f 499/1226/1226 507/1271/1271 559/1400/1400
f 499/1226/1226 559/1400/1400 445/1401/1401
f 493/1228/1228 492/1243/1243 498/1227/1227
f 498/1227/1227 492/1243/1243 497/1235/1235
f 498/1227/1227 497/1235/1235 506/1279/1279
f 506/1279/1279 497/1235/1235 505/1322/1322
f 506/1279/1279 505/1322/1322 513/1278/1278
f 513/1278/1278 505/1322/1322 512/1323/1323
f 513/1278/1278 512/1323/1323 517/1277/1277
f 517/1277/1277 512/1323/1323 516/1324/1324
f 517/1277/1277 516/1324/1324 521/1276/1276
f 521/1276/1276 516/1324/1324 520/1316/1316
f 521/1276/1276 520/1316/1316 529/1262/1262
f 529/1262/1262 520/1316/1316 533/1270/1270
f 533/1270/1270 520/1316/1316 532/1269/1269
f 532/1269/1269 520/1316/1316 528/1268/1268
f 528/1268/1268 520/1316/1316 552/1317/1317
f 528/1268/1268 552/1317/1317 561/1267/1267
f 561/1267/1267 552/1317/1317 662/1391/1391
f 561/1267/1267 662/1391/1391 668/1392/1392
f 492/1243/1243 493/1228/1228 488/1242/1242
f 488/1242/1242 493/1228/1228 489/1229/1229
f 488/1242/1242 489/1229/1229 484/1241/1241
f 484/1241/1241 489/1229/1229 485/1230/1230
f 484/1241/1241 485/1230/1230 476/1356/1356
f 476/1356/1356 485/1230/1230 472/1355/1355
f 472/1355/1355 485/1230/1230 473/1354/1354
f 473/1354/1354 485/1230/1230 477/1353/1353
f 477/1353/1353 485/1230/1230 457/1231/1231
f 477/1353/1353 457/1231/1231 433/1352/1352
f 433/1352/1352 457/1231/1231 438/1365/1365
f 433/1352/1352 438/1365/1365 420/1380/1380
f 420/1380/1380 438/1365/1365 376/1366/1366
f 420/1380/1380 376/1366/1366 352/1379/1379
f 352/1379/1379 376/1366/1366 384/1367/1367
f 352/1379/1379 384/1367/1367 385/1368/1368
f 438/1365/1365 457/1231/1231 450/1364/1364
f 450/1364/1364 457/1231/1231 465/1232/1232
f 450/1364/1364 465/1232/1232 461/1363/1363
f 461/1363/1363 465/1232/1232 469/1233/1233
f 461/1363/1363 469/1233/1233 451/1362/1362
f 451/1362/1362 469/1233/1233 481/1234/1234
f 451/1362/1362 481/1234/1234 439/1361/1361
f 439/1361/1361 481/1234/1234 499/1226/1226
f 439/1361/1361 499/1226/1226 445/1401/1401
f 497/1235/1235 496/1236/1236 505/1322/1322
f 505/1322/1322 496/1236/1236 504/1321/1321
f 504/1321/1321 496/1236/1236 444/1426/1426
f 504/1321/1321 444/1426/1426 565/1388/1388
f 444/1426/1426 496/1236/1236 436/1351/1351
f 436/1351/1351 496/1236/1236 480/1237/1237
f 436/1351/1351 480/1237/1237 448/1350/1350
f 448/1350/1350 480/1237/1237 468/1238/1238
f 448/1350/1350 468/1238/1238 460/1349/1349
f 460/1349/1349 468/1238/1238 464/1239/1239
f 460/1349/1349 464/1239/1239 449/1348/1348
f 449/1348/1348 464/1239/1239 456/1240/1240
f 449/1348/1348 456/1240/1240 437/1347/1347
f 437/1347/1347 456/1240/1240 432/1357/1357
f 437/1347/1347 432/1357/1357 419/1370/1370
f 419/1370/1370 432/1357/1357 428/1358/1358
f 419/1370/1370 428/1358/1358 409/1378/1378
f 409/1378/1378 428/1358/1358 416/1359/1359
f 409/1378/1378 416/1359/1359 391/1377/1377
f 391/1377/1377 416/1359/1359 392/1382/1382
f 391/1377/1377 392/1382/1382 359/1376/1376
f 359/1376/1376 392/1382/1382 360/1383/1383
f 359/1376/1376 360/1383/1383 315/1375/1375
f 315/1375/1375 360/1383/1383 316/1384/1384
f 315/1375/1375 316/1384/1384 294/1254/1254
f 294/1254/1254 316/1384/1384 295/1253/1253
f 295/1253/1253 316/1384/1384 317/1385/1385
f 295/1253/1253 317/1385/1385 296/1304/1304
f 296/1304/1304 317/1385/1385 318/1329/1329
f 296/1304/1304 318/1329/1329 297/1303/1303
f 297/1303/1303 318/1329/1329 319/1330/1330
f 297/1303/1303 319/1330/1330 309/1404/1404
f 309/1404/1404 319/1330/1330 367/1403/1403
f 367/1403/1403 319/1330/1330 361/1331/1331
f 367/1403/1403 361/1331/1331 406/1402/1402
f 406/1402/1402 361/1331/1331 393/1332/1332
f 406/1402/1402 393/1332/1332 445/1401/1401
f 445/1401/1401 393/1332/1332 411/1333/1333
f 445/1401/1401 411/1333/1333 421/1325/1325
f 432/1357/1357 456/1240/1240 476/1356/1356
f 476/1356/1356 456/1240/1240 484/1241/1241
f 100/1245/1245 101/1257/1257 82/1244/1244
f 82/1244/1244 101/1257/1257 83/1258/1258
f 82/1244/1244 83/1258/1258 1/1414/1414
f 1/1414/1414 83/1258/1258 71/1280/1280
f 1/1414/1414 71/1280/1280 2/1413/1413
f 2/1413/1413 71/1280/1280 57/1281/1281
f 2/1413/1413 57/1281/1281 48/1282/1282
f 101/1257/1257 100/1245/1245 191/1256/1256
f 191/1256/1256 100/1245/1245 190/1246/1246
f 191/1256/1256 190/1246/1246 256/1255/1255
f 256/1255/1255 190/1246/1246 255/1247/1247
f 256/1255/1255 255/1247/1247 294/1254/1254
f 294/1254/1254 255/1247/1247 293/1248/1248
f 294/1254/1254 293/1248/1248 315/1375/1375
f 315/1375/1375 293/1248/1248 314/1374/1374
f 314/1374/1374 293/1248/1248 292/1249/1249
f 314/1374/1374 292/1249/1249 313/1340/1340
f 313/1340/1340 292/1249/1249 291/1307/1307
f 313/1340/1340 291/1307/1307 312/1339/1339
f 312/1339/1339 291/1307/1307 290/1308/1308
f 312/1339/1339 290/1308/1308 308/1423/1423
f 308/1423/1423 290/1308/1308 250/1422/1422
f 250/1422/1422 290/1308/1308 254/1309/1309
f 250/1422/1422 254/1309/1309 123/1421/1421
f 123/1421/1421 254/1309/1309 189/1310/1310
f 123/1421/1421 189/1310/1310 65/1420/1420
f 65/1420/1420 189/1310/1310 99/1311/1311
f 65/1420/1420 99/1311/1311 39/1419/1419
f 39/1419/1419 99/1311/1311 23/1418/1418
f 23/1418/1418 99/1311/1311 81/1312/1312
f 23/1418/1418 81/1312/1312 17/1417/1417
f 17/1417/1417 81/1312/1312 69/1289/1289
f 17/1417/1417 69/1289/1289 9/1416/1416
f 9/1416/1416 69/1289/1289 55/1290/1290
f 9/1416/1416 55/1290/1290 5/1415/1415
f 5/1415/1415 55/1290/1290 47/1291/1291
f 5/1415/1415 47/1291/1291 1/1414/1414
f 1/1414/1414 47/1291/1291 56/1292/1292
f 1/1414/1414 56/1292/1292 70/1293/1293
f 291/1307/1307 292/1249/1249 278/1315/1315
f 278/1315/1315 292/1249/1249 279/1250/1250
f 278/1315/1315 279/1250/1250 270/1314/1314
f 270/1314/1314 279/1250/1250 271/1251/1251
f 270/1314/1314 271/1251/1251 262/1313/1313
f 262/1313/1313 271/1251/1251 263/1252/1252
f 262/1313/1313 263/1252/1252 236/1297/1297
f 236/1297/1297 263/1252/1252 228/1296/1296
f 228/1296/1296 263/1252/1252 229/1295/1295
f 229/1295/1295 263/1252/1252 237/1294/1294
f 237/1294/1294 263/1252/1252 82/1244/1244
f 237/1294/1294 82/1244/1244 70/1293/1293
f 70/1293/1293 82/1244/1244 1/1414/1414
f 71/1280/1280 83/1258/1258 238/1288/1288
f 238/1288/1288 83/1258/1258 264/1259/1259
f 238/1288/1288 264/1259/1259 265/1298/1298
f 265/1298/1298 264/1259/1259 273/1306/1306
f 273/1306/1306 264/1259/1259 272/1260/1260
f 273/1306/1306 272/1260/1260 281/1305/1305
f 281/1305/1305 272/1260/1260 280/1261/1261
f 281/1305/1305 280/1261/1261 296/1304/1304
f 296/1304/1304 280/1261/1261 295/1253/1253
f 521/1276/1276 529/1262/1262 553/1275/1275
f 553/1275/1275 529/1262/1262 562/1263/1263
f 553/1275/1275 562/1263/1263 660/1397/1397
f 660/1397/1397 562/1263/1263 666/1396/1396
f 666/1396/1396 562/1263/1263 570/1264/1264
f 666/1396/1396 570/1264/1264 670/1395/1395
f 670/1395/1395 570/1264/1264 575/1265/1265
f 670/1395/1395 575/1265/1265 674/1394/1394
f 674/1394/1394 575/1265/1265 672/1393/1393
f 672/1393/1393 575/1265/1265 569/1266/1266
f 672/1393/1393 569/1266/1266 668/1392/1392
f 668/1392/1392 569/1266/1266 561/1267/1267
f 507/1271/1271 525/1272/1272 559/1400/1400
f 559/1400/1400 525/1272/1272 537/1273/1273
f 559/1400/1400 537/1273/1273 545/1274/1274
f 553/1275/1275 652/1398/1398 545/1274/1274
f 545/1274/1274 652/1398/1398 623/1399/1399
f 545/1274/1274 623/1399/1399 559/1400/1400
f 506/1279/1279 507/1271/1271 498/1227/1227
f 2/1413/1413 48/1282/1282 6/1412/1412
f 6/1412/1412 48/1282/1282 58/1283/1283
f 6/1412/1412 58/1283/1283 10/1411/1411
f 10/1411/1411 58/1283/1283 72/1284/1284
f 10/1411/1411 72/1284/1284 18/1410/1410
f 18/1410/1410 72/1284/1284 84/1299/1299
f 18/1410/1410 84/1299/1299 24/1409/1409
f 24/1409/1409 84/1299/1299 102/1300/1300
f 24/1409/1409 102/1300/1300 40/1408/1408
f 40/1408/1408 102/1300/1300 66/1407/1407
f 66/1407/1407 102/1300/1300 192/1301/1301
f 66/1407/1407 192/1301/1301 124/1406/1406
f 124/1406/1406 192/1301/1301 257/1302/1302
f 124/1406/1406 257/1302/1302 251/1405/1405
f 251/1405/1405 257/1302/1302 297/1303/1303
f 251/1405/1405 297/1303/1303 309/1404/1404
f 72/1284/1284 239/1285/1285 84/1299/1299
f 84/1299/1299 239/1285/1285 265/1298/1298
f 265/1298/1298 239/1285/1285 231/1286/1286
f 265/1298/1298 231/1286/1286 230/1287/1287
f 230/1287/1287 238/1288/1288 265/1298/1298
f 262/1313/1313 236/1297/1297 81/1312/1312
f 81/1312/1312 236/1297/1297 69/1289/1289
f 662/1391/1391 552/1317/1317 654/1390/1390
f 654/1390/1390 552/1317/1317 544/1318/1318
f 654/1390/1390 544/1318/1318 625/1389/1389
f 625/1389/1389 544/1318/1318 565/1388/1388
f 565/1388/1388 544/1318/1318 536/1319/1319
f 565/1388/1388 536/1319/1319 524/1320/1320
f 524/1320/1320 504/1321/1321 565/1388/1388
f 353/1326/1326 377/1369/1369 421/1325/1325
f 421/1325/1325 377/1369/1369 439/1361/1361
f 421/1325/1325 439/1361/1361 445/1401/1401
f 345/1327/1327 344/1387/1387 353/1326/1326
f 353/1326/1326 344/1387/1387 352/1379/1379
f 353/1326/1326 352/1379/1379 377/1369/1369
f 377/1369/1369 352/1379/1379 385/1368/1368
f 344/1387/1387 345/1327/1327 334/1386/1386
f 334/1386/1386 345/1327/1327 335/1328/1328
f 334/1386/1386 335/1328/1328 317/1385/1385
f 317/1385/1385 335/1328/1328 318/1329/1329
f 418/1335/1335 374/1343/1343 350/1334/1334
f 350/1334/1334 374/1343/1343 382/1344/1344
f 350/1334/1334 382/1344/1344 383/1345/1345
f 408/1336/1336 444/1426/1426 418/1335/1335
f 418/1335/1335 444/1426/1426 436/1351/1351
f 418/1335/1335 436/1351/1351 374/1343/1343
f 408/1336/1336 390/1337/1337 444/1426/1426
f 444/1426/1426 390/1337/1337 404/1425/1425
f 404/1425/1425 390/1337/1337 358/1338/1338
f 404/1425/1425 358/1338/1338 366/1424/1424
f 366/1424/1424 358/1338/1338 312/1339/1339
f 366/1424/1424 312/1339/1339 308/1423/1423
f 314/1374/1374 313/1340/1340 333/1373/1373
f 333/1373/1373 313/1340/1340 332/1341/1341
f 333/1373/1373 332/1341/1341 343/1372/1372
f 343/1372/1372 332/1341/1341 342/1342/1342
f 343/1372/1372 342/1342/1342 351/1371/1371
f 351/1371/1371 342/1342/1342 350/1334/1334
f 351/1371/1371 350/1334/1334 375/1346/1346
f 375/1346/1346 350/1334/1334 383/1345/1345
f 351/1371/1371 375/1346/1346 419/1370/1370
f 419/1370/1370 375/1346/1346 437/1347/1347
f 392/1382/1382 416/1359/1359 410/1381/1381
f 410/1381/1381 416/1359/1359 429/1360/1360
f 410/1381/1381 429/1360/1360 420/1380/1380
f 420/1380/1380 429/1360/1360 433/1352/1352
f 660/1397/1397 652/1398/1398 553/1275/1275
f 184/1427/1427 178/1428/1428 215/1441/1441
f 215/1441/1441 178/1428/1428 203/1440/1440
f 203/1440/1440 178/1428/1428 162/1429/1429
f 203/1440/1440 162/1429/1429 172/1439/1439
f 172/1439/1439 162/1429/1429 151/1430/1430
f 172/1439/1439 151/1430/1430 135/1431/1431
f 172/1439/1439 135/1431/1431 145/1438/1438
f 145/1438/1438 135/1431/1431 117/1432/1432
f 145/1438/1438 117/1432/1432 109/1433/1433
f 145/1438/1438 109/1433/1433 121/1437/1437
f 121/1437/1437 109/1433/1433 95/1434/1434
f 121/1437/1437 95/1434/1434 113/1436/1436
f 113/1436/1436 95/1434/1434 91/1435/1435
f 226/1451/1451 215/1464/1464 218/1454/1454
f 218/1465/1465 215/1442/1442 203/1443/1443
f 218/1466/1466 203/1443/1443 219/1453/1453
f 219/1453/1453 203/1443/1443 200/1457/1457
f 219/1453/1453 200/1457/1457 198/1467/1467
f 203/1443/1443 172/1444/1444 200/1457/1457
f 200/1457/1457 172/1444/1444 180/1458/1458
f 200/1457/1457 180/1458/1458 198/1468/1468
f 172/1444/1444 145/1445/1445 180/1458/1458
f 180/1458/1458 145/1445/1445 159/1459/1459
f 180/1458/1458 159/1459/1459 198/1469/1469
f 159/1459/1459 145/1445/1445 129/1460/1460
f 129/1460/1460 145/1445/1445 121/1446/1446
f 129/1460/1460 121/1446/1446 113/1447/1447
f 113/1447/1447 140/1448/1448 129/1460/1460
f 129/1460/1460 140/1448/1448 164/1462/1462
f 129/1460/1460 164/1462/1462 157/1461/1461
f 157/1461/1461 164/1462/1462 198/1452/1452
f 140/1448/1448 167/1449/1449 164/1462/1462
f 164/1462/1462 167/1449/1449 187/1463/1463
f 164/1462/1462 187/1463/1463 198/1452/1452
f 167/1449/1449 209/1450/1450 187/1463/1463
f 187/1463/1463 209/1450/1450 212/1455/1455
f 187/1463/1463 212/1455/1455 198/1452/1452
f 209/1450/1450 226/1451/1451 212/1455/1455
f 212/1455/1455 226/1451/1451 220/1456/1456
f 212/1455/1455 220/1456/1456 198/1452/1452
f 219/1470/1470 198/1452/1452 220/1456/1456
f 157/1461/1461 198/1471/1471 159/1459/1459
f 226/1451/1451 218/1454/1454 219/1472/1472
f 226/1451/1451 219/1473/1473 220/1456/1456
f 129/1460/1460 157/1461/1461 159/1459/1459
f 92/1474/1474 96/1475/1475 114/1488/1488
f 114/1488/1488 96/1475/1475 122/1487/1487
f 122/1487/1487 96/1475/1475 110/1476/1476
f 122/1487/1487 110/1476/1476 146/1486/1486
f 146/1486/1486 110/1476/1476 118/1477/1477
f 146/1486/1486 118/1477/1477 136/1478/1478
f 146/1486/1486 136/1478/1478 173/1485/1485
f 173/1485/1485 136/1478/1478 152/1479/1479
f 173/1485/1485 152/1479/1479 163/1480/1480
f 173/1485/1485 163/1480/1480 204/1484/1484
f 204/1484/1484 163/1480/1480 179/1481/1481
f 204/1484/1484 179/1481/1481 216/1483/1483
f 216/1483/1483 179/1481/1481 185/1482/1482
f 141/1498/1498 114/1489/1489 137/1503/1503
f 137/1503/1503 114/1489/1489 122/1490/1490
f 137/1503/1503 122/1490/1490 153/1502/1502
f 153/1502/1502 122/1490/1490 146/1491/1491
f 153/1502/1502 146/1491/1491 169/1501/1501
f 169/1501/1501 146/1491/1491 173/1492/1492
f 169/1501/1501 173/1492/1492 199/1500/1500
f 199/1500/1500 173/1492/1492 204/1493/1493
f 199/1500/1500 204/1493/1493 217/1506/1506
f 217/1506/1506 204/1493/1493 223/1499/1499
f 217/1506/1506 223/1499/1499 227/1495/1495
f 227/1495/1495 223/1499/1499 216/1494/1494
f 216/1494/1494 223/1499/1499 204/1493/1493
f 217/1506/1506 227/1495/1495 211/1507/1507
f 211/1507/1507 227/1495/1495 210/1496/1496
f 211/1507/1507 210/1496/1496 168/1497/1497
f 141/1498/1498 158/1504/1504 168/1497/1497
f 168/1497/1497 158/1504/1504 181/1505/1505
f 168/1497/1497 181/1505/1505 211/1507/1507
f 211/1507/1507 181/1505/1505 199/1500/1500
f 211/1507/1507 199/1500/1500 217/1506/1506
f 158/1504/1504 141/1498/1498 137/1503/1503
f 158/1504/1504 137/1503/1503 153/1502/1502
f 199/1500/1500 181/1505/1505 169/1501/1501
f 169/1501/1501 181/1505/1505 153/1502/1502
f 181/1505/1505 158/1504/1504 153/1502/1502
f 632/1508/1508 636/1509/1509 611/1522/1522
f 611/1522/1522 636/1509/1509 612/1521/1521
f 612/1521/1521 636/1509/1509 640/1510/1510
f 612/1521/1521 640/1510/1510 614/1520/1520
f 614/1520/1520 640/1510/1510 644/1511/1511
f 614/1520/1520 644/1511/1511 649/1512/1512
f 614/1520/1520 649/1512/1512 616/1519/1519
f 616/1519/1519 649/1512/1512 646/1513/1513
f 616/1519/1519 646/1513/1513 642/1514/1514
f 616/1519/1519 642/1514/1514 619/1518/1518
f 619/1518/1518 642/1514/1514 638/1515/1515
f 619/1518/1518 638/1515/1515 622/1517/1517
f 622/1517/1517 638/1515/1515 634/1516/1516
f 590/1532/1532 611/1523/1523 595/1533/1533
f 595/1533/1533 611/1523/1523 612/1524/1524
f 595/1533/1533 612/1524/1524 593/1534/1534
f 593/1534/1534 612/1524/1524 614/1525/1525
f 593/1534/1534 614/1525/1525 601/1536/1536
f 601/1536/1536 614/1525/1525 616/1526/1526
f 601/1536/1536 616/1526/1526 587/1537/1537
f 587/1537/1537 616/1526/1526 603/1538/1538
f 587/1537/1537 603/1538/1538 592/1529/1529
f 592/1529/1529 603/1538/1538 622/1528/1528
f 622/1528/1528 603/1538/1538 619/1527/1527
f 619/1527/1527 603/1538/1538 616/1526/1526
f 592/1529/1529 581/1530/1530 587/1537/1537
f 587/1537/1537 581/1530/1530 582/1535/1535
f 587/1537/1537 582/1535/1535 593/1534/1534
f 593/1534/1534 582/1535/1535 579/1531/1531
f 593/1534/1534 579/1531/1531 595/1533/1533
f 595/1533/1533 579/1531/1531 590/1532/1532
f 581/1530/1530 579/1531/1531 582/1535/1535
f 601/1536/1536 587/1537/1537 593/1534/1534
# 675 vertices
# 1538 texture params
# 1538 normals
# 1346 facets

# 1 groups
