# WaveFront *.obj file (generated by Autodesk ATF)

mtllib 3_Standing_Chalk_holder_slide.mtl

g Solid1

v -0.775355 0.125000 -0.087128
v -0.775355 0.125000 0.162872
v -0.772221 0.125000 -0.114943
v -0.772221 0.125000 0.190687
v -0.771549 0.105866 -0.087128
v -0.771549 0.105866 0.162872
v -0.771549 0.144134 -0.087128
v -0.771549 0.144134 0.162872
v -0.768510 0.105866 -0.114096
v -0.768510 0.105866 0.189840
v -0.768510 0.144134 -0.114096
v -0.768510 0.144134 0.189840
v -0.762976 0.125000 -0.141363
v -0.762976 0.125000 0.217108
v -0.760710 0.089645 -0.087128
v -0.760710 0.089645 0.162872
v -0.760710 0.160355 -0.087128
v -0.760710 0.160355 0.162872
v -0.759547 0.105866 -0.139712
v -0.759547 0.105866 0.215456
v -0.759547 0.144134 -0.139712
v -0.759547 0.144134 0.215456
v -0.757943 0.089645 -0.111684
v -0.757943 0.089645 0.187429
v -0.757943 0.160355 -0.111684
v -0.757943 0.160355 0.187429
v -0.749781 0.089645 -0.135009
v -0.749781 0.089645 0.210754
v -0.749781 0.160355 -0.135009
v -0.749781 0.160355 0.210754
v -0.748084 0.125000 -0.165064
v -0.748084 0.125000 0.240808
v -0.745108 0.105866 -0.162691
v -0.745108 0.105866 0.238435
v -0.745108 0.144134 -0.162691
v -0.745108 0.144134 0.238435
v -0.744489 0.078806 -0.087128
v -0.744489 0.078806 0.162872
v -0.744489 0.171194 -0.087128
v -0.744489 0.171194 0.162872
v -0.742129 0.078806 -0.108075
v -0.742129 0.078806 0.183819
v -0.742129 0.171194 -0.108075
v -0.742129 0.171194 0.183819
v -0.736634 0.089645 -0.155933
v -0.736634 0.089645 0.231678
v -0.736634 0.160355 -0.155933
v -0.736634 0.160355 0.231678
v -0.735167 0.078806 -0.127971
v -0.735167 0.078806 0.203716
v -0.735167 0.171194 -0.127971
v -0.735167 0.171194 0.203716
v -0.728291 0.125000 -0.184857
v -0.728291 0.125000 0.260601
v -0.725918 0.105866 -0.181881
v -0.725918 0.105866 0.257625
v -0.725918 0.144134 -0.181881
v -0.725918 0.144134 0.257625
v -0.725355 0.075000 -0.087128
v -0.725355 0.075000 0.162872
v -0.725355 0.175000 -0.087128
v -0.725355 0.175000 0.162872
v -0.723952 0.078806 -0.145819
v -0.723952 0.078806 0.221564
v -0.723952 0.171194 -0.145819
v -0.723952 0.171194 0.221564
v -0.721684 0.075000 -0.110304
v -0.721684 0.075000 0.186049
v -0.721684 0.175000 -0.110304
v -0.721684 0.175000 0.186049
v -0.719160 0.089645 -0.173407
v -0.719160 0.089645 0.249151
v -0.719160 0.160355 -0.173407
v -0.719160 0.160355 0.249151
v -0.711031 0.075000 -0.131212
v -0.711031 0.075000 0.206956
v -0.711031 0.175000 -0.131212
v -0.711031 0.175000 0.206956
v -0.709046 0.078806 -0.160725
v -0.709046 0.078806 0.236469
v -0.709046 0.171194 -0.160725
v -0.709046 0.171194 0.236469
v -0.704590 0.125000 -0.199749
v -0.704590 0.125000 0.275493
v -0.702939 0.105866 -0.196320
v -0.702939 0.105866 0.272064
v -0.702939 0.144134 -0.196320
v -0.702939 0.144134 0.272064
v -0.698236 0.089645 -0.186555
v -0.698236 0.089645 0.262299
v -0.698236 0.160355 -0.186555
v -0.698236 0.160355 0.262299
v -0.694439 0.075000 -0.147804
v -0.694439 0.075000 0.223549
v -0.694439 0.175000 -0.147804
v -0.694439 0.175000 0.223549
v -0.691198 0.078806 -0.171940
v -0.691198 0.078806 0.247684
v -0.691198 0.171194 -0.171940
v -0.691198 0.171194 0.247684
v -0.678170 0.125000 -0.208994
v -0.678170 0.125000 0.284738
v -0.677323 0.105866 -0.205283
v -0.677323 0.105866 0.281028
v -0.677323 0.144134 -0.205283
v -0.677323 0.144134 0.281028
v -0.674911 0.089645 -0.194716
v -0.674911 0.089645 0.270461
v -0.674911 0.160355 -0.194716
v -0.674911 0.160355 0.270461
v -0.673531 0.075000 -0.158457
v -0.673531 0.075000 0.234201
v -0.673531 0.175000 -0.158457
v -0.673531 0.175000 0.234201
v -0.671301 0.078806 -0.178902
v -0.671301 0.078806 0.254646
v -0.671301 0.171194 -0.178902
v -0.671301 0.171194 0.254646
v -0.650355 0.000000 -0.212128
v -0.650355 0.000000 0.287872
v -0.650355 0.075000 -0.162128
v -0.650355 0.075000 0.237872
v -0.650355 0.078806 -0.181262
v -0.650355 0.078806 0.257006
v -0.650355 0.089645 -0.197483
v -0.650355 0.089645 0.273228
v -0.650355 0.105866 -0.208322
v -0.650355 0.105866 0.284066
v -0.650355 0.125000 -0.212128
v -0.650355 0.125000 0.287872
v -0.650355 0.144134 -0.208322
v -0.650355 0.144134 0.284066
v -0.650355 0.160355 -0.197483
v -0.650355 0.160355 0.273228
v -0.650355 0.171194 -0.181262
v -0.650355 0.171194 0.257006
v -0.650355 0.175000 -0.162128
v -0.650355 0.175000 0.237872
v -0.650355 0.250000 -0.212128
v -0.650355 0.250000 0.287872
v -0.646590 0.000000 -0.269559
v -0.646590 0.000000 0.345304
v -0.646590 0.250000 -0.269559
v -0.646590 0.250000 0.345304
v -0.635362 0.000000 -0.326008
v -0.635362 0.000000 0.401753
v -0.635362 0.250000 -0.326008
v -0.635362 0.250000 0.401753
v -0.616862 0.000000 -0.380508
v -0.616861 0.000000 0.456254
v -0.616862 0.250000 -0.380508
v -0.616861 0.250000 0.456254
v -0.591406 0.000000 -0.432128
v -0.591405 0.000000 0.507873
v -0.591406 0.250000 -0.432128
v -0.591405 0.250000 0.507873
v -0.559430 0.000000 -0.479983
v -0.559429 0.000000 0.555728
v -0.559430 0.250000 -0.479983
v -0.559429 0.250000 0.555728
v -0.552355 0.000000 -0.212128
v -0.552355 0.000000 0.287872
v -0.548641 0.000000 -0.262394
v -0.548641 0.000000 0.338138
v -0.537579 0.000000 -0.311568
v -0.537579 0.000000 0.387313
v -0.533220 0.003806 -0.212128
v -0.533220 0.003806 0.287872
v -0.530535 0.003806 -0.253685
v -0.530535 0.003806 0.329430
v -0.522522 0.003806 -0.294551
v -0.522522 0.003806 0.370296
v -0.521482 0.000000 -0.523255
v -0.521481 0.000000 0.599000
v -0.521482 0.250000 -0.523255
v -0.521481 0.250000 0.599000
v -0.519410 0.000000 -0.358582
v -0.519409 0.000000 0.434328
v -0.516999 0.014645 -0.212128
v -0.516999 0.014645 0.287872
v -0.514449 0.014645 -0.251597
v -0.514449 0.014645 0.327342
v -0.509317 0.003806 -0.334046
v -0.509317 0.003806 0.409791
v -0.506839 0.014645 -0.290410
v -0.506839 0.014645 0.366155
v -0.506161 0.030866 -0.212128
v -0.506161 0.030866 0.287872
v -0.503700 0.030866 -0.250202
v -0.503700 0.030866 0.325947
v -0.502355 0.050000 -0.212128
v -0.502355 0.050000 0.287872
v -0.502355 0.250000 -0.212128
v -0.502355 0.250000 0.287872
v -0.498746 0.050000 -0.257893
v -0.498746 0.050000 0.333638
v -0.498573 0.250000 -0.258968
v -0.498573 0.250000 0.334713
v -0.496359 0.030866 -0.287643
v -0.496359 0.030866 0.363388
v -0.494528 0.000000 -0.402416
v -0.494527 0.000000 0.478161
v -0.494297 0.014645 -0.327921
v -0.494296 0.014645 0.403666
v -0.491137 0.003806 -0.371512
v -0.491137 0.003806 0.447258
v -0.488009 0.050000 -0.302527
v -0.488009 0.050000 0.378272
v -0.487327 0.250000 -0.304595
v -0.487327 0.250000 0.380340
v -0.484260 0.030866 -0.323828
v -0.484260 0.030866 0.399573
v -0.478210 0.000000 -0.561203
v -0.478210 0.250000 -0.561203
v -0.478208 0.000000 0.636949
v -0.478208 0.250000 0.636949
v -0.477030 0.014645 -0.363505
v -0.477030 0.014645 0.439250
v -0.470409 0.050000 -0.344927
v -0.470409 0.050000 0.420672
v -0.468908 0.250000 -0.347827
v -0.468908 0.250000 0.423572
v -0.468287 0.003806 -0.406327
v -0.468286 0.003806 0.482072
v -0.467605 0.030866 -0.358154
v -0.467604 0.030866 0.433899
v -0.463474 0.000000 -0.442116
v -0.463473 0.000000 0.517861
v -0.455328 0.014645 -0.396570
v -0.455327 0.014645 0.472316
v -0.446669 0.030866 -0.390051
v -0.446668 0.030866 0.465796
v -0.446382 0.050000 -0.384044
v -0.446381 0.050000 0.459789
v -0.443792 0.250000 -0.387545
v -0.443791 0.250000 0.463290
v -0.441145 0.003806 -0.437911
v -0.441144 0.003806 0.513657
v -0.430355 0.000000 -0.593179
v -0.430353 0.000000 0.668924
v -0.430355 0.250000 -0.593179
v -0.430353 0.250000 0.668924
v -0.429550 0.014645 -0.426568
v -0.429549 0.014645 0.502313
v -0.426922 0.000000 -0.476821
v -0.426921 0.000000 0.552566
v -0.421802 0.030866 -0.418988
v -0.421801 0.030866 0.494733
v -0.416520 0.050000 -0.418912
v -0.416519 0.050000 0.494657
v -0.412630 0.250000 -0.422719
v -0.412629 0.250000 0.498464
v -0.410164 0.003806 -0.465739
v -0.410163 0.003806 0.541484
v -0.400125 0.014645 -0.452997
v -0.400124 0.014645 0.528743
v -0.393417 0.030866 -0.444484
v -0.393416 0.030866 0.520229
v -0.387548 0.006619 0.550891
v -0.387557 0.006944 -0.474467
v -0.387082 0.014650 0.538461
v -0.387078 0.014690 -0.462671
v -0.386955 0.001826 -0.489249
v -0.386906 0.001664 0.565735
v -0.385667 0.000000 -0.505777
v -0.385688 0.000000 -0.505533
v -0.385686 0.000000 0.581278
v -0.385665 0.000000 0.581522
v -0.384930 0.025000 -0.454500
v -0.384928 0.025000 0.530246
v -0.382458 0.036944 -0.450220
v -0.382457 0.036944 0.525965
v -0.381563 0.050000 -0.448669
v -0.381562 0.050000 0.524414
v -0.381563 0.175000 -0.448669
v -0.381562 0.175000 0.524414
v -0.378735 0.000000 -0.618635
v -0.378733 0.000000 0.694380
v -0.378735 0.250000 -0.618635
v -0.378733 0.250000 0.694380
v -0.377006 0.000000 -0.510777
v -0.377005 0.000000 0.586522
v -0.376785 0.000000 -0.510673
v -0.376783 0.000000 0.586419
v -0.376230 0.250000 -0.452439
v -0.376229 0.250000 0.528184
v -0.364943 0.175000 -0.459851
v -0.364941 0.175000 0.535596
v -0.362713 0.001664 -0.503958
v -0.362047 0.001826 0.579373
v -0.360095 0.025000 -0.203306
v -0.360095 0.025000 0.279051
v -0.360095 0.175000 -0.203306
v -0.360095 0.175000 0.279051
v -0.358260 0.025000 -0.237109
v -0.358260 0.025000 0.312855
v -0.358260 0.175000 -0.237109
v -0.358260 0.175000 0.312855
v -0.356757 0.012500 -0.220655
v -0.356753 0.012500 0.279280
v -0.354777 0.012500 -0.186662
v -0.354777 0.012500 0.313338
v -0.354303 0.025000 -0.169951
v -0.354303 0.025000 0.245696
v -0.354303 0.175000 -0.169951
v -0.354303 0.175000 0.245696
v -0.350844 0.012500 -0.254188
v -0.350844 0.012500 0.245812
v -0.349538 0.006619 -0.497092
v -0.348945 0.006944 0.572504
v -0.348891 0.025000 -0.269641
v -0.348891 0.025000 0.345386
v -0.348891 0.175000 -0.269641
v -0.348891 0.175000 0.345386
v -0.347622 0.003349 -0.220123
v -0.347620 0.003349 0.279847
v -0.347595 0.175000 -0.469866
v -0.347594 0.175000 0.545611
v -0.345766 0.003349 -0.188251
v -0.345766 0.003349 0.311749
v -0.345012 0.012500 -0.154042
v -0.345012 0.012500 0.345958
v -0.342078 0.003349 -0.251563
v -0.342078 0.003349 0.248437
v -0.341179 0.025000 -0.138745
v -0.341179 0.025000 0.214490
v -0.341179 0.175000 -0.138745
v -0.341179 0.175000 0.214490
v -0.339006 0.014650 -0.490473
v -0.338969 0.014690 0.566192
v -0.337358 0.012500 -0.285453
v -0.337358 0.012500 0.214547
v -0.336609 0.003349 -0.157667
v -0.336609 0.003349 0.342333
v -0.335533 0.250000 -0.475935
v -0.335532 0.250000 0.551680
v -0.335341 0.000000 -0.213963
v -0.335341 0.000000 0.289708
v -0.332968 0.025000 -0.484500
v -0.332967 0.025000 0.560246
v -0.332465 0.025000 -0.299242
v -0.332465 0.025000 0.374988
v -0.332465 0.175000 -0.299242
v -0.332465 0.175000 0.374988
v -0.331964 0.000000 -0.183211
v -0.331964 0.000000 0.258956
v -0.331302 0.000000 -0.532027
v -0.331300 0.000000 0.607772
v -0.331063 0.000000 -0.244602
v -0.331063 0.000000 0.320347
v -0.330497 0.036944 -0.480220
v -0.330495 0.036944 0.555965
v -0.330084 0.003806 -0.511973
v -0.330082 0.003806 0.587718
v -0.329601 0.050000 -0.478669
v -0.329600 0.050000 0.554414
v -0.329601 0.175000 -0.478669
v -0.329600 0.175000 0.554414
v -0.329433 0.003349 -0.280878
v -0.329433 0.003349 0.219122
v -0.327987 0.012500 -0.124554
v -0.327987 0.012500 0.375446
v -0.324235 0.000000 -0.637135
v -0.324233 0.000000 0.712880
v -0.324235 0.250000 -0.637135
v -0.324233 0.250000 0.712880
v -0.324069 0.014645 -0.496908
v -0.324067 0.014645 0.572654
v -0.321391 0.025000 -0.111277
v -0.321392 0.025000 0.187022
v -0.321391 0.175000 -0.111277
v -0.321392 0.175000 0.187022
v -0.321138 0.000000 -0.154231
v -0.321138 0.000000 0.229976
v -0.320647 0.003349 -0.130018
v -0.320647 0.003349 0.369982
v -0.320049 0.030866 -0.486843
v -0.320048 0.030866 0.562588
v -0.319391 0.000000 -0.273252
v -0.319390 0.000000 0.348997
v -0.317024 0.012500 -0.312766
v -0.317024 0.012500 0.187234
v -0.310369 0.003349 -0.306486
v -0.310369 0.003349 0.193514
v -0.309820 0.025000 -0.324407
v -0.309820 0.025000 0.400152
v -0.309820 0.175000 -0.324407
v -0.309820 0.175000 0.400152
v -0.306687 0.014199 -0.323887
v -0.306686 0.014199 0.399632
v -0.304620 0.012500 -0.099787
v -0.303527 0.000000 -0.128797
v -0.303527 0.000000 0.204542
v -0.301040 0.000000 -0.298158
v -0.301040 0.000000 0.373903
v -0.298776 0.006133 -0.322474
v -0.298776 0.006133 0.398219
v -0.298738 0.003349 -0.106797
v -0.298738 0.003349 0.393203
v -0.295948 0.025000 -0.088946
v -0.295948 0.025000 0.164691
v -0.295948 0.175000 -0.088946
v -0.295948 0.175000 0.164691
v -0.291594 0.250000 -0.492599
v -0.291593 0.250000 0.568344
v -0.290941 0.012500 0.165347
v -0.290494 0.003806 -0.524890
v -0.290492 0.003806 0.600635
v -0.288467 0.001493 -0.320402
v -0.288467 0.001493 0.396147
v -0.286468 0.014645 -0.509176
v -0.286466 0.014645 0.584921
v -0.286352 0.050000 -0.494065
v -0.286351 0.050000 0.569809
v -0.285912 0.003349 0.172993
v -0.283777 0.030866 -0.498677
v -0.283776 0.030866 0.574422
v -0.282971 0.000000 -0.546330
v -0.282969 0.000000 0.622075
v -0.280208 0.000000 -0.108467
v -0.280209 0.000000 0.184212
v -0.277320 0.000000 -0.317840
v -0.277320 0.000000 0.393585
v -0.277135 0.000000 -0.317794
v -0.277134 0.000000 0.393539
v -0.276171 0.012500 -0.081076
v -0.272065 0.003349 -0.089253
v -0.268475 0.000000 -0.322794
v -0.268474 0.000000 0.398539
v -0.268421 0.000000 -0.322978
v -0.268421 0.000000 0.398723
v -0.267786 0.000000 -0.648364
v -0.267783 0.000000 0.724108
v -0.267786 0.250000 -0.648364
v -0.267783 0.250000 0.724108
v -0.266144 0.025000 -0.072889
v -0.266145 0.025000 0.148633
v -0.266144 0.175000 -0.072889
v -0.266145 0.175000 0.148633
v -0.265067 0.001493 -0.333912
v -0.265066 0.001493 0.409657
v -0.261706 0.006133 -0.343876
v -0.261706 0.006133 0.419621
v -0.260512 0.012500 0.150066
v -0.258975 0.014199 -0.351433
v -0.258974 0.014199 0.427178
v -0.257859 0.025000 -0.354407
v -0.257858 0.025000 0.430152
v -0.257859 0.175000 -0.354407
v -0.257858 0.175000 0.430152
v -0.257382 0.003349 -0.341336
v -0.257382 0.003349 0.158664
v -0.252611 0.000000 -0.094487
v -0.252612 0.000000 0.170231
v -0.249570 0.003806 -0.532603
v -0.249568 0.003806 0.608348
v -0.247600 0.014645 -0.516502
v -0.247598 0.014645 0.592247
v -0.246284 0.030866 -0.505744
v -0.246282 0.030866 0.581488
v -0.245551 0.250000 -0.501999
v -0.245549 0.250000 0.577743
v -0.244175 0.012500 -0.069430
v -0.244175 0.012500 0.430570
v -0.242064 0.003349 -0.078334
v -0.242064 0.003349 0.421666
v -0.241225 0.050000 -0.502491
v -0.241223 0.050000 0.578236
v -0.239516 0.000000 -0.333679
v -0.239516 0.000000 0.409423
v -0.233499 0.025000 -0.063924
v -0.233500 0.025000 0.139669
v -0.233499 0.175000 -0.063924
v -0.233500 0.175000 0.139669
v -0.233062 0.000000 -0.553373
v -0.233060 0.000000 0.629118
v -0.227380 0.012500 -0.357787
v -0.227380 0.012500 0.142213
v -0.226317 0.003349 -0.348698
v -0.226317 0.003349 0.151302
v -0.224743 0.025000 -0.361436
v -0.224742 0.025000 0.437181
v -0.224743 0.175000 -0.361436
v -0.224742 0.175000 0.437181
v -0.222426 0.000000 -0.087712
v -0.222426 0.000000 0.163456
v -0.210355 0.000000 -0.652128
v -0.210352 0.000000 0.727872
v -0.210355 0.003349 -0.074628
v -0.210355 0.003349 0.425372
v -0.210355 0.012500 -0.065477
v -0.210355 0.012500 0.434523
v -0.210355 0.250000 -0.652128
v -0.210352 0.250000 0.727872
v -0.208772 0.000000 -0.337118
v -0.208771 0.000000 0.412862
v -0.208192 0.030866 -0.507926
v -0.208190 0.030866 0.583670
v -0.208113 0.014645 -0.518764
v -0.208111 0.014645 0.594509
v -0.207994 0.003806 -0.534985
v -0.207992 0.003806 0.610729
v -0.199675 0.025000 -0.062508
v -0.199676 0.025000 0.138253
v -0.199675 0.175000 -0.062508
v -0.199676 0.175000 0.138253
v -0.198597 0.250000 -0.503891
v -0.198595 0.250000 0.579635
v -0.195335 0.050000 -0.503741
v -0.195333 0.050000 0.579486
v -0.194392 0.003349 -0.348698
v -0.194392 0.003349 0.151302
v -0.193330 0.012500 -0.357787
v -0.193330 0.012500 0.142213
v -0.191501 0.000000 -0.088558
v -0.191501 0.000000 0.164302
v -0.190894 0.025000 -0.360860
v -0.190894 0.025000 0.436604
v -0.190894 0.175000 -0.360860
v -0.190894 0.175000 0.436604
v -0.182661 0.000000 -0.553005
v -0.182658 0.000000 0.628749
v -0.178645 0.003349 -0.078334
v -0.178645 0.003349 0.421666
v -0.178124 0.000000 -0.332901
v -0.178123 0.000000 0.408645
v -0.176535 0.012500 -0.069430
v -0.176535 0.012500 0.430570
v -0.170137 0.030866 -0.505187
v -0.170135 0.030866 0.580931
v -0.168663 0.014645 -0.515925
v -0.168661 0.014645 0.591669
v -0.166458 0.003806 -0.531996
v -0.166455 0.003806 0.607740
v -0.166396 0.025000 -0.068714
v -0.166396 0.025000 0.144458
v -0.166396 0.175000 -0.068714
v -0.166396 0.175000 0.144458
v -0.163327 0.003349 -0.341336
v -0.163327 0.003349 0.158664
v -0.161731 0.000000 -0.096973
v -0.161731 0.000000 0.172717
v -0.160197 0.012500 -0.349934
v -0.160197 0.012500 0.150066
v -0.158037 0.025000 -0.352708
v -0.158036 0.025000 0.428452
v -0.158037 0.175000 -0.352708
v -0.158036 0.175000 0.428452
v -0.152923 0.000000 -0.648364
v -0.152920 0.000000 0.724107
v -0.152923 0.250000 -0.648364
v -0.152920 0.250000 0.724107
v -0.151947 0.250000 -0.498227
v -0.151945 0.250000 0.573971
v -0.149816 0.050000 -0.497783
v -0.149813 0.050000 0.573527
v -0.149451 0.000000 -0.321287
v -0.149450 0.000000 0.397031
v -0.148645 0.003349 -0.089253
v -0.148645 0.003349 0.410747
v -0.144538 0.012500 -0.081076
v -0.144538 0.012500 0.418924
v -0.135355 0.025000 -0.082224
v -0.135355 0.025000 0.157968
v -0.135355 0.175000 -0.082224
v -0.135355 0.175000 0.157968
v -0.134939 0.000000 -0.112441
v -0.134940 0.000000 0.188185
v -0.134797 0.003349 0.172993
v -0.134772 0.003349 -0.326990
v -0.132860 0.000000 -0.545232
v -0.132858 0.000000 0.620976
v -0.132751 0.030866 -0.497573
v -0.132748 0.030866 0.573317
v -0.129907 0.014645 -0.508032
v -0.129905 0.014645 0.583775
v -0.129769 0.012500 0.165347
v -0.129714 0.012500 -0.334617
v -0.127844 0.025000 -0.337396
v -0.127844 0.025000 0.413140
v -0.127844 0.175000 -0.337396
v -0.127844 0.175000 0.413140
v -0.125652 0.003806 -0.523685
v -0.125649 0.003806 0.599428
v -0.124508 0.000000 -0.302986
v -0.124507 0.000000 0.378730
v -0.121971 0.003349 -0.106797
v -0.121971 0.003349 0.393203
v -0.116089 0.012500 -0.099787
v -0.116089 0.012500 0.400213
v -0.112767 0.000000 -0.134015
v -0.112767 0.000000 0.209759
v -0.110341 0.003349 -0.306486
v -0.110341 0.003349 0.193514
v -0.108134 0.025000 -0.102351
v -0.108135 0.025000 0.178095
v -0.108134 0.175000 -0.102351
v -0.108135 0.175000 0.178095
v -0.106810 0.250000 -0.485153
v -0.106808 0.250000 0.560896
v -0.105793 0.050000 -0.484765
v -0.105791 0.050000 0.560508
v -0.104823 0.000000 -0.279121
v -0.104823 0.000000 0.354865
v -0.103685 0.012500 -0.312766
v -0.103685 0.012500 0.187234
v -0.101855 0.025000 -0.315703
v -0.101854 0.025000 0.391446
v -0.101855 0.175000 -0.315703
v -0.101854 0.175000 0.391446
v -0.100063 0.003349 -0.130018
v -0.100063 0.003349 0.369982
v -0.096655 0.030866 -0.485210
v -0.096653 0.030866 0.560953
v -0.096572 0.000000 -0.160374
v -0.096572 0.000000 0.236117
v -0.096474 0.000000 -0.637135
v -0.096471 0.000000 0.712879
v -0.096474 0.250000 -0.637135
v -0.096471 0.250000 0.712879
v -0.092723 0.012500 -0.124554
v -0.092723 0.012500 0.375446
v -0.092489 0.014645 -0.495216
v -0.092487 0.014645 0.570959
v -0.091602 0.000000 -0.251152
v -0.091602 0.000000 0.326896
v -0.091276 0.003349 -0.280878
v -0.091276 0.003349 0.219122
v -0.087346 0.000000 -0.189902
v -0.087347 0.000000 0.265646
v -0.086254 0.003806 -0.510191
v -0.086252 0.003806 0.585934
v -0.086120 0.025000 -0.128070
v -0.086121 0.025000 0.203813
v -0.086120 0.175000 -0.128070
v -0.086121 0.175000 0.203813
v -0.085655 0.000000 -0.220792
v -0.085655 0.000000 0.296536
v -0.084743 0.000000 -0.530225
v -0.084741 0.000000 0.605968
v -0.084100 0.003349 -0.157667
v -0.084100 0.003349 0.342333
v -0.083351 0.012500 -0.285453
v -0.083351 0.012500 0.214547
v -0.081391 0.025000 -0.288734
v -0.081391 0.025000 0.364478
v -0.081391 0.175000 -0.288734
v -0.081391 0.175000 0.364478
v -0.078631 0.003349 -0.251563
v -0.078631 0.003349 0.248437
v -0.075698 0.012500 -0.154042
v -0.075698 0.012500 0.345958
v -0.074944 0.003349 -0.188251
v -0.074944 0.003349 0.311749
v -0.073087 0.003349 -0.220123
v -0.073087 0.003349 0.279877
v -0.070434 0.025000 -0.158070
v -0.070434 0.025000 0.233814
v -0.070434 0.175000 -0.158070
v -0.070434 0.175000 0.233814
v -0.069865 0.012500 -0.254188
v -0.069865 0.012500 0.245812
v -0.067497 0.025000 -0.257863
v -0.067497 0.025000 0.333607
v -0.067497 0.175000 -0.257863
v -0.067497 0.175000 0.333607
v -0.065932 0.012500 -0.186662
v -0.065932 0.012500 0.313338
v -0.064355 0.050000 -0.465007
v -0.064352 0.050000 0.540750
v -0.064355 0.250000 -0.465007
v -0.064352 0.250000 0.540750
v -0.063952 0.012500 -0.220655
v -0.063952 0.012500 0.279345
v -0.062452 0.030866 -0.468303
v -0.062449 0.030866 0.544046
v -0.061875 0.025000 -0.190824
v -0.061875 0.025000 0.266567
v -0.061875 0.175000 -0.190824
v -0.061875 0.175000 0.266567
v -0.060879 0.025000 -0.224662
v -0.060879 0.025000 0.300406
v -0.060879 0.175000 -0.224662
v -0.060879 0.175000 0.300406
v -0.057032 0.014645 -0.477690
v -0.057030 0.014645 0.553433
v -0.048922 0.003806 -0.491738
v -0.048919 0.003806 0.567481
v -0.041974 0.000000 -0.618635
v -0.041970 0.000000 0.694378
v -0.041974 0.250000 -0.618635
v -0.041970 0.250000 0.694378
v -0.039355 0.000000 -0.508308
v -0.039352 0.000000 0.584051
v 0.009645 0.000000 -0.593179
v 0.009649 0.000000 0.668921
v 0.009645 0.250000 -0.593179
v 0.009649 0.250000 0.668921
v 0.072659 0.025000 0.037443
v 0.072659 0.175000 0.037443
v 0.076256 0.012500 0.029345
v 0.076383 0.025000 0.071091
v 0.076383 0.175000 0.071091
v 0.076575 0.025000 0.003817
v 0.076575 0.175000 0.003817
v 0.078235 0.012500 0.063338
v 0.082168 0.012500 -0.004188
v 0.085391 0.003349 0.029877
v 0.087247 0.003349 0.061749
v 0.087557 0.025000 0.103047
v 0.087557 0.175000 0.103047
v 0.087932 0.025000 -0.028075
v 0.087932 0.175000 -0.028075
v 0.088001 0.012500 0.095958
v 0.090934 0.003349 -0.001563
v 0.095655 0.012500 -0.035453
v 0.096403 0.003349 0.092333
v 0.098575 0.000000 0.052986
v 0.098664 0.000000 0.022049
v 0.103580 0.003349 -0.030878
v 0.105026 0.012500 0.125446
v 0.105613 0.025000 0.131684
v 0.105613 0.175000 0.131684
v 0.106087 0.000000 0.082996
v 0.106152 0.025000 -0.056607
v 0.106152 0.175000 -0.056607
v 0.106347 0.000000 -0.007918
v 0.112366 0.003349 0.119982
v 0.115988 0.012500 -0.062766
v 0.120739 0.000000 0.110243
v 0.121154 0.000000 -0.035080
v 0.122644 0.003349 -0.056486
v 0.128393 0.012500 0.150213
v 0.129631 0.025000 0.155541
v 0.129631 0.175000 0.155541
v 0.130306 0.025000 -0.080327
v 0.130306 0.175000 -0.080327
v 0.134275 0.003349 0.143203
v 0.141633 0.000000 0.133056
v 0.142072 0.012500 -0.084653
v 0.142179 0.000000 -0.057774
v 0.147101 0.003349 -0.077007
v 0.156841 0.012500 0.168924
v 0.158388 0.025000 0.173406
v 0.158388 0.175000 0.173406
v 0.159164 0.025000 -0.098027
v 0.159164 0.175000 -0.098027
v 0.160948 0.003349 0.160747
v 0.167491 0.000000 0.150040
v 0.168134 0.000000 -0.074609
v 0.172501 0.012500 -0.099934
v 0.175630 0.003349 -0.091336
v 0.188838 0.012500 0.180570
v 0.190418 0.025000 0.184366
v 0.190418 0.175000 0.184366
v 0.190948 0.003349 0.171666
v 0.191256 0.025000 -0.108804
v 0.191256 0.175000 -0.108804
v 0.196728 0.000000 0.160153
v 0.197428 0.000000 -0.084555
v 0.205633 0.012500 -0.107787
v 0.206695 0.003349 -0.098698
v 0.222658 0.003349 0.175372
v 0.222658 0.012500 0.184523
v 0.224090 0.025000 0.187865
v 0.224090 0.175000 0.187865
v 0.224948 0.025000 -0.112110
v 0.224948 0.175000 -0.112110
v 0.227553 0.000000 0.162776
v 0.228267 0.000000 -0.087002
v 0.238621 0.003349 -0.098698
v 0.239683 0.012500 -0.107787
v 0.254368 0.003349 0.171666
v 0.256478 0.012500 0.180570
v 0.257689 0.025000 0.183724
v 0.257689 0.175000 0.183724
v 0.258078 0.000000 0.157749
v 0.258523 0.025000 -0.107777
v 0.258523 0.175000 -0.107777
v 0.258763 0.000000 -0.081800
v 0.269686 0.003349 -0.091336
v 0.272816 0.012500 -0.099934
v 0.284368 0.003349 0.160747
v 0.286433 0.000000 0.145379
v 0.287047 0.000000 -0.069268
v 0.288475 0.012500 0.168924
v 0.289504 0.025000 0.172154
v 0.289504 0.175000 0.172154
v 0.290271 0.025000 -0.096025
v 0.290271 0.175000 -0.096025
v 0.298216 0.003349 -0.077007
v 0.303244 0.012500 -0.084653
v 0.310883 0.000000 0.126424
v 0.311041 0.003349 0.143203
v 0.311388 0.000000 -0.050174
v 0.316923 0.012500 0.150213
v 0.317914 0.025000 0.153744
v 0.317914 0.175000 0.153744
v 0.318576 0.025000 -0.077453
v 0.318576 0.175000 -0.077453
v 0.322672 0.003349 -0.056486
v 0.329328 0.012500 -0.062766
v 0.329928 0.000000 0.102045
v 0.330293 0.000000 -0.025686
v 0.332950 0.003349 0.119982
v 0.340290 0.012500 0.125446
v 0.341472 0.025000 0.129432
v 0.341472 0.175000 0.129432
v 0.341737 0.003349 -0.030878
v 0.341994 0.025000 -0.053006
v 0.341994 0.175000 -0.053006
v 0.342403 0.000000 0.073736
v 0.342606 0.000000 0.002694
v 0.347572 0.000000 0.033229
v 0.347543 0.000000 0.043229
v 0.347675 0.000000 0.043368
v 0.347704 0.000000 0.033092
v 0.348913 0.003349 0.092333
v 0.349661 0.012500 -0.035453
v 0.354382 0.003349 -0.001563
v 0.355444 0.001493 0.051762
v 0.355521 0.001493 0.024742
v 0.357315 0.012500 0.095958
v 0.358069 0.003349 0.061749
v 0.358979 0.025000 0.100456
v 0.358979 0.175000 0.100456
v 0.359334 0.025000 -0.023931
v 0.359334 0.175000 -0.023931
v 0.362369 0.006133 0.059674
v 0.362492 0.006133 0.016870
v 0.363148 0.012500 -0.004188
v 0.367209 0.050000 0.291583
v 0.367209 0.250000 0.291583
v 0.367531 0.014199 0.065833
v 0.367689 0.014199 0.010740
v 0.368658 0.050000 -0.215007
v 0.368658 0.250000 -0.215007
v 0.369120 0.030866 0.294874
v 0.369541 0.025000 0.068292
v 0.369541 0.175000 0.068292
v 0.369713 0.025000 0.008293
v 0.369713 0.175000 0.008293
v 0.370561 0.030866 -0.218303
v 0.374515 0.014645 0.304275
v 0.375980 0.014645 -0.227690
v 0.382577 0.003806 0.318351
v 0.384091 0.003806 -0.241738
v 0.392086 0.000000 0.334955
v 0.393658 0.000000 -0.258308
v 0.401041 0.030866 0.273840
v 0.402388 0.030866 -0.197071
v 0.405296 0.050000 0.265705
v 0.406135 0.250000 0.265029
v 0.406596 0.050000 -0.188912
v 0.407432 0.250000 -0.188231
v 0.407577 0.014645 0.282486
v 0.408974 0.014645 -0.205679
v 0.417360 0.003806 0.295425
v 0.418830 0.003806 -0.218563
v 0.430005 0.030866 0.248842
v 0.431209 0.030866 -0.171908
v 0.434004 0.000000 0.306753
v 0.435442 0.000000 -0.229872
v 0.437603 0.014645 0.256572
v 0.438850 0.014645 -0.179595
v 0.438840 0.050000 0.234161
v 0.439959 0.050000 -0.157177
v 0.440283 0.250000 0.232560
v 0.440881 0.000000 0.419944
v 0.440881 0.250000 0.419944
v 0.441393 0.250000 -0.155567
v 0.442658 0.000000 -0.343179
v 0.442658 0.250000 -0.343179
v 0.448973 0.003806 0.268141
v 0.450286 0.003806 -0.191099
v 0.455501 0.030866 0.220316
v 0.456540 0.030866 -0.143236
v 0.464032 0.014645 0.227000
v 0.465110 0.014645 -0.149872
v 0.467009 0.050000 0.197736
v 0.467920 0.050000 -0.120592
v 0.468764 0.250000 0.195021
v 0.469659 0.250000 -0.117866
v 0.471310 0.000000 0.272684
v 0.472579 0.000000 -0.195588
v 0.476801 0.003806 0.237005
v 0.477101 0.030866 0.188737
v 0.477935 0.003806 -0.159804
v 0.477959 0.030866 -0.111535
v 0.486424 0.014645 0.194265
v 0.487314 0.014645 -0.117009
v 0.488986 0.000000 0.388114
v 0.488986 0.250000 0.388114
v 0.489102 0.050000 0.157336
v 0.489781 0.050000 -0.080066
v 0.490615 0.000000 -0.311125
v 0.490615 0.250000 -0.311125
v 0.490837 0.250000 0.153389
v 0.491493 0.250000 -0.076109
v 0.494444 0.030866 0.154634
v 0.495108 0.030866 -0.077334
v 0.500377 0.003806 0.202538
v 0.501314 0.003806 -0.125202
v 0.503189 0.000000 0.233490
v 0.504257 0.000000 -0.156205
v 0.504403 0.014645 0.158913
v 0.504569 0.050000 0.113966
v 0.505000 0.050000 -0.036607
v 0.505091 0.014645 -0.081555
v 0.505925 0.250000 0.108750
v 0.506326 0.250000 -0.031384
v 0.507241 0.030866 0.118579
v 0.507698 0.030866 -0.041205
v 0.513026 0.050000 0.068703
v 0.513026 0.175000 0.068703
v 0.513197 0.050000 0.008703
v 0.513197 0.175000 0.008703
v 0.513637 0.250000 0.062265
v 0.513772 0.250000 0.015144
v 0.514456 0.175000 0.048723
v 0.514514 0.175000 0.028691
v 0.514817 0.036944 0.068708
v 0.514988 0.036944 0.008708
v 0.515278 0.030866 0.081173
v 0.515521 0.030866 -0.003754
v 0.517669 0.014645 0.121536
v 0.518142 0.014645 -0.044103
v 0.519307 0.003806 0.165316
v 0.519759 0.025000 0.068722
v 0.519931 0.025000 0.008722
v 0.520031 0.003806 -0.087872
v 0.526000 0.014645 0.082760
v 0.526251 0.014645 -0.005279
v 0.528884 0.013788 0.066094
v 0.528947 0.000000 0.190027
v 0.529040 0.013788 0.011402
v 0.529785 0.000000 -0.112583
v 0.532514 0.000000 0.350265
v 0.532514 0.250000 0.350265
v 0.533274 0.003806 0.125962
v 0.533773 0.003806 -0.048439
v 0.533966 0.000000 -0.273074
v 0.533966 0.250000 -0.273074
v 0.540077 0.006031 0.060065
v 0.540199 0.006031 0.017495
v 0.542046 0.003806 0.085134
v 0.542311 0.003806 -0.007562
v 0.548021 0.000000 0.143244
v 0.548606 0.000000 -0.065676
v 0.552107 0.001519 0.052396
v 0.552185 0.001519 0.025233
v 0.559994 0.000000 0.094161
v 0.560307 0.000000 -0.016507
v 0.564408 0.000000 0.043988
v 0.564438 0.000000 0.033712
v 0.564606 0.000000 0.043850
v 0.564634 0.000000 0.033850
v 0.570717 0.000000 0.307046
v 0.570717 0.250000 0.307046
v 0.571967 0.000000 -0.229678
v 0.571967 0.250000 -0.229678
v 0.584735 0.125000 -0.212128
v 0.584735 0.125000 0.287872
v 0.586895 0.107518 -0.208971
v 0.586895 0.107518 0.284715
v 0.586895 0.142482 -0.208971
v 0.586895 0.142482 0.284715
v 0.592658 0.092642 -0.200245
v 0.592658 0.092642 0.275990
v 0.592658 0.107765 -0.209063
v 0.592658 0.107765 0.284808
v 0.592658 0.125000 -0.212128
v 0.592658 0.125000 0.287872
v 0.592658 0.142235 -0.209063
v 0.592658 0.142235 0.284808
v 0.592658 0.157358 -0.200245
v 0.592658 0.157358 0.275990
v 0.597519 0.085381 0.268261
v 0.597519 0.164619 -0.192516
v 0.598512 0.084218 -0.190892
v 0.598512 0.165782 0.266636
v 0.602938 0.000000 0.259202
v 0.602938 0.250000 0.259202
v 0.603218 0.079826 0.258725
v 0.603218 0.170174 -0.182981
v 0.603965 0.000000 -0.181684
v 0.603965 0.250000 -0.181684
v 0.604971 0.078594 -0.179927
v 0.604971 0.171406 0.255672
v 0.607848 0.078806 -0.180028
v 0.607848 0.078806 0.255773
v 0.607848 0.171194 -0.180028
v 0.607848 0.171194 0.255773
v 0.609875 0.076159 0.246828
v 0.609875 0.173841 -0.171084
v 0.610465 0.089645 -0.196037
v 0.610465 0.089645 0.271781
v 0.610465 0.160355 -0.196037
v 0.610465 0.160355 0.271781
v 0.611257 0.075720 -0.168491
v 0.611257 0.174280 0.244236
v 0.612214 0.105866 -0.206734
v 0.612214 0.105866 0.282478
v 0.612214 0.144134 -0.206734
v 0.612214 0.144134 0.282478
v 0.612828 0.125000 -0.210490
v 0.612828 0.125000 0.286234
v 0.616545 0.075000 -0.158222
v 0.616545 0.075000 0.233967
v 0.616545 0.175000 -0.158222
v 0.616545 0.175000 0.233967
v 0.622639 0.078806 -0.176360
v 0.622639 0.078806 0.252104
v 0.622639 0.171194 -0.176360
v 0.622639 0.171194 0.252104
v 0.627806 0.089645 -0.191736
v 0.627806 0.089645 0.267481
v 0.627806 0.160355 -0.191736
v 0.627806 0.160355 0.267481
v 0.628624 0.000000 0.207554
v 0.628624 0.250000 0.207554
v 0.629410 0.000000 -0.129917
v 0.629410 0.250000 -0.129917
v 0.631258 0.105866 -0.202011
v 0.631258 0.105866 0.277755
v 0.631258 0.144134 -0.202011
v 0.631258 0.144134 0.277755
v 0.632470 0.125000 -0.205618
v 0.632470 0.125000 0.281363
v 0.637195 0.075000 -0.147472
v 0.637195 0.075000 0.223217
v 0.637195 0.175000 -0.147472
v 0.637195 0.175000 0.223217
v 0.638925 0.075000 -0.104683
v 0.638925 0.075000 0.180428
v 0.638925 0.175000 -0.104683
v 0.638925 0.175000 0.180428
v 0.643731 0.078806 -0.166203
v 0.643731 0.078806 0.241947
v 0.643731 0.171194 -0.166203
v 0.643731 0.171194 0.241947
v 0.647332 0.000000 0.152989
v 0.647332 0.250000 0.152989
v 0.647864 0.000000 -0.075266
v 0.647864 0.250000 -0.075266
v 0.652531 0.089645 -0.179829
v 0.652531 0.089645 0.255573
v 0.652531 0.160355 -0.179829
v 0.652531 0.160355 0.255573
v 0.653554 0.075000 -0.130908
v 0.653554 0.075000 0.206653
v 0.653554 0.175000 -0.130908
v 0.653554 0.175000 0.206653
v 0.654064 0.075000 -0.048665
v 0.654064 0.075000 0.124410
v 0.654064 0.175000 -0.048665
v 0.654064 0.175000 0.124410
v 0.658412 0.105866 -0.188933
v 0.658412 0.105866 0.264678
v 0.658412 0.144134 -0.188933
v 0.658412 0.144134 0.264678
v 0.658742 0.000000 0.096447
v 0.658742 0.250000 0.096447
v 0.659010 0.000000 -0.018670
v 0.659010 0.250000 -0.018670
v 0.660477 0.125000 -0.192131
v 0.660477 0.125000 0.267875
v 0.661664 0.078806 -0.151155
v 0.661664 0.078806 0.226899
v 0.661664 0.171194 -0.151155
v 0.661664 0.171194 0.226899
v 0.661700 0.075000 0.008858
v 0.661700 0.075000 0.066886
v 0.661700 0.175000 0.008858
v 0.661700 0.175000 0.066886
v 0.662657 0.000000 0.038897
v 0.662657 0.250000 0.038897
v 0.664045 0.075000 -0.110126
v 0.664045 0.075000 0.185870
v 0.664045 0.175000 -0.110126
v 0.664045 0.175000 0.185870
v 0.667658 0.075000 -0.087128
v 0.667658 0.075000 0.162872
v 0.667658 0.175000 -0.087128
v 0.667658 0.175000 0.162872
v 0.673555 0.089645 -0.162188
v 0.673555 0.089645 0.237933
v 0.673555 0.160355 -0.162188
v 0.673555 0.160355 0.237933
v 0.675329 0.078806 -0.132148
v 0.675329 0.078806 0.207892
v 0.675329 0.171194 -0.132148
v 0.675329 0.171194 0.207892
v 0.681500 0.105866 -0.169560
v 0.681500 0.105866 0.245305
v 0.681500 0.144134 -0.169560
v 0.681500 0.144134 0.245305
v 0.683881 0.078806 -0.110356
v 0.683881 0.078806 0.186100
v 0.683881 0.171194 -0.110356
v 0.683881 0.171194 0.186100
v 0.684290 0.125000 -0.172149
v 0.684290 0.125000 0.247893
v 0.686792 0.078806 -0.087128
v 0.686792 0.078806 0.162872
v 0.686792 0.171194 -0.087128
v 0.686792 0.171194 0.162872
v 0.689575 0.089645 -0.139905
v 0.689575 0.089645 0.215650
v 0.689575 0.160355 -0.139905
v 0.689575 0.160355 0.215650
v 0.699093 0.105866 -0.145089
v 0.699093 0.105866 0.220833
v 0.699093 0.144134 -0.145089
v 0.699093 0.144134 0.220833
v 0.699601 0.089645 -0.114359
v 0.699601 0.089645 0.190103
v 0.699601 0.160355 -0.114359
v 0.699601 0.160355 0.190103
v 0.702436 0.125000 -0.146909
v 0.702436 0.125000 0.222654
v 0.703013 0.089645 -0.087128
v 0.703013 0.089645 0.162872
v 0.703013 0.160355 -0.087128
v 0.703013 0.160355 0.162872
v 0.710104 0.105866 -0.117033
v 0.710104 0.105866 0.192778
v 0.710104 0.144134 -0.117033
v 0.710104 0.144134 0.192778
v 0.713793 0.125000 -0.117972
v 0.713793 0.125000 0.193717
v 0.713852 0.105866 -0.087128
v 0.713852 0.105866 0.162872
v 0.713852 0.144134 -0.087128
v 0.713852 0.144134 0.162872
v 0.717658 0.125000 -0.087128
v 0.717658 0.125000 0.162872
vt -0.199491 0.498728 0.000000
vt -0.149618 0.498728 0.000000
vt -0.099746 0.498728 0.000000
vt -0.049873 0.498728 0.000000
vt -0.000000 0.498728 0.000000
vt 0.049873 0.498728 0.000000
vt 0.099746 0.498728 0.000000
vt 0.149618 0.498728 0.000000
vt 0.199491 0.498728 0.000000
vt 0.199491 0.597681 0.000000
vt 0.199491 0.696635 0.000000
vt 0.199491 0.795588 0.000000
vt 0.199491 0.894541 0.000000
vt 0.149618 0.894541 0.000000
vt 0.099746 0.894541 0.000000
vt 0.049873 0.894541 0.000000
vt -0.000000 0.894541 0.000000
vt -0.049873 0.894541 0.000000
vt -0.099746 0.894541 0.000000
vt -0.149618 0.894541 0.000000
vt -0.199491 0.894541 0.000000
vt -0.199491 0.795588 0.000000
vt -0.199491 0.696635 0.000000
vt -0.199491 0.597681 0.000000
vt 0.149618 0.577891 0.000000
vt 0.099746 0.577891 0.000000
vt 0.049873 0.577891 0.000000
vt -0.000000 0.577891 0.000000
vt -0.049873 0.577891 0.000000
vt -0.099746 0.577891 0.000000
vt -0.149618 0.577891 0.000000
vt 0.149618 0.657053 0.000000
vt 0.099746 0.657053 0.000000
vt 0.049873 0.657053 0.000000
vt -0.000000 0.657053 0.000000
vt -0.049873 0.657053 0.000000
vt -0.099746 0.657053 0.000000
vt -0.149618 0.657053 0.000000
vt 0.149618 0.736216 0.000000
vt 0.099746 0.736216 0.000000
vt 0.049873 0.736216 0.000000
vt -0.000000 0.736216 0.000000
vt -0.049873 0.736216 0.000000
vt -0.099746 0.736216 0.000000
vt -0.149618 0.736216 0.000000
vt 0.149618 0.815378 0.000000
vt 0.099746 0.815378 0.000000
vt 0.049873 0.815378 0.000000
vt -0.000000 0.815378 0.000000
vt -0.049873 0.815378 0.000000
vt -0.099746 0.815378 0.000000
vt -0.149618 0.815378 0.000000
vt -0.000000 0.299237 0.000000
vt -0.000000 0.249364 0.000000
vt -0.000000 0.199491 0.000000
vt -0.000000 0.149618 0.000000
vt -0.000000 0.099746 0.000000
vt -0.000000 0.049873 0.000000
vt -0.000000 0.000000 0.000000
vt -0.000000 -0.049873 0.000000
vt -0.000000 -0.099746 0.000000
vt 0.635000 -0.099746 0.000000
vt 0.635000 -0.049873 0.000000
vt 0.635000 0.000000 0.000000
vt 0.635000 0.049873 0.000000
vt 0.635000 0.099746 0.000000
vt 0.635000 0.149618 0.000000
vt 0.635000 0.199491 0.000000
vt 0.635000 0.249364 0.000000
vt 0.635000 0.299237 0.000000
vt -0.199491 0.102914 0.000000
vt -0.149618 0.102914 0.000000
vt -0.099746 0.102914 0.000000
vt -0.049873 0.102914 0.000000
vt -0.000000 0.102914 0.000000
vt 0.049873 0.102914 0.000000
vt 0.099746 0.102914 0.000000
vt 0.149618 0.102914 0.000000
vt 0.199491 0.102914 0.000000
vt 0.199491 0.201868 0.000000
vt 0.199491 0.300821 0.000000
vt 0.199491 0.399774 0.000000
vt 0.199491 0.498728 0.000000
vt 0.149618 0.498728 0.000000
vt 0.099746 0.498728 0.000000
vt 0.049873 0.498728 0.000000
vt -0.000000 0.498728 0.000000
vt -0.049873 0.498728 0.000000
vt -0.099746 0.498728 0.000000
vt -0.149618 0.498728 0.000000
vt -0.199491 0.498728 0.000000
vt -0.199491 0.399774 0.000000
vt -0.199491 0.300821 0.000000
vt -0.199491 0.201868 0.000000
vt 0.149618 0.182077 0.000000
vt 0.099746 0.182077 0.000000
vt 0.049873 0.182077 0.000000
vt -0.000000 0.182077 0.000000
vt -0.049873 0.182077 0.000000
vt -0.099746 0.182077 0.000000
vt -0.149618 0.182077 0.000000
vt 0.149618 0.261240 0.000000
vt 0.099746 0.261240 0.000000
vt 0.049873 0.261240 0.000000
vt -0.000000 0.261240 0.000000
vt -0.049873 0.261240 0.000000
vt -0.099746 0.261240 0.000000
vt -0.149618 0.261240 0.000000
vt 0.149618 0.340403 0.000000
vt 0.099746 0.340403 0.000000
vt 0.049873 0.340403 0.000000
vt -0.000000 0.340403 0.000000
vt -0.049873 0.340403 0.000000
vt -0.099746 0.340403 0.000000
vt -0.149618 0.340403 0.000000
vt 0.149618 0.419565 0.000000
vt 0.099746 0.419565 0.000000
vt 0.049873 0.419565 0.000000
vt -0.000000 0.419565 0.000000
vt -0.049873 0.419565 0.000000
vt -0.099746 0.419565 0.000000
vt -0.149618 0.419565 0.000000
vt -0.199491 0.102914 0.000000
vt -0.177893 0.071351 0.000000
vt -0.151048 0.041883 0.000000
vt -0.121135 0.017894 0.000000
vt -0.089390 0.000000 0.000000
vt -0.044695 0.000000 0.000000
vt -0.000000 0.000000 0.000000
vt 0.044695 0.000000 0.000000
vt 0.089390 0.000000 0.000000
vt 0.116169 0.014635 0.000000
vt 0.143230 0.034837 0.000000
vt 0.172092 0.064221 0.000000
vt 0.199491 0.102914 0.000000
vt 0.149618 0.102914 0.000000
vt 0.099746 0.102914 0.000000
vt 0.049873 0.102914 0.000000
vt -0.000000 0.102914 0.000000
vt -0.049873 0.102914 0.000000
vt -0.099746 0.102914 0.000000
vt -0.149618 0.102914 0.000000
vt -0.149618 0.051457 0.000000
vt -0.099746 0.051457 0.000000
vt -0.049873 0.051457 0.000000
vt -0.000000 0.051457 0.000000
vt 0.049873 0.051457 0.000000
vt 0.099746 0.051457 0.000000
vt 0.149618 0.051457 0.000000
vt 0.233094 0.010356 0.000000
vt 0.247732 0.054381 0.000000
vt 0.253218 0.099746 0.000000
vt 0.247732 0.145110 0.000000
vt 0.233094 0.189135 0.000000
vt 0.233094 0.144440 0.000000
vt 0.233094 0.099746 0.000000
vt 0.233094 0.055051 0.000000
vt -0.089390 -0.997456 0.000000
vt -0.116169 -1.012091 0.000000
vt -0.143230 -1.032292 0.000000
vt -0.172092 -1.061677 0.000000
vt -0.199491 -1.100370 0.000000
vt -0.149618 -1.100370 0.000000
vt -0.099746 -1.100370 0.000000
vt -0.049873 -1.100370 0.000000
vt -0.000000 -1.100370 0.000000
vt 0.049873 -1.100370 0.000000
vt 0.099746 -1.100370 0.000000
vt 0.149618 -1.100370 0.000000
vt 0.199491 -1.100370 0.000000
vt 0.177893 -1.068807 0.000000
vt 0.151048 -1.039338 0.000000
vt 0.121135 -1.015350 0.000000
vt 0.089390 -0.997456 0.000000
vt 0.044695 -0.997456 0.000000
vt -0.000000 -0.997456 0.000000
vt -0.044695 -0.997456 0.000000
vt -0.149618 -1.048913 0.000000
vt -0.099746 -1.048913 0.000000
vt -0.049873 -1.048913 0.000000
vt -0.000000 -1.048913 0.000000
vt 0.049873 -1.048913 0.000000
vt 0.099746 -1.048913 0.000000
vt 0.149618 -1.048913 0.000000
vt -0.084406 0.099746 0.000000
vt -0.078920 0.054381 0.000000
vt -0.064282 0.010356 0.000000
vt -0.064282 0.055051 0.000000
vt -0.064282 0.099746 0.000000
vt -0.064282 0.144440 0.000000
vt -0.064282 0.189135 0.000000
vt -0.078920 0.145110 0.000000
vt 1.143000 0.000000 0.000000
vt 1.133676 0.058868 0.000000
vt 1.106618 0.111973 0.000000
vt 1.064473 0.154118 0.000000
vt 1.011368 0.181176 0.000000
vt 0.952500 0.190500 0.000000
vt 0.317500 0.190500 0.000000
vt 0.258632 0.181176 0.000000
vt 0.205527 0.154118 0.000000
vt 0.163382 0.111973 0.000000
vt 0.136324 0.058868 0.000000
vt 0.127000 0.000000 0.000000
vt -0.000000 -0.997456 0.000000
vt 0.049873 -0.997456 0.000000
vt 0.099746 -0.997456 0.000000
vt 0.149618 -0.997456 0.000000
vt 0.199491 -0.997456 0.000000
vt 0.199491 -0.897710 0.000000
vt 0.199491 -0.797965 0.000000
vt 0.199491 -0.698219 0.000000
vt 0.199491 -0.598473 0.000000
vt 0.199491 -0.498728 0.000000
vt 0.149618 -0.498728 0.000000
vt 0.099746 -0.498728 0.000000
vt 0.049873 -0.498728 0.000000
vt -0.000000 -0.498728 0.000000
vt -0.049873 -0.498728 0.000000
vt -0.099746 -0.498728 0.000000
vt -0.149618 -0.498728 0.000000
vt -0.199491 -0.498728 0.000000
vt -0.199491 -0.598473 0.000000
vt -0.199491 -0.698219 0.000000
vt -0.199491 -0.797965 0.000000
vt -0.199491 -0.897710 0.000000
vt -0.199491 -0.997456 0.000000
vt -0.149618 -0.997456 0.000000
vt -0.099746 -0.997456 0.000000
vt -0.049873 -0.997456 0.000000
vt -0.149618 -0.712468 0.000000
vt 0.149618 -0.783715 0.000000
vt 0.149618 -0.926209 0.000000
vt 0.099746 -0.926209 0.000000
vt 0.049873 -0.926209 0.000000
vt -0.000000 -0.926209 0.000000
vt -0.049873 -0.926209 0.000000
vt -0.099746 -0.926209 0.000000
vt -0.149618 -0.926209 0.000000
vt 0.149618 -0.854962 0.000000
vt 0.099746 -0.854962 0.000000
vt 0.049873 -0.854962 0.000000
vt -0.000000 -0.854962 0.000000
vt -0.049873 -0.854962 0.000000
vt -0.099746 -0.854962 0.000000
vt -0.149618 -0.854962 0.000000
vt 0.099746 -0.783715 0.000000
vt 0.049873 -0.783715 0.000000
vt -0.000000 -0.783715 0.000000
vt -0.049873 -0.783715 0.000000
vt -0.099746 -0.783715 0.000000
vt -0.149618 -0.783715 0.000000
vt 0.149618 -0.641222 0.000000
vt 0.099746 -0.641222 0.000000
vt 0.049873 -0.641222 0.000000
vt -0.000000 -0.641222 0.000000
vt -0.049873 -0.641222 0.000000
vt -0.099746 -0.641222 0.000000
vt -0.149618 -0.641222 0.000000
vt -0.099746 -0.712468 0.000000
vt -0.049873 -0.712468 0.000000
vt -0.000000 -0.712468 0.000000
vt 0.049873 -0.712468 0.000000
vt 0.099746 -0.712468 0.000000
vt 0.149618 -0.712468 0.000000
vt 0.149618 -0.569975 0.000000
vt 0.099746 -0.569975 0.000000
vt 0.049873 -0.569975 0.000000
vt -0.000000 -0.569975 0.000000
vt -0.049873 -0.569975 0.000000
vt -0.099746 -0.569975 0.000000
vt -0.149618 -0.569975 0.000000
vt -0.635000 0.099746 0.000000
vt -0.635000 0.049873 0.000000
vt -0.635000 0.000000 0.000000
vt -0.635000 -0.049873 0.000000
vt -0.635000 -0.099746 0.000000
vt -0.635000 -0.149618 0.000000
vt -0.635000 -0.199491 0.000000
vt -0.635000 -0.249364 0.000000
vt -0.635000 -0.299237 0.000000
vt -0.000000 -0.299237 0.000000
vt -0.000000 -0.249364 0.000000
vt -0.000000 -0.199491 0.000000
vt -0.000000 -0.149618 0.000000
vt -0.000000 -0.099746 0.000000
vt -0.000000 -0.049873 0.000000
vt -0.000000 0.000000 0.000000
vt -0.000000 0.049873 0.000000
vt -0.000000 0.099746 0.000000
vt 0.199491 0.000000 0.000000
vt 0.149618 0.000000 0.000000
vt 0.099746 0.000000 0.000000
vt 0.049873 0.000000 0.000000
vt -0.000000 0.000000 0.000000
vt -0.049873 0.000000 0.000000
vt -0.099746 0.000000 0.000000
vt -0.149618 0.000000 0.000000
vt -0.199491 0.000000 0.000000
vt -0.199491 -0.099746 0.000000
vt -0.199491 -0.199491 0.000000
vt -0.199491 -0.299237 0.000000
vt -0.199491 -0.398982 0.000000
vt -0.199491 -0.498728 0.000000
vt -0.149618 -0.498728 0.000000
vt -0.099746 -0.498728 0.000000
vt -0.049873 -0.498728 0.000000
vt -0.000000 -0.498728 0.000000
vt 0.049873 -0.498728 0.000000
vt 0.099746 -0.498728 0.000000
vt 0.149618 -0.498728 0.000000
vt 0.199491 -0.498728 0.000000
vt 0.199491 -0.398982 0.000000
vt 0.199491 -0.299237 0.000000
vt 0.199491 -0.199491 0.000000
vt 0.199491 -0.099746 0.000000
vt -0.149618 -0.213740 0.000000
vt 0.149618 -0.284987 0.000000
vt -0.149618 -0.071247 0.000000
vt -0.099746 -0.071247 0.000000
vt -0.049873 -0.071247 0.000000
vt -0.000000 -0.071247 0.000000
vt 0.049873 -0.071247 0.000000
vt 0.099746 -0.071247 0.000000
vt 0.149618 -0.071247 0.000000
vt -0.149618 -0.142494 0.000000
vt -0.099746 -0.142494 0.000000
vt -0.049873 -0.142494 0.000000
vt -0.000000 -0.142494 0.000000
vt 0.049873 -0.142494 0.000000
vt 0.099746 -0.142494 0.000000
vt 0.149618 -0.142494 0.000000
vt -0.099746 -0.213740 0.000000
vt -0.049873 -0.213740 0.000000
vt -0.000000 -0.213740 0.000000
vt 0.049873 -0.213740 0.000000
vt 0.099746 -0.213740 0.000000
vt 0.149618 -0.213740 0.000000
vt -0.149618 -0.356234 0.000000
vt -0.099746 -0.356234 0.000000
vt -0.049873 -0.356234 0.000000
vt -0.000000 -0.356234 0.000000
vt 0.049873 -0.356234 0.000000
vt 0.099746 -0.356234 0.000000
vt 0.149618 -0.356234 0.000000
vt 0.099746 -0.284987 0.000000
vt 0.049873 -0.284987 0.000000
vt -0.000000 -0.284987 0.000000
vt -0.049873 -0.284987 0.000000
vt -0.099746 -0.284987 0.000000
vt -0.149618 -0.284987 0.000000
vt -0.149618 -0.427481 0.000000
vt -0.099746 -0.427481 0.000000
vt -0.049873 -0.427481 0.000000
vt -0.000000 -0.427481 0.000000
vt 0.049873 -0.427481 0.000000
vt 0.099746 -0.427481 0.000000
vt 0.149618 -0.427481 0.000000
vt 1.143000 0.000000 0.000000
vt 1.133676 0.058868 0.000000
vt 1.106618 0.111973 0.000000
vt 1.064473 0.154118 0.000000
vt 1.011368 0.181176 0.000000
vt 0.952500 0.190500 0.000000
vt 0.317500 0.190500 0.000000
vt 0.258632 0.181176 0.000000
vt 0.205527 0.154118 0.000000
vt 0.163382 0.111973 0.000000
vt 0.136324 0.058868 0.000000
vt 0.127000 0.000000 0.000000
vt -0.317500 0.041812 0.000000
vt -0.375915 0.032634 0.000000
vt -0.428703 0.005986 0.000000
vt -0.470775 -0.035565 0.000000
vt -0.498080 -0.088015 0.000000
vt -0.362091 -0.031171 0.000000
vt -0.219805 0.007283 0.000000
vt -0.073696 0.026679 0.000000
vt 0.073696 0.026679 0.000000
vt 0.219805 0.007283 0.000000
vt 0.362091 -0.031171 0.000000
vt 0.498080 -0.088015 0.000000
vt 0.470775 -0.035565 0.000000
vt 0.428703 0.005986 0.000000
vt 0.375915 0.032634 0.000000
vt 0.317500 0.041812 0.000000
vt -0.317500 0.041812 0.000000
vt -0.375915 0.032634 0.000000
vt -0.428703 0.005986 0.000000
vt -0.470775 -0.035565 0.000000
vt -0.498080 -0.088015 0.000000
vt -0.362091 -0.031171 0.000000
vt -0.219805 0.007283 0.000000
vt -0.073696 0.026679 0.000000
vt 0.073696 0.026679 0.000000
vt 0.219805 0.007283 0.000000
vt 0.362091 -0.031171 0.000000
vt 0.498080 -0.088015 0.000000
vt 0.470775 -0.035565 0.000000
vt 0.428703 0.005986 0.000000
vt 0.375915 0.032634 0.000000
vt 0.317500 0.041812 0.000000
vt 1.143000 0.190500 0.000000
vt 0.127000 0.190500 0.000000
vt 0.078399 0.200167 0.000000
vt 0.037197 0.227697 0.000000
vt 0.009667 0.268899 0.000000
vt 0.000000 0.317500 0.000000
vt 0.000000 0.000000 0.000000
vt 1.270000 0.000000 0.000000
vt 1.270000 0.317500 0.000000
vt 1.260333 0.268899 0.000000
vt 1.232803 0.227697 0.000000
vt 1.191601 0.200167 0.000000
vt 0.127000 0.444500 0.000000
vt 1.143000 0.444500 0.000000
vt 1.191601 0.434833 0.000000
vt 1.232803 0.407303 0.000000
vt 1.260333 0.366101 0.000000
vt 1.270000 0.317500 0.000000
vt 1.270000 0.635000 0.000000
vt 0.000000 0.635000 0.000000
vt 0.000000 0.317500 0.000000
vt 0.009667 0.366101 0.000000
vt 0.037197 0.407303 0.000000
vt 0.078399 0.434833 0.000000
vt -1.602870 0.008874 0.000000
vt -1.667528 -0.122239 0.000000
vt -1.714519 -0.260670 0.000000
vt -1.743039 -0.404050 0.000000
vt -1.752600 -0.549926 0.000000
vt -1.743039 -0.695802 0.000000
vt -1.714519 -0.839182 0.000000
vt -1.667528 -0.977613 0.000000
vt -1.602870 -1.108726 0.000000
vt -1.521652 -1.230278 0.000000
vt -1.425263 -1.340189 0.000000
vt -1.315352 -1.436578 0.000000
vt -1.193800 -1.517796 0.000000
vt -1.062687 -1.582454 0.000000
vt -0.924256 -1.629445 0.000000
vt -0.780876 -1.657965 0.000000
vt -0.635000 -1.667526 0.000000
vt 0.635000 -1.667526 0.000000
vt 0.780877 -1.657965 0.000000
vt 0.924257 -1.629444 0.000000
vt 1.062689 -1.582453 0.000000
vt 1.193802 -1.517795 0.000000
vt 1.315354 -1.436576 0.000000
vt 1.425265 -1.340186 0.000000
vt 1.521655 -1.230274 0.000000
vt 1.602873 -1.108721 0.000000
vt 1.667530 -0.977608 0.000000
vt 1.714520 -0.839176 0.000000
vt 1.743040 -0.695795 0.000000
vt 1.752600 -0.549918 0.000000
vt 1.743038 -0.404041 0.000000
vt 1.714516 -0.260661 0.000000
vt 1.667524 -0.122230 0.000000
vt 1.602865 0.008883 0.000000
vt 0.970462 1.104212 0.000000
vt 0.889614 1.226400 0.000000
vt 0.793477 1.336961 0.000000
vt 0.683702 1.433997 0.000000
vt 0.562178 1.515838 0.000000
vt 0.430991 1.581079 0.000000
vt 0.292398 1.628598 0.000000
vt 0.148779 1.657579 0.000000
vt 0.002603 1.667523 0.000000
vt -0.143618 1.658260 0.000000
vt -0.287370 1.629948 0.000000
vt -0.426184 1.583075 0.000000
vt -0.557673 1.518446 0.000000
vt -0.679577 1.437172 0.000000
vt -0.789802 1.340649 0.000000
vt -0.886454 1.230536 0.000000
vt -0.967870 1.108726 0.000000
vt 0.635000 -1.291606 0.000000
vt -0.635000 -1.291606 0.000000
vt -0.753974 -1.282002 0.000000
vt -0.869866 -1.253437 0.000000
vt -0.979676 -1.206651 0.000000
vt -1.080559 -1.142857 0.000000
vt -1.169901 -1.063706 0.000000
vt -1.245391 -0.971248 0.000000
vt -1.305071 -0.867879 0.000000
vt -1.347397 -0.756274 0.000000
vt -1.371272 -0.639326 0.000000
vt -1.376078 -0.520062 0.000000
vt -1.361691 -0.401571 0.000000
vt -1.328483 -0.286923 0.000000
vt -1.277314 -0.179086 0.000000
vt -0.642314 0.920766 0.000000
vt -0.574303 1.019251 0.000000
vt -0.491336 1.105514 0.000000
vt -0.395575 1.177309 0.000000
vt -0.289512 1.232767 0.000000
vt -0.175911 1.270443 0.000000
vt -0.057729 1.289356 0.000000
vt 0.061957 1.289014 0.000000
vt 0.180029 1.269425 0.000000
vt 0.293414 1.231100 0.000000
vt 0.399157 1.175037 0.000000
vt 0.494506 1.102695 0.000000
vt 0.576978 1.015958 0.000000
vt 0.644424 0.917086 0.000000
vt 1.277310 -0.179080 0.000000
vt 1.328480 -0.286917 0.000000
vt 1.361690 -0.401565 0.000000
vt 1.376078 -0.520056 0.000000
vt 1.371273 -0.639321 0.000000
vt 1.347398 -0.756270 0.000000
vt 1.305073 -0.867875 0.000000
vt 1.245393 -0.971246 0.000000
vt 1.169903 -1.063704 0.000000
vt 1.080560 -1.142856 0.000000
vt 0.979677 -1.206650 0.000000
vt 0.869867 -1.253436 0.000000
vt 0.753974 -1.282001 0.000000
vt -1.312015 -0.852813 0.000000
vt -1.289656 -0.898516 0.000000
vt -1.264216 -0.942580 0.000000
vt -1.235815 -0.984795 0.000000
vt -0.920189 -0.802568 0.000000
vt -0.856271 -0.860087 0.000000
vt -0.781083 -0.901808 0.000000
vt -0.698453 -0.925605 0.000000
vt -0.612592 -0.930267 0.000000
vt -0.527872 -0.915555 0.000000
vt -0.448608 -0.882220 0.000000
vt -0.378839 -0.831959 0.000000
vt -0.322117 -0.767332 0.000000
vt -0.281333 -0.691632 0.000000
vt -0.258563 -0.608714 0.000000
vt -0.254967 -0.522801 0.000000
vt -0.270728 -0.438270 0.000000
vt -0.305044 -0.359426 0.000000
vt -0.356167 -0.290286 0.000000
vt -0.421492 -0.234370 0.000000
vt -0.497693 -0.194528 0.000000
vt -0.580887 -0.172788 0.000000
vt -0.666838 -0.170259 0.000000
vt -0.751167 -0.187068 0.000000
vt -0.829579 -0.222359 0.000000
vt -0.898080 -0.274336 0.000000
vt -0.953180 -0.340350 0.000000
vt -0.992074 -0.417039 0.000000
vt -1.012780 -0.500497 0.000000
vt -1.014243 -0.586472 0.000000
vt -0.996389 -0.670586 0.000000
vt 1.235817 -0.984792 0.000000
vt 1.264218 -0.942577 0.000000
vt 1.289657 -0.898513 0.000000
vt 1.312016 -0.852809 0.000000
vt 0.996390 -0.670584 0.000000
vt 1.014243 -0.586470 0.000000
vt 1.012780 -0.500495 0.000000
vt 0.992074 -0.417037 0.000000
vt 0.953179 -0.340348 0.000000
vt 0.898079 -0.274335 0.000000
vt 0.829577 -0.222358 0.000000
vt 0.751165 -0.187067 0.000000
vt 0.666836 -0.170259 0.000000
vt 0.580886 -0.172789 0.000000
vt 0.497691 -0.194529 0.000000
vt 0.421491 -0.234371 0.000000
vt 0.356166 -0.290287 0.000000
vt 0.305043 -0.359428 0.000000
vt 0.270728 -0.438272 0.000000
vt 0.254967 -0.522803 0.000000
vt 0.258563 -0.608715 0.000000
vt 0.281334 -0.691634 0.000000
vt 0.322118 -0.767334 0.000000
vt 0.378840 -0.831960 0.000000
vt 0.448610 -0.882221 0.000000
vt 0.527874 -0.915556 0.000000
vt 0.612594 -0.930267 0.000000
vt 0.698455 -0.925605 0.000000
vt 0.781084 -0.901807 0.000000
vt 0.856273 -0.860086 0.000000
vt 0.920190 -0.802567 0.000000
vt 0.398982 -1.223458 0.000000
vt 0.349109 -1.223458 0.000000
vt 0.299237 -1.223458 0.000000
vt 0.249364 -1.223458 0.000000
vt 0.199491 -1.223458 0.000000
vt 0.199491 -1.338351 0.000000
vt 0.199491 -1.453244 0.000000
vt 0.199491 -1.568137 0.000000
vt 0.199491 -1.683030 0.000000
vt 0.199491 -1.797923 0.000000
vt 0.199491 -1.912816 0.000000
vt 0.199491 -2.027709 0.000000
vt 0.199995 -2.027383 0.000000
vt 0.233926 -2.005003 0.000000
vt 0.267225 -1.984207 0.000000
vt 0.299399 -1.968440 0.000000
vt 0.332485 -1.960737 0.000000
vt 0.365401 -1.959421 0.000000
vt 0.398982 -1.958933 0.000000
vt 0.398982 -1.836354 0.000000
vt 0.398982 -1.713775 0.000000
vt 0.398982 -1.591195 0.000000
vt 0.398982 -1.468616 0.000000
vt 0.398982 -1.346037 0.000000
vt 0.349109 -1.826646 0.000000
vt 0.249364 -1.323989 0.000000
vt 0.299237 -1.323989 0.000000
vt 0.349109 -1.323989 0.000000
vt 0.249364 -1.424521 0.000000
vt 0.299237 -1.424521 0.000000
vt 0.349109 -1.424521 0.000000
vt 0.249364 -1.525052 0.000000
vt 0.299237 -1.525052 0.000000
vt 0.349109 -1.525052 0.000000
vt 0.249364 -1.625583 0.000000
vt 0.299237 -1.625583 0.000000
vt 0.349109 -1.625583 0.000000
vt 0.249364 -1.726115 0.000000
vt 0.299237 -1.726115 0.000000
vt 0.349109 -1.726115 0.000000
vt 0.249364 -1.826646 0.000000
vt 0.299237 -1.826646 0.000000
vt 0.249364 -1.927177 0.000000
vt 0.299237 -1.927177 0.000000
vt 0.349109 -1.927177 0.000000
vt 0.398982 0.407827 0.000000
vt 0.349109 0.407827 0.000000
vt 0.299237 0.407827 0.000000
vt 0.249364 0.407827 0.000000
vt 0.199491 0.407827 0.000000
vt 0.199491 0.292933 0.000000
vt 0.199491 0.178040 0.000000
vt 0.199491 0.063146 0.000000
vt 0.199491 -0.051747 0.000000
vt 0.199491 -0.166641 0.000000
vt 0.199491 -0.281534 0.000000
vt 0.199491 -0.396428 0.000000
vt 0.199995 -0.396102 0.000000
vt 0.233926 -0.373722 0.000000
vt 0.267225 -0.352926 0.000000
vt 0.299399 -0.337159 0.000000
vt 0.332485 -0.329456 0.000000
vt 0.365401 -0.328140 0.000000
vt 0.398982 -0.327652 0.000000
vt 0.398982 -0.205073 0.000000
vt 0.398982 -0.082493 0.000000
vt 0.398982 0.040087 0.000000
vt 0.398982 0.162667 0.000000
vt 0.398982 0.285247 0.000000
vt 0.349109 -0.195364 0.000000
vt 0.249364 0.307295 0.000000
vt 0.299237 0.307295 0.000000
vt 0.349109 0.307295 0.000000
vt 0.249364 0.206763 0.000000
vt 0.299237 0.206763 0.000000
vt 0.349109 0.206763 0.000000
vt 0.249364 0.106231 0.000000
vt 0.299237 0.106231 0.000000
vt 0.349109 0.106231 0.000000
vt 0.249364 0.005699 0.000000
vt 0.299237 0.005699 0.000000
vt 0.349109 0.005699 0.000000
vt 0.249364 -0.094832 0.000000
vt 0.299237 -0.094832 0.000000
vt 0.349109 -0.094832 0.000000
vt 0.249364 -0.195364 0.000000
vt 0.299237 -0.195364 0.000000
vt 0.249364 -0.295896 0.000000
vt 0.299237 -0.295896 0.000000
vt 0.349109 -0.295896 0.000000
vt 0.398982 -2.119260 0.000000
vt 0.365401 -2.118772 0.000000
vt 0.332485 -2.117455 0.000000
vt 0.299257 -2.109698 0.000000
vt 0.265584 -2.093038 0.000000
vt 0.232348 -2.072155 0.000000
vt 0.199995 -2.050810 0.000000
vt 0.199491 -2.050484 0.000000
vt 0.199491 -2.165377 0.000000
vt 0.199491 -2.280270 0.000000
vt 0.199491 -2.395163 0.000000
vt 0.199491 -2.510056 0.000000
vt 0.199491 -2.624949 0.000000
vt 0.199491 -2.739842 0.000000
vt 0.199491 -2.854735 0.000000
vt 0.249364 -2.854735 0.000000
vt 0.299237 -2.854735 0.000000
vt 0.349109 -2.854735 0.000000
vt 0.398982 -2.854735 0.000000
vt 0.398982 -2.732156 0.000000
vt 0.398982 -2.609576 0.000000
vt 0.398982 -2.486997 0.000000
vt 0.398982 -2.364418 0.000000
vt 0.398982 -2.241839 0.000000
vt 0.349109 -2.352078 0.000000
vt 0.249364 -2.151015 0.000000
vt 0.299237 -2.151015 0.000000
vt 0.349109 -2.151015 0.000000
vt 0.249364 -2.251547 0.000000
vt 0.299237 -2.251547 0.000000
vt 0.349109 -2.251547 0.000000
vt 0.249364 -2.352078 0.000000
vt 0.299237 -2.352078 0.000000
vt 0.249364 -2.452609 0.000000
vt 0.299237 -2.452609 0.000000
vt 0.349109 -2.452609 0.000000
vt 0.249364 -2.553141 0.000000
vt 0.299237 -2.553141 0.000000
vt 0.349109 -2.553141 0.000000
vt 0.249364 -2.653672 0.000000
vt 0.299237 -2.653672 0.000000
vt 0.349109 -2.653672 0.000000
vt 0.249364 -2.754204 0.000000
vt 0.299237 -2.754204 0.000000
vt 0.349109 -2.754204 0.000000
vt 0.398982 -0.487979 0.000000
vt 0.365401 -0.487491 0.000000
vt 0.332485 -0.486175 0.000000
vt 0.299257 -0.478417 0.000000
vt 0.265584 -0.461757 0.000000
vt 0.232348 -0.440874 0.000000
vt 0.199995 -0.419529 0.000000
vt 0.199491 -0.419203 0.000000
vt 0.199491 -0.534097 0.000000
vt 0.199491 -0.648990 0.000000
vt 0.199491 -0.763884 0.000000
vt 0.199491 -0.878777 0.000000
vt 0.199491 -0.993671 0.000000
vt 0.199491 -1.108564 0.000000
vt 0.199491 -1.223458 0.000000
vt 0.249364 -1.223458 0.000000
vt 0.299237 -1.223458 0.000000
vt 0.349109 -1.223458 0.000000
vt 0.398982 -1.223458 0.000000
vt 0.398982 -1.100878 0.000000
vt 0.398982 -0.978298 0.000000
vt 0.398982 -0.855718 0.000000
vt 0.398982 -0.733138 0.000000
vt 0.398982 -0.610559 0.000000
vt 0.349109 -0.720799 0.000000
vt 0.249364 -0.519735 0.000000
vt 0.299237 -0.519735 0.000000
vt 0.349109 -0.519735 0.000000
vt 0.249364 -0.620267 0.000000
vt 0.299237 -0.620267 0.000000
vt 0.349109 -0.620267 0.000000
vt 0.249364 -0.720799 0.000000
vt 0.299237 -0.720799 0.000000
vt 0.249364 -0.821330 0.000000
vt 0.299237 -0.821330 0.000000
vt 0.349109 -0.821330 0.000000
vt 0.249364 -0.921862 0.000000
vt 0.299237 -0.921862 0.000000
vt 0.349109 -0.921862 0.000000
vt 0.249364 -1.022394 0.000000
vt 0.299237 -1.022394 0.000000
vt 0.349109 -1.022394 0.000000
vt 0.249364 -1.122926 0.000000
vt 0.299237 -1.122926 0.000000
vt 0.349109 -1.122926 0.000000
vt 0.398982 2.039096 0.000000
vt 0.349109 2.039096 0.000000
vt 0.299237 2.039096 0.000000
vt 0.249364 2.039096 0.000000
vt 0.199491 2.039096 0.000000
vt 0.199491 1.923885 0.000000
vt 0.199491 1.808674 0.000000
vt 0.199491 1.693463 0.000000
vt 0.199491 1.578251 0.000000
vt 0.199491 1.463040 0.000000
vt 0.199491 1.347829 0.000000
vt 0.199491 1.232618 0.000000
vt 0.199986 1.232938 0.000000
vt 0.230876 1.253318 0.000000
vt 0.262514 1.273370 0.000000
vt 0.296120 1.290582 0.000000
vt 0.332485 1.299590 0.000000
vt 0.365401 1.300906 0.000000
vt 0.398982 1.301393 0.000000
vt 0.398982 1.424344 0.000000
vt 0.398982 1.547294 0.000000
vt 0.398982 1.670245 0.000000
vt 0.398982 1.793195 0.000000
vt 0.398982 1.916146 0.000000
vt 0.349109 1.434237 0.000000
vt 0.249364 1.938287 0.000000
vt 0.299237 1.938287 0.000000
vt 0.349109 1.938287 0.000000
vt 0.249364 1.837477 0.000000
vt 0.299237 1.837477 0.000000
vt 0.349109 1.837477 0.000000
vt 0.249364 1.736667 0.000000
vt 0.299237 1.736667 0.000000
vt 0.349109 1.736667 0.000000
vt 0.249364 1.635857 0.000000
vt 0.299237 1.635857 0.000000
vt 0.349109 1.635857 0.000000
vt 0.249364 1.535047 0.000000
vt 0.299237 1.535047 0.000000
vt 0.349109 1.535047 0.000000
vt 0.249364 1.434237 0.000000
vt 0.299237 1.434237 0.000000
vt 0.249364 1.333428 0.000000
vt 0.299237 1.333428 0.000000
vt 0.349109 1.333428 0.000000
vt 0.199491 0.403690 0.000000
vt 0.249364 0.403609 0.000000
vt 0.299237 0.403527 0.000000
vt 0.349109 0.403446 0.000000
vt 0.398982 0.403364 0.000000
vt 0.398982 0.526315 0.000000
vt 0.398982 0.649265 0.000000
vt 0.398982 0.772216 0.000000
vt 0.398982 0.895166 0.000000
vt 0.398982 1.018117 0.000000
vt 0.398982 1.141067 0.000000
vt 0.365401 1.141555 0.000000
vt 0.332485 1.142871 0.000000
vt 0.296120 1.151878 0.000000
vt 0.262514 1.169090 0.000000
vt 0.230877 1.189143 0.000000
vt 0.199987 1.209522 0.000000
vt 0.199491 1.209843 0.000000
vt 0.199491 1.094678 0.000000
vt 0.199491 0.979513 0.000000
vt 0.199491 0.864349 0.000000
vt 0.199491 0.749184 0.000000
vt 0.199491 0.634020 0.000000
vt 0.199491 0.518855 0.000000
vt 0.349109 0.907413 0.000000
vt 0.249364 1.109033 0.000000
vt 0.349109 0.504174 0.000000
vt 0.299237 0.504174 0.000000
vt 0.249364 0.504174 0.000000
vt 0.349109 0.604984 0.000000
vt 0.299237 0.604984 0.000000
vt 0.249364 0.604984 0.000000
vt 0.349109 0.705794 0.000000
vt 0.299237 0.705794 0.000000
vt 0.249364 0.705794 0.000000
vt 0.349109 0.806603 0.000000
vt 0.299237 0.806603 0.000000
vt 0.249364 0.806603 0.000000
vt 0.299237 0.907413 0.000000
vt 0.249364 0.907413 0.000000
vt 0.349109 1.109033 0.000000
vt 0.299237 1.109033 0.000000
vt 0.249364 1.008223 0.000000
vt 0.299237 1.008223 0.000000
vt 0.349109 1.008223 0.000000
vt 0.000000 -0.127000 0.000000
vt 0.381556 -0.127000 0.000000
vt 0.369001 -0.096662 0.000000
vt 0.364453 -0.063500 0.000000
vt 0.364453 0.254000 0.000000
vt 0.000000 0.254000 0.000000
vt 0.127000 0.874682 0.000000
vt 0.127000 0.960853 0.000000
vt 0.127000 1.047025 0.000000
vt 0.127000 1.133196 0.000000
vt 0.127000 1.219368 0.000000
vt 0.127000 1.305539 0.000000
vt 0.127000 1.391711 0.000000
vt 0.127000 1.477882 0.000000
vt 0.127000 1.564054 0.000000
vt 0.127000 1.650225 0.000000
vt 0.127000 1.736397 0.000000
vt 0.127000 1.822568 0.000000
vt 0.127000 1.908740 0.000000
vt 0.127000 1.994911 0.000000
vt 0.127000 2.081083 0.000000
vt 0.127000 2.167254 0.000000
vt 0.127000 2.253426 0.000000
vt 0.127000 2.339597 0.000000
vt 0.127000 2.425769 0.000000
vt 0.127000 2.511940 0.000000
vt 0.127000 2.598112 0.000000
vt 0.127000 2.684283 0.000000
vt 0.127000 2.770455 0.000000
vt 0.127000 2.856627 0.000000
vt 0.127000 2.942798 0.000000
vt 0.127000 3.028969 0.000000
vt 0.127000 3.115141 0.000000
vt -0.254000 3.115141 0.000000
vt -0.254000 3.028969 0.000000
vt -0.254000 2.942798 0.000000
vt -0.254000 2.856627 0.000000
vt -0.254000 2.770455 0.000000
vt -0.254000 2.684283 0.000000
vt -0.254000 2.598112 0.000000
vt -0.254000 2.511940 0.000000
vt -0.254000 2.425769 0.000000
vt -0.254000 2.339597 0.000000
vt -0.254000 2.253426 0.000000
vt -0.254000 2.167254 0.000000
vt -0.254000 2.081083 0.000000
vt -0.254000 1.994911 0.000000
vt -0.254000 1.908740 0.000000
vt -0.254000 1.822568 0.000000
vt -0.254000 1.736397 0.000000
vt -0.254000 1.650225 0.000000
vt -0.254000 1.564054 0.000000
vt -0.254000 1.477882 0.000000
vt -0.254000 1.391711 0.000000
vt -0.254000 1.305539 0.000000
vt -0.254000 1.219368 0.000000
vt -0.254000 1.133196 0.000000
vt -0.254000 1.047025 0.000000
vt -0.254000 0.960853 0.000000
vt -0.254000 0.874682 0.000000
vt -0.017103 -0.127000 0.000000
vt 0.364453 -0.127000 0.000000
vt 0.364453 0.254000 0.000000
vt 0.000000 0.254000 0.000000
vt 0.000000 -0.063500 0.000000
vt -0.004548 -0.096662 0.000000
vt 0.000000 -0.127000 0.000000
vt 0.381556 -0.127000 0.000000
vt 0.369001 -0.096662 0.000000
vt 0.364453 -0.063500 0.000000
vt 0.364453 0.254000 0.000000
vt 0.000000 0.254000 0.000000
vt 0.063500 -0.700354 0.000000
vt 0.063500 -0.583629 0.000000
vt 0.063500 -0.466903 0.000000
vt 0.063500 -0.350177 0.000000
vt 0.063500 -0.233451 0.000000
vt 0.063500 -0.116726 0.000000
vt 0.063500 0.000000 0.000000
vt -0.444500 0.000000 0.000000
vt -0.444500 -0.119491 0.000000
vt -0.444500 -0.238981 0.000000
vt -0.444500 -0.358472 0.000000
vt -0.444500 -0.477962 0.000000
vt -0.444500 -0.597453 0.000000
vt -0.444500 -0.716944 0.000000
vt -0.444500 -0.836434 0.000000
vt -0.444500 -0.955925 0.000000
vt -0.444500 -1.075416 0.000000
vt -0.444500 -1.194906 0.000000
vt -0.444500 -1.314397 0.000000
vt -0.444500 -1.433887 0.000000
vt -0.444500 -1.553378 0.000000
vt 0.063500 -1.553378 0.000000
vt 0.063500 -1.436652 0.000000
vt 0.063500 -1.319927 0.000000
vt 0.063500 -1.203201 0.000000
vt 0.063500 -1.086475 0.000000
vt 0.063500 -0.969749 0.000000
vt 0.063500 -0.853024 0.000000
vt -0.254000 -0.853024 0.000000
vt -0.254000 -0.802134 0.000000
vt -0.254000 -0.751244 0.000000
vt -0.254000 -0.700354 0.000000
vt 0.078310 1.287460 0.000000
vt 0.027560 1.291094 0.000000
vt -0.023320 1.291239 0.000000
vt -0.074090 1.287896 0.000000
vt -0.075132 0.923445 0.000000
vt -0.156980 0.897084 0.000000
vt -0.230831 0.853040 0.000000
vt -0.292925 0.793557 0.000000
vt -0.340099 0.721664 0.000000
vt -0.369949 0.641023 0.000000
vt -0.380956 0.555743 0.000000
vt -0.372558 0.470166 0.000000
vt -0.345183 0.388652 0.000000
vt -0.300227 0.315352 0.000000
vt -0.239977 0.254001 0.000000
vt -0.167505 0.207723 0.000000
vt -0.086500 0.178875 0.000000
vt -0.001090 0.168928 0.000000
vt 0.084376 0.178387 0.000000
vt 0.165545 0.206770 0.000000
vt 0.238281 0.252633 0.000000
vt 0.298880 0.313639 0.000000
vt 0.344255 0.386680 0.000000
vt 0.372095 0.468036 0.000000
vt 0.380983 0.553563 0.000000
vt 0.370464 0.638906 0.000000
vt 0.341076 0.719716 0.000000
vt 0.294314 0.791877 0.000000
vt 0.232561 0.851715 0.000000
vt 0.158963 0.896180 0.000000
vt 0.077267 0.923009 0.000000
vt -0.000000 0.063500 0.000000
vt -1.270000 0.063500 0.000000
vt -1.270000 -0.444500 0.000000
vt -0.000000 -0.444500 0.000000
vt 0.063500 -1.553371 0.000000
vt 0.063500 -1.436646 0.000000
vt 0.063500 -1.319921 0.000000
vt 0.063500 -1.203196 0.000000
vt 0.063500 -1.086470 0.000000
vt 0.063500 -0.969745 0.000000
vt 0.063500 -0.853020 0.000000
vt -0.254000 -0.853020 0.000000
vt -0.254000 -0.802130 0.000000
vt -0.254000 -0.751241 0.000000
vt -0.254000 -0.700351 0.000000
vt 0.063500 -0.700351 0.000000
vt 0.063500 -0.583626 0.000000
vt 0.063500 -0.466901 0.000000
vt 0.063500 -0.350175 0.000000
vt 0.063500 -0.233450 0.000000
vt 0.063500 -0.116725 0.000000
vt 0.063500 0.000000 0.000000
vt -0.444500 0.000000 0.000000
vt -0.444500 -0.119490 0.000000
vt -0.444500 -0.238980 0.000000
vt -0.444500 -0.358470 0.000000
vt -0.444500 -0.477960 0.000000
vt -0.444500 -0.597450 0.000000
vt -0.444500 -0.716940 0.000000
vt -0.444500 -0.836431 0.000000
vt -0.444500 -0.955921 0.000000
vt -0.444500 -1.075411 0.000000
vt -0.444500 -1.194901 0.000000
vt -0.444500 -1.314391 0.000000
vt -0.444500 -1.433881 0.000000
vt -0.444500 -1.553371 0.000000
vt 0.127000 -0.721245 0.000000
vt 0.127000 -0.635074 0.000000
vt 0.127000 -0.548902 0.000000
vt 0.127000 -0.462731 0.000000
vt 0.127000 -0.376559 0.000000
vt 0.127000 -0.290388 0.000000
vt 0.127000 -0.204216 0.000000
vt 0.127000 -0.118045 0.000000
vt 0.127000 -0.031873 0.000000
vt 0.127000 0.054298 0.000000
vt 0.127000 0.140470 0.000000
vt 0.127000 0.226641 0.000000
vt 0.127000 0.312813 0.000000
vt 0.127000 0.398984 0.000000
vt 0.127000 0.485156 0.000000
vt 0.127000 0.571327 0.000000
vt 0.127000 0.657499 0.000000
vt 0.127000 0.743670 0.000000
vt 0.127000 0.829842 0.000000
vt 0.127000 0.916013 0.000000
vt 0.127000 1.002185 0.000000
vt 0.127000 1.088356 0.000000
vt 0.127000 1.174528 0.000000
vt 0.127000 1.260699 0.000000
vt 0.127000 1.346871 0.000000
vt 0.127000 1.433042 0.000000
vt 0.127000 1.519214 0.000000
vt -0.254000 1.519214 0.000000
vt -0.254000 1.433042 0.000000
vt -0.254000 1.346871 0.000000
vt -0.254000 1.260699 0.000000
vt -0.254000 1.174528 0.000000
vt -0.254000 1.088356 0.000000
vt -0.254000 1.002185 0.000000
vt -0.254000 0.916013 0.000000
vt -0.254000 0.829842 0.000000
vt -0.254000 0.743670 0.000000
vt -0.254000 0.657499 0.000000
vt -0.254000 0.571327 0.000000
vt -0.254000 0.485156 0.000000
vt -0.254000 0.398984 0.000000
vt -0.254000 0.312813 0.000000
vt -0.254000 0.226641 0.000000
vt -0.254000 0.140470 0.000000
vt -0.254000 0.054298 0.000000
vt -0.254000 -0.031873 0.000000
vt -0.254000 -0.118045 0.000000
vt -0.254000 -0.204216 0.000000
vt -0.254000 -0.290388 0.000000
vt -0.254000 -0.376559 0.000000
vt -0.254000 -0.462731 0.000000
vt -0.254000 -0.548902 0.000000
vt -0.254000 -0.635074 0.000000
vt -0.254000 -0.721245 0.000000
vt 0.000000 0.000000 0.000000
vt 1.270000 0.000000 0.000000
vt 1.270000 0.635000 0.000000
vt 0.000000 0.635000 0.000000
vt -0.317500 0.099746 0.000000
vt -0.317500 0.049873 0.000000
vt -0.317500 0.000000 0.000000
vt -0.317500 -0.049873 0.000000
vt -0.317500 -0.099746 0.000000
vt 0.952500 -0.099746 0.000000
vt 0.952500 -0.049873 0.000000
vt 0.952500 0.000000 0.000000
vt 0.952500 0.049873 0.000000
vt 0.952500 0.099746 0.000000
vt -0.000000 -2.340696 0.000000
vt -0.000000 -2.194402 0.000000
vt -0.000000 -2.048109 0.000000
vt -0.000000 -1.901815 0.000000
vt -0.000000 -1.755522 0.000000
vt -0.000000 -1.609228 0.000000
vt -0.000000 -1.462935 0.000000
vt -0.000000 -1.316641 0.000000
vt -0.000000 -1.170348 0.000000
vt -0.000000 -1.024054 0.000000
vt -0.000000 -0.877761 0.000000
vt -0.000000 -0.731467 0.000000
vt -0.000000 -0.585174 0.000000
vt -0.000000 -0.438881 0.000000
vt -0.000000 -0.292587 0.000000
vt -0.000000 -0.146293 0.000000
vt -0.000000 0.000000 0.000000
vt -0.317500 0.000000 0.000000
vt -0.635000 0.000000 0.000000
vt -0.635000 -0.146293 0.000000
vt -0.635000 -0.292587 0.000000
vt -0.635000 -0.438881 0.000000
vt -0.635000 -0.585174 0.000000
vt -0.635000 -0.731467 0.000000
vt -0.635000 -0.877761 0.000000
vt -0.635000 -1.024054 0.000000
vt -0.635000 -1.170348 0.000000
vt -0.635000 -1.316641 0.000000
vt -0.635000 -1.462935 0.000000
vt -0.635000 -1.609228 0.000000
vt -0.635000 -1.755522 0.000000
vt -0.635000 -1.901815 0.000000
vt -0.635000 -2.048109 0.000000
vt -0.635000 -2.194402 0.000000
vt -0.635000 -2.340696 0.000000
vt -0.017103 -0.127000 0.000000
vt 0.364453 -0.127000 0.000000
vt 0.364453 0.254000 0.000000
vt 0.000000 0.254000 0.000000
vt 0.000000 -0.063500 0.000000
vt -0.004548 -0.096662 0.000000
vt -0.444500 2.994801 0.000000
vt -0.444500 3.142299 0.000000
vt -0.444500 3.289797 0.000000
vt -0.444500 3.437295 0.000000
vt -0.444500 -3.437295 0.000000
vt -0.444500 -3.289797 0.000000
vt -0.444500 -3.142299 0.000000
vt -0.444500 -2.994801 0.000000
vt -0.441556 -2.957998 0.000000
vt -0.432242 -2.923369 0.000000
vt -0.418134 -2.895153 0.000000
vt -0.399690 -2.871961 0.000000
vt -0.361905 -2.845400 0.000000
vt -0.317500 -2.835684 0.000000
vt -0.273095 -2.845400 0.000000
vt -0.235310 -2.871961 0.000000
vt -0.213914 -2.899989 0.000000
vt -0.199628 -2.932312 0.000000
vt -0.192330 -2.965460 0.000000
vt -0.190500 -2.994801 0.000000
vt -0.190500 -3.142299 0.000000
vt -0.190500 -3.289797 0.000000
vt -0.190500 -3.437295 0.000000
vt -0.190500 3.437295 0.000000
vt -0.190500 3.289797 0.000000
vt -0.190500 3.142299 0.000000
vt -0.190500 2.994801 0.000000
vt -0.193444 2.957998 0.000000
vt -0.202758 2.923369 0.000000
vt -0.216866 2.895153 0.000000
vt -0.235310 2.871961 0.000000
vt -0.273095 2.845400 0.000000
vt -0.317500 2.835684 0.000000
vt -0.361905 2.845400 0.000000
vt -0.399690 2.871961 0.000000
vt -0.421086 2.899989 0.000000
vt -0.435372 2.932312 0.000000
vt -0.442670 2.965460 0.000000
vt -0.000000 2.335490 0.000000
vt -0.000000 2.482109 0.000000
vt -0.000000 2.628728 0.000000
vt -0.000000 2.775347 0.000000
vt -0.000000 2.921966 0.000000
vt -0.000000 3.068584 0.000000
vt -0.000000 3.215203 0.000000
vt -0.000000 3.361822 0.000000
vt -0.000000 -3.513647 0.000000
vt -0.000000 -3.367028 0.000000
vt -0.000000 -3.220409 0.000000
vt -0.000000 -3.073790 0.000000
vt -0.000000 -2.927171 0.000000
vt -0.000000 -2.780552 0.000000
vt -0.000000 -2.633934 0.000000
vt -0.000000 -2.487315 0.000000
vt -0.000000 -2.340696 0.000000
vt -0.635000 -2.340696 0.000000
vt -0.635000 -2.487315 0.000000
vt -0.635000 -2.633934 0.000000
vt -0.635000 -2.780552 0.000000
vt -0.635000 -2.927171 0.000000
vt -0.635000 -3.073790 0.000000
vt -0.635000 -3.220409 0.000000
vt -0.635000 3.655060 0.000000
vt -0.635000 3.508441 0.000000
vt -0.635000 3.361822 0.000000
vt -0.635000 3.215203 0.000000
vt -0.635000 3.068584 0.000000
vt -0.635000 2.921966 0.000000
vt -0.635000 2.775347 0.000000
vt -0.635000 2.628728 0.000000
vt -0.635000 2.482109 0.000000
vt -0.635000 2.335490 0.000000
vt -0.000000 3.508441 0.000000
vt -0.190500 -3.584793 0.000000
vt -0.635000 -3.367028 0.000000
vt -0.635000 -3.367028 0.000000
vt -0.444500 3.584793 0.000000
vt -0.444500 3.584793 0.000000
vt 0.000000 0.000000 0.000000
vt 1.264784 0.000000 0.000000
vt 1.264784 0.635000 0.000000
vt 0.000000 0.635000 0.000000
vt -0.000000 0.000000 0.000000
vt -0.000000 0.146294 0.000000
vt -0.000000 0.292588 0.000000
vt -0.000000 0.438882 0.000000
vt -0.000000 0.585177 0.000000
vt -0.000000 0.731471 0.000000
vt -0.000000 0.877765 0.000000
vt -0.000000 1.024059 0.000000
vt -0.000000 1.170353 0.000000
vt -0.000000 1.316647 0.000000
vt -0.000000 1.462942 0.000000
vt -0.000000 1.609236 0.000000
vt -0.000000 1.755530 0.000000
vt -0.000000 1.901824 0.000000
vt -0.000000 2.048118 0.000000
vt -0.000000 2.194412 0.000000
vt -0.000000 2.340707 0.000000
vt -0.635000 2.340707 0.000000
vt -0.635000 2.194412 0.000000
vt -0.635000 2.048118 0.000000
vt -0.635000 1.901824 0.000000
vt -0.635000 1.755530 0.000000
vt -0.635000 1.609236 0.000000
vt -0.635000 1.462942 0.000000
vt -0.635000 1.316647 0.000000
vt -0.635000 1.170353 0.000000
vt -0.635000 1.024059 0.000000
vt -0.635000 0.877765 0.000000
vt -0.635000 0.731471 0.000000
vt -0.635000 0.585177 0.000000
vt -0.635000 0.438882 0.000000
vt -0.635000 0.292588 0.000000
vt -0.635000 0.146294 0.000000
vt -0.635000 0.000000 0.000000
vt -0.317500 0.000000 0.000000
vt 0.000000 -0.127000 0.000000
vt 0.381556 -0.127000 0.000000
vt 0.369001 -0.096662 0.000000
vt 0.364453 -0.063500 0.000000
vt 0.364453 0.254000 0.000000
vt 0.000000 0.254000 0.000000
vt -0.235999 0.099746 0.000000
vt -0.236022 0.049873 0.000000
vt -0.235949 -0.000000 0.000000
vt -0.235807 -0.049873 0.000000
vt -0.235635 -0.099745 0.000000
vt 1.029752 -0.099746 0.000000
vt 1.029752 -0.049873 0.000000
vt 1.029752 0.000000 0.000000
vt 1.029752 0.049873 0.000000
vt 1.029752 0.099746 0.000000
vt 0.127000 0.075628 0.000000
vt 0.127000 0.161799 0.000000
vt 0.127000 0.247971 0.000000
vt 0.127000 0.334142 0.000000
vt 0.127000 0.420314 0.000000
vt 0.127000 0.506485 0.000000
vt 0.127000 0.592657 0.000000
vt 0.127000 0.678828 0.000000
vt 0.127000 0.765000 0.000000
vt 0.127000 0.851171 0.000000
vt 0.127000 0.937343 0.000000
vt 0.127000 1.023514 0.000000
vt 0.127000 1.109686 0.000000
vt 0.127000 1.195857 0.000000
vt 0.127000 1.282029 0.000000
vt 0.127000 1.368200 0.000000
vt 0.127000 1.454372 0.000000
vt 0.127000 1.540543 0.000000
vt 0.127000 1.626715 0.000000
vt 0.127000 1.712886 0.000000
vt 0.127000 1.799058 0.000000
vt 0.127000 1.885229 0.000000
vt 0.127000 1.971401 0.000000
vt 0.127000 2.057572 0.000000
vt 0.127000 2.143744 0.000000
vt 0.127000 2.229915 0.000000
vt 0.127000 2.316087 0.000000
vt -0.254000 2.316087 0.000000
vt -0.254000 2.229915 0.000000
vt -0.254000 2.143744 0.000000
vt -0.254000 2.057572 0.000000
vt -0.254000 1.971401 0.000000
vt -0.254000 1.885229 0.000000
vt -0.254000 1.799058 0.000000
vt -0.254000 1.712886 0.000000
vt -0.254000 1.626715 0.000000
vt -0.254000 1.540543 0.000000
vt -0.254000 1.454372 0.000000
vt -0.254000 1.368200 0.000000
vt -0.254000 1.282029 0.000000
vt -0.254000 1.195857 0.000000
vt -0.254000 1.109686 0.000000
vt -0.254000 1.023514 0.000000
vt -0.254000 0.937343 0.000000
vt -0.254000 0.851171 0.000000
vt -0.254000 0.765000 0.000000
vt -0.254000 0.678828 0.000000
vt -0.254000 0.592657 0.000000
vt -0.254000 0.506485 0.000000
vt -0.254000 0.420314 0.000000
vt -0.254000 0.334142 0.000000
vt -0.254000 0.247971 0.000000
vt -0.254000 0.161799 0.000000
vt -0.254000 0.075628 0.000000
vt -0.000000 0.063500 0.000000
vt -1.265751 0.063500 0.000000
vt -1.265751 -0.444500 0.000000
vt -0.000000 -0.444500 0.000000
vt -0.017103 -0.127000 0.000000
vt 0.364453 -0.127000 0.000000
vt 0.364453 0.254000 0.000000
vt 0.000000 0.254000 0.000000
vt 0.000000 -0.063500 0.000000
vt -0.004548 -0.096662 0.000000
vt -0.396875 0.099746 0.000000
vt -0.396875 0.049873 0.000000
vt -0.396875 0.000000 0.000000
vt -0.396875 -0.049873 0.000000
vt -0.396875 -0.099746 0.000000
vt 0.873125 -0.099746 0.000000
vt 0.873125 -0.049873 0.000000
vt 0.873125 0.000000 0.000000
vt 0.873125 0.049873 0.000000
vt 0.873125 0.099746 0.000000
vt 1.602870 0.008874 0.000000
vt 0.967870 1.108726 0.000000
vt 0.886454 1.230536 0.000000
vt 0.789802 1.340649 0.000000
vt 0.679577 1.437172 0.000000
vt 0.557673 1.518446 0.000000
vt 0.426184 1.583075 0.000000
vt 0.287370 1.629948 0.000000
vt 0.143618 1.658260 0.000000
vt -0.002603 1.667523 0.000000
vt -0.148779 1.657579 0.000000
vt -0.292398 1.628598 0.000000
vt -0.430991 1.581079 0.000000
vt -0.562178 1.515838 0.000000
vt -0.683702 1.433997 0.000000
vt -0.793477 1.336961 0.000000
vt -0.889614 1.226400 0.000000
vt -0.970462 1.104212 0.000000
vt -1.602865 0.008883 0.000000
vt -1.667524 -0.122230 0.000000
vt -1.714516 -0.260661 0.000000
vt -1.743038 -0.404041 0.000000
vt -1.752600 -0.549918 0.000000
vt -1.743040 -0.695795 0.000000
vt -1.714520 -0.839176 0.000000
vt -1.667530 -0.977608 0.000000
vt -1.602873 -1.108721 0.000000
vt -1.521655 -1.230274 0.000000
vt -1.425265 -1.340186 0.000000
vt -1.315354 -1.436576 0.000000
vt -1.193802 -1.517795 0.000000
vt -1.062689 -1.582453 0.000000
vt -0.924257 -1.629444 0.000000
vt -0.780877 -1.657965 0.000000
vt -0.635000 -1.667526 0.000000
vt 0.635000 -1.667526 0.000000
vt 0.780876 -1.657965 0.000000
vt 0.924256 -1.629445 0.000000
vt 1.062687 -1.582454 0.000000
vt 1.193800 -1.517796 0.000000
vt 1.315352 -1.436578 0.000000
vt 1.425263 -1.340189 0.000000
vt 1.521652 -1.230278 0.000000
vt 1.602870 -1.108726 0.000000
vt 1.667528 -0.977613 0.000000
vt 1.714519 -0.839182 0.000000
vt 1.743039 -0.695802 0.000000
vt 1.752600 -0.549926 0.000000
vt 1.743039 -0.404050 0.000000
vt 1.714519 -0.260670 0.000000
vt 1.667528 -0.122239 0.000000
vt 1.387299 -0.115586 0.000000
vt 1.442967 -0.230873 0.000000
vt 1.481086 -0.353091 0.000000
vt 1.500827 -0.479583 0.000000
vt 1.501763 -0.607603 0.000000
vt 1.483873 -0.734371 0.000000
vt 1.447545 -0.857132 0.000000
vt 1.393569 -0.973221 0.000000
vt 0.916093 -0.697551 0.000000
vt 0.943739 -0.623996 0.000000
vt 0.952475 -0.545905 0.000000
vt 0.941764 -0.468060 0.000000
vt 0.912264 -0.395230 0.000000
vt 0.865781 -0.331875 0.000000
vt 0.805162 -0.281876 0.000000
vt 0.734121 -0.248295 0.000000
vt 0.657008 -0.233190 0.000000
vt 0.578547 -0.237485 0.000000
vt 0.503544 -0.260918 0.000000
vt 0.436593 -0.302053 0.000000
vt 0.381795 -0.358371 0.000000
vt 0.342506 -0.426422 0.000000
vt 0.321132 -0.502037 0.000000
vt 0.318984 -0.580586 0.000000
vt 0.336192 -0.657257 0.000000
vt 0.371702 -0.727354 0.000000
vt 0.423340 -0.786583 0.000000
vt 0.487942 -0.831316 0.000000
vt 0.561552 -0.858814 0.000000
vt 0.639661 -0.867392 0.000000
vt 0.717484 -0.856525 0.000000
vt 0.790255 -0.826878 0.000000
vt 0.853516 -0.780267 0.000000
vt 0.903393 -0.719548 0.000000
vt 1.380869 -0.995218 0.000000
vt 1.307321 -1.100008 0.000000
vt 1.219170 -1.192849 0.000000
vt 1.118332 -1.271726 0.000000
vt 1.006995 -1.334926 0.000000
vt 0.887578 -1.381076 0.000000
vt 0.762676 -1.409172 0.000000
vt 0.635000 -1.418606 0.000000
vt -0.635000 -1.418606 0.000000
vt -0.762676 -1.409172 0.000000
vt -0.887579 -1.381075 0.000000
vt -1.006996 -1.334925 0.000000
vt -1.118333 -1.271725 0.000000
vt -1.219172 -1.192847 0.000000
vt -1.307323 -1.100005 0.000000
vt -1.380871 -0.995215 0.000000
vt -0.903394 -0.719546 0.000000
vt -0.853517 -0.780266 0.000000
vt -0.790256 -0.826877 0.000000
vt -0.717486 -0.856524 0.000000
vt -0.639662 -0.867392 0.000000
vt -0.561554 -0.858814 0.000000
vt -0.487944 -0.831317 0.000000
vt -0.423341 -0.786584 0.000000
vt -0.371703 -0.727355 0.000000
vt -0.336192 -0.657258 0.000000
vt -0.318984 -0.580588 0.000000
vt -0.321132 -0.502039 0.000000
vt -0.342505 -0.426423 0.000000
vt -0.381794 -0.358372 0.000000
vt -0.436592 -0.302054 0.000000
vt -0.503543 -0.260919 0.000000
vt -0.578546 -0.237485 0.000000
vt -0.657006 -0.233190 0.000000
vt -0.734119 -0.248295 0.000000
vt -0.805161 -0.281875 0.000000
vt -0.865780 -0.331874 0.000000
vt -0.912263 -0.395228 0.000000
vt -0.941764 -0.468059 0.000000
vt -0.952475 -0.545904 0.000000
vt -0.943740 -0.623995 0.000000
vt -0.916094 -0.697549 0.000000
vt -1.393571 -0.973218 0.000000
vt -1.447547 -0.857128 0.000000
vt -1.483874 -0.734366 0.000000
vt -1.501763 -0.607597 0.000000
vt -1.500827 -0.479577 0.000000
vt -1.481084 -0.353084 0.000000
vt -1.442964 -0.230866 0.000000
vt -1.387295 -0.115579 0.000000
vt -0.754591 0.980272 0.000000
vt -0.682958 1.086744 0.000000
vt -0.596421 1.181501 0.000000
vt -0.496869 1.262475 0.000000
vt -0.386473 1.327900 0.000000
vt -0.267644 1.376347 0.000000
vt -0.142974 1.406760 0.000000
vt -0.015184 1.418473 0.000000
vt -0.013607 0.867134 0.000000
vt -0.091093 0.854078 0.000000
vt -0.162999 0.822392 0.000000
vt -0.224922 0.774016 0.000000
vt -0.273067 0.711915 0.000000
vt -0.304487 0.639892 0.000000
vt -0.317257 0.562358 0.000000
vt -0.310593 0.484063 0.000000
vt -0.284906 0.409802 0.000000
vt -0.241768 0.344124 0.000000
vt -0.183821 0.291051 0.000000
vt -0.114615 0.253835 0.000000
vt -0.038388 0.234755 0.000000
vt 0.040190 0.234980 0.000000
vt 0.116306 0.254496 0.000000
vt 0.185299 0.292107 0.000000
vt 0.242941 0.345510 0.000000
vt 0.285703 0.411434 0.000000
vt 0.310965 0.485841 0.000000
vt 0.317180 0.564173 0.000000
vt 0.303968 0.641632 0.000000
vt 0.272136 0.713475 0.000000
vt 0.223636 0.775299 0.000000
vt 0.161438 0.823319 0.000000
vt 0.089352 0.854594 0.000000
vt 0.011793 0.867207 0.000000
vt 0.010216 1.418546 0.000000
vt 0.138122 1.407555 0.000000
vt 0.263012 1.377833 0.000000
vt 0.382157 1.330029 0.000000
vt 0.492956 1.265188 0.000000
vt 0.592989 1.184725 0.000000
vt 0.680070 1.090397 0.000000
vt 0.752299 0.984266 0.000000
vt 0.063500 -1.557613 0.000000
vt 0.063500 -1.440535 0.000000
vt 0.063500 -1.323456 0.000000
vt 0.063500 -1.206377 0.000000
vt 0.063500 -1.089299 0.000000
vt 0.063500 -0.972220 0.000000
vt 0.063500 -0.855141 0.000000
vt -0.254000 -0.855141 0.000000
vt -0.254000 -0.804252 0.000000
vt -0.254000 -0.753362 0.000000
vt -0.254000 -0.702472 0.000000
vt 0.063500 -0.702472 0.000000
vt 0.063500 -0.585393 0.000000
vt 0.063500 -0.468315 0.000000
vt 0.063500 -0.351236 0.000000
vt 0.063500 -0.234157 0.000000
vt 0.063500 -0.117079 0.000000
vt 0.063500 0.000000 0.000000
vt -0.444500 0.000000 0.000000
vt -0.444500 -0.119816 0.000000
vt -0.444500 -0.239633 0.000000
vt -0.444500 -0.359449 0.000000
vt -0.444500 -0.479266 0.000000
vt -0.444500 -0.599082 0.000000
vt -0.444500 -0.718898 0.000000
vt -0.444500 -0.838715 0.000000
vt -0.444500 -0.958531 0.000000
vt -0.444500 -1.078348 0.000000
vt -0.444500 -1.198164 0.000000
vt -0.444500 -1.317981 0.000000
vt -0.444500 -1.437797 0.000000
vt -0.444500 -1.557613 0.000000
vt -0.000000 0.063500 0.000000
vt -1.270000 0.063500 0.000000
vt -1.270000 -0.444500 0.000000
vt -0.000000 -0.444500 0.000000
vt -0.099746 0.555795 0.000000
vt -0.099746 0.465874 0.000000
vt -0.099746 0.375952 0.000000
vt -0.099746 0.286031 0.000000
vt -0.099746 0.196110 0.000000
vt -0.099746 0.106188 0.000000
vt -0.099746 0.016267 0.000000
vt -0.099746 -0.073655 0.000000
vt -0.099746 -0.163576 0.000000
vt -0.099746 -0.253497 0.000000
vt -0.099746 -0.343419 0.000000
vt -0.099746 -0.433340 0.000000
vt -0.099746 -0.523261 0.000000
vt -0.099746 -0.613183 0.000000
vt -0.099746 -0.703104 0.000000
vt -0.099746 -0.793026 0.000000
vt -0.099746 -0.882947 0.000000
vt -0.099746 -0.972868 0.000000
vt -0.099746 1.214245 0.000000
vt -0.099746 1.124323 0.000000
vt -0.099746 1.034402 0.000000
vt -0.099746 0.944481 0.000000
vt -0.099746 0.854559 0.000000
vt -0.099746 0.764638 0.000000
vt -0.099746 0.674716 0.000000
vt -0.099746 0.584795 0.000000
vt -0.099396 0.585178 0.000000
vt -0.077689 0.607030 0.000000
vt -0.054303 0.625359 0.000000
vt -0.028369 0.638354 0.000000
vt -0.000000 0.643267 0.000000
vt -0.000000 0.725232 0.000000
vt -0.000000 0.807197 0.000000
vt -0.000000 0.889162 0.000000
vt -0.000000 0.971127 0.000000
vt -0.000000 1.053092 0.000000
vt -0.000000 -1.141977 0.000000
vt -0.000000 -1.060012 0.000000
vt -0.000000 -0.978047 0.000000
vt -0.000000 -0.896082 0.000000
vt -0.000000 -0.814117 0.000000
vt -0.000000 -0.732152 0.000000
vt -0.000000 -0.650187 0.000000
vt -0.000000 -0.568222 0.000000
vt -0.000000 -0.486257 0.000000
vt -0.000000 -0.404292 0.000000
vt -0.000000 -0.322327 0.000000
vt -0.000000 -0.240362 0.000000
vt -0.000000 -0.158397 0.000000
vt -0.000000 -0.076432 0.000000
vt -0.000000 0.005533 0.000000
vt -0.000000 0.087498 0.000000
vt -0.000000 0.169463 0.000000
vt -0.000000 0.251428 0.000000
vt -0.000000 0.333393 0.000000
vt -0.000000 0.415358 0.000000
vt -0.000000 0.497323 0.000000
vt -0.028369 0.502236 0.000000
vt -0.054303 0.515231 0.000000
vt -0.077689 0.533560 0.000000
vt -0.099396 0.555412 0.000000
vt -0.066497 -1.138517 0.000000
vt -0.033249 1.138517 0.000000
vt -0.066497 -0.969848 0.000000
vt -0.066497 0.379506 0.000000
vt -0.066497 0.463840 0.000000
vt -0.033249 0.463840 0.000000
vt -0.066497 0.295171 0.000000
vt -0.033249 0.295171 0.000000
vt -0.033249 0.379506 0.000000
vt -0.066497 0.210837 0.000000
vt -0.033249 0.210837 0.000000
vt -0.066497 0.126502 0.000000
vt -0.033249 0.126502 0.000000
vt -0.066497 0.042167 0.000000
vt -0.033249 0.042167 0.000000
vt -0.066497 -0.042167 0.000000
vt -0.033249 -0.042167 0.000000
vt -0.066497 -0.126502 0.000000
vt -0.033249 -0.126502 0.000000
vt -0.066497 -0.210837 0.000000
vt -0.033249 -0.210837 0.000000
vt -0.066497 -0.295171 0.000000
vt -0.033249 -0.295171 0.000000
vt -0.066497 -0.379506 0.000000
vt -0.033249 -0.379506 0.000000
vt -0.066497 -0.463840 0.000000
vt -0.033249 -0.463840 0.000000
vt -0.066497 -0.548175 0.000000
vt -0.033249 -0.548175 0.000000
vt -0.066497 -0.632510 0.000000
vt -0.033249 -0.632510 0.000000
vt -0.066497 -0.716844 0.000000
vt -0.033249 -0.716844 0.000000
vt -0.066497 -0.801179 0.000000
vt -0.033249 -0.801179 0.000000
vt -0.066497 -0.885513 0.000000
vt -0.033249 -0.885513 0.000000
vt -0.066497 -1.054183 0.000000
vt -0.033249 -1.054183 0.000000
vt -0.033249 -0.969848 0.000000
vt -0.066497 1.054183 0.000000
vt -0.033249 1.054183 0.000000
vt -0.066497 0.969848 0.000000
vt -0.033249 0.969848 0.000000
vt -0.066497 0.885513 0.000000
vt -0.033249 0.885513 0.000000
vt -0.066497 0.801179 0.000000
vt -0.033249 0.801179 0.000000
vt -0.066497 0.716844 0.000000
vt -0.033249 0.716844 0.000000
vt -0.066497 0.632510 0.000000
vt -0.033249 -1.138517 0.000000
vt -0.033249 -1.138517 0.000000
vt -0.000000 1.135057 0.000000
vt -0.000000 1.135057 0.000000
vt -0.033249 -1.138517 0.000000
vt -0.099746 -1.062790 0.000000
vt -0.099746 -1.062790 0.000000
vt -0.033249 -1.138517 0.000000
vt -0.066497 1.138517 0.000000
vt -0.066497 1.138517 0.000000
vt -0.066497 1.138517 0.000000
vt -0.066497 1.138517 0.000000
vt 0.405557 -0.049873 0.000000
vt 0.956898 -0.049873 0.000000
vt 0.956397 -0.049522 0.000000
vt 0.925213 -0.027623 0.000000
vt 0.894713 -0.004825 0.000000
vt 0.866326 0.020342 0.000000
vt 0.843169 0.049873 0.000000
vt 0.461613 0.049873 0.000000
vt 0.456490 0.021504 0.000000
vt 0.443335 -0.004430 0.000000
vt 0.425686 -0.027816 0.000000
vt 0.405893 -0.049523 0.000000
vt -0.279387 0.049873 0.000000
vt -0.660943 0.049873 0.000000
vt -0.684099 0.020342 0.000000
vt -0.712486 -0.004825 0.000000
vt -0.742987 -0.027623 0.000000
vt -0.774171 -0.049523 0.000000
vt -0.774671 -0.049873 0.000000
vt -0.223330 -0.049873 0.000000
vt -0.223666 -0.049523 0.000000
vt -0.243459 -0.027816 0.000000
vt -0.261108 -0.004430 0.000000
vt -0.274263 0.021504 0.000000
vt -0.099746 -0.963266 0.000000
vt -0.099746 1.223847 0.000000
vt -0.099746 1.133926 0.000000
vt -0.099746 1.044004 0.000000
vt -0.099746 0.954083 0.000000
vt -0.099746 0.864161 0.000000
vt -0.099746 0.774240 0.000000
vt -0.099746 0.684319 0.000000
vt -0.099746 0.594397 0.000000
vt -0.099746 0.504476 0.000000
vt -0.099746 0.414555 0.000000
vt -0.099746 0.324633 0.000000
vt -0.099746 0.234712 0.000000
vt -0.099746 0.144790 0.000000
vt -0.099746 0.054869 0.000000
vt -0.099746 -0.035052 0.000000
vt -0.099746 -0.124974 0.000000
vt -0.099746 -0.214895 0.000000
vt -0.099746 -0.304816 0.000000
vt -0.099746 -0.394738 0.000000
vt -0.099746 -0.484659 0.000000
vt -0.099746 -0.574581 0.000000
vt -0.099746 -0.664502 0.000000
vt -0.099746 -0.754423 0.000000
vt -0.099746 -0.844345 0.000000
vt -0.099746 -0.934266 0.000000
vt -0.099396 -0.933883 0.000000
vt -0.077689 -0.912031 0.000000
vt -0.054303 -0.893702 0.000000
vt -0.028369 -0.880708 0.000000
vt -0.000000 -0.875794 0.000000
vt -0.000000 -0.793829 0.000000
vt -0.000000 -0.711864 0.000000
vt -0.000000 -0.629899 0.000000
vt -0.000000 -0.547934 0.000000
vt -0.000000 -0.465969 0.000000
vt -0.000000 -0.384004 0.000000
vt -0.000000 -0.302039 0.000000
vt -0.000000 -0.220074 0.000000
vt -0.000000 -0.138109 0.000000
vt -0.000000 -0.056144 0.000000
vt -0.000000 0.025821 0.000000
vt -0.000000 0.107786 0.000000
vt -0.000000 0.189751 0.000000
vt -0.000000 0.271716 0.000000
vt -0.000000 0.353681 0.000000
vt -0.000000 0.435646 0.000000
vt -0.000000 0.517611 0.000000
vt -0.000000 0.599576 0.000000
vt -0.000000 0.681541 0.000000
vt -0.000000 0.763506 0.000000
vt -0.000000 0.845471 0.000000
vt -0.000000 0.927436 0.000000
vt -0.000000 1.009401 0.000000
vt -0.000000 -1.185668 0.000000
vt -0.000000 -1.103703 0.000000
vt -0.000000 -1.021738 0.000000
vt -0.028369 -1.016825 0.000000
vt -0.054303 -1.003830 0.000000
vt -0.077689 -0.985501 0.000000
vt -0.099396 -0.963649 0.000000
vt -0.066497 -1.138517 0.000000
vt -0.033249 1.138517 0.000000
vt -0.066497 -0.210837 0.000000
vt -0.066497 -1.054183 0.000000
vt -0.033249 -1.054183 0.000000
vt -0.066497 1.054183 0.000000
vt -0.033249 1.054183 0.000000
vt -0.066497 0.969848 0.000000
vt -0.033249 0.969848 0.000000
vt -0.066497 0.885513 0.000000
vt -0.033249 0.885513 0.000000
vt -0.066497 0.801179 0.000000
vt -0.033249 0.801179 0.000000
vt -0.066497 0.716844 0.000000
vt -0.033249 0.716844 0.000000
vt -0.066497 0.632510 0.000000
vt -0.033249 0.632510 0.000000
vt -0.066497 0.548175 0.000000
vt -0.033249 0.548175 0.000000
vt -0.066497 0.463840 0.000000
vt -0.033249 0.463840 0.000000
vt -0.066497 0.379506 0.000000
vt -0.033249 0.379506 0.000000
vt -0.066497 0.295171 0.000000
vt -0.033249 0.295171 0.000000
vt -0.066497 0.210837 0.000000
vt -0.033249 0.210837 0.000000
vt -0.066497 0.126502 0.000000
vt -0.033249 0.126502 0.000000
vt -0.066497 0.042167 0.000000
vt -0.033249 0.042167 0.000000
vt -0.066497 -0.042167 0.000000
vt -0.033249 -0.042167 0.000000
vt -0.066497 -0.126502 0.000000
vt -0.033249 -0.126502 0.000000
vt -0.066497 -0.295171 0.000000
vt -0.033249 -0.295171 0.000000
vt -0.033249 -0.210837 0.000000
vt -0.066497 -0.379506 0.000000
vt -0.033249 -0.379506 0.000000
vt -0.066497 -0.463840 0.000000
vt -0.033249 -0.463840 0.000000
vt -0.066497 -0.548095 0.000000
vt -0.033249 -0.548014 0.000000
vt -0.066497 -0.632510 0.000000
vt -0.033249 -0.632510 0.000000
vt -0.066497 -0.716844 0.000000
vt -0.033249 -0.716844 0.000000
vt -0.066497 -0.801179 0.000000
vt -0.033249 -0.801179 0.000000
vt -0.066497 -0.885513 0.000000
vt -0.099746 -1.053187 0.000000
vt -0.099746 -1.053187 0.000000
vt -0.099746 -1.053187 0.000000
vt -0.033249 -1.138517 0.000000
vt -0.033249 -1.138517 0.000000
vt -0.000000 1.091366 0.000000
vt -0.000000 1.091366 0.000000
vt -0.099746 -1.053187 0.000000
vt -0.066497 1.138517 0.000000
vt -0.066497 1.138517 0.000000
vt -0.033249 -1.138517 0.000000
vt -0.033249 -1.138517 0.000000
vt -0.066497 1.138517 0.000000
vt -0.066497 1.138517 0.000000
vt 0.543039 -0.049873 0.000000
vt 1.094380 -0.049873 0.000000
vt 1.093871 -0.049517 0.000000
vt 1.061229 -0.026574 0.000000
vt 1.029392 -0.002578 0.000000
vt 1.001458 0.022769 0.000000
vt 0.980652 0.049873 0.000000
vt 0.599095 0.049873 0.000000
vt 0.593972 0.021504 0.000000
vt 0.580817 -0.004430 0.000000
vt 0.563168 -0.027816 0.000000
vt 0.543375 -0.049523 0.000000
vt -0.416869 0.049873 0.000000
vt -0.798425 0.049873 0.000000
vt -0.819127 0.022880 0.000000
vt -0.845682 -0.001373 0.000000
vt -0.877432 -0.025451 0.000000
vt -0.911645 -0.049517 0.000000
vt -0.912154 -0.049873 0.000000
vt -0.360813 -0.049873 0.000000
vt -0.361149 -0.049523 0.000000
vt -0.380941 -0.027816 0.000000
vt -0.398591 -0.004430 0.000000
vt -0.411745 0.021504 0.000000
vt -0.099746 -0.204253 0.000000
vt -0.099746 -0.294174 0.000000
vt -0.099746 -0.384096 0.000000
vt -0.099746 -0.474017 0.000000
vt -0.099746 -0.563938 0.000000
vt -0.099746 -0.653860 0.000000
vt -0.099746 -0.743781 0.000000
vt -0.099746 -0.833702 0.000000
vt -0.099746 -0.923624 0.000000
vt -0.099746 -1.013545 0.000000
vt -0.099746 1.173568 0.000000
vt -0.099746 1.083646 0.000000
vt -0.099746 0.993725 0.000000
vt -0.099746 0.903804 0.000000
vt -0.099746 0.813882 0.000000
vt -0.099746 0.723961 0.000000
vt -0.099746 0.634040 0.000000
vt -0.099746 0.544118 0.000000
vt -0.099746 0.454197 0.000000
vt -0.099746 0.364275 0.000000
vt -0.099746 0.274354 0.000000
vt -0.099746 0.184433 0.000000
vt -0.099746 0.094511 0.000000
vt -0.099746 0.004590 0.000000
vt -0.099746 -0.085332 0.000000
vt -0.099746 -0.175253 0.000000
vt -0.099396 -0.174870 0.000000
vt -0.077689 -0.153018 0.000000
vt -0.054303 -0.134688 0.000000
vt -0.028369 -0.121694 0.000000
vt -0.000000 -0.116780 0.000000
vt -0.000000 -0.034816 0.000000
vt -0.000000 0.047149 0.000000
vt -0.000000 0.129114 0.000000
vt -0.000000 0.211079 0.000000
vt -0.000000 0.293044 0.000000
vt -0.000000 0.375009 0.000000
vt -0.000000 0.456974 0.000000
vt -0.000000 0.538939 0.000000
vt -0.000000 0.620904 0.000000
vt -0.000000 0.702869 0.000000
vt -0.000000 0.784834 0.000000
vt -0.000000 0.866799 0.000000
vt -0.000000 0.948764 0.000000
vt -0.000000 1.030729 0.000000
vt -0.000000 -1.164340 0.000000
vt -0.000000 -1.082375 0.000000
vt -0.000000 -1.000410 0.000000
vt -0.000000 -0.918445 0.000000
vt -0.000000 -0.836480 0.000000
vt -0.000000 -0.754515 0.000000
vt -0.000000 -0.672550 0.000000
vt -0.000000 -0.590585 0.000000
vt -0.000000 -0.508620 0.000000
vt -0.000000 -0.426655 0.000000
vt -0.000000 -0.344690 0.000000
vt -0.000000 -0.262725 0.000000
vt -0.028369 -0.257811 0.000000
vt -0.054303 -0.244817 0.000000
vt -0.077689 -0.226488 0.000000
vt -0.099396 -0.204636 0.000000
vt -0.066497 -1.138517 0.000000
vt -0.033249 1.138517 0.000000
vt -0.066497 -0.379506 0.000000
vt -0.066497 0.548175 0.000000
vt -0.066497 -0.295171 0.000000
vt -0.033249 -0.295171 0.000000
vt -0.066497 -0.463840 0.000000
vt -0.033249 -0.463840 0.000000
vt -0.033249 -0.379506 0.000000
vt -0.066497 -0.548175 0.000000
vt -0.033249 -0.548175 0.000000
vt -0.066497 -0.632510 0.000000
vt -0.033249 -0.632510 0.000000
vt -0.066497 -0.716844 0.000000
vt -0.033249 -0.716844 0.000000
vt -0.066497 -0.801179 0.000000
vt -0.033249 -0.801179 0.000000
vt -0.066497 -0.885513 0.000000
vt -0.033249 -0.885513 0.000000
vt -0.066497 -0.969848 0.000000
vt -0.033249 -0.969848 0.000000
vt -0.066497 -1.054183 0.000000
vt -0.033249 -1.054183 0.000000
vt -0.066497 1.054183 0.000000
vt -0.033249 1.054183 0.000000
vt -0.066497 0.969848 0.000000
vt -0.033249 0.969848 0.000000
vt -0.066497 0.885513 0.000000
vt -0.033249 0.885513 0.000000
vt -0.066497 0.801179 0.000000
vt -0.033249 0.801179 0.000000
vt -0.066497 0.716844 0.000000
vt -0.033249 0.716844 0.000000
vt -0.066497 0.632510 0.000000
vt -0.033249 0.632510 0.000000
vt -0.066497 0.463840 0.000000
vt -0.033249 0.463840 0.000000
vt -0.033249 0.548175 0.000000
vt -0.066497 0.379506 0.000000
vt -0.033249 0.379506 0.000000
vt -0.066497 0.295171 0.000000
vt -0.033249 0.295171 0.000000
vt -0.066497 0.210917 0.000000
vt -0.033249 0.210998 0.000000
vt -0.066497 0.126502 0.000000
vt -0.033249 0.126502 0.000000
vt -0.066497 0.042167 0.000000
vt -0.033249 0.042167 0.000000
vt -0.066497 -0.042167 0.000000
vt -0.033249 -0.042167 0.000000
vt -0.066497 -0.126502 0.000000
vt -0.033249 -1.138517 0.000000
vt -0.033249 -1.138517 0.000000
vt -0.000000 1.112694 0.000000
vt -0.000000 1.112694 0.000000
vt -0.099746 -1.103467 0.000000
vt -0.099746 -1.103467 0.000000
vt -0.066497 1.138517 0.000000
vt -0.066497 1.138517 0.000000
vt -0.033249 -1.138517 0.000000
vt -0.033249 -1.138517 0.000000
vt -0.066497 1.138517 0.000000
vt -0.066497 1.138517 0.000000
vt 0.543039 -0.049873 0.000000
vt 1.094381 -0.049873 0.000000
vt 1.093872 -0.049517 0.000000
vt 1.061229 -0.026574 0.000000
vt 1.029393 -0.002578 0.000000
vt 1.001459 0.022769 0.000000
vt 0.980652 0.049873 0.000000
vt 0.599096 0.049873 0.000000
vt 0.593972 0.021504 0.000000
vt 0.580817 -0.004430 0.000000
vt 0.563168 -0.027816 0.000000
vt 0.543375 -0.049523 0.000000
vt -0.416869 0.049873 0.000000
vt -0.798425 0.049873 0.000000
vt -0.819128 0.022880 0.000000
vt -0.845683 -0.001373 0.000000
vt -0.877433 -0.025451 0.000000
vt -0.911645 -0.049517 0.000000
vt -0.912154 -0.049873 0.000000
vt -0.360813 -0.049873 0.000000
vt -0.361149 -0.049523 0.000000
vt -0.380942 -0.027816 0.000000
vt -0.398591 -0.004430 0.000000
vt -0.411746 0.021504 0.000000
vn 0.000000 2.540000 0.000000
vn 0.972016 2.346654 0.000000
vn 1.796051 1.796051 0.000000
vn 2.346654 0.972016 0.000000
vn 2.540000 0.000000 0.000000
vn 2.346654 -0.972016 0.000000
vn 1.796051 -1.796051 0.000000
vn 0.972016 -2.346654 0.000000
vn 0.000000 -2.540000 0.000000
vn 0.000000 -2.540000 0.000000
vn 0.000000 -2.540000 0.000000
vn 0.000000 -2.540000 0.000000
vn 0.000000 -2.540000 0.000000
vn 0.309581 -2.346654 -0.921398
vn 0.572031 -1.796051 -1.702522
vn 0.747395 -0.972016 -2.224452
vn 0.808974 0.000000 -2.407729
vn 0.747395 0.972016 -2.224452
vn 0.572031 1.796051 -1.702522
vn 0.309581 2.346654 -0.921398
vn 0.000000 2.540000 0.000000
vn 0.000000 2.540000 0.000000
vn 0.000000 2.540000 0.000000
vn 0.000000 2.540000 0.000000
vn 0.941959 -2.346654 -0.239851
vn 1.740513 -1.796051 -0.443186
vn 2.274090 -0.972016 -0.579051
vn 2.461457 0.000000 -0.626760
vn 2.274090 0.972016 -0.579051
vn 1.740513 1.796051 -0.443186
vn 0.941959 2.346654 -0.239851
vn 0.853647 -2.346654 -0.464868
vn 1.577333 -1.796051 -0.858964
vn 2.060886 -0.972016 -1.122290
vn 2.230686 0.000000 -1.214758
vn 2.060886 0.972016 -1.122290
vn 1.577333 1.796051 -0.858964
vn 0.853647 2.346654 -0.464868
vn 0.712541 -2.346654 -0.661135
vn 1.316604 -1.796051 -1.221619
vn 1.720226 -0.972016 -1.596122
vn 1.861960 0.000000 -1.727630
vn 1.720226 0.972016 -1.596122
vn 1.316604 1.796051 -1.221619
vn 0.712541 2.346654 -0.661135
vn 0.527369 -2.346654 -0.816515
vn 0.974450 -1.796051 -1.508724
vn 1.273180 -0.972016 -1.971242
vn 1.378080 0.000000 -2.133657
vn 1.273180 0.972016 -1.971242
vn 0.974450 1.796051 -1.508724
vn 0.527369 2.346654 -0.816515
vn 0.000000 2.540000 0.000000
vn 0.972016 2.346654 0.000000
vn 1.796051 1.796051 0.000000
vn 2.346654 0.972016 0.000000
vn 2.540000 0.000000 0.000000
vn 2.346654 -0.972016 0.000000
vn 1.796051 -1.796051 0.000000
vn 0.972016 -2.346654 0.000000
vn 0.000000 -2.540000 0.000000
vn 0.000000 -2.540000 0.000000
vn 0.972016 -2.346654 0.000000
vn 1.796051 -1.796051 0.000000
vn 2.346654 -0.972016 0.000000
vn 2.540000 0.000000 0.000000
vn 2.346654 0.972016 0.000000
vn 1.796051 1.796051 0.000000
vn 0.972016 2.346654 0.000000
vn 0.000000 2.540000 0.000000
vn 0.000000 2.540000 0.000000
vn 0.309581 2.346654 0.921398
vn 0.572031 1.796051 1.702522
vn 0.747395 0.972016 2.224452
vn 0.808974 0.000000 2.407729
vn 0.747395 -0.972016 2.224452
vn 0.572031 -1.796051 1.702522
vn 0.309581 -2.346654 0.921398
vn 0.000000 -2.540000 0.000000
vn 0.000000 -2.540000 0.000000
vn 0.000000 -2.540000 0.000000
vn 0.000000 -2.540000 0.000000
vn 0.000000 -2.540000 0.000000
vn 0.972016 -2.346654 0.000000
vn 1.796051 -1.796051 0.000000
vn 2.346654 -0.972016 0.000000
vn 2.540000 0.000000 0.000000
vn 2.346654 0.972016 0.000000
vn 1.796051 1.796051 0.000000
vn 0.972016 2.346654 0.000000
vn 0.000000 2.540000 0.000000
vn 0.000000 2.540000 0.000000
vn 0.000000 2.540000 0.000000
vn 0.000000 2.540000 0.000000
vn 0.527369 -2.346654 0.816515
vn 0.974450 -1.796051 1.508724
vn 1.273180 -0.972016 1.971242
vn 1.378080 0.000000 2.133657
vn 1.273180 0.972016 1.971242
vn 0.974450 1.796051 1.508724
vn 0.527369 2.346654 0.816515
vn 0.712541 -2.346654 0.661135
vn 1.316604 -1.796051 1.221619
vn 1.720226 -0.972016 1.596122
vn 1.861960 0.000000 1.727630
vn 1.720226 0.972016 1.596122
vn 1.316604 1.796051 1.221619
vn 0.712541 2.346654 0.661135
vn 0.853647 -2.346654 0.464868
vn 1.577333 -1.796051 0.858964
vn 2.060886 -0.972016 1.122290
vn 2.230686 0.000000 1.214758
vn 2.060886 0.972016 1.122290
vn 1.577333 1.796051 0.858964
vn 0.853647 2.346654 0.464868
vn 0.941959 -2.346654 0.239851
vn 1.740513 -1.796051 0.443186
vn 2.274090 -0.972016 0.579051
vn 2.461457 0.000000 0.626760
vn 2.274090 0.972016 0.579051
vn 1.740513 1.796051 0.443186
vn 0.941959 2.346654 0.239851
vn 0.000000 -2.540000 0.000000
vn 0.095795 -2.503358 -0.419072
vn 0.124368 -2.357446 -0.937326
vn 0.082781 -2.071703 -1.467240
vn 0.000000 -1.643792 -1.936375
vn 0.000000 -0.875559 -2.384323
vn 0.000000 0.000000 -2.540000
vn 0.000000 0.875559 -2.384323
vn 0.000000 1.643792 -1.936375
vn 0.071397 2.012670 -1.547792
vn 0.119223 2.294810 -1.082235
vn 0.109234 2.481119 -0.532653
vn 0.000000 2.540000 0.000000
vn 0.309581 2.346654 -0.921398
vn 0.572031 1.796051 -1.702522
vn 0.747395 0.972016 -2.224452
vn 0.808974 0.000000 -2.407729
vn 0.747395 -0.972016 -2.224452
vn 0.572031 -1.796051 -1.702522
vn 0.309581 -2.346654 -0.921398
vn 0.156846 -2.346654 -0.959278
vn 0.289814 -1.796051 -1.772515
vn 0.378660 -0.972016 -2.315902
vn 0.409858 0.000000 -2.506714
vn 0.378660 0.972016 -2.315902
vn 0.289814 1.796051 -1.772515
vn 0.156846 2.346654 -0.959278
vn 0.000000 -1.643792 -1.936375
vn 0.000000 -0.888124 -2.379671
vn 0.000000 0.000000 -2.540000
vn 0.000000 0.888124 -2.379671
vn 0.000000 1.643792 -1.936375
vn 0.000000 0.875559 -2.384323
vn 0.000000 0.000000 -2.540000
vn 0.000000 -0.875559 -2.384323
vn 0.000000 -1.643792 1.936375
vn 0.071397 -2.012670 1.547792
vn 0.119223 -2.294810 1.082235
vn 0.109234 -2.481119 0.532653
vn 0.000000 -2.540000 0.000000
vn 0.309581 -2.346654 0.921398
vn 0.572031 -1.796051 1.702522
vn 0.747395 -0.972016 2.224452
vn 0.808974 0.000000 2.407729
vn 0.747395 0.972016 2.224452
vn 0.572031 1.796051 1.702522
vn 0.309581 2.346654 0.921398
vn 0.000000 2.540000 0.000000
vn 0.095795 2.503358 0.419072
vn 0.124368 2.357446 0.937326
vn 0.082781 2.071703 1.467240
vn 0.000000 1.643792 1.936375
vn 0.000000 0.875559 2.384323
vn 0.000000 0.000000 2.540000
vn 0.000000 -0.875559 2.384323
vn 0.156846 -2.346654 0.959278
vn 0.289814 -1.796051 1.772515
vn 0.378660 -0.972016 2.315902
vn 0.409858 0.000000 2.506714
vn 0.378660 0.972016 2.315902
vn 0.289814 1.796051 1.772515
vn 0.156846 2.346654 0.959278
vn 0.000000 0.000000 2.540000
vn 0.000000 -0.888124 2.379671
vn 0.000000 -1.643792 1.936375
vn 0.000000 -0.875559 2.384323
vn 0.000000 0.000000 2.540000
vn 0.000000 0.875559 2.384323
vn 0.000000 1.643792 1.936375
vn 0.000000 0.888124 2.379671
vn 0.000000 2.540000 0.000000
vn 0.000000 2.540000 0.000000
vn 0.000000 2.540000 0.000000
vn 0.000000 2.540000 0.000000
vn 0.000000 2.540000 0.000000
vn 0.000000 2.540000 0.000000
vn 0.000000 2.540000 0.000000
vn 0.000000 2.540000 0.000000
vn 0.000000 2.540000 0.000000
vn 0.000000 2.540000 0.000000
vn 0.000000 2.540000 0.000000
vn 0.000000 2.540000 0.000000
vn 0.000000 0.000000 -2.540000
vn 0.000000 -0.972016 -2.346654
vn 0.000000 -1.796051 -1.796051
vn 0.000000 -2.346654 -0.972016
vn 0.000000 -2.540000 0.000000
vn 0.000000 -2.540000 0.000000
vn 0.000000 -2.540000 0.000000
vn 0.000000 -2.540000 0.000000
vn 0.000000 -2.540000 0.000000
vn 0.000000 -2.540000 0.000000
vn -0.972016 -2.346654 0.000000
vn -1.796051 -1.796051 0.000000
vn -2.346654 -0.972016 0.000000
vn -2.540000 0.000000 0.000000
vn -2.346654 0.972016 0.000000
vn -1.796051 1.796051 0.000000
vn -0.972016 2.346654 0.000000
vn 0.000000 2.540000 0.000000
vn 0.000000 2.540000 0.000000
vn 0.000000 2.540000 0.000000
vn 0.000000 2.540000 0.000000
vn 0.000000 2.540000 0.000000
vn 0.000000 2.540000 0.000000
vn 0.000000 2.346654 -0.972016
vn 0.000000 1.796051 -1.796051
vn 0.000000 0.972016 -2.346654
vn -0.759953 2.346654 -0.606042
vn -0.606042 -2.346654 -0.759953
vn -0.216294 -2.346654 -0.947645
vn -0.399659 -1.796051 -1.751020
vn -0.522180 -0.972016 -2.287819
vn -0.565203 0.000000 -2.476317
vn -0.522180 0.972016 -2.287819
vn -0.399659 1.796051 -1.751020
vn -0.216294 2.346654 -0.947645
vn -0.421742 -2.346654 -0.875756
vn -0.779277 -1.796051 -1.618186
vn -1.018175 -0.972016 -2.114262
vn -1.102065 0.000000 -2.288461
vn -1.018175 0.972016 -2.114262
vn -0.779277 1.796051 -1.618186
vn -0.421742 2.346654 -0.875756
vn -1.119820 -1.796051 -1.404209
vn -1.463115 -0.972016 -1.834688
vn -1.583664 0.000000 -1.985852
vn -1.463115 0.972016 -1.834688
vn -1.119820 1.796051 -1.404209
vn -0.606042 2.346654 -0.759953
vn -0.875756 -2.346654 -0.421742
vn -1.618186 -1.796051 -0.779277
vn -2.114262 -0.972016 -1.018175
vn -2.288461 0.000000 -1.102065
vn -2.114262 0.972016 -1.018175
vn -1.618186 1.796051 -0.779277
vn -0.875756 2.346654 -0.421742
vn -1.404209 1.796051 -1.119820
vn -1.834688 0.972016 -1.463115
vn -1.985852 0.000000 -1.583664
vn -1.834688 -0.972016 -1.463115
vn -1.404209 -1.796051 -1.119820
vn -0.759953 -2.346654 -0.606042
vn -0.947645 -2.346654 -0.216294
vn -1.751020 -1.796051 -0.399659
vn -2.287819 -0.972016 -0.522180
vn -2.476317 0.000000 -0.565203
vn -2.287819 0.972016 -0.522180
vn -1.751020 1.796051 -0.399659
vn -0.947645 2.346654 -0.216294
vn 0.000000 -2.540000 0.000000
vn -0.972016 -2.346654 0.000000
vn -1.796051 -1.796051 0.000000
vn -2.346654 -0.972016 0.000000
vn -2.540000 0.000000 0.000000
vn -2.346654 0.972016 0.000000
vn -1.796051 1.796051 0.000000
vn -0.972016 2.346654 0.000000
vn 0.000000 2.540000 0.000000
vn 0.000000 2.540000 0.000000
vn -0.972016 2.346654 0.000000
vn -1.796051 1.796051 0.000000
vn -2.346654 0.972016 0.000000
vn -2.540000 0.000000 0.000000
vn -2.346654 -0.972016 0.000000
vn -1.796051 -1.796051 0.000000
vn -0.972016 -2.346654 0.000000
vn 0.000000 -2.540000 0.000000
vn 0.000000 -2.540000 0.000000
vn 0.000000 -2.346654 0.972016
vn 0.000000 -1.796051 1.796051
vn 0.000000 -0.972016 2.346654
vn 0.000000 0.000000 2.540000
vn 0.000000 0.972016 2.346654
vn 0.000000 1.796051 1.796051
vn 0.000000 2.346654 0.972016
vn 0.000000 2.540000 0.000000
vn 0.000000 2.540000 0.000000
vn 0.000000 2.540000 0.000000
vn 0.000000 2.540000 0.000000
vn 0.000000 2.540000 0.000000
vn 0.000000 2.540000 0.000000
vn -0.972016 2.346654 0.000000
vn -1.796051 1.796051 0.000000
vn -2.346654 0.972016 0.000000
vn -2.540000 0.000000 0.000000
vn -2.346654 -0.972016 0.000000
vn -1.796051 -1.796051 0.000000
vn -0.972016 -2.346654 0.000000
vn 0.000000 -2.540000 0.000000
vn 0.000000 -2.540000 0.000000
vn 0.000000 -2.540000 0.000000
vn 0.000000 -2.540000 0.000000
vn 0.000000 -2.540000 0.000000
vn -0.606042 2.346654 0.759953
vn -0.759953 -2.346654 0.606042
vn -0.216294 2.346654 0.947645
vn -0.399659 1.796051 1.751020
vn -0.522180 0.972016 2.287819
vn -0.565203 0.000000 2.476317
vn -0.522180 -0.972016 2.287819
vn -0.399659 -1.796051 1.751020
vn -0.216294 -2.346654 0.947645
vn -0.421742 2.346654 0.875756
vn -0.779277 1.796051 1.618186
vn -1.018175 0.972016 2.114262
vn -1.102065 0.000000 2.288461
vn -1.018175 -0.972016 2.114262
vn -0.779277 -1.796051 1.618186
vn -0.421742 -2.346654 0.875756
vn -1.119820 1.796051 1.404209
vn -1.463115 0.972016 1.834688
vn -1.583664 0.000000 1.985852
vn -1.463115 -0.972016 1.834688
vn -1.119820 -1.796051 1.404209
vn -0.606042 -2.346654 0.759953
vn -0.875756 2.346654 0.421742
vn -1.618186 1.796051 0.779277
vn -2.114262 0.972016 1.018175
vn -2.288461 0.000000 1.102065
vn -2.114262 -0.972016 1.018175
vn -1.618186 -1.796051 0.779277
vn -0.875756 -2.346654 0.421742
vn -1.404209 -1.796051 1.119820
vn -1.834688 -0.972016 1.463115
vn -1.985852 0.000000 1.583664
vn -1.834688 0.972016 1.463115
vn -1.404209 1.796051 1.119820
vn -0.759953 2.346654 0.606042
vn -0.947645 2.346654 0.216294
vn -1.751020 1.796051 0.399659
vn -2.287819 0.972016 0.522180
vn -2.476317 0.000000 0.565203
vn -2.287819 -0.972016 0.522180
vn -1.751020 -1.796051 0.399659
vn -0.947645 -2.346654 0.216294
vn 0.000000 -2.540000 0.000000
vn 0.000000 -2.540000 0.000000
vn 0.000000 -2.540000 0.000000
vn 0.000000 -2.540000 0.000000
vn 0.000000 -2.540000 0.000000
vn 0.000000 -2.540000 0.000000
vn 0.000000 -2.540000 0.000000
vn 0.000000 -2.540000 0.000000
vn 0.000000 -2.540000 0.000000
vn 0.000000 -2.540000 0.000000
vn 0.000000 -2.540000 0.000000
vn 0.000000 -2.540000 0.000000
vn 0.000000 -2.540000 0.000000
vn 0.000000 -2.540000 0.000000
vn 0.000000 -2.540000 0.000000
vn 0.000000 -2.540000 0.000000
vn 0.000000 -2.540000 0.000000
vn 0.000000 -2.540000 0.000000
vn 0.000000 -2.540000 0.000000
vn 0.000000 -2.540000 0.000000
vn 0.000000 -2.540000 0.000000
vn 0.000000 -2.540000 0.000000
vn 0.000000 -2.540000 0.000000
vn 0.000000 -2.540000 0.000000
vn 0.000000 -2.540000 0.000000
vn 0.000000 -2.540000 0.000000
vn 0.000000 -2.540000 0.000000
vn 0.000000 -2.540000 0.000000
vn 0.000000 2.540000 0.000000
vn 0.000000 2.540000 0.000000
vn 0.000000 2.540000 0.000000
vn 0.000000 2.540000 0.000000
vn 0.000000 2.540000 0.000000
vn 0.000000 2.540000 0.000000
vn 0.000000 2.540000 0.000000
vn 0.000000 2.540000 0.000000
vn 0.000000 2.540000 0.000000
vn 0.000000 2.540000 0.000000
vn 0.000000 2.540000 0.000000
vn 0.000000 2.540000 0.000000
vn 0.000000 2.540000 0.000000
vn 0.000000 2.540000 0.000000
vn 0.000000 2.540000 0.000000
vn 0.000000 2.540000 0.000000
vn -2.540000 0.000000 0.000000
vn -2.540000 0.000000 0.000000
vn -2.540000 0.000000 0.000000
vn -2.540000 0.000000 0.000000
vn -2.540000 0.000000 0.000000
vn -2.540000 0.000000 0.000000
vn -2.540000 0.000000 0.000000
vn -2.540000 0.000000 0.000000
vn -2.540000 0.000000 0.000000
vn -2.540000 0.000000 0.000000
vn -2.540000 0.000000 0.000000
vn -2.540000 0.000000 0.000000
vn -2.540000 0.000000 0.000000
vn -2.540000 0.000000 0.000000
vn -2.540000 0.000000 0.000000
vn -2.540000 0.000000 0.000000
vn -2.540000 0.000000 0.000000
vn -2.540000 0.000000 0.000000
vn -2.540000 0.000000 0.000000
vn -2.540000 0.000000 0.000000
vn -2.540000 0.000000 0.000000
vn -2.540000 0.000000 0.000000
vn -2.540000 0.000000 0.000000
vn -2.540000 0.000000 0.000000
vn 0.000000 2.540000 0.000000
vn 0.000000 2.540000 0.000000
vn 0.000000 2.540000 0.000000
vn 0.000000 2.540000 0.000000
vn 0.000000 2.540000 0.000000
vn 0.000000 2.540000 0.000000
vn 0.000000 2.540000 0.000000
vn 0.000000 2.540000 0.000000
vn 0.000000 2.540000 0.000000
vn 0.000000 2.540000 0.000000
vn 0.000000 2.540000 0.000000
vn 0.000000 2.540000 0.000000
vn 0.000000 2.540000 0.000000
vn 0.000000 2.540000 0.000000
vn 0.000000 2.540000 0.000000
vn 0.000000 2.540000 0.000000
vn 0.000000 2.540000 0.000000
vn 0.000000 2.540000 0.000000
vn 0.000000 2.540000 0.000000
vn 0.000000 2.540000 0.000000
vn 0.000000 2.540000 0.000000
vn 0.000000 2.540000 0.000000
vn 0.000000 2.540000 0.000000
vn 0.000000 2.540000 0.000000
vn 0.000000 2.540000 0.000000
vn 0.000000 2.540000 0.000000
vn 0.000000 2.540000 0.000000
vn 0.000000 2.540000 0.000000
vn 0.000000 2.540000 0.000000
vn 0.000000 2.540000 0.000000
vn 0.000000 2.540000 0.000000
vn 0.000000 2.540000 0.000000
vn 0.000000 2.540000 0.000000
vn 0.000000 2.540000 0.000000
vn 0.000000 2.540000 0.000000
vn 0.000000 2.540000 0.000000
vn 0.000000 2.540000 0.000000
vn 0.000000 2.540000 0.000000
vn 0.000000 2.540000 0.000000
vn 0.000000 2.540000 0.000000
vn 0.000000 2.540000 0.000000
vn 0.000000 2.540000 0.000000
vn 0.000000 2.540000 0.000000
vn 0.000000 2.540000 0.000000
vn 0.000000 2.540000 0.000000
vn 0.000000 2.540000 0.000000
vn 0.000000 2.540000 0.000000
vn 0.000000 2.540000 0.000000
vn 0.000000 2.540000 0.000000
vn 0.000000 2.540000 0.000000
vn 0.000000 2.540000 0.000000
vn 0.000000 2.540000 0.000000
vn 0.000000 2.540000 0.000000
vn 0.000000 2.540000 0.000000
vn 0.000000 2.540000 0.000000
vn 0.000000 2.540000 0.000000
vn 0.000000 2.540000 0.000000
vn 0.000000 2.540000 0.000000
vn 0.000000 2.540000 0.000000
vn 0.000000 2.540000 0.000000
vn 0.000000 2.540000 0.000000
vn 0.000000 2.540000 0.000000
vn 0.000000 2.540000 0.000000
vn 0.000000 2.540000 0.000000
vn 0.000000 2.540000 0.000000
vn 0.000000 2.540000 0.000000
vn 0.000000 2.540000 0.000000
vn 0.000000 2.540000 0.000000
vn 0.000000 2.540000 0.000000
vn 0.000000 2.540000 0.000000
vn 0.000000 2.540000 0.000000
vn 0.000000 2.540000 0.000000
vn 0.000000 2.540000 0.000000
vn 0.000000 2.540000 0.000000
vn 0.000000 2.540000 0.000000
vn 0.000000 2.540000 0.000000
vn 0.000000 2.540000 0.000000
vn 0.000000 2.540000 0.000000
vn 0.000000 2.540000 0.000000
vn 0.000000 2.540000 0.000000
vn 0.000000 2.540000 0.000000
vn 0.000000 2.540000 0.000000
vn 0.000000 2.540000 0.000000
vn 0.000000 2.540000 0.000000
vn 0.000000 2.540000 0.000000
vn 0.000000 2.540000 0.000000
vn 0.000000 2.540000 0.000000
vn 0.000000 2.540000 0.000000
vn 0.000000 2.540000 0.000000
vn 0.000000 2.540000 0.000000
vn 0.000000 2.540000 0.000000
vn 0.000000 2.540000 0.000000
vn 0.000000 2.540000 0.000000
vn 0.000000 2.540000 0.000000
vn 0.000000 2.540000 0.000000
vn 0.000000 2.540000 0.000000
vn 0.000000 2.540000 0.000000
vn 0.000000 2.540000 0.000000
vn 0.000000 2.540000 0.000000
vn 0.000000 2.540000 0.000000
vn 0.000000 2.540000 0.000000
vn 0.000000 2.540000 0.000000
vn 0.000000 2.540000 0.000000
vn 0.000000 2.540000 0.000000
vn 0.000000 2.540000 0.000000
vn 0.000000 2.540000 0.000000
vn 0.000000 2.540000 0.000000
vn 0.000000 2.540000 0.000000
vn 0.000000 2.540000 0.000000
vn 0.000000 2.540000 0.000000
vn 0.000000 2.540000 0.000000
vn 0.000000 2.540000 0.000000
vn 0.000000 2.540000 0.000000
vn 0.000000 2.540000 0.000000
vn 0.000000 2.540000 0.000000
vn 0.000000 2.540000 0.000000
vn 0.000000 2.540000 0.000000
vn 0.000000 2.540000 0.000000
vn 0.000000 2.540000 0.000000
vn 0.000000 2.540000 0.000000
vn 0.000000 2.540000 0.000000
vn 0.000000 2.540000 0.000000
vn 0.000000 2.540000 0.000000
vn 0.000000 2.540000 0.000000
vn 0.000000 2.540000 0.000000
vn 0.000000 2.540000 0.000000
vn 0.000000 2.540000 0.000000
vn 0.000000 2.540000 0.000000
vn 0.000000 2.540000 0.000000
vn 0.000000 2.540000 0.000000
vn 0.000000 2.540000 0.000000
vn 0.000000 2.540000 0.000000
vn 0.000000 2.540000 0.000000
vn 0.000000 2.540000 0.000000
vn 0.000000 2.540000 0.000000
vn 0.000000 2.540000 0.000000
vn 0.000000 2.540000 0.000000
vn 0.000000 2.540000 0.000000
vn 0.000000 2.540000 0.000000
vn 0.000000 2.540000 0.000000
vn 0.000000 2.540000 0.000000
vn 0.000000 2.540000 0.000000
vn 0.000000 2.540000 0.000000
vn 0.000000 2.540000 0.000000
vn 0.000000 2.540000 0.000000
vn 0.000000 2.540000 0.000000
vn 0.000000 2.540000 0.000000
vn 0.000000 2.540000 0.000000
vn 0.000000 2.540000 0.000000
vn 0.000000 2.540000 0.000000
vn 0.000000 2.540000 0.000000
vn 0.000000 2.540000 0.000000
vn 0.000000 2.540000 0.000000
vn 0.000000 2.540000 0.000000
vn 0.000000 2.540000 0.000000
vn 2.540000 0.000000 0.000000
vn 2.346654 -0.972016 0.000000
vn 1.796051 -1.796051 0.000000
vn 0.972016 -2.346654 0.000000
vn 0.000000 -2.540000 0.000000
vn 0.000000 -2.540000 0.000000
vn 0.000000 -2.540000 0.000000
vn 0.000000 -2.540000 0.000000
vn 0.000000 -2.540000 0.000000
vn 0.000000 -2.540000 0.000000
vn 0.000000 -2.540000 0.000000
vn 0.000000 -2.540000 0.000000
vn 0.005167 -2.539980 0.008647
vn 0.365598 -2.447205 0.573696
vn 0.722829 -2.187230 1.070114
vn 1.036566 -1.793749 1.469556
vn 1.285621 -1.270000 1.784903
vn 1.436271 -0.663833 1.986971
vn 1.489277 0.000000 2.057585
vn 1.793358 0.000000 1.798741
vn 2.053112 0.000000 1.495437
vn 2.262119 0.000000 1.155170
vn 2.415213 0.000000 0.786351
vn 2.508609 0.000000 0.398095
vn 1.677430 -0.972016 1.641041
vn 0.963930 -2.346654 0.125112
vn 1.781111 -1.796051 0.231177
vn 2.327134 -0.972016 0.302047
vn 0.939809 -2.346654 0.248143
vn 1.736540 -1.796051 0.458508
vn 2.268899 -0.972016 0.599070
vn 0.900051 -2.346654 0.367045
vn 1.663078 -1.796051 0.678211
vn 2.172917 -0.972016 0.886126
vn 0.845321 -2.346654 0.479841
vn 1.561949 -1.796051 0.886631
vn 2.040785 -0.972016 1.158440
vn 0.776527 -2.346654 0.584655
vn 1.434835 -1.796051 1.080301
vn 1.874702 -0.972016 1.411481
vn 0.694814 -2.346654 0.679741
vn 1.283849 -1.796051 1.255998
vn 0.601542 -2.346654 0.763519
vn 1.111505 -1.796051 1.410800
vn 1.452252 -0.972016 1.843299
vn -1.270021 0.000000 -2.199692
vn -1.173347 -0.972016 -2.032251
vn -0.898041 -1.796051 -1.555417
vn -0.486016 -2.346654 -0.841786
vn 0.000000 -2.540000 0.000000
vn 0.000000 -2.540000 0.000000
vn 0.000000 -2.540000 0.000000
vn 0.000000 -2.540000 0.000000
vn 0.000000 -2.540000 0.000000
vn 0.000000 -2.540000 0.000000
vn 0.000000 -2.540000 0.000000
vn 0.000000 -2.540000 0.000000
vn 0.004905 -2.539980 -0.008799
vn 0.314034 -2.447205 -0.603466
vn 0.565326 -2.187230 -1.161048
vn 0.754382 -1.793749 -1.632474
vn 0.902951 -1.270000 -2.005836
vn 1.002621 -0.663833 -2.237337
vn 1.037271 0.000000 -2.318549
vn 0.661063 0.000000 -2.452467
vn 0.268515 0.000000 -2.525767
vn -0.130671 0.000000 -2.536637
vn -0.526626 0.000000 -2.484807
vn -0.909565 0.000000 -2.371559
vn 0.582454 -0.972016 -2.273221
vn -0.373623 -2.346654 -0.897341
vn -0.690365 -1.796051 -1.658070
vn -0.902006 -0.972016 -2.166373
vn -0.255014 -2.346654 -0.937967
vn -0.471205 -1.796051 -1.733138
vn -0.615659 -0.972016 -2.264453
vn -0.132163 -2.346654 -0.962989
vn -0.244205 -1.796051 -1.779372
vn -0.319069 -0.972016 -2.324861
vn -0.007113 -2.346654 -0.971990
vn -0.013142 -1.796051 -1.796003
vn -0.017171 -0.972016 -2.346591
vn 0.118056 -2.346654 -0.964820
vn 0.218139 -1.796051 -1.782755
vn 0.285012 -0.972016 -2.329282
vn 0.241260 -2.346654 -0.941599
vn 0.445791 -1.796051 -1.739848
vn 0.360451 -2.346654 -0.902713
vn 0.666027 -1.796051 -1.667995
vn 0.870206 -0.972016 -2.179341
vn 1.037282 0.000000 2.318544
vn 1.002632 -0.663833 2.237332
vn 0.902961 -1.270000 2.005832
vn 0.753659 -1.795765 1.630591
vn 0.554293 -2.203735 1.134861
vn 0.300745 -2.455467 0.576051
vn 0.004905 -2.539980 0.008799
vn 0.000000 -2.540000 0.000000
vn 0.000000 -2.540000 0.000000
vn 0.000000 -2.540000 0.000000
vn 0.000000 -2.540000 0.000000
vn 0.000000 -2.540000 0.000000
vn 0.000000 -2.540000 0.000000
vn 0.000000 -2.540000 0.000000
vn 0.000000 -2.540000 0.000000
vn -0.486008 -2.346654 0.841790
vn -0.898026 -1.796051 1.555426
vn -1.173327 -0.972016 2.032262
vn -1.270000 0.000000 2.199704
vn -0.909544 0.000000 2.371567
vn -0.526606 0.000000 2.484811
vn -0.130652 0.000000 2.536637
vn 0.268531 0.000000 2.525765
vn 0.661077 0.000000 2.452464
vn 0.285028 -0.972016 2.329280
vn 0.360456 -2.346654 0.902711
vn 0.666036 -1.796051 1.667992
vn 0.870218 -0.972016 2.179336
vn 0.241266 -2.346654 0.941597
vn 0.445802 -1.796051 1.739845
vn 0.582468 -0.972016 2.273217
vn 0.118062 -2.346654 0.964819
vn 0.218151 -1.796051 1.782753
vn -0.007106 -2.346654 0.971990
vn -0.013129 -1.796051 1.796003
vn -0.017154 -0.972016 2.346591
vn -0.132155 -2.346654 0.962990
vn -0.244191 -1.796051 1.779374
vn -0.319051 -0.972016 2.324864
vn -0.255006 -2.346654 0.937969
vn -0.471190 -1.796051 1.733142
vn -0.615640 -0.972016 2.264459
vn -0.373615 -2.346654 0.897344
vn -0.690350 -1.796051 1.658076
vn -0.901986 -0.972016 2.166381
vn 1.489267 0.000000 -2.057592
vn 1.436261 -0.663833 -1.986977
vn 1.285612 -1.270000 -1.784909
vn 1.035296 -1.795765 -1.467988
vn 0.705667 -2.203735 -1.047466
vn 0.348500 -2.455467 -0.548480
vn 0.005167 -2.539980 -0.008647
vn 0.000000 -2.540000 0.000000
vn 0.000000 -2.540000 0.000000
vn 0.000000 -2.540000 0.000000
vn 0.000000 -2.540000 0.000000
vn 0.000000 -2.540000 0.000000
vn 0.000000 -2.540000 0.000000
vn 0.000000 -2.540000 0.000000
vn 0.000000 -2.540000 0.000000
vn 0.972016 -2.346654 0.000000
vn 1.796051 -1.796051 0.000000
vn 2.346654 -0.972016 0.000000
vn 2.540000 0.000000 0.000000
vn 2.508609 0.000000 -0.398097
vn 2.415211 0.000000 -0.786355
vn 2.262116 0.000000 -1.155176
vn 2.053107 0.000000 -1.495444
vn 1.793350 0.000000 -1.798748
vn 1.874697 -0.972016 -1.411487
vn 0.601539 -2.346654 -0.763522
vn 1.111499 -1.796051 -1.410804
vn 1.452244 -0.972016 -1.843305
vn 0.694812 -2.346654 -0.679744
vn 1.283845 -1.796051 -1.256003
vn 1.677424 -0.972016 -1.641046
vn 0.776525 -2.346654 -0.584657
vn 1.434831 -1.796051 -1.080305
vn 0.845320 -2.346654 -0.479843
vn 1.561947 -1.796051 -0.886635
vn 2.040782 -0.972016 -1.158444
vn 0.900051 -2.346654 -0.367047
vn 1.663077 -1.796051 -0.678214
vn 2.172915 -0.972016 -0.886130
vn 0.939808 -2.346654 -0.248144
vn 1.736539 -1.796051 -0.458510
vn 2.268898 -0.972016 -0.599072
vn 0.963930 -2.346654 -0.125113
vn 1.781111 -1.796051 -0.231178
vn 2.327134 -0.972016 -0.302049
vn -1.270000 0.000000 2.199704
vn -1.173327 -0.972016 2.032262
vn -0.898026 -1.796051 1.555426
vn -0.486008 -2.346654 0.841790
vn 0.000000 -2.540000 0.000000
vn 0.000000 -2.540000 0.000000
vn 0.000000 -2.540000 0.000000
vn 0.000000 -2.540000 0.000000
vn 0.000000 -2.540000 0.000000
vn 0.000000 -2.540000 0.000000
vn 0.000000 -2.540000 0.000000
vn 0.000000 -2.540000 0.000000
vn -0.009905 -2.539981 0.000121
vn -0.620880 -2.462832 0.023814
vn -1.206872 -2.233621 0.077446
vn -1.744932 -1.839588 0.150753
vn -2.189205 -1.270000 0.214669
vn -2.439609 -0.663833 0.243385
vn -2.527295 0.000000 0.253732
vn -2.455985 0.000000 0.647871
vn -2.323603 0.000000 1.025900
vn -2.133440 0.000000 1.378418
vn -1.890225 0.000000 1.696659
vn -1.600006 0.000000 1.972709
vn -2.261249 -0.972016 0.627328
vn -0.590592 -2.346654 0.772021
vn -1.091271 -1.796051 1.426509
vn -1.425814 -0.972016 1.863824
vn -0.685295 -2.346654 0.689337
vn -1.266261 -1.796051 1.273728
vn -1.654449 -0.972016 1.664206
vn -0.768535 -2.346654 0.595121
vn -1.420067 -1.796051 1.099640
vn -1.855408 -0.972016 1.436749
vn -0.838918 -2.346654 0.490949
vn -1.550119 -1.796051 0.907156
vn -2.025327 -0.972016 1.185257
vn -0.895267 -2.346654 0.378565
vn -1.654238 -1.796051 0.699497
vn -2.161366 -0.972016 0.913937
vn -0.936640 -2.346654 0.259848
vn -1.730685 -1.796051 0.480136
vn -0.962344 -2.346654 0.136783
vn -1.778179 -1.796051 0.252743
vn -2.323303 -0.972016 0.330225
vn 0.000000 -2.540000 0.000000
vn -0.481450 -2.346654 -0.844405
vn -0.889441 -1.796051 -1.560351
vn -1.161897 -0.972016 -2.038818
vn -1.257397 0.000000 -2.206933
vn -1.588696 0.000000 -1.981829
vn -1.880489 0.000000 -1.707443
vn -2.125520 0.000000 -1.390598
vn -2.317697 0.000000 -1.039174
vn -2.452239 0.000000 -0.661909
vn -2.525802 0.000000 -0.268184
vn -2.438176 -0.663833 -0.257336
vn -2.187941 -1.270000 -0.227187
vn -1.744043 -1.839587 -0.160732
vn -1.206412 -2.233620 -0.084348
vn -0.620738 -2.462831 -0.027366
vn -0.009909 -2.539981 -0.000177
vn 0.000000 -2.540000 0.000000
vn 0.000000 -2.540000 0.000000
vn 0.000000 -2.540000 0.000000
vn 0.000000 -2.540000 0.000000
vn 0.000000 -2.540000 0.000000
vn 0.000000 -2.540000 0.000000
vn 0.000000 -2.540000 0.000000
vn -2.156103 -0.972016 -0.926285
vn -0.961545 -2.346654 -0.142286
vn -1.415130 -0.972016 -1.871949
vn -1.083093 -1.796051 -1.432728
vn -0.586166 -2.346654 -0.775387
vn -1.644903 -0.972016 -1.673643
vn -1.258954 -1.796051 -1.280950
vn -0.681341 -2.346654 -0.693245
vn -1.847159 -0.972016 -1.447338
vn -1.413754 -1.796051 -1.107745
vn -0.765118 -2.346654 -0.599507
vn -2.018515 -0.972016 -1.196822
vn -1.544904 -1.796051 -0.916008
vn -0.836096 -2.346654 -0.495740
vn -1.650210 -1.796051 -0.708948
vn -0.893087 -2.346654 -0.383680
vn -2.321376 -0.972016 -0.343508
vn -1.776704 -1.796051 -0.262910
vn -0.935138 -2.346654 -0.265201
vn -1.727910 -1.796051 -0.490027
vn -2.257623 -0.972016 -0.640252
vn 2.199704 0.000000 -1.270000
vn 2.199704 0.000000 -1.270000
vn 2.199704 0.000000 -1.270000
vn 2.199704 0.000000 -1.270000
vn 2.199704 0.000000 -1.270000
vn 2.199704 0.000000 -1.270000
vn -1.684282 0.000000 -1.901261
vn -2.067742 0.000000 -1.475142
vn -2.345879 0.000000 -0.973885
vn -2.504526 0.000000 -0.423022
vn -2.535603 0.000000 0.149388
vn -2.437526 0.000000 0.714188
vn -2.215292 0.000000 1.242611
vn -1.880219 0.000000 1.707740
vn -1.449375 0.000000 2.085884
vn -0.944706 0.000000 2.357781
vn -0.391917 0.000000 2.509582
vn 0.180835 0.000000 2.533555
vn 0.744375 0.000000 2.428478
vn 1.270000 0.000000 2.199704
vn 1.730936 0.000000 1.858887
vn 2.103705 0.000000 1.423385
vn 2.369320 0.000000 0.915381
vn 2.514251 0.000000 0.360751
vn 2.531116 0.000000 -0.212254
vn 2.419056 0.000000 -0.774447
vn 2.183779 0.000000 -1.297193
vn 1.837269 0.000000 -1.753866
vn 1.397175 0.000000 -2.121203
vn 0.885915 0.000000 -2.380495
vn 0.329530 0.000000 -2.518533
vn -0.243640 0.000000 -2.528288
vn -0.804400 0.000000 -2.409261
vn -0.804400 0.000000 -2.409261
vn -0.243640 0.000000 -2.528288
vn 0.329530 0.000000 -2.518533
vn 0.885915 0.000000 -2.380495
vn 1.397175 0.000000 -2.121203
vn 1.837269 0.000000 -1.753866
vn 2.183779 0.000000 -1.297193
vn 2.419056 0.000000 -0.774447
vn 2.531116 0.000000 -0.212254
vn 2.514251 0.000000 0.360751
vn 2.369320 0.000000 0.915381
vn 2.103705 0.000000 1.423385
vn 1.730936 0.000000 1.858887
vn 1.270000 0.000000 2.199704
vn 0.744375 0.000000 2.428478
vn 0.180835 0.000000 2.533555
vn -0.391917 0.000000 2.509582
vn -0.944706 0.000000 2.357781
vn -1.449375 0.000000 2.085884
vn -1.880219 0.000000 1.707740
vn -2.215292 0.000000 1.242611
vn -2.437526 0.000000 0.714188
vn -2.535603 0.000000 0.149388
vn -2.504526 0.000000 -0.423022
vn -2.345879 0.000000 -0.973885
vn -2.067742 0.000000 -1.475142
vn -1.684282 0.000000 -1.901261
vn -2.199704 0.000000 1.270000
vn -2.199704 0.000000 1.270000
vn -2.199704 0.000000 1.270000
vn -2.199704 0.000000 1.270000
vn -2.199704 0.000000 1.270000
vn -2.199704 0.000000 1.270000
vn -2.199711 0.000000 -1.269989
vn -2.199711 0.000000 -1.269989
vn -2.199711 0.000000 -1.269989
vn -2.199711 0.000000 -1.269989
vn -2.199711 0.000000 -1.269989
vn -2.199711 0.000000 -1.269989
vn 1.489267 0.000000 -2.057592
vn 1.793350 0.000000 -1.798748
vn 2.053107 0.000000 -1.495444
vn 2.262116 0.000000 -1.155176
vn 2.415211 0.000000 -0.786355
vn 2.508609 0.000000 -0.398097
vn 2.540000 0.000000 0.000000
vn 2.540000 0.000000 0.000000
vn 2.507107 0.000000 -0.407447
vn 2.409281 0.000000 -0.804340
vn 2.249056 0.000000 -1.180402
vn 2.030580 0.000000 -1.525891
vn 1.759513 0.000000 -1.831861
vn 1.442875 0.000000 -2.090385
vn 1.088867 0.000000 -2.294770
vn 0.706658 0.000000 -2.439720
vn 0.306146 0.000000 -2.521483
vn -0.102294 0.000000 -2.537939
vn -0.508085 0.000000 -2.488664
vn -0.900717 0.000000 -2.374933
vn -1.270021 0.000000 -2.199692
vn -1.270021 0.000000 -2.199692
vn -0.909565 0.000000 -2.371559
vn -0.526626 0.000000 -2.484807
vn -0.130671 0.000000 -2.536637
vn 0.268515 0.000000 -2.525767
vn 0.661063 0.000000 -2.452467
vn 1.037271 0.000000 -2.318549
vn 1.037271 0.000000 -2.318549
vn 1.193791 0.000000 -2.241977
vn 1.344693 0.000000 -2.154855
vn 1.489267 0.000000 -2.057592
vn 0.000000 2.540000 0.000000
vn 0.000000 2.540000 0.000000
vn 0.000000 2.540000 0.000000
vn 0.000000 2.540000 0.000000
vn 0.000000 2.540000 0.000000
vn 0.000000 2.540000 0.000000
vn 0.000000 2.540000 0.000000
vn 0.000000 2.540000 0.000000
vn 0.000000 2.540000 0.000000
vn 0.000000 2.540000 0.000000
vn 0.000000 2.540000 0.000000
vn 0.000000 2.540000 0.000000
vn 0.000000 2.540000 0.000000
vn 0.000000 2.540000 0.000000
vn 0.000000 2.540000 0.000000
vn 0.000000 2.540000 0.000000
vn 0.000000 2.540000 0.000000
vn 0.000000 2.540000 0.000000
vn 0.000000 2.540000 0.000000
vn 0.000000 2.540000 0.000000
vn 0.000000 2.540000 0.000000
vn 0.000000 2.540000 0.000000
vn 0.000000 2.540000 0.000000
vn 0.000000 2.540000 0.000000
vn 0.000000 2.540000 0.000000
vn 0.000000 2.540000 0.000000
vn 0.000000 2.540000 0.000000
vn 0.000000 2.540000 0.000000
vn 0.000000 2.540000 0.000000
vn 0.000000 2.540000 0.000000
vn 0.000000 2.540000 0.000000
vn 2.540000 0.000000 0.000000
vn 2.540000 0.000000 0.000000
vn 2.540000 0.000000 0.000000
vn 2.540000 0.000000 0.000000
vn 2.540000 0.000000 0.000000
vn 2.508609 0.000000 0.398095
vn 2.415213 0.000000 0.786351
vn 2.262119 0.000000 1.155170
vn 2.053112 0.000000 1.495437
vn 1.793358 0.000000 1.798741
vn 1.489277 0.000000 2.057585
vn 1.489277 0.000000 2.057585
vn 1.344703 0.000000 2.154849
vn 1.193802 0.000000 2.241972
vn 1.037282 0.000000 2.318544
vn 1.037282 0.000000 2.318544
vn 0.661077 0.000000 2.452464
vn 0.268531 0.000000 2.525765
vn -0.130652 0.000000 2.536637
vn -0.526606 0.000000 2.484811
vn -0.909544 0.000000 2.371567
vn -1.270000 0.000000 2.199704
vn -1.270000 0.000000 2.199704
vn -0.900696 0.000000 2.374941
vn -0.508065 0.000000 2.488668
vn -0.102275 0.000000 2.537940
vn 0.306163 0.000000 2.521481
vn 0.706672 0.000000 2.439716
vn 1.088879 0.000000 2.294764
vn 1.442884 0.000000 2.090379
vn 1.759520 0.000000 1.831854
vn 2.030585 0.000000 1.525885
vn 2.249058 0.000000 1.180397
vn 2.409283 0.000000 0.804337
vn 2.507108 0.000000 0.407445
vn 2.540000 0.000000 0.000000
vn -0.804388 0.000000 2.409265
vn -0.243628 0.000000 2.528289
vn 0.329542 0.000000 2.518532
vn 0.885926 0.000000 2.380490
vn 1.397185 0.000000 2.121196
vn 1.837277 0.000000 1.753857
vn 2.183785 0.000000 1.297183
vn 2.419060 0.000000 0.774435
vn 2.531117 0.000000 0.212241
vn 2.514249 0.000000 -0.360763
vn 2.369316 0.000000 -0.915392
vn 2.103699 0.000000 -1.423395
vn 1.730927 0.000000 -1.858895
vn 1.269989 0.000000 -2.199711
vn 0.744363 0.000000 -2.428482
vn 0.180822 0.000000 -2.533556
vn -0.391929 0.000000 -2.509580
vn -0.944717 0.000000 -2.357776
vn -1.449385 0.000000 -2.085877
vn -1.880227 0.000000 -1.707731
vn -2.215298 0.000000 -1.242601
vn -2.437530 0.000000 -0.714177
vn -2.535604 0.000000 -0.149375
vn -2.504524 0.000000 0.423034
vn -2.345874 0.000000 0.973897
vn -2.067734 0.000000 1.475152
vn -1.684273 0.000000 1.901270
vn -1.684273 0.000000 1.901270
vn -2.067734 0.000000 1.475152
vn -2.345874 0.000000 0.973897
vn -2.504524 0.000000 0.423034
vn -2.535604 0.000000 -0.149375
vn -2.437530 0.000000 -0.714177
vn -2.215298 0.000000 -1.242601
vn -1.880227 0.000000 -1.707731
vn -1.449385 0.000000 -2.085877
vn -0.944717 0.000000 -2.357776
vn -0.391929 0.000000 -2.509580
vn 0.180822 0.000000 -2.533556
vn 0.744363 0.000000 -2.428482
vn 1.269989 0.000000 -2.199711
vn 1.730927 0.000000 -1.858895
vn 2.103699 0.000000 -1.423395
vn 2.369316 0.000000 -0.915392
vn 2.514249 0.000000 -0.360763
vn 2.531117 0.000000 0.212241
vn 2.419060 0.000000 0.774435
vn 2.183785 0.000000 1.297183
vn 1.837277 0.000000 1.753857
vn 1.397185 0.000000 2.121196
vn 0.885926 0.000000 2.380490
vn 0.329542 0.000000 2.518532
vn -0.243628 0.000000 2.528289
vn -0.804388 0.000000 2.409265
vn 1.270000 0.000000 -2.199704
vn 1.270000 0.000000 -2.199704
vn 1.270000 0.000000 -2.199704
vn 1.270000 0.000000 -2.199704
vn 2.540000 0.000000 0.000000
vn 2.346654 -0.972016 0.000000
vn 1.796051 -1.796051 0.000000
vn 0.972016 -2.346654 0.000000
vn 0.000000 -2.540000 0.000000
vn 0.000000 -2.540000 0.000000
vn 0.972016 -2.346654 0.000000
vn 1.796051 -1.796051 0.000000
vn 2.346654 -0.972016 0.000000
vn 2.540000 0.000000 0.000000
vn 1.270000 0.000000 -2.199704
vn 0.972016 0.000000 -2.346654
vn 0.657400 0.000000 -2.453452
vn 0.331537 0.000000 -2.518270
vn 0.000000 0.000000 -2.540000
vn -0.331537 0.000000 -2.518270
vn -0.657400 0.000000 -2.453452
vn -0.972016 0.000000 -2.346654
vn -1.270000 0.000000 -2.199704
vn -1.546254 0.000000 -2.015117
vn -1.796051 0.000000 -1.796051
vn -2.015117 0.000000 -1.546254
vn -2.199704 0.000000 -1.270000
vn -2.346654 0.000000 -0.972016
vn -2.453452 0.000000 -0.657400
vn -2.518270 0.000000 -0.331537
vn -2.540000 0.000000 0.000000
vn -2.540000 0.000000 0.000000
vn -2.540000 0.000000 0.000000
vn -2.518270 0.000000 -0.331537
vn -2.453452 0.000000 -0.657400
vn -2.346654 0.000000 -0.972016
vn -2.199704 0.000000 -1.270000
vn -2.015117 0.000000 -1.546254
vn -1.796051 0.000000 -1.796051
vn -1.546254 0.000000 -2.015117
vn -1.270000 0.000000 -2.199704
vn -0.972016 0.000000 -2.346654
vn -0.657400 0.000000 -2.453452
vn -0.331537 0.000000 -2.518270
vn 0.000000 0.000000 -2.540000
vn 0.331537 0.000000 -2.518270
vn 0.657400 0.000000 -2.453452
vn 0.972016 0.000000 -2.346654
vn 1.270000 0.000000 -2.199704
vn 2.199711 0.000000 1.269989
vn 2.199711 0.000000 1.269989
vn 2.199711 0.000000 1.269989
vn 2.199711 0.000000 1.269989
vn 2.199711 0.000000 1.269989
vn 2.199711 0.000000 1.269989
vn 2.273802 0.000000 1.131999
vn 2.402994 0.000000 0.822934
vn 2.490390 0.000000 0.499557
vn 2.534472 0.000000 0.167490
vn 2.534472 0.000000 -0.167490
vn 2.490390 0.000000 -0.499557
vn 2.402994 0.000000 -0.822934
vn 2.273802 0.000000 -1.131999
vn 2.235300 0.000000 -1.206248
vn 2.196857 0.000000 -1.274919
vn 2.163973 0.000000 -1.329971
vn 2.135909 0.000000 -1.374588
vn 2.102641 0.000000 -1.424957
vn 2.090174 0.000000 -1.443182
vn 2.102641 0.000000 -1.424957
vn 2.135909 0.000000 -1.374588
vn 2.169708 0.000000 -1.320594
vn 2.206989 0.000000 -1.257298
vn 2.243304 0.000000 -1.191297
vn 2.273802 0.000000 -1.131999
vn 2.402994 0.000000 -0.822934
vn 2.490390 0.000000 -0.499557
vn 2.534472 0.000000 -0.167490
vn 2.534472 0.000000 0.167490
vn 2.490390 0.000000 0.499557
vn 2.402994 0.000000 0.822934
vn 2.273802 0.000000 1.131999
vn 2.235300 0.000000 1.206248
vn 2.196857 0.000000 1.274919
vn 2.163973 0.000000 1.329971
vn 2.135909 0.000000 1.374588
vn 2.102641 0.000000 1.424957
vn 2.090174 0.000000 1.443182
vn 2.102641 0.000000 1.424957
vn 2.135909 0.000000 1.374588
vn 2.169708 0.000000 1.320594
vn 2.206989 0.000000 1.257298
vn 2.243304 0.000000 1.191297
vn 1.259740 0.000000 2.205596
vn 1.537440 0.000000 2.021850
vn 1.788716 0.000000 1.803356
vn 2.009251 0.000000 1.553869
vn 2.195255 0.000000 1.277677
vn 2.343529 0.000000 0.979526
vn 2.451527 0.000000 0.664540
vn 2.517393 0.000000 0.338133
vn 2.539993 0.000000 0.005916
vn 2.518940 0.000000 -0.326404
vn 2.454596 0.000000 -0.653114
vn 2.348066 0.000000 -0.968599
vn 2.201182 0.000000 -1.267438
vn 2.016467 0.000000 -1.544493
vn 1.797097 0.000000 -1.795005
vn 1.546841 0.000000 -2.014667
vn 1.270000 0.000000 -2.199704
vn 1.270000 0.000000 -2.199704
vn 1.546841 0.000000 -2.014667
vn 1.797097 0.000000 -1.795005
vn 2.016467 0.000000 -1.544493
vn 2.201182 0.000000 -1.267438
vn 2.348066 0.000000 -0.968599
vn 2.454596 0.000000 -0.653114
vn 2.518940 0.000000 -0.326404
vn 2.539993 0.000000 0.005916
vn 2.517393 0.000000 0.338133
vn 2.451527 0.000000 0.664540
vn 2.343529 0.000000 0.979526
vn 2.195255 0.000000 1.277677
vn 2.009251 0.000000 1.553869
vn 1.788716 0.000000 1.803356
vn 1.537440 0.000000 2.021850
vn 1.259740 0.000000 2.205596
vn 2.539993 0.000000 0.005916
vn 2.534472 0.000000 0.167490
vn 2.518940 0.000000 -0.326404
vn 2.518940 0.000000 -0.326404
vn 2.534472 0.000000 -0.167490
vn 2.534472 0.000000 -0.167490
vn 1.270021 0.000000 2.199692
vn 1.270021 0.000000 2.199692
vn 1.270021 0.000000 2.199692
vn 1.270021 0.000000 2.199692
vn -2.540000 0.000000 0.000000
vn -2.518270 0.000000 0.331538
vn -2.453451 0.000000 0.657403
vn -2.346652 0.000000 0.972020
vn -2.199701 0.000000 1.270005
vn -2.015113 0.000000 1.546260
vn -1.796045 0.000000 1.796058
vn -1.546246 0.000000 2.015124
vn -1.269989 0.000000 2.199711
vn -0.972003 0.000000 2.346659
vn -0.657386 0.000000 2.453456
vn -0.331520 0.000000 2.518272
vn 0.000018 0.000000 2.540000
vn 0.331556 0.000000 2.518267
vn 0.657421 0.000000 2.453446
vn 0.972037 0.000000 2.346645
vn 1.270021 0.000000 2.199692
vn 1.270021 0.000000 2.199692
vn 0.972037 0.000000 2.346645
vn 0.657421 0.000000 2.453446
vn 0.331556 0.000000 2.518267
vn 0.000018 0.000000 2.540000
vn -0.331520 0.000000 2.518272
vn -0.657386 0.000000 2.453456
vn -0.972003 0.000000 2.346659
vn -1.269989 0.000000 2.199711
vn -1.546246 0.000000 2.015124
vn -1.796045 0.000000 1.796058
vn -2.015113 0.000000 1.546260
vn -2.199701 0.000000 1.270005
vn -2.346652 0.000000 0.972020
vn -2.453451 0.000000 0.657403
vn -2.518270 0.000000 0.331538
vn -2.540000 0.000000 0.000000
vn -2.540000 0.000000 0.000000
vn -0.007264 0.000000 2.539990
vn -0.007264 0.000000 2.539990
vn -0.007264 0.000000 2.539990
vn -0.007264 0.000000 2.539990
vn -0.007264 0.000000 2.539990
vn -0.007264 0.000000 2.539990
vn -1.270021 0.000000 -2.199692
vn -1.173346 -0.972018 -2.032250
vn -0.898039 -1.796054 -1.555415
vn -0.486015 -2.346655 -0.841784
vn 0.000000 -2.540000 0.000000
vn 0.000000 -2.540000 0.000000
vn -0.486016 -2.346654 -0.841786
vn -0.898041 -1.796051 -1.555417
vn -1.173347 -0.972016 -2.032251
vn -1.270021 0.000000 -2.199692
vn 2.490124 0.000000 -0.500880
vn 2.314384 0.000000 -1.046531
vn 2.020758 0.000000 -1.538875
vn 1.624203 0.000000 -1.952835
vn 1.144917 0.000000 -2.267325
vn 0.607314 0.000000 -2.466327
vn 0.038777 0.000000 -2.539704
vn -0.531736 0.000000 -2.483718
vn -1.075164 0.000000 -2.301222
vn -1.563827 0.000000 -2.001510
vn -1.972836 0.000000 -1.599850
vn -2.281355 0.000000 -1.116699
vn -2.473672 0.000000 -0.576668
vn -2.539990 0.000000 -0.007264
vn -2.476930 0.000000 0.562510
vn -2.287706 0.000000 1.103632
vn -1.981954 0.000000 1.588539
vn -1.575250 0.000000 1.992533
vn -1.088309 0.000000 2.295034
vn -0.545934 0.000000 2.480636
vn 0.024249 0.000000 2.539884
vn 0.593197 0.000000 2.469761
vn 1.131930 0.000000 2.273837
vn 1.613006 0.000000 1.962093
vn 2.011923 0.000000 1.550408
vn 2.308360 0.000000 1.059752
vn 2.487219 0.000000 0.515115
vn 2.487219 0.000000 0.515115
vn 2.308360 0.000000 1.059752
vn 2.011923 0.000000 1.550408
vn 1.613006 0.000000 1.962093
vn 1.131930 0.000000 2.273837
vn 0.593197 0.000000 2.469761
vn 0.024249 0.000000 2.539884
vn -0.545934 0.000000 2.480636
vn -1.088309 0.000000 2.295034
vn -1.575250 0.000000 1.992533
vn -1.981954 0.000000 1.588539
vn -2.287706 0.000000 1.103632
vn -2.476930 0.000000 0.562510
vn -2.539990 0.000000 -0.007264
vn -2.473672 0.000000 -0.576668
vn -2.281355 0.000000 -1.116699
vn -1.972836 0.000000 -1.599850
vn -1.563827 0.000000 -2.001510
vn -1.075164 0.000000 -2.301222
vn -0.531736 0.000000 -2.483718
vn 0.038777 0.000000 -2.539704
vn 0.607314 0.000000 -2.466327
vn 1.144917 0.000000 -2.267325
vn 1.624203 0.000000 -1.952835
vn 2.020758 0.000000 -1.538875
vn 2.314384 0.000000 -1.046531
vn 2.490124 0.000000 -0.500880
vn -1.270021 0.000000 -2.199692
vn -1.270021 0.000000 -2.199692
vn -1.270021 0.000000 -2.199692
vn -1.270021 0.000000 -2.199692
vn 0.007264 0.000000 -2.539990
vn 0.007264 0.000000 -2.539990
vn 0.007264 0.000000 -2.539990
vn 0.007264 0.000000 -2.539990
vn 0.007264 0.000000 -2.539990
vn 0.007264 0.000000 -2.539990
vn -1.270000 0.000000 2.199704
vn -1.173327 -0.972016 2.032262
vn -0.898026 -1.796051 1.555426
vn -0.486008 -2.346654 0.841790
vn 0.000000 -2.540000 0.000000
vn 0.000000 -2.540000 0.000000
vn -0.486008 -2.346654 0.841790
vn -0.898026 -1.796051 1.555426
vn -1.173327 -0.972016 2.032262
vn -1.270000 0.000000 2.199704
vn 0.000000 -2.540000 0.000000
vn 0.000000 -2.540000 0.000000
vn 0.000000 -2.540000 0.000000
vn 0.000000 -2.540000 0.000000
vn 0.000000 -2.540000 0.000000
vn 0.000000 -2.540000 0.000000
vn 0.000000 -2.540000 0.000000
vn 0.000000 -2.540000 0.000000
vn 0.000000 -2.540000 0.000000
vn 0.000000 -2.540000 0.000000
vn 0.000000 -2.540000 0.000000
vn 0.000000 -2.540000 0.000000
vn 0.000000 -2.540000 0.000000
vn 0.000000 -2.540000 0.000000
vn 0.000000 -2.540000 0.000000
vn 0.000000 -2.540000 0.000000
vn 0.000000 -2.540000 0.000000
vn 0.000000 -2.540000 0.000000
vn 0.000000 -2.540000 0.000000
vn 0.000000 -2.540000 0.000000
vn 0.000000 -2.540000 0.000000
vn 0.000000 -2.540000 0.000000
vn 0.000000 -2.540000 0.000000
vn 0.000000 -2.540000 0.000000
vn 0.000000 -2.540000 0.000000
vn 0.000000 -2.540000 0.000000
vn 0.000000 -2.540000 0.000000
vn 0.000000 -2.540000 0.000000
vn 0.000000 -2.540000 0.000000
vn 0.000000 -2.540000 0.000000
vn 0.000000 -2.540000 0.000000
vn 0.000000 -2.540000 0.000000
vn 0.000000 -2.540000 0.000000
vn 0.000000 -2.540000 0.000000
vn 0.000000 -2.540000 0.000000
vn 0.000000 -2.540000 0.000000
vn 0.000000 -2.540000 0.000000
vn 0.000000 -2.540000 0.000000
vn 0.000000 -2.540000 0.000000
vn 0.000000 -2.540000 0.000000
vn 0.000000 -2.540000 0.000000
vn 0.000000 -2.540000 0.000000
vn 0.000000 -2.540000 0.000000
vn 0.000000 -2.540000 0.000000
vn 0.000000 -2.540000 0.000000
vn 0.000000 -2.540000 0.000000
vn 0.000000 -2.540000 0.000000
vn 0.000000 -2.540000 0.000000
vn 0.000000 -2.540000 0.000000
vn 0.000000 -2.540000 0.000000
vn 0.000000 -2.540000 0.000000
vn 0.000000 -2.540000 0.000000
vn 0.000000 -2.540000 0.000000
vn 0.000000 -2.540000 0.000000
vn 0.000000 -2.540000 0.000000
vn 0.000000 -2.540000 0.000000
vn 0.000000 -2.540000 0.000000
vn 0.000000 -2.540000 0.000000
vn 0.000000 -2.540000 0.000000
vn 0.000000 -2.540000 0.000000
vn 0.000000 -2.540000 0.000000
vn 0.000000 -2.540000 0.000000
vn 0.000000 -2.540000 0.000000
vn 0.000000 -2.540000 0.000000
vn 0.000000 -2.540000 0.000000
vn 0.000000 -2.540000 0.000000
vn 0.000000 -2.540000 0.000000
vn 0.000000 -2.540000 0.000000
vn 0.000000 -2.540000 0.000000
vn 0.000000 -2.540000 0.000000
vn 0.000000 -2.540000 0.000000
vn 0.000000 -2.540000 0.000000
vn 0.000000 -2.540000 0.000000
vn 0.000000 -2.540000 0.000000
vn 0.000000 -2.540000 0.000000
vn 0.000000 -2.540000 0.000000
vn 0.000000 -2.540000 0.000000
vn 0.000000 -2.540000 0.000000
vn 0.000000 -2.540000 0.000000
vn 0.000000 -2.540000 0.000000
vn 0.000000 -2.540000 0.000000
vn 0.000000 -2.540000 0.000000
vn 0.000000 -2.540000 0.000000
vn 0.000000 -2.540000 0.000000
vn 0.000000 -2.540000 0.000000
vn 0.000000 -2.540000 0.000000
vn 0.000000 -2.540000 0.000000
vn 0.000000 -2.540000 0.000000
vn 0.000000 -2.540000 0.000000
vn 0.000000 -2.540000 0.000000
vn 0.000000 -2.540000 0.000000
vn 0.000000 -2.540000 0.000000
vn 0.000000 -2.540000 0.000000
vn 0.000000 -2.540000 0.000000
vn 0.000000 -2.540000 0.000000
vn 0.000000 -2.540000 0.000000
vn 0.000000 -2.540000 0.000000
vn 0.000000 -2.540000 0.000000
vn 0.000000 -2.540000 0.000000
vn 0.000000 -2.540000 0.000000
vn 0.000000 -2.540000 0.000000
vn 0.000000 -2.540000 0.000000
vn 0.000000 -2.540000 0.000000
vn 0.000000 -2.540000 0.000000
vn 0.000000 -2.540000 0.000000
vn 0.000000 -2.540000 0.000000
vn 0.000000 -2.540000 0.000000
vn 0.000000 -2.540000 0.000000
vn 0.000000 -2.540000 0.000000
vn 0.000000 -2.540000 0.000000
vn 0.000000 -2.540000 0.000000
vn 0.000000 -2.540000 0.000000
vn 0.000000 -2.540000 0.000000
vn 0.000000 -2.540000 0.000000
vn 0.000000 -2.540000 0.000000
vn 0.000000 -2.540000 0.000000
vn 0.000000 -2.540000 0.000000
vn 0.000000 -2.540000 0.000000
vn 0.000000 -2.540000 0.000000
vn 0.000000 -2.540000 0.000000
vn 0.000000 -2.540000 0.000000
vn 0.000000 -2.540000 0.000000
vn 0.000000 -2.540000 0.000000
vn 0.000000 -2.540000 0.000000
vn 0.000000 -2.540000 0.000000
vn 0.000000 -2.540000 0.000000
vn 0.000000 -2.540000 0.000000
vn 0.000000 -2.540000 0.000000
vn 0.000000 -2.540000 0.000000
vn 0.000000 -2.540000 0.000000
vn 0.000000 -2.540000 0.000000
vn 0.000000 -2.540000 0.000000
vn 0.000000 -2.540000 0.000000
vn 0.000000 -2.540000 0.000000
vn 0.000000 -2.540000 0.000000
vn 0.000000 -2.540000 0.000000
vn 0.000000 -2.540000 0.000000
vn 0.000000 -2.540000 0.000000
vn 0.000000 -2.540000 0.000000
vn 0.000000 -2.540000 0.000000
vn 0.000000 -2.540000 0.000000
vn 0.000000 -2.540000 0.000000
vn 0.000000 -2.540000 0.000000
vn 0.000000 -2.540000 0.000000
vn 0.000000 -2.540000 0.000000
vn 0.000000 -2.540000 0.000000
vn 0.000000 -2.540000 0.000000
vn 0.000000 -2.540000 0.000000
vn 0.000000 -2.540000 0.000000
vn 0.000000 -2.540000 0.000000
vn 0.000000 -2.540000 0.000000
vn 0.000000 -2.540000 0.000000
vn 0.000000 -2.540000 0.000000
vn 0.000000 -2.540000 0.000000
vn 0.000000 -2.540000 0.000000
vn 0.000000 -2.540000 0.000000
vn 0.000000 -2.540000 0.000000
vn 0.000000 -2.540000 0.000000
vn 0.000000 -2.540000 0.000000
vn 0.000000 -2.540000 0.000000
vn 0.000000 -2.540000 0.000000
vn 0.000000 -2.540000 0.000000
vn 0.000000 -2.540000 0.000000
vn 0.000000 -2.540000 0.000000
vn 0.000000 -2.540000 0.000000
vn 0.000000 -2.540000 0.000000
vn 0.000000 -2.540000 0.000000
vn 0.000000 -2.540000 0.000000
vn 0.000000 -2.540000 0.000000
vn 0.000000 -2.540000 0.000000
vn 0.000000 -2.540000 0.000000
vn 0.000000 -2.540000 0.000000
vn 0.000000 -2.540000 0.000000
vn 0.000000 -2.540000 0.000000
vn 0.000000 -2.540000 0.000000
vn 0.000000 -2.540000 0.000000
vn 0.000000 -2.540000 0.000000
vn -1.270000 0.000000 2.199704
vn -1.600006 0.000000 1.972709
vn -1.890225 0.000000 1.696659
vn -2.133440 0.000000 1.378418
vn -2.323603 0.000000 1.025900
vn -2.455985 0.000000 0.647871
vn -2.527295 0.000000 0.253732
vn -2.527295 0.000000 0.253732
vn -2.538744 0.000000 0.079863
vn -2.538246 0.000000 -0.094383
vn -2.525802 0.000000 -0.268184
vn -2.525802 0.000000 -0.268184
vn -2.452239 0.000000 -0.661909
vn -2.317697 0.000000 -1.039174
vn -2.125520 0.000000 -1.390598
vn -1.880489 0.000000 -1.707443
vn -1.588696 0.000000 -1.981829
vn -1.257397 0.000000 -2.206933
vn -1.257397 0.000000 -2.206933
vn -1.596001 0.000000 -1.975951
vn -1.893043 0.000000 -1.693514
vn -2.140789 0.000000 -1.366976
vn -2.332787 0.000000 -1.004841
vn -2.464037 0.000000 -0.616539
vn -2.531122 0.000000 -0.212182
vn -2.532294 0.000000 0.197701
vn -2.467524 0.000000 0.602435
vn -2.338496 0.000000 0.991481
vn -2.148573 0.000000 1.354708
vn -1.902699 0.000000 1.682658
vn -1.607277 0.000000 1.966790
vn -1.270000 0.000000 2.199704
vn -1.270000 0.000000 2.199704
vn -1.270000 0.000000 2.199704
vn -1.270000 0.000000 2.199704
vn -1.270000 0.000000 2.199704
vn 0.000000 -2.540000 0.000000
vn 0.000000 -2.540000 0.000000
vn 0.000000 -2.540000 0.000000
vn 0.000000 -2.540000 0.000000
vn 0.000000 -2.540000 0.000000
vn 0.000000 -2.540000 0.000000
vn 0.000000 -2.540000 0.000000
vn 0.000000 -2.540000 0.000000
vn 0.000000 -2.540000 0.000000
vn 0.000000 -2.540000 0.000000
vn 0.000000 -2.540000 0.000000
vn 0.000000 -2.540000 0.000000
vn 0.000000 -2.540000 0.000000
vn 0.000000 -2.540000 0.000000
vn 0.000000 -2.540000 0.000000
vn 0.000000 -2.540000 0.000000
vn 0.000000 -2.540000 0.000000
vn 0.000000 -2.540000 0.000000
vn 0.000000 -2.540000 0.000000
vn 0.000000 -2.540000 0.000000
vn 0.000000 -2.540000 0.000000
vn 0.000000 -2.540000 0.000000
vn 0.000000 -2.540000 0.000000
vn 0.000000 -2.540000 0.000000
vn 0.000000 -2.540000 0.000000
vn 0.000000 -2.540000 0.000000
vn 0.013986 -2.539961 0.000615
vn 0.859923 -2.388314 0.089951
vn 1.646544 -1.916892 0.256946
vn 2.249205 -1.097374 0.434104
vn 2.487219 0.000000 0.515115
vn 2.308360 0.000000 1.059752
vn 2.011923 0.000000 1.550408
vn 1.613006 0.000000 1.962093
vn 1.131930 0.000000 2.273837
vn 0.593197 0.000000 2.469761
vn 0.024249 0.000000 2.539884
vn -0.545934 0.000000 2.480636
vn -1.088309 0.000000 2.295034
vn -1.575250 0.000000 1.992533
vn -1.981954 0.000000 1.588539
vn -2.287706 0.000000 1.103632
vn -2.476930 0.000000 0.562510
vn -2.539990 0.000000 -0.007264
vn -2.473672 0.000000 -0.576668
vn -2.281355 0.000000 -1.116699
vn -1.972836 0.000000 -1.599850
vn -1.563827 0.000000 -2.001510
vn -1.075164 0.000000 -2.301222
vn -0.531736 0.000000 -2.483718
vn 0.038777 0.000000 -2.539704
vn 0.607314 0.000000 -2.466327
vn 1.144917 0.000000 -2.267325
vn 1.624203 0.000000 -1.952835
vn 2.020758 0.000000 -1.538875
vn 2.314384 0.000000 -1.046531
vn 2.490124 0.000000 -0.500880
vn 2.251652 -1.097374 -0.421231
vn 1.647986 -1.916892 -0.247524
vn 0.860423 -2.388314 -0.085031
vn 0.013989 -2.539961 -0.000535
vn 0.000000 -2.199704 1.270000
vn 0.000000 -1.270000 2.199704
vn -0.569975 -2.199704 1.134913
vn 1.099852 -2.199704 -0.635000
vn 1.216647 -2.199704 -0.364240
vn 2.107294 -1.270000 -0.630882
vn 0.923765 -2.199704 -0.871527
vn 1.600007 -1.270000 -1.509529
vn 1.905000 -1.270000 -1.099852
vn 0.697876 -2.199704 -1.061069
vn 1.208757 -1.270000 -1.837826
vn 0.434366 -2.199704 -1.193410
vn 0.752343 -1.270000 -2.067046
vn 0.147438 -2.199704 -1.261413
vn 0.255370 -1.270000 -2.184831
vn -0.147438 -2.199704 -1.261413
vn -0.255370 -1.270000 -2.184831
vn -0.434366 -2.199704 -1.193410
vn -0.752343 -1.270000 -2.067046
vn -0.697876 -2.199704 -1.061069
vn -1.208757 -1.270000 -1.837826
vn -0.923765 -2.199704 -0.871527
vn -1.600007 -1.270000 -1.509529
vn -1.099852 -2.199704 -0.635000
vn -1.905000 -1.270000 -1.099852
vn -1.216647 -2.199704 -0.364240
vn -2.107294 -1.270000 -0.630882
vn -1.267851 -2.199704 -0.073844
vn -2.195983 -1.270000 -0.127901
vn -1.250706 -2.199704 0.220533
vn -2.166286 -1.270000 0.381975
vn -1.166134 -2.199704 0.503021
vn -2.019804 -1.270000 0.871258
vn -1.018696 -2.199704 0.758391
vn -1.764434 -1.270000 1.313572
vn -0.816340 -2.199704 0.972876
vn -1.413943 -1.270000 1.685071
vn -0.292882 -2.199704 1.235767
vn -0.507287 -1.270000 2.140411
vn -0.987226 -1.270000 1.965728
vn 0.292882 -2.199704 1.235767
vn 0.507287 -1.270000 2.140411
vn 0.569975 -2.199704 1.134913
vn 0.987226 -1.270000 1.965728
vn 0.816340 -2.199704 0.972876
vn 1.413943 -1.270000 1.685071
vn 1.018696 -2.199704 0.758391
vn 1.764434 -1.270000 1.313572
vn 1.166134 -2.199704 0.503021
vn 2.019804 -1.270000 0.871258
vn 1.250706 -2.199704 0.220533
vn 0.000000 -1.270000 2.199704
vn 0.000000 -1.270000 2.199704
vn 0.024249 0.000000 2.539884
vn 0.024249 0.000000 2.539884
vn 0.000000 -1.270000 2.199704
vn 0.000000 -2.540000 0.000000
vn 0.000000 -2.540000 0.000000
vn 0.000000 -1.270000 2.199704
vn 0.000000 -2.199704 1.270000
vn 0.000000 -2.199704 1.270000
vn 0.000000 -2.199704 1.270000
vn 0.000000 -2.199704 1.270000
vn 0.000000 -2.540000 0.000000
vn 0.000000 -2.540000 0.000000
vn -0.000040 -2.539961 0.014016
vn -0.002494 -2.385662 0.871901
vn -0.004732 -1.927216 1.654514
vn -0.006493 -1.139094 2.270247
vn -0.007264 0.000000 2.539990
vn -0.007264 0.000000 2.539990
vn -0.006551 -1.097375 2.290704
vn -0.004766 -1.916881 1.666477
vn -0.002473 -2.388311 0.864617
vn -0.000040 -2.539961 0.014000
vn 0.007264 0.000000 -2.539990
vn 0.007264 0.000000 -2.539990
vn 0.006493 -1.139097 -2.270246
vn 0.004732 -1.927218 -1.654511
vn 0.002494 -2.385664 -0.871896
vn 0.000040 -2.539961 -0.014008
vn 0.000000 -2.540000 0.000000
vn 0.000000 -2.540000 0.000000
vn 0.000040 -2.539961 -0.014000
vn 0.002473 -2.388311 -0.864617
vn 0.004766 -1.916881 -1.666477
vn 0.006551 -1.097375 -2.290704
vn 0.000000 -2.540000 0.000000
vn 0.000000 -2.540000 0.000000
vn 0.000000 -2.540000 0.000000
vn 0.000000 -2.540000 0.000000
vn 0.000000 -2.540000 0.000000
vn 0.000000 -2.540000 0.000000
vn 0.000000 -2.540000 0.000000
vn 0.000000 -2.540000 0.000000
vn 0.000000 -2.540000 0.000000
vn 0.000000 -2.540000 0.000000
vn 0.000000 -2.540000 0.000000
vn 0.000000 -2.540000 0.000000
vn 0.000000 -2.540000 0.000000
vn 0.000000 -2.540000 0.000000
vn 0.000000 -2.540000 0.000000
vn 0.000000 -2.540000 0.000000
vn 0.000000 -2.540000 0.000000
vn 0.000000 -2.540000 0.000000
vn 0.000000 -2.540000 0.000000
vn 0.000000 -2.540000 0.000000
vn 0.000000 -2.540000 0.000000
vn 0.000000 -2.540000 0.000000
vn 0.000000 -2.540000 0.000000
vn 0.000000 -2.540000 0.000000
vn 0.000000 -2.540000 0.000000
vn 0.000000 -2.540000 0.000000
vn -0.007492 -2.539961 0.011826
vn -0.505855 -2.388314 0.701192
vn -1.042072 -1.916892 1.300466
vn -1.495583 -1.097374 1.735109
vn -1.684273 0.000000 1.901270
vn -2.067734 0.000000 1.475152
vn -2.345874 0.000000 0.973897
vn -2.504524 0.000000 0.423034
vn -2.535604 0.000000 -0.149375
vn -2.437530 0.000000 -0.714177
vn -2.215298 0.000000 -1.242601
vn -1.880227 0.000000 -1.707731
vn -1.449385 0.000000 -2.085877
vn -0.944717 0.000000 -2.357776
vn -0.391929 0.000000 -2.509580
vn 0.180822 0.000000 -2.533556
vn 0.744363 0.000000 -2.428482
vn 1.269989 0.000000 -2.199711
vn 1.730927 0.000000 -1.858895
vn 2.103699 0.000000 -1.423395
vn 2.369316 0.000000 -0.915392
vn 2.514249 0.000000 -0.360763
vn 2.531117 0.000000 0.212241
vn 2.419060 0.000000 0.774435
vn 2.183785 0.000000 1.297183
vn 1.837277 0.000000 1.753857
vn 1.397185 0.000000 2.121196
vn 0.885926 0.000000 2.380490
vn 0.329542 0.000000 2.518532
vn -0.243628 0.000000 2.528289
vn -0.804388 0.000000 2.409265
vn -0.754836 -1.097374 2.162775
vn -0.605186 -1.916892 1.552700
vn -0.354315 -2.388314 0.788682
vn -0.006496 -2.539961 0.012401
vn 0.000000 -2.199704 1.270000
vn 0.000000 -1.270000 2.199704
vn -0.697876 -2.199704 -1.061069
vn -0.292882 -2.199704 1.235767
vn -0.507287 -1.270000 2.140411
vn 0.292882 -2.199704 1.235767
vn 0.507287 -1.270000 2.140411
vn 0.569975 -2.199704 1.134913
vn 0.987226 -1.270000 1.965728
vn 0.816340 -2.199704 0.972876
vn 1.413943 -1.270000 1.685071
vn 1.018696 -2.199704 0.758391
vn 1.764434 -1.270000 1.313572
vn 1.166134 -2.199704 0.503021
vn 2.019804 -1.270000 0.871258
vn 1.250706 -2.199704 0.220533
vn 2.166286 -1.270000 0.381975
vn 1.267851 -2.199704 -0.073844
vn 2.195983 -1.270000 -0.127901
vn 1.216647 -2.199704 -0.364240
vn 2.107294 -1.270000 -0.630882
vn 1.099852 -2.199704 -0.635000
vn 1.905000 -1.270000 -1.099852
vn 0.923765 -2.199704 -0.871527
vn 1.600007 -1.270000 -1.509529
vn 0.697876 -2.199704 -1.061069
vn 1.208757 -1.270000 -1.837826
vn 0.434366 -2.199704 -1.193410
vn 0.752343 -1.270000 -2.067046
vn 0.147438 -2.199704 -1.261413
vn 0.255370 -1.270000 -2.184831
vn -0.147438 -2.199704 -1.261413
vn -0.255370 -1.270000 -2.184831
vn -0.434366 -2.199704 -1.193410
vn -0.752343 -1.270000 -2.067046
vn -0.923765 -2.199704 -0.871527
vn -1.600007 -1.270000 -1.509529
vn -1.208757 -1.270000 -1.837826
vn -1.099852 -2.199704 -0.635000
vn -1.905000 -1.270000 -1.099852
vn -1.216647 -2.199704 -0.364240
vn -2.107294 -1.270000 -0.630882
vn -1.267835 -2.199704 -0.074125
vn -2.195926 -1.270000 -0.128876
vn -1.250706 -2.199704 0.220533
vn -2.166286 -1.270000 0.381975
vn -1.166134 -2.199704 0.503021
vn -2.019804 -1.270000 0.871258
vn -1.018696 -2.199704 0.758391
vn -1.764434 -1.270000 1.313572
vn -0.816340 -2.199704 0.972876
vn 0.000000 -2.540000 0.000000
vn 0.000000 -2.540000 0.000000
vn 0.000000 -2.540000 0.000000
vn 0.000000 -1.270000 2.199704
vn 0.000000 -1.270000 2.199704
vn 0.329542 0.000000 2.518532
vn 0.329542 0.000000 2.518532
vn 0.000000 -2.540000 0.000000
vn 0.000000 -2.199704 1.270000
vn 0.000000 -2.199704 1.270000
vn 0.000000 -1.270000 2.199704
vn 0.000000 -1.270000 2.199704
vn 0.000000 -2.199704 1.270000
vn 0.000000 -2.199704 1.270000
vn 0.000000 -2.540000 0.000000
vn 0.000000 -2.540000 0.000000
vn -0.012337 -2.539960 -0.007123
vn -0.789118 -2.370934 -0.455593
vn -1.491026 -1.867459 -0.860835
vn -2.002362 -1.051520 -1.156051
vn -2.199711 0.000000 -1.269989
vn -2.199711 0.000000 -1.269989
vn -1.983821 -1.097375 -1.145347
vn -1.443221 -1.916881 -0.833235
vn -0.748785 -2.388311 -0.432307
vn -0.012124 -2.539961 -0.007000
vn 2.199711 0.000000 1.269989
vn 2.199711 0.000000 1.269989
vn 2.003946 -1.047488 1.156966
vn 1.521450 -1.834449 0.878400
vn 0.825286 -2.354459 0.476474
vn 0.012337 -2.539960 0.007123
vn 0.000000 -2.540000 0.000000
vn 0.000000 -2.540000 0.000000
vn 0.012124 -2.539961 0.007000
vn 0.748785 -2.388311 0.432307
vn 1.443221 -1.916881 0.833235
vn 1.983821 -1.097375 1.145347
vn 0.000000 -2.540000 0.000000
vn 0.000000 -2.540000 0.000000
vn 0.000000 -2.540000 0.000000
vn 0.000000 -2.540000 0.000000
vn 0.000000 -2.540000 0.000000
vn 0.000000 -2.540000 0.000000
vn 0.000000 -2.540000 0.000000
vn 0.000000 -2.540000 0.000000
vn 0.000000 -2.540000 0.000000
vn 0.000000 -2.540000 0.000000
vn 0.000000 -2.540000 0.000000
vn 0.000000 -2.540000 0.000000
vn 0.000000 -2.540000 0.000000
vn 0.000000 -2.540000 0.000000
vn 0.000000 -2.540000 0.000000
vn 0.000000 -2.540000 0.000000
vn 0.000000 -2.540000 0.000000
vn 0.000000 -2.540000 0.000000
vn 0.000000 -2.540000 0.000000
vn 0.000000 -2.540000 0.000000
vn 0.000000 -2.540000 0.000000
vn 0.000000 -2.540000 0.000000
vn 0.000000 -2.540000 0.000000
vn 0.000000 -2.540000 0.000000
vn 0.000000 -2.540000 0.000000
vn 0.000000 -2.540000 0.000000
vn -0.006496 -2.539961 -0.012401
vn -0.354319 -2.388314 -0.788681
vn -0.605193 -1.916892 -1.552697
vn -0.754846 -1.097374 -2.162771
vn -0.804400 0.000000 -2.409261
vn -0.243640 0.000000 -2.528288
vn 0.329530 0.000000 -2.518533
vn 0.885915 0.000000 -2.380495
vn 1.397175 0.000000 -2.121203
vn 1.837269 0.000000 -1.753866
vn 2.183779 0.000000 -1.297193
vn 2.419056 0.000000 -0.774447
vn 2.531116 0.000000 -0.212254
vn 2.514251 0.000000 0.360751
vn 2.369320 0.000000 0.915381
vn 2.103705 0.000000 1.423385
vn 1.730936 0.000000 1.858887
vn 1.270000 0.000000 2.199704
vn 0.744375 0.000000 2.428478
vn 0.180835 0.000000 2.533555
vn -0.391917 0.000000 2.509582
vn -0.944706 0.000000 2.357781
vn -1.449375 0.000000 2.085884
vn -1.880219 0.000000 1.707740
vn -2.215292 0.000000 1.242611
vn -2.437526 0.000000 0.714188
vn -2.535603 0.000000 0.149388
vn -2.504526 0.000000 -0.423022
vn -2.345879 0.000000 -0.973885
vn -2.067742 0.000000 -1.475142
vn -1.684282 0.000000 -1.901261
vn -1.495591 -1.097374 -1.735102
vn -1.042078 -1.916892 -1.300461
vn -0.505858 -2.388314 -0.701189
vn -0.007492 -2.539961 -0.011826
vn 0.000000 -2.199704 1.270000
vn 0.000000 -1.270000 2.199704
vn -1.099852 -2.199704 -0.635000
vn 1.267851 -2.199704 -0.073844
vn -0.923765 -2.199704 -0.871527
vn -1.600007 -1.270000 -1.509529
vn -1.216647 -2.199704 -0.364240
vn -2.107294 -1.270000 -0.630882
vn -1.905000 -1.270000 -1.099852
vn -1.267851 -2.199704 -0.073844
vn -2.195983 -1.270000 -0.127901
vn -1.250706 -2.199704 0.220533
vn -2.166286 -1.270000 0.381975
vn -1.166134 -2.199704 0.503021
vn -2.019804 -1.270000 0.871258
vn -1.018696 -2.199704 0.758391
vn -1.764434 -1.270000 1.313572
vn -0.816340 -2.199704 0.972876
vn -1.413943 -1.270000 1.685071
vn -0.569975 -2.199704 1.134913
vn -0.987226 -1.270000 1.965728
vn -0.292882 -2.199704 1.235767
vn -0.507287 -1.270000 2.140411
vn 0.292882 -2.199704 1.235767
vn 0.507287 -1.270000 2.140411
vn 0.569975 -2.199704 1.134913
vn 0.987226 -1.270000 1.965728
vn 0.816340 -2.199704 0.972876
vn 1.413943 -1.270000 1.685071
vn 1.018696 -2.199704 0.758391
vn 1.764434 -1.270000 1.313572
vn 1.166134 -2.199704 0.503021
vn 2.019804 -1.270000 0.871258
vn 1.250706 -2.199704 0.220533
vn 2.166286 -1.270000 0.381975
vn 1.216647 -2.199704 -0.364240
vn 2.107294 -1.270000 -0.630882
vn 2.195983 -1.270000 -0.127901
vn 1.099852 -2.199704 -0.635000
vn 1.905000 -1.270000 -1.099852
vn 0.923765 -2.199704 -0.871527
vn 1.600007 -1.270000 -1.509529
vn 0.698114 -2.199704 -1.060914
vn 1.209579 -1.270000 -1.837286
vn 0.434366 -2.199704 -1.193410
vn 0.752343 -1.270000 -2.067046
vn 0.147438 -2.199704 -1.261413
vn 0.255370 -1.270000 -2.184831
vn -0.147438 -2.199704 -1.261413
vn -0.255370 -1.270000 -2.184831
vn -0.434366 -2.199704 -1.193410
vn 0.000000 -1.270000 2.199704
vn 0.000000 -1.270000 2.199704
vn 0.180835 0.000000 2.533555
vn 0.180835 0.000000 2.533555
vn 0.000000 -2.540000 0.000000
vn 0.000000 -2.540000 0.000000
vn 0.000000 -2.199704 1.270000
vn 0.000000 -2.199704 1.270000
vn 0.000000 -1.270000 2.199704
vn 0.000000 -1.270000 2.199704
vn 0.000000 -2.199704 1.270000
vn 0.000000 -2.199704 1.270000
vn 0.000000 -2.540000 0.000000
vn 0.000000 -2.540000 0.000000
vn 0.012337 -2.539960 -0.007123
vn 0.789116 -2.370934 -0.455596
vn 1.491022 -1.867459 -0.860842
vn 2.002356 -1.051520 -1.156061
vn 2.199704 0.000000 -1.270000
vn 2.199704 0.000000 -1.270000
vn 1.983816 -1.097375 -1.145357
vn 1.443217 -1.916881 -0.833242
vn 0.748783 -2.388311 -0.432310
vn 0.012124 -2.539961 -0.007000
vn -2.199704 0.000000 1.270000
vn -2.199704 0.000000 1.270000
vn -2.003940 -1.047488 1.156975
vn -1.521446 -1.834449 0.878407
vn -0.825284 -2.354459 0.476478
vn -0.012337 -2.539960 0.007123
vn 0.000000 -2.540000 0.000000
vn 0.000000 -2.540000 0.000000
vn -0.012124 -2.539961 0.007000
vn -0.748783 -2.388311 0.432310
vn -1.443217 -1.916881 0.833242
vn -1.983816 -1.097375 1.145357
usemtl 191,191,191
f 1080/24/24 1084/1/1 1100/31/31
f 1100/31/31 1084/1/1 1106/2/2
f 1100/31/31 1106/2/2 1124/3/3
f 1100/31/31 1124/3/3 1118/30/30
f 1118/30/30 1124/3/3 1134/4/4
f 1118/30/30 1134/4/4 1128/29/29
f 1128/29/29 1134/4/4 1136/5/5
f 1128/29/29 1136/5/5 1130/28/28
f 1130/28/28 1136/5/5 1132/6/6
f 1130/28/28 1132/6/6 1126/27/27
f 1126/27/27 1132/6/6 1122/7/7
f 1126/27/27 1122/7/7 1116/26/26
f 1116/26/26 1122/7/7 1104/8/8
f 1116/26/26 1104/8/8 1098/25/25
f 1098/25/25 1104/8/8 1082/9/9
f 1098/25/25 1082/9/9 1078/10/10
f 1098/25/25 1078/10/10 1090/32/32
f 1090/32/32 1078/10/10 1050/11/11
f 1090/32/32 1050/11/11 1068/39/39
f 1068/39/39 1050/11/11 1030/12/12
f 1068/39/39 1030/12/12 1038/46/46
f 1038/46/46 1030/12/12 1008/13/13
f 1038/46/46 1008/13/13 1012/14/14
f 1012/14/14 1016/15/15 1038/46/46
f 1038/46/46 1016/15/15 1046/47/47
f 1038/46/46 1046/47/47 1068/39/39
f 1068/39/39 1046/47/47 1086/40/40
f 1068/39/39 1086/40/40 1090/32/32
f 1090/32/32 1086/40/40 1108/33/33
f 1090/32/32 1108/33/33 1098/25/25
f 1098/25/25 1108/33/33 1116/26/26
f 1016/15/15 1024/16/16 1046/47/47
f 1046/47/47 1024/16/16 1058/48/48
f 1046/47/47 1058/48/48 1086/40/40
f 1086/40/40 1058/48/48 1094/41/41
f 1086/40/40 1094/41/41 1108/33/33
f 1108/33/33 1094/41/41 1112/34/34
f 1108/33/33 1112/34/34 1116/26/26
f 1116/26/26 1112/34/34 1126/27/27
f 1024/16/16 1028/17/17 1058/48/48
f 1058/48/48 1028/17/17 1066/49/49
f 1058/48/48 1066/49/49 1094/41/41
f 1094/41/41 1066/49/49 1102/42/42
f 1094/41/41 1102/42/42 1112/34/34
f 1112/34/34 1102/42/42 1120/35/35
f 1112/34/34 1120/35/35 1126/27/27
f 1126/27/27 1120/35/35 1130/28/28
f 1028/17/17 1026/18/18 1066/49/49
f 1066/49/49 1026/18/18 1060/50/50
f 1066/49/49 1060/50/50 1102/42/42
f 1102/42/42 1060/50/50 1096/43/43
f 1102/42/42 1096/43/43 1120/35/35
f 1120/35/35 1096/43/43 1114/36/36
f 1120/35/35 1114/36/36 1130/28/28
f 1130/28/28 1114/36/36 1128/29/29
f 1026/18/18 1018/19/19 1060/50/50
f 1060/50/50 1018/19/19 1048/51/51
f 1060/50/50 1048/51/51 1096/43/43
f 1096/43/43 1048/51/51 1088/44/44
f 1096/43/43 1088/44/44 1114/36/36
f 1114/36/36 1088/44/44 1110/37/37
f 1114/36/36 1110/37/37 1128/29/29
f 1128/29/29 1110/37/37 1118/30/30
f 1018/19/19 1014/20/20 1048/51/51
f 1048/51/51 1014/20/20 1040/52/52
f 1048/51/51 1040/52/52 1088/44/44
f 1088/44/44 1040/52/52 1070/45/45
f 1088/44/44 1070/45/45 1110/37/37
f 1110/37/37 1070/45/45 1092/38/38
f 1110/37/37 1092/38/38 1118/30/30
f 1118/30/30 1092/38/38 1100/31/31
f 1014/20/20 1010/21/21 1040/52/52
f 1040/52/52 1010/21/21 1032/22/22
f 1040/52/52 1032/22/22 1070/45/45
f 1070/45/45 1032/22/22 1052/23/23
f 1070/45/45 1052/23/23 1092/38/38
f 1092/38/38 1052/23/23 1080/24/24
f 1092/38/38 1080/24/24 1100/31/31
f 1084/70/70 1085/53/53 1106/69/69
f 1106/69/69 1085/53/53 1107/54/54
f 1106/69/69 1107/54/54 1124/68/68
f 1124/68/68 1107/54/54 1125/55/55
f 1124/68/68 1125/55/55 1134/67/67
f 1134/67/67 1125/55/55 1135/56/56
f 1134/67/67 1135/56/56 1136/66/66
f 1136/66/66 1135/56/56 1137/57/57
f 1136/66/66 1137/57/57 1132/65/65
f 1132/65/65 1137/57/57 1133/58/58
f 1132/65/65 1133/58/58 1122/64/64
f 1122/64/64 1133/58/58 1123/59/59
f 1122/64/64 1123/59/59 1104/63/63
f 1104/63/63 1123/59/59 1105/60/60
f 1104/63/63 1105/60/60 1082/62/62
f 1082/62/62 1105/60/60 1083/61/61
f 1033/94/94 1011/71/71 1041/101/101
f 1041/101/101 1011/71/71 1015/72/72
f 1041/101/101 1015/72/72 1019/73/73
f 1041/101/101 1019/73/73 1049/100/100
f 1049/100/100 1019/73/73 1027/74/74
f 1049/100/100 1027/74/74 1061/99/99
f 1061/99/99 1027/74/74 1029/75/75
f 1061/99/99 1029/75/75 1067/98/98
f 1067/98/98 1029/75/75 1025/76/76
f 1067/98/98 1025/76/76 1059/97/97
f 1059/97/97 1025/76/76 1017/77/77
f 1059/97/97 1017/77/77 1047/96/96
f 1047/96/96 1017/77/77 1013/78/78
f 1047/96/96 1013/78/78 1039/95/95
f 1039/95/95 1013/78/78 1009/79/79
f 1039/95/95 1009/79/79 1031/80/80
f 1039/95/95 1031/80/80 1069/102/102
f 1069/102/102 1031/80/80 1051/81/81
f 1069/102/102 1051/81/81 1091/109/109
f 1091/109/109 1051/81/81 1079/82/82
f 1091/109/109 1079/82/82 1099/116/116
f 1099/116/116 1079/82/82 1083/83/83
f 1099/116/116 1083/83/83 1105/84/84
f 1105/84/84 1123/85/85 1099/116/116
f 1099/116/116 1123/85/85 1117/117/117
f 1099/116/116 1117/117/117 1091/109/109
f 1091/109/109 1117/117/117 1109/110/110
f 1091/109/109 1109/110/110 1069/102/102
f 1069/102/102 1109/110/110 1087/103/103
f 1069/102/102 1087/103/103 1039/95/95
f 1039/95/95 1087/103/103 1047/96/96
f 1123/85/85 1133/86/86 1117/117/117
f 1117/117/117 1133/86/86 1127/118/118
f 1117/117/117 1127/118/118 1109/110/110
f 1109/110/110 1127/118/118 1113/111/111
f 1109/110/110 1113/111/111 1087/103/103
f 1087/103/103 1113/111/111 1095/104/104
f 1087/103/103 1095/104/104 1047/96/96
f 1047/96/96 1095/104/104 1059/97/97
f 1133/86/86 1137/87/87 1127/118/118
f 1127/118/118 1137/87/87 1131/119/119
f 1127/118/118 1131/119/119 1113/111/111
f 1113/111/111 1131/119/119 1121/112/112
f 1113/111/111 1121/112/112 1095/104/104
f 1095/104/104 1121/112/112 1103/105/105
f 1095/104/104 1103/105/105 1059/97/97
f 1059/97/97 1103/105/105 1067/98/98
f 1137/87/87 1135/88/88 1131/119/119
f 1131/119/119 1135/88/88 1129/120/120
f 1131/119/119 1129/120/120 1121/112/112
f 1121/112/112 1129/120/120 1115/113/113
f 1121/112/112 1115/113/113 1103/105/105
f 1103/105/105 1115/113/113 1097/106/106
f 1103/105/105 1097/106/106 1067/98/98
f 1067/98/98 1097/106/106 1061/99/99
f 1135/88/88 1125/89/89 1129/120/120
f 1129/120/120 1125/89/89 1119/121/121
f 1129/120/120 1119/121/121 1115/113/113
f 1115/113/113 1119/121/121 1111/114/114
f 1115/113/113 1111/114/114 1097/106/106
f 1097/106/106 1111/114/114 1089/107/107
f 1097/106/106 1089/107/107 1061/99/99
f 1061/99/99 1089/107/107 1049/100/100
f 1125/89/89 1107/90/90 1119/121/121
f 1119/121/121 1107/90/90 1101/122/122
f 1119/121/121 1101/122/122 1111/114/114
f 1111/114/114 1101/122/122 1093/115/115
f 1111/114/114 1093/115/115 1089/107/107
f 1089/107/107 1093/115/115 1071/108/108
f 1089/107/107 1071/108/108 1049/100/100
f 1049/100/100 1071/108/108 1041/101/101
f 1107/90/90 1085/91/91 1101/122/122
f 1101/122/122 1085/91/91 1081/92/92
f 1101/122/122 1081/92/92 1093/115/115
f 1093/115/115 1081/92/92 1053/93/93
f 1093/115/115 1053/93/93 1071/108/108
f 1071/108/108 1053/93/93 1033/94/94
f 1071/108/108 1033/94/94 1041/101/101
f 1008/123/123 1000/124/124 1012/142/142
f 1012/142/142 1000/124/124 990/143/143
f 1012/142/142 990/143/143 996/144/144
f 996/144/144 990/143/143 980/126/126
f 996/144/144 980/126/126 968/127/127
f 1000/124/124 988/125/125 990/143/143
f 990/143/143 988/125/125 980/126/126
f 996/144/144 968/127/127 1002/145/145
f 1002/145/145 968/127/127 970/128/128
f 1002/145/145 970/128/128 1006/146/146
f 1006/146/146 970/128/128 972/129/129
f 1006/146/146 972/129/129 974/130/130
f 1006/146/146 974/130/130 1004/147/147
f 1004/147/147 974/130/130 976/131/131
f 1004/147/147 976/131/131 998/148/148
f 998/148/148 976/131/131 979/132/132
f 998/148/148 979/132/132 992/149/149
f 992/149/149 979/132/132 985/133/133
f 992/149/149 985/133/133 995/134/134
f 1010/135/135 1014/136/136 995/134/134
f 995/134/134 1014/136/136 992/149/149
f 1014/136/136 1018/137/137 992/149/149
f 992/149/149 1018/137/137 998/148/148
f 1018/137/137 1026/138/138 998/148/148
f 998/148/148 1026/138/138 1004/147/147
f 1026/138/138 1028/139/139 1004/147/147
f 1004/147/147 1028/139/139 1006/146/146
f 1028/139/139 1024/140/140 1006/146/146
f 1006/146/146 1024/140/140 1002/145/145
f 1024/140/140 1016/141/141 1002/145/145
f 1002/145/145 1016/141/141 996/144/144
f 1016/141/141 1012/142/142 996/144/144
f 968/150/150 964/151/151 970/157/157
f 970/157/157 964/151/151 962/152/152
f 970/157/157 962/152/152 972/156/156
f 972/156/156 962/152/152 974/155/155
f 974/155/155 962/152/152 966/153/153
f 974/155/155 966/153/153 976/154/154
f 978/159/159 997/179/179 969/158/158
f 969/158/158 997/179/179 1003/180/180
f 969/158/158 1003/180/180 971/177/177
f 971/177/177 1003/180/180 1007/181/181
f 971/177/177 1007/181/181 973/176/176
f 973/176/176 1007/181/181 975/175/175
f 975/175/175 1007/181/181 1005/182/182
f 975/175/175 1005/182/182 977/174/174
f 977/174/174 1005/182/182 999/183/183
f 977/174/174 999/183/183 981/173/173
f 981/173/173 999/183/183 993/184/184
f 981/173/173 993/184/184 989/172/172
f 989/172/172 993/184/184 1001/171/171
f 1001/171/171 993/184/184 1015/169/169
f 1001/171/171 1015/169/169 1011/170/170
f 978/159/159 984/160/160 997/179/179
f 997/179/179 984/160/160 991/178/178
f 997/179/179 991/178/178 1017/164/164
f 1017/164/164 991/178/178 1013/163/163
f 1013/163/163 991/178/178 994/161/161
f 1013/163/163 994/161/161 1009/162/162
f 984/160/160 994/161/161 991/178/178
f 1017/164/164 1025/165/165 997/179/179
f 997/179/179 1025/165/165 1003/180/180
f 1025/165/165 1029/166/166 1003/180/180
f 1003/180/180 1029/166/166 1007/181/181
f 1029/166/166 1027/167/167 1007/181/181
f 1007/181/181 1027/167/167 1005/182/182
f 1027/167/167 1019/168/168 1005/182/182
f 1005/182/182 1019/168/168 999/183/183
f 1019/168/168 1015/169/169 999/183/183
f 999/183/183 1015/169/169 993/184/184
f 965/186/186 971/188/188 963/185/185
f 963/185/185 971/188/188 973/189/189
f 963/185/185 973/189/189 975/190/190
f 965/186/186 969/187/187 971/188/188
f 977/191/191 967/192/192 975/190/190
f 975/190/190 967/192/192 963/185/185
f 138/204/204 137/193/193 114/203/203
f 114/203/203 137/193/193 113/194/194
f 114/203/203 113/194/194 96/202/202
f 96/202/202 113/194/194 95/195/195
f 96/202/202 95/195/195 78/201/201
f 78/201/201 95/195/195 77/196/196
f 78/201/201 77/196/196 62/199/199
f 62/199/199 77/196/196 61/198/198
f 61/198/198 77/196/196 69/197/197
f 62/199/199 70/200/200 78/201/201
f 127/206/206 101/236/236 129/205/205
f 129/205/205 101/236/236 105/237/237
f 129/205/205 105/237/237 131/230/230
f 131/230/230 105/237/237 109/238/238
f 131/230/230 109/238/238 133/229/229
f 133/229/229 109/238/238 117/239/239
f 133/229/229 117/239/239 135/228/228
f 135/228/228 117/239/239 137/227/227
f 137/227/227 117/239/239 113/226/226
f 113/226/226 117/239/239 99/246/246
f 113/226/226 99/246/246 95/225/225
f 95/225/225 99/246/246 81/252/252
f 95/225/225 81/252/252 65/231/231
f 65/231/231 81/252/252 73/251/251
f 65/231/231 73/251/251 47/260/260
f 47/260/260 73/251/251 57/250/250
f 47/260/260 57/250/250 35/261/261
f 35/261/261 57/250/250 53/249/249
f 35/261/261 53/249/249 31/262/262
f 31/262/262 53/249/249 55/248/248
f 31/262/262 55/248/248 33/263/263
f 33/263/263 55/248/248 71/247/247
f 33/263/263 71/247/247 45/264/264
f 45/264/264 71/247/247 79/232/232
f 45/264/264 79/232/232 63/265/265
f 63/265/265 79/232/232 75/212/212
f 63/265/265 75/212/212 49/253/253
f 49/253/253 75/212/212 67/213/213
f 49/253/253 67/213/213 41/266/266
f 41/266/266 67/213/213 59/214/214
f 41/266/266 59/214/214 37/215/215
f 101/236/236 127/206/206 103/235/235
f 103/235/235 127/206/206 125/207/207
f 103/235/235 125/207/207 107/234/234
f 107/234/234 125/207/207 123/208/208
f 107/234/234 123/208/208 115/233/233
f 115/233/233 123/208/208 121/209/209
f 115/233/233 121/209/209 111/210/210
f 115/233/233 111/210/210 97/240/240
f 97/240/240 111/210/210 93/211/211
f 97/240/240 93/211/211 79/232/232
f 79/232/232 93/211/211 75/212/212
f 37/215/215 15/216/216 41/266/266
f 41/266/266 15/216/216 23/267/267
f 41/266/266 23/267/267 49/253/253
f 49/253/253 23/267/267 27/254/254
f 49/253/253 27/254/254 63/265/265
f 63/265/265 27/254/254 45/264/264
f 15/216/216 5/217/217 23/267/267
f 23/267/267 5/217/217 9/268/268
f 23/267/267 9/268/268 27/254/254
f 27/254/254 9/268/268 19/255/255
f 27/254/254 19/255/255 45/264/264
f 45/264/264 19/255/255 33/263/263
f 5/217/217 1/218/218 9/268/268
f 9/268/268 1/218/218 3/269/269
f 9/268/268 3/269/269 19/255/255
f 19/255/255 3/269/269 13/256/256
f 19/255/255 13/256/256 33/263/263
f 33/263/263 13/256/256 31/262/262
f 1/218/218 7/219/219 3/269/269
f 3/269/269 7/219/219 11/270/270
f 3/269/269 11/270/270 13/256/256
f 13/256/256 11/270/270 21/257/257
f 13/256/256 21/257/257 31/262/262
f 31/262/262 21/257/257 35/261/261
f 7/219/219 17/220/220 11/270/270
f 11/270/270 17/220/220 25/271/271
f 11/270/270 25/271/271 21/257/257
f 21/257/257 25/271/271 29/258/258
f 21/257/257 29/258/258 35/261/261
f 35/261/261 29/258/258 47/260/260
f 17/220/220 39/221/221 25/271/271
f 25/271/271 39/221/221 43/272/272
f 25/271/271 43/272/272 29/258/258
f 29/258/258 43/272/272 51/259/259
f 29/258/258 51/259/259 47/260/260
f 47/260/260 51/259/259 65/231/231
f 39/221/221 61/222/222 43/272/272
f 43/272/272 61/222/222 69/223/223
f 43/272/272 69/223/223 51/259/259
f 51/259/259 69/223/223 77/224/224
f 51/259/259 77/224/224 65/231/231
f 65/231/231 77/224/224 95/225/225
f 107/234/234 115/233/233 89/241/241
f 89/241/241 115/233/233 97/240/240
f 89/241/241 97/240/240 71/247/247
f 71/247/247 97/240/240 79/232/232
f 103/235/235 107/234/234 85/242/242
f 85/242/242 107/234/234 89/241/241
f 85/242/242 89/241/241 55/248/248
f 55/248/248 89/241/241 71/247/247
f 101/236/236 103/235/235 83/243/243
f 83/243/243 103/235/235 85/242/242
f 83/243/243 85/242/242 53/249/249
f 53/249/249 85/242/242 55/248/248
f 105/237/237 101/236/236 87/244/244
f 87/244/244 101/236/236 83/243/243
f 87/244/244 83/243/243 57/250/250
f 57/250/250 83/243/243 53/249/249
f 99/246/246 117/239/239 109/238/238
f 109/238/238 105/237/237 91/245/245
f 91/245/245 105/237/237 87/244/244
f 91/245/245 87/244/244 73/251/251
f 73/251/251 87/244/244 57/250/250
f 81/252/252 99/246/246 91/245/245
f 91/245/245 99/246/246 109/238/238
f 81/252/252 91/245/245 73/251/251
f 59/290/290 60/273/273 37/289/289
f 37/289/289 60/273/273 38/274/274
f 37/289/289 38/274/274 15/288/288
f 15/288/288 38/274/274 16/275/275
f 15/288/288 16/275/275 5/287/287
f 5/287/287 16/275/275 6/276/276
f 5/287/287 6/276/276 1/286/286
f 1/286/286 6/276/276 2/277/277
f 1/286/286 2/277/277 7/285/285
f 7/285/285 2/277/277 8/278/278
f 7/285/285 8/278/278 17/284/284
f 17/284/284 8/278/278 18/279/279
f 17/284/284 18/279/279 39/283/283
f 39/283/283 18/279/279 40/280/280
f 39/283/283 40/280/280 61/282/282
f 61/282/282 40/280/280 62/281/281
f 112/316/316 122/291/291 116/325/325
f 116/325/325 122/291/291 124/292/292
f 116/325/325 124/292/292 126/293/293
f 116/325/325 126/293/293 108/324/324
f 108/324/324 126/293/293 128/294/294
f 108/324/324 128/294/294 104/323/323
f 104/323/323 128/294/294 130/295/295
f 104/323/323 130/295/295 102/322/322
f 102/322/322 130/295/295 132/296/296
f 102/322/322 132/296/296 106/321/321
f 106/321/321 132/296/296 134/297/297
f 106/321/321 134/297/297 110/320/320
f 110/320/320 134/297/297 136/298/298
f 110/320/320 136/298/298 118/319/319
f 118/319/319 136/298/298 138/299/299
f 118/319/319 138/299/299 114/300/300
f 118/319/319 114/300/300 100/326/326
f 100/326/326 114/300/300 96/301/301
f 100/326/326 96/301/301 82/317/317
f 82/317/317 96/301/301 78/302/302
f 82/317/317 78/302/302 66/351/351
f 66/351/351 78/302/302 52/339/339
f 66/351/351 52/339/339 30/340/340
f 30/340/340 52/339/339 26/353/353
f 30/340/340 26/353/353 12/354/354
f 12/354/354 26/353/353 8/307/307
f 12/354/354 8/307/307 2/308/308
f 78/302/302 70/303/303 52/339/339
f 52/339/339 70/303/303 44/352/352
f 52/339/339 44/352/352 26/353/353
f 26/353/353 44/352/352 18/306/306
f 26/353/353 18/306/306 8/307/307
f 70/303/303 62/304/304 44/352/352
f 44/352/352 62/304/304 40/305/305
f 44/352/352 40/305/305 18/306/306
f 12/354/354 2/308/308 4/355/355
f 4/355/355 2/308/308 6/309/309
f 4/355/355 6/309/309 10/356/356
f 10/356/356 6/309/309 16/310/310
f 10/356/356 16/310/310 24/357/357
f 24/357/357 16/310/310 38/311/311
f 24/357/357 38/311/311 42/358/358
f 42/358/358 38/311/311 60/312/312
f 42/358/358 60/312/312 68/313/313
f 42/358/358 68/313/313 50/345/345
f 50/345/345 68/313/313 76/314/314
f 50/345/345 76/314/314 64/318/318
f 64/318/318 76/314/314 94/315/315
f 64/318/318 94/315/315 80/338/338
f 80/338/338 94/315/315 98/332/332
f 80/338/338 98/332/332 90/331/331
f 90/331/331 98/332/332 108/324/324
f 90/331/331 108/324/324 104/323/323
f 94/315/315 112/316/316 98/332/332
f 98/332/332 112/316/316 116/325/325
f 98/332/332 116/325/325 108/324/324
f 110/320/320 118/319/319 92/327/327
f 92/327/327 118/319/319 100/326/326
f 92/327/327 100/326/326 74/333/333
f 74/333/333 100/326/326 82/317/317
f 74/333/333 82/317/317 48/350/350
f 48/350/350 82/317/317 66/351/351
f 48/350/350 66/351/351 30/340/340
f 106/321/321 110/320/320 88/328/328
f 88/328/328 110/320/320 92/327/327
f 88/328/328 92/327/327 58/334/334
f 58/334/334 92/327/327 74/333/333
f 58/334/334 74/333/333 36/349/349
f 36/349/349 74/333/333 48/350/350
f 36/349/349 48/350/350 22/341/341
f 22/341/341 48/350/350 30/340/340
f 22/341/341 30/340/340 12/354/354
f 102/322/322 106/321/321 84/329/329
f 84/329/329 106/321/321 88/328/328
f 84/329/329 88/328/328 54/335/335
f 54/335/335 88/328/328 58/334/334
f 54/335/335 58/334/334 32/348/348
f 32/348/348 58/334/334 36/349/349
f 32/348/348 36/349/349 14/342/342
f 14/342/342 36/349/349 22/341/341
f 14/342/342 22/341/341 4/355/355
f 4/355/355 22/341/341 12/354/354
f 104/323/323 102/322/322 86/330/330
f 86/330/330 102/322/322 84/329/329
f 86/330/330 84/329/329 56/336/336
f 56/336/336 84/329/329 54/335/335
f 56/336/336 54/335/335 34/347/347
f 34/347/347 54/335/335 32/348/348
f 34/347/347 32/348/348 20/343/343
f 20/343/343 32/348/348 14/342/342
f 20/343/343 14/342/342 10/356/356
f 10/356/356 14/342/342 4/355/355
f 104/323/323 86/330/330 90/331/331
f 90/331/331 86/330/330 72/337/337
f 90/331/331 72/337/337 80/338/338
f 80/338/338 72/337/337 64/318/318
f 72/337/337 86/330/330 56/336/336
f 72/337/337 56/336/336 46/346/346
f 46/346/346 56/336/336 34/347/347
f 46/346/346 34/347/347 28/344/344
f 28/344/344 34/347/347 20/343/343
f 28/344/344 20/343/343 24/357/357
f 24/357/357 20/343/343 10/356/356
f 28/344/344 50/345/345 46/346/346
f 46/346/346 50/345/345 64/318/318
f 46/346/346 64/318/318 72/337/337
f 24/357/357 42/358/358 28/344/344
f 28/344/344 42/358/358 50/345/345
f 121/370/370 122/359/359 111/369/369
f 111/369/369 122/359/359 112/360/360
f 111/369/369 112/360/360 93/368/368
f 93/368/368 112/360/360 94/361/361
f 93/368/368 94/361/361 75/367/367
f 75/367/367 94/361/361 76/362/362
f 75/367/367 76/362/362 59/365/365
f 59/365/365 76/362/362 60/364/364
f 60/364/364 76/362/362 68/363/363
f 59/365/365 67/366/366 75/367/367
f 1079/372/372 1055/377/377 1083/371/371
f 1083/371/371 1055/377/377 1073/378/378
f 1083/371/371 1073/378/378 1072/379/379
f 1079/372/372 1051/373/373 1055/377/377
f 1055/377/377 1051/373/373 1035/376/376
f 1035/376/376 1051/373/373 1031/374/374
f 1035/376/376 1031/374/374 1009/375/375
f 1083/371/371 1072/379/379 1082/386/386
f 1082/386/386 1072/379/379 1054/380/380
f 1082/386/386 1054/380/380 1078/385/385
f 1078/385/385 1054/380/380 1050/384/384
f 1050/384/384 1054/380/380 1034/381/381
f 1050/384/384 1034/381/381 1030/383/383
f 1030/383/383 1034/381/381 1008/382/382
f 1080/388/388 1056/393/393 1084/387/387
f 1084/387/387 1056/393/393 1074/394/394
f 1084/387/387 1074/394/394 1075/395/395
f 1080/388/388 1052/389/389 1056/393/393
f 1056/393/393 1052/389/389 1036/392/392
f 1036/392/392 1052/389/389 1032/390/390
f 1036/392/392 1032/390/390 1010/391/391
f 1084/387/387 1075/395/395 1085/402/402
f 1085/402/402 1075/395/395 1057/396/396
f 1085/402/402 1057/396/396 1081/401/401
f 1081/401/401 1057/396/396 1053/400/400
f 1053/400/400 1057/396/396 1037/397/397
f 1053/400/400 1037/397/397 1033/399/399
f 1033/399/399 1037/397/397 1011/398/398
f 124/414/414 122/403/403 120/410/410
f 120/410/410 122/403/403 121/404/404
f 120/410/410 121/404/404 119/409/409
f 119/409/409 121/404/404 123/405/405
f 119/409/409 123/405/405 125/406/406
f 125/406/406 127/407/407 119/409/409
f 119/409/409 127/407/407 129/408/408
f 130/411/411 128/412/412 120/410/410
f 120/410/410 128/412/412 126/413/413
f 120/410/410 126/413/413 124/414/414
f 135/426/426 137/415/415 139/422/422
f 139/422/422 137/415/415 138/416/416
f 139/422/422 138/416/416 140/421/421
f 140/421/421 138/416/416 136/417/417
f 140/421/421 136/417/417 134/418/418
f 134/418/418 132/419/419 140/421/421
f 140/421/421 132/419/419 130/420/420
f 129/423/423 131/424/424 139/422/422
f 139/422/422 131/424/424 133/425/425
f 139/422/422 133/425/425 135/426/426
f 691/428/428 671/492/492 697/427/427
f 697/427/427 671/492/492 837/493/493
f 697/427/427 837/493/493 873/477/477
f 873/477/477 837/493/493 855/494/494
f 873/477/477 855/494/494 897/476/476
f 897/476/476 855/494/494 943/475/475
f 943/475/475 855/494/494 871/495/495
f 943/475/475 871/495/495 961/474/474
f 961/474/474 871/495/495 883/496/496
f 961/474/474 883/496/496 987/473/473
f 987/473/473 883/496/496 899/497/497
f 987/473/473 899/497/497 1023/472/472
f 1023/472/472 899/497/497 911/498/498
f 1023/472/472 911/498/498 1045/471/471
f 1045/471/471 911/498/498 1065/470/470
f 1065/470/470 911/498/498 919/499/499
f 1065/470/470 919/499/499 1077/469/469
f 1077/469/469 919/499/499 918/500/500
f 1077/469/469 918/500/500 1063/468/468
f 1063/468/468 918/500/500 910/501/501
f 1063/468/468 910/501/501 1043/467/467
f 1043/467/467 910/501/501 1021/466/466
f 1021/466/466 910/501/501 898/502/502
f 1021/466/466 898/502/502 983/465/465
f 983/465/465 898/502/502 882/503/503
f 983/465/465 882/503/503 959/464/464
f 959/464/464 882/503/503 868/504/504
f 959/464/464 868/504/504 939/463/463
f 939/463/463 868/504/504 853/505/505
f 939/463/463 853/505/505 893/462/462
f 893/462/462 853/505/505 870/461/461
f 870/461/461 853/505/505 833/506/506
f 870/461/461 833/506/506 698/460/460
f 698/460/460 833/506/506 672/507/507
f 698/460/460 672/507/507 692/459/459
f 692/459/459 672/507/507 600/508/508
f 692/459/459 600/508/508 620/458/458
f 620/458/458 600/508/508 554/509/509
f 620/458/458 554/509/509 552/457/457
f 552/457/457 554/509/509 508/510/510
f 552/457/457 508/510/510 494/456/456
f 494/456/456 508/510/510 462/511/511
f 494/456/456 462/511/511 435/455/455
f 435/455/455 462/511/511 405/512/512
f 435/455/455 405/512/512 366/454/454
f 366/454/454 405/512/512 280/453/453
f 280/453/453 405/512/512 336/513/513
f 280/453/453 336/513/513 242/452/452
f 242/452/452 336/513/513 286/514/514
f 242/452/452 286/514/514 216/451/451
f 216/451/451 286/514/514 252/515/515
f 216/451/451 252/515/515 176/450/450
f 176/450/450 252/515/515 236/516/516
f 176/450/450 236/516/516 160/449/449
f 160/449/449 236/516/516 156/448/448
f 156/448/448 236/516/516 222/517/517
f 156/448/448 222/517/517 152/447/447
f 152/447/447 222/517/517 210/518/518
f 152/447/447 210/518/518 148/446/446
f 148/446/446 210/518/518 198/519/519
f 148/446/446 198/519/519 144/445/445
f 144/445/445 198/519/519 194/478/478
f 144/445/445 194/478/478 140/444/444
f 140/444/444 194/478/478 193/479/479
f 140/444/444 193/479/479 139/443/443
f 139/443/443 193/479/479 143/442/442
f 143/442/442 193/479/479 197/480/480
f 143/442/442 197/480/480 147/441/441
f 147/441/441 197/480/480 209/481/481
f 147/441/441 209/481/481 151/440/440
f 151/440/440 209/481/481 221/482/482
f 151/440/440 221/482/482 155/439/439
f 155/439/439 221/482/482 235/483/483
f 155/439/439 235/483/483 159/438/438
f 159/438/438 235/483/483 175/437/437
f 175/437/437 235/483/483 251/484/484
f 175/437/437 251/484/484 214/436/436
f 214/436/436 251/484/484 285/485/485
f 214/436/436 285/485/485 241/435/435
f 241/435/435 285/485/485 335/486/486
f 241/435/435 335/486/486 279/434/434
f 279/434/434 335/486/486 404/487/487
f 279/434/434 404/487/487 365/433/433
f 365/433/433 404/487/487 434/432/432
f 434/432/432 404/487/487 461/488/488
f 434/432/432 461/488/488 493/431/431
f 493/431/431 461/488/488 507/489/489
f 493/431/431 507/489/489 551/430/430
f 551/430/430 507/489/489 553/490/490
f 551/430/430 553/490/490 619/429/429
f 619/429/429 553/490/490 599/491/491
f 619/429/429 599/491/491 691/428/428
f 691/428/428 599/491/491 671/492/492
f 449/550/550 357/520/520 387/524/524
f 387/524/524 357/520/520 317/521/521
f 387/524/524 317/521/521 287/522/522
f 287/522/522 275/523/523 387/524/524
f 343/525/525 371/531/531 387/524/524
f 387/524/524 371/531/531 402/532/532
f 387/524/524 402/532/532 449/550/550
f 449/550/550 402/532/532 438/533/533
f 449/550/550 438/533/533 473/534/534
f 371/531/531 343/525/525 327/530/530
f 327/530/530 343/525/525 313/526/526
f 327/530/530 313/526/526 305/529/529
f 305/529/529 313/526/526 297/527/527
f 305/529/529 297/527/527 293/528/528
f 449/550/550 473/534/534 483/549/549
f 483/549/549 473/534/534 505/535/535
f 483/549/549 505/535/535 519/548/548
f 519/548/548 505/535/535 537/536/536
f 519/548/548 537/536/536 547/547/547
f 547/547/547 537/536/536 565/537/537
f 547/547/547 565/537/537 581/546/546
f 581/546/546 565/537/537 597/538/538
f 581/546/546 597/538/538 609/545/545
f 609/545/545 597/538/538 635/539/539
f 609/545/545 635/539/539 647/544/544
f 647/544/544 635/539/539 659/540/540
f 647/544/544 659/540/540 665/543/543
f 665/543/543 659/540/540 679/541/541
f 665/543/543 679/541/541 683/542/542
f 276/551/551 288/552/552 388/581/581
f 388/581/581 288/552/552 318/553/553
f 388/581/581 318/553/553 358/554/554
f 358/554/554 450/555/555 388/581/581
f 388/581/581 450/555/555 403/573/573
f 388/581/581 403/573/573 372/574/574
f 484/556/556 474/571/571 450/555/555
f 450/555/555 474/571/571 439/572/572
f 450/555/555 439/572/572 403/573/573
f 474/571/571 484/556/556 506/570/570
f 506/570/570 484/556/556 520/557/557
f 506/570/570 520/557/557 538/569/569
f 538/569/569 520/557/557 548/558/558
f 538/569/569 548/558/558 566/568/568
f 566/568/568 548/558/558 582/559/559
f 566/568/568 582/559/559 598/567/567
f 598/567/567 582/559/559 610/560/560
f 598/567/567 610/560/560 636/566/566
f 636/566/566 610/560/560 648/561/561
f 636/566/566 648/561/561 660/565/565
f 660/565/565 648/561/561 666/562/562
f 660/565/565 666/562/562 680/564/564
f 680/564/564 666/562/562 684/563/563
f 388/581/581 372/574/574 344/580/580
f 344/580/580 372/574/574 328/575/575
f 344/580/580 328/575/575 314/579/579
f 314/579/579 328/575/575 306/576/576
f 314/579/579 306/576/576 298/578/578
f 298/578/578 306/576/576 294/577/577
f 195/605/605 191/582/582 189/609/609
f 189/609/609 191/582/582 187/583/583
f 189/609/609 187/583/583 179/584/584
f 189/609/609 179/584/584 181/608/608
f 181/608/608 179/584/584 167/585/585
f 181/608/608 167/585/585 169/607/607
f 169/607/607 167/585/585 161/586/586
f 169/607/607 161/586/586 163/587/587
f 169/607/607 163/587/587 171/610/610
f 171/610/610 163/587/587 165/588/588
f 171/610/610 165/588/588 183/613/613
f 183/613/613 165/588/588 177/589/589
f 183/613/613 177/589/589 205/616/616
f 205/616/616 177/589/589 201/590/590
f 205/616/616 201/590/590 223/619/619
f 223/619/619 201/590/590 227/591/591
f 223/619/619 227/591/591 237/622/622
f 237/622/622 227/591/591 245/592/592
f 237/622/622 245/592/592 253/624/624
f 253/624/624 245/592/592 263/595/595
f 253/624/624 263/595/595 260/596/596
f 265/593/593 266/594/594 245/592/592
f 245/592/592 266/594/594 263/595/595
f 253/624/624 260/596/596 255/625/625
f 255/625/625 260/596/596 262/597/597
f 255/625/625 262/597/597 269/598/598
f 255/625/625 269/598/598 257/626/626
f 257/626/626 269/598/598 271/599/599
f 257/626/626 271/599/599 249/601/601
f 249/601/601 271/599/599 273/600/600
f 257/626/626 249/601/601 247/606/606
f 247/606/606 249/601/601 233/602/602
f 247/606/606 233/602/602 231/621/621
f 231/621/621 233/602/602 225/618/618
f 231/621/621 225/618/618 217/617/617
f 217/617/617 225/618/618 203/614/614
f 217/617/617 203/614/614 183/613/613
f 183/613/613 203/614/614 171/610/610
f 233/602/602 219/603/603 225/618/618
f 225/618/618 219/603/603 211/615/615
f 225/618/618 211/615/615 203/614/614
f 203/614/614 211/615/615 185/611/611
f 203/614/614 185/611/611 171/610/610
f 171/610/610 185/611/611 169/607/607
f 219/603/603 207/604/604 211/615/615
f 211/615/615 207/604/604 199/612/612
f 211/615/615 199/612/612 185/611/611
f 185/611/611 199/612/612 181/608/608
f 185/611/611 181/608/608 169/607/607
f 207/604/604 195/605/605 199/612/612
f 199/612/612 195/605/605 189/609/609
f 199/612/612 189/609/609 181/608/608
f 183/613/613 205/616/616 217/617/617
f 217/617/617 205/616/616 229/620/620
f 217/617/617 229/620/620 231/621/621
f 231/621/621 229/620/620 247/606/606
f 205/616/616 223/619/619 229/620/620
f 229/620/620 223/619/619 243/623/623
f 229/620/620 243/623/623 247/606/606
f 247/606/606 243/623/623 257/626/626
f 223/619/619 237/622/622 243/623/623
f 243/623/623 237/622/622 255/625/625
f 243/623/623 255/625/625 257/626/626
f 253/624/624 255/625/625 237/622/622
f 602/650/650 670/627/627 614/654/654
f 614/654/654 670/627/627 676/628/628
f 614/654/654 676/628/628 686/629/629
f 614/654/654 686/629/629 624/653/653
f 624/653/653 686/629/629 688/630/630
f 624/653/653 688/630/630 632/652/652
f 632/652/652 688/630/630 694/631/631
f 632/652/652 694/631/631 640/632/632
f 632/652/652 640/632/632 584/655/655
f 584/655/655 640/632/632 572/633/633
f 584/655/655 572/633/633 534/658/658
f 534/658/658 572/633/633 522/634/634
f 534/658/658 522/634/634 502/661/661
f 502/661/661 522/634/634 476/635/635
f 502/661/661 476/635/635 456/664/664
f 456/664/664 476/635/635 419/636/636
f 456/664/664 419/636/636 408/667/667
f 408/667/667 419/636/636 348/637/637
f 408/667/667 348/637/637 354/669/669
f 354/669/669 348/637/637 290/640/640
f 354/669/669 290/640/640 310/641/641
f 282/638/638 284/639/639 348/637/637
f 348/637/637 284/639/639 290/640/640
f 354/669/669 310/641/641 368/670/670
f 368/670/670 310/641/641 330/642/642
f 368/670/670 330/642/642 340/643/643
f 368/670/670 340/643/643 378/671/671
f 378/671/671 340/643/643 352/644/644
f 378/671/671 352/644/644 414/646/646
f 414/646/646 352/644/644 356/645/645
f 378/671/671 414/646/646 417/651/651
f 417/651/651 414/646/646 468/647/647
f 417/651/651 468/647/647 460/666/666
f 460/666/666 468/647/647 498/663/663
f 460/666/666 498/663/663 500/662/662
f 500/662/662 498/663/663 532/659/659
f 500/662/662 532/659/659 534/658/658
f 534/658/658 532/659/659 584/655/655
f 468/647/647 510/648/648 498/663/663
f 498/663/663 510/648/648 530/660/660
f 498/663/663 530/660/660 532/659/659
f 532/659/659 530/660/660 576/656/656
f 532/659/659 576/656/656 584/655/655
f 584/655/655 576/656/656 632/652/652
f 510/648/648 556/649/649 530/660/660
f 530/660/660 556/649/649 574/657/657
f 530/660/660 574/657/657 576/656/656
f 576/656/656 574/657/657 624/653/653
f 576/656/656 624/653/653 632/652/652
f 556/649/649 602/650/650 574/657/657
f 574/657/657 602/650/650 614/654/654
f 574/657/657 614/654/654 624/653/653
f 534/658/658 502/661/661 500/662/662
f 500/662/662 502/661/661 458/665/665
f 500/662/662 458/665/665 460/666/666
f 460/666/666 458/665/665 417/651/651
f 502/661/661 456/664/664 458/665/665
f 458/665/665 456/664/664 412/668/668
f 458/665/665 412/668/668 417/651/651
f 417/651/651 412/668/668 378/671/671
f 456/664/664 408/667/667 412/668/668
f 412/668/668 408/667/667 368/670/670
f 412/668/668 368/670/670 378/671/671
f 354/669/669 368/670/670 408/667/667
f 355/672/672 351/673/673 413/695/695
f 413/695/695 351/673/673 377/699/699
f 413/695/695 377/699/699 416/702/702
f 416/702/702 377/699/699 367/698/698
f 416/702/702 367/698/698 411/701/701
f 411/701/701 367/698/698 353/697/697
f 411/701/701 353/697/697 407/700/700
f 407/700/700 353/697/697 347/680/680
f 407/700/700 347/680/680 418/681/681
f 351/673/673 339/674/674 377/699/699
f 377/699/699 339/674/674 367/698/698
f 339/674/674 329/675/675 367/698/698
f 367/698/698 329/675/675 309/676/676
f 367/698/698 309/676/676 353/697/697
f 353/697/697 309/676/676 289/677/677
f 353/697/697 289/677/677 347/680/680
f 347/680/680 289/677/677 283/678/678
f 347/680/680 283/678/678 281/679/679
f 407/700/700 418/681/681 455/703/703
f 455/703/703 418/681/681 475/682/682
f 455/703/703 475/682/682 501/705/705
f 501/705/705 475/682/682 521/683/683
f 501/705/705 521/683/683 533/708/708
f 533/708/708 521/683/683 571/684/684
f 533/708/708 571/684/684 583/711/711
f 583/711/711 571/684/684 639/685/685
f 583/711/711 639/685/685 631/714/714
f 631/714/714 639/685/685 693/686/686
f 631/714/714 693/686/686 687/687/687
f 687/687/687 685/688/688 631/714/714
f 631/714/714 685/688/688 623/715/715
f 631/714/714 623/715/715 583/711/711
f 583/711/711 623/715/715 575/712/712
f 583/711/711 575/712/712 533/708/708
f 533/708/708 575/712/712 531/709/709
f 533/708/708 531/709/709 501/705/705
f 501/705/705 531/709/709 499/706/706
f 501/705/705 499/706/706 455/703/703
f 455/703/703 499/706/706 457/704/704
f 455/703/703 457/704/704 407/700/700
f 407/700/700 457/704/704 411/701/701
f 685/688/688 675/689/689 623/715/715
f 623/715/715 675/689/689 613/716/716
f 623/715/715 613/716/716 575/712/712
f 575/712/712 613/716/716 573/713/713
f 575/712/712 573/713/713 531/709/709
f 531/709/709 573/713/713 529/710/710
f 531/709/709 529/710/710 499/706/706
f 499/706/706 529/710/710 497/707/707
f 499/706/706 497/707/707 457/704/704
f 457/704/704 497/707/707 459/696/696
f 457/704/704 459/696/696 411/701/701
f 411/701/701 459/696/696 416/702/702
f 675/689/689 669/690/690 613/716/716
f 613/716/716 669/690/690 601/691/691
f 613/716/716 601/691/691 573/713/713
f 573/713/713 601/691/691 555/692/692
f 573/713/713 555/692/692 529/710/710
f 529/710/710 555/692/692 509/693/693
f 529/710/710 509/693/693 497/707/707
f 497/707/707 509/693/693 467/694/694
f 497/707/707 467/694/694 459/696/696
f 459/696/696 467/694/694 413/695/695
f 459/696/696 413/695/695 416/702/702
f 274/717/717 272/718/718 250/740/740
f 250/740/740 272/718/718 258/744/744
f 250/740/740 258/744/744 248/747/747
f 248/747/747 258/744/744 256/743/743
f 248/747/747 256/743/743 244/746/746
f 244/746/746 256/743/743 254/742/742
f 244/746/746 254/742/742 238/745/745
f 238/745/745 254/742/742 246/725/725
f 238/745/745 246/725/725 228/726/726
f 272/718/718 270/719/719 258/744/744
f 258/744/744 270/719/719 256/743/743
f 270/719/719 261/720/720 256/743/743
f 256/743/743 261/720/720 259/721/721
f 256/743/743 259/721/721 254/742/742
f 254/742/742 259/721/721 264/722/722
f 254/742/742 264/722/722 246/725/725
f 246/725/725 264/722/722 267/723/723
f 246/725/725 267/723/723 268/724/724
f 238/745/745 228/726/726 224/748/748
f 224/748/748 228/726/726 202/727/727
f 224/748/748 202/727/727 206/750/750
f 206/750/750 202/727/727 178/728/728
f 206/750/750 178/728/728 184/753/753
f 184/753/753 178/728/728 166/729/729
f 184/753/753 166/729/729 172/756/756
f 172/756/756 166/729/729 164/730/730
f 172/756/756 164/730/730 170/759/759
f 170/759/759 164/730/730 162/731/731
f 170/759/759 162/731/731 168/732/732
f 168/732/732 180/733/733 170/759/759
f 170/759/759 180/733/733 182/760/760
f 170/759/759 182/760/760 172/756/756
f 172/756/756 182/760/760 186/757/757
f 172/756/756 186/757/757 184/753/753
f 184/753/753 186/757/757 204/754/754
f 184/753/753 204/754/754 206/750/750
f 206/750/750 204/754/754 218/751/751
f 206/750/750 218/751/751 224/748/748
f 224/748/748 218/751/751 230/749/749
f 224/748/748 230/749/749 238/745/745
f 238/745/745 230/749/749 244/746/746
f 180/733/733 188/734/734 182/760/760
f 182/760/760 188/734/734 190/761/761
f 182/760/760 190/761/761 186/757/757
f 186/757/757 190/761/761 200/758/758
f 186/757/757 200/758/758 204/754/754
f 204/754/754 200/758/758 212/755/755
f 204/754/754 212/755/755 218/751/751
f 218/751/751 212/755/755 226/752/752
f 218/751/751 226/752/752 230/749/749
f 230/749/749 226/752/752 232/741/741
f 230/749/749 232/741/741 244/746/746
f 244/746/746 232/741/741 248/747/747
f 188/734/734 192/735/735 190/761/761
f 190/761/761 192/735/735 196/736/736
f 190/761/761 196/736/736 200/758/758
f 200/758/758 196/736/736 208/737/737
f 200/758/758 208/737/737 212/755/755
f 212/755/755 208/737/737 220/738/738
f 212/755/755 220/738/738 226/752/752
f 226/752/752 220/738/738 234/739/739
f 226/752/752 234/739/739 232/741/741
f 232/741/741 234/739/739 250/740/740
f 232/741/741 250/740/740 248/747/747
f 854/785/785 836/762/762 851/789/789
f 851/789/789 836/762/762 843/763/763
f 851/789/789 843/763/763 845/764/764
f 851/789/789 845/764/764 857/788/788
f 857/788/788 845/764/764 847/765/765
f 857/788/788 847/765/765 859/787/787
f 859/787/787 847/765/765 849/766/766
f 859/787/787 849/766/766 863/767/767
f 859/787/787 863/767/767 875/790/790
f 875/790/790 863/767/767 885/768/768
f 875/790/790 885/768/768 888/793/793
f 888/793/793 885/768/768 905/769/769
f 888/793/793 905/769/769 903/796/796
f 903/796/796 905/769/769 937/770/770
f 903/796/796 937/770/770 931/799/799
f 931/799/799 937/770/770 949/771/771
f 931/799/799 949/771/771 941/802/802
f 941/802/802 949/771/771 953/772/772
f 941/802/802 953/772/772 947/804/804
f 947/804/804 953/772/772 951/775/775
f 947/804/804 951/775/775 945/776/776
f 957/773/773 955/774/774 953/772/772
f 953/772/772 955/774/774 951/775/775
f 945/776/776 936/777/777 947/804/804
f 947/804/804 936/777/777 933/805/805
f 947/804/804 933/805/805 941/802/802
f 941/802/802 933/805/805 927/803/803
f 941/802/802 927/803/803 931/799/799
f 931/799/799 927/803/803 909/800/800
f 931/799/799 909/800/800 903/796/796
f 903/796/796 909/800/800 891/797/797
f 903/796/796 891/797/797 888/793/793
f 888/793/793 891/797/797 879/794/794
f 888/793/793 879/794/794 875/790/790
f 875/790/790 879/794/794 865/791/791
f 875/790/790 865/791/791 859/787/787
f 859/787/787 865/791/791 857/788/788
f 936/777/777 930/778/778 933/805/805
f 933/805/805 930/778/778 925/806/806
f 933/805/805 925/806/806 927/803/803
f 927/803/803 925/806/806 913/786/786
f 927/803/803 913/786/786 909/800/800
f 909/800/800 913/786/786 901/801/801
f 909/800/800 901/801/801 891/797/797
f 891/797/797 901/801/801 889/798/798
f 891/797/797 889/798/798 879/794/794
f 879/794/794 889/798/798 877/795/795
f 879/794/794 877/795/795 865/791/791
f 865/791/791 877/795/795 861/792/792
f 865/791/791 861/792/792 857/788/788
f 857/788/788 861/792/792 851/789/789
f 930/778/778 923/779/779 925/806/806
f 925/806/806 923/779/779 908/781/781
f 925/806/806 908/781/781 913/786/786
f 913/786/786 908/781/781 895/782/782
f 913/786/786 895/782/782 901/801/801
f 901/801/801 895/782/782 889/798/798
f 923/779/779 916/780/780 908/781/781
f 895/782/782 881/783/783 889/798/798
f 889/798/798 881/783/783 877/795/795
f 881/783/783 867/784/784 877/795/795
f 877/795/795 867/784/784 861/792/792
f 867/784/784 854/785/785 861/792/792
f 861/792/792 854/785/785 851/789/789
f 862/830/830 848/807/807 858/835/835
f 858/835/835 848/807/807 846/808/808
f 858/835/835 846/808/808 844/809/809
f 858/835/835 844/809/809 856/834/834
f 856/834/834 844/809/809 838/810/810
f 856/834/834 838/810/810 850/833/833
f 850/833/833 838/810/810 832/811/811
f 850/833/833 832/811/811 852/812/812
f 850/833/833 852/812/812 860/836/836
f 860/836/836 852/812/812 866/813/813
f 860/836/836 866/813/813 876/839/839
f 876/839/839 866/813/813 880/814/814
f 876/839/839 880/814/814 887/842/842
f 887/842/842 880/814/814 894/815/815
f 887/842/842 894/815/815 900/831/831
f 900/831/831 894/815/815 907/816/816
f 900/831/831 907/816/816 912/851/851
f 912/851/851 907/816/816 924/847/847
f 912/851/851 924/847/847 932/848/848
f 932/848/848 924/847/847 929/819/819
f 932/848/848 929/819/819 934/820/820
f 914/817/817 922/818/818 907/816/816
f 907/816/816 922/818/818 924/847/847
f 922/818/818 929/819/819 924/847/847
f 932/848/848 934/820/820 946/832/832
f 946/832/832 934/820/820 944/821/821
f 946/832/832 944/821/821 950/822/822
f 946/832/832 950/822/822 952/825/825
f 952/825/825 950/822/822 954/823/823
f 952/825/825 954/823/823 956/824/824
f 946/832/832 952/825/825 940/849/849
f 940/849/849 952/825/825 948/826/826
f 940/849/849 948/826/826 928/846/846
f 928/846/846 948/826/826 935/827/827
f 928/846/846 935/827/827 902/844/844
f 902/844/844 935/827/827 904/828/828
f 902/844/844 904/828/828 886/841/841
f 886/841/841 904/828/828 884/829/829
f 886/841/841 884/829/829 874/838/838
f 874/838/838 884/829/829 862/830/830
f 874/838/838 862/830/830 858/835/835
f 874/838/838 858/835/835 856/834/834
f 856/834/834 850/833/833 864/837/837
f 864/837/837 850/833/833 860/836/836
f 864/837/837 860/836/836 878/840/840
f 878/840/840 860/836/836 876/839/839
f 878/840/840 876/839/839 890/843/843
f 890/843/843 876/839/839 887/842/842
f 890/843/843 887/842/842 906/845/845
f 906/845/845 887/842/842 900/831/831
f 906/845/845 900/831/831 926/850/850
f 926/850/850 900/831/831 912/851/851
f 926/850/850 912/851/851 932/848/848
f 886/841/841 874/838/838 864/837/837
f 864/837/837 874/838/838 856/834/834
f 886/841/841 864/837/837 878/840/840
f 902/844/844 886/841/841 878/840/840
f 902/844/844 878/840/840 890/843/843
f 928/846/846 902/844/844 890/843/843
f 928/846/846 890/843/843 906/845/845
f 940/849/849 928/846/846 906/845/845
f 940/849/849 906/845/845 926/850/850
f 940/849/849 926/850/850 946/832/832
f 946/832/832 926/850/850 932/848/848
f 339/853/853 351/854/854 447/852/852
f 447/852/852 351/854/854 355/855/855
f 447/852/852 355/855/855 449/857/857
f 449/857/857 355/855/855 357/856/856
f 387/911/911 385/858/858 343/910/910
f 343/910/910 385/858/858 341/859/859
f 343/910/910 341/859/859 313/909/909
f 313/909/909 341/859/859 311/860/860
f 313/909/909 311/860/860 297/908/908
f 297/908/908 311/860/860 295/861/861
f 297/908/908 295/861/861 293/907/907
f 293/907/907 295/861/861 291/862/862
f 293/907/907 291/862/862 305/906/906
f 305/906/906 291/862/862 303/863/863
f 305/906/906 303/863/863 327/905/905
f 327/905/905 303/863/863 325/864/864
f 327/905/905 325/864/864 371/904/904
f 371/904/904 325/864/864 369/865/865
f 371/904/904 369/865/865 402/903/903
f 402/903/903 369/865/865 400/866/866
f 402/903/903 400/866/866 438/902/902
f 438/902/902 400/866/866 436/867/867
f 438/902/902 436/867/867 473/901/901
f 473/901/901 436/867/867 471/868/868
f 473/901/901 471/868/868 505/900/900
f 505/900/900 471/868/868 503/869/869
f 505/900/900 503/869/869 537/899/899
f 537/899/899 503/869/869 535/870/870
f 537/899/899 535/870/870 565/898/898
f 565/898/898 535/870/870 563/871/871
f 565/898/898 563/871/871 597/897/897
f 597/897/897 563/871/871 595/872/872
f 597/897/897 595/872/872 635/896/896
f 635/896/896 595/872/872 633/873/873
f 635/896/896 633/873/873 659/895/895
f 659/895/895 633/873/873 657/874/874
f 659/895/895 657/874/874 679/894/894
f 679/894/894 657/874/874 677/875/875
f 679/894/894 677/875/875 683/893/893
f 683/893/893 677/875/875 681/876/876
f 683/893/893 681/876/876 665/892/892
f 665/892/892 681/876/876 663/877/877
f 665/892/892 663/877/877 647/891/891
f 647/891/891 663/877/877 645/878/878
f 647/891/891 645/878/878 609/890/890
f 609/890/890 645/878/878 607/879/879
f 609/890/890 607/879/879 581/889/889
f 581/889/889 607/879/879 579/880/880
f 581/889/889 579/880/880 547/888/888
f 547/888/888 579/880/880 545/881/881
f 547/888/888 545/881/881 519/887/887
f 519/887/887 545/881/881 517/882/882
f 519/887/887 517/882/882 483/886/886
f 483/886/886 517/882/882 481/883/883
f 483/886/886 481/883/883 449/885/885
f 449/885/885 481/883/883 447/884/884
f 269/912/912 385/913/913 271/917/917
f 271/917/917 385/913/913 273/916/916
f 273/916/916 385/913/913 387/914/914
f 273/916/916 387/914/914 275/915/915
f 270/919/919 272/920/920 386/918/918
f 386/918/918 272/920/920 274/921/921
f 386/918/918 274/921/921 388/923/923
f 388/923/923 274/921/921 276/922/922
f 276/955/955 274/924/924 252/936/936
f 252/936/936 274/924/924 250/925/925
f 252/936/936 250/925/925 236/935/935
f 236/935/935 250/925/925 234/926/926
f 236/935/935 234/926/926 222/934/934
f 222/934/934 234/926/926 220/927/927
f 222/934/934 220/927/927 210/933/933
f 210/933/933 220/927/927 208/928/928
f 210/933/933 208/928/928 198/932/932
f 198/932/932 208/928/928 196/929/929
f 198/932/932 196/929/929 194/931/931
f 194/931/931 196/929/929 192/930/930
f 252/936/936 286/937/937 276/955/955
f 276/955/955 286/937/937 288/954/954
f 288/954/954 286/937/937 336/938/938
f 288/954/954 336/938/938 318/953/953
f 318/953/953 336/938/938 358/952/952
f 358/952/952 336/938/938 405/939/939
f 358/952/952 405/939/939 356/951/951
f 356/951/951 405/939/939 414/950/950
f 414/950/950 405/939/939 462/940/940
f 414/950/950 462/940/940 468/949/949
f 468/949/949 462/940/940 508/941/941
f 468/949/949 508/941/941 510/948/948
f 510/948/948 508/941/941 554/942/942
f 510/948/948 554/942/942 556/947/947
f 556/947/947 554/942/942 600/943/943
f 556/947/947 600/943/943 602/946/946
f 602/946/946 600/943/943 672/944/944
f 602/946/946 672/944/944 670/945/945
f 915/956/956 920/957/957 840/986/986
f 840/986/986 920/957/957 921/958/958
f 840/986/986 921/958/958 842/960/960
f 842/960/960 921/958/958 917/959/959
f 828/961/961 705/972/972 842/960/960
f 842/960/960 705/972/972 711/975/975
f 842/960/960 711/975/975 840/986/986
f 840/986/986 711/975/975 826/985/985
f 826/985/985 711/975/975 808/984/984
f 808/984/984 711/975/975 723/976/976
f 808/984/984 723/976/976 798/983/983
f 798/983/983 723/976/976 735/977/977
f 798/983/983 735/977/977 788/982/982
f 788/982/982 735/977/977 745/978/978
f 788/982/982 745/978/978 776/981/981
f 776/981/981 745/978/978 755/979/979
f 776/981/981 755/979/979 766/980/980
f 705/972/972 828/961/961 713/971/971
f 713/971/971 828/961/961 811/962/962
f 713/971/971 811/962/962 726/970/970
f 726/970/970 811/962/962 800/963/963
f 726/970/970 800/963/963 737/969/969
f 737/969/969 800/963/963 790/964/964
f 737/969/969 790/964/964 747/968/968
f 747/968/968 790/964/964 779/965/965
f 747/968/968 779/965/965 758/967/967
f 758/967/967 779/965/965 768/966/966
f 700/973/973 703/974/974 705/972/972
f 705/972/972 703/974/974 711/975/975
f 192/987/987 191/988/988 194/990/990
f 194/990/990 191/988/988 193/989/989
f 191/991/991 195/992/992 193/1022/1022
f 193/1022/1022 195/992/992 197/1021/1021
f 197/1021/1021 195/992/992 207/993/993
f 197/1021/1021 207/993/993 209/1020/1020
f 209/1020/1020 207/993/993 219/994/994
f 209/1020/1020 219/994/994 221/1019/1019
f 221/1019/1019 219/994/994 233/995/995
f 221/1019/1019 233/995/995 235/1018/1018
f 235/1018/1018 233/995/995 249/996/996
f 235/1018/1018 249/996/996 251/1017/1017
f 251/1017/1017 249/996/996 273/997/997
f 251/1017/1017 273/997/997 275/998/998
f 251/1017/1017 275/998/998 285/1016/1016
f 285/1016/1016 275/998/998 287/999/999
f 285/1016/1016 287/999/999 317/1000/1000
f 285/1016/1016 317/1000/1000 335/1015/1015
f 335/1015/1015 317/1000/1000 357/1001/1001
f 335/1015/1015 357/1001/1001 404/1014/1014
f 404/1014/1014 357/1001/1001 355/1002/1002
f 404/1014/1014 355/1002/1002 413/1003/1003
f 404/1014/1014 413/1003/1003 461/1013/1013
f 461/1013/1013 413/1003/1003 467/1004/1004
f 461/1013/1013 467/1004/1004 507/1012/1012
f 507/1012/1012 467/1004/1004 509/1005/1005
f 507/1012/1012 509/1005/1005 553/1011/1011
f 553/1011/1011 509/1005/1005 555/1006/1006
f 553/1011/1011 555/1006/1006 599/1010/1010
f 599/1010/1010 555/1006/1006 601/1007/1007
f 599/1010/1010 601/1007/1007 671/1009/1009
f 671/1009/1009 601/1007/1007 669/1008/1008
f 450/1076/1076 448/1023/1023 484/1075/1075
f 484/1075/1075 448/1023/1023 482/1024/1024
f 484/1075/1075 482/1024/1024 520/1074/1074
f 520/1074/1074 482/1024/1024 518/1025/1025
f 520/1074/1074 518/1025/1025 548/1073/1073
f 548/1073/1073 518/1025/1025 546/1026/1026
f 548/1073/1073 546/1026/1026 582/1072/1072
f 582/1072/1072 546/1026/1026 580/1027/1027
f 582/1072/1072 580/1027/1027 610/1071/1071
f 610/1071/1071 580/1027/1027 608/1028/1028
f 610/1071/1071 608/1028/1028 648/1070/1070
f 648/1070/1070 608/1028/1028 646/1029/1029
f 648/1070/1070 646/1029/1029 666/1069/1069
f 666/1069/1069 646/1029/1029 664/1030/1030
f 666/1069/1069 664/1030/1030 684/1068/1068
f 684/1068/1068 664/1030/1030 682/1031/1031
f 684/1068/1068 682/1031/1031 680/1067/1067
f 680/1067/1067 682/1031/1031 678/1032/1032
f 680/1067/1067 678/1032/1032 660/1066/1066
f 660/1066/1066 678/1032/1032 658/1033/1033
f 660/1066/1066 658/1033/1033 636/1065/1065
f 636/1065/1065 658/1033/1033 634/1034/1034
f 636/1065/1065 634/1034/1034 598/1064/1064
f 598/1064/1064 634/1034/1034 596/1035/1035
f 598/1064/1064 596/1035/1035 566/1063/1063
f 566/1063/1063 596/1035/1035 564/1036/1036
f 566/1063/1063 564/1036/1036 538/1062/1062
f 538/1062/1062 564/1036/1036 536/1037/1037
f 538/1062/1062 536/1037/1037 506/1061/1061
f 506/1061/1061 536/1037/1037 504/1038/1038
f 506/1061/1061 504/1038/1038 474/1060/1060
f 474/1060/1060 504/1038/1038 472/1039/1039
f 474/1060/1060 472/1039/1039 439/1059/1059
f 439/1059/1059 472/1039/1039 437/1040/1040
f 439/1059/1059 437/1040/1040 403/1058/1058
f 403/1058/1058 437/1040/1040 401/1041/1041
f 403/1058/1058 401/1041/1041 372/1057/1057
f 372/1057/1057 401/1041/1041 370/1042/1042
f 372/1057/1057 370/1042/1042 328/1056/1056
f 328/1056/1056 370/1042/1042 326/1043/1043
f 328/1056/1056 326/1043/1043 306/1055/1055
f 306/1055/1055 326/1043/1043 304/1044/1044
f 306/1055/1055 304/1044/1044 294/1054/1054
f 294/1054/1054 304/1044/1044 292/1045/1045
f 294/1054/1054 292/1045/1045 298/1053/1053
f 298/1053/1053 292/1045/1045 296/1046/1046
f 298/1053/1053 296/1046/1046 314/1052/1052
f 314/1052/1052 296/1046/1046 312/1047/1047
f 314/1052/1052 312/1047/1047 344/1051/1051
f 344/1051/1051 312/1047/1047 342/1048/1048
f 344/1051/1051 342/1048/1048 388/1050/1050
f 388/1050/1050 342/1048/1048 386/1049/1049
f 872/1077/1077 695/1078/1078 873/1080/1080
f 873/1080/1080 695/1078/1078 697/1079/1079
f 191/1090/1090 192/1081/1081 187/1089/1089
f 187/1089/1089 192/1081/1081 188/1082/1082
f 187/1089/1089 188/1082/1082 179/1088/1088
f 179/1088/1088 188/1082/1082 180/1083/1083
f 179/1088/1088 180/1083/1083 167/1087/1087
f 167/1087/1087 180/1083/1083 168/1084/1084
f 167/1087/1087 168/1084/1084 161/1086/1086
f 161/1086/1086 168/1084/1084 162/1085/1085
f 697/1125/1125 695/1091/1091 691/1124/1124
f 691/1124/1124 695/1091/1091 689/1092/1092
f 691/1124/1124 689/1092/1092 619/1123/1123
f 619/1123/1123 689/1092/1092 617/1093/1093
f 619/1123/1123 617/1093/1093 551/1122/1122
f 551/1122/1122 617/1093/1093 549/1094/1094
f 551/1122/1122 549/1094/1094 493/1121/1121
f 493/1121/1121 549/1094/1094 487/1095/1095
f 493/1121/1121 487/1095/1095 434/1120/1120
f 434/1120/1120 487/1095/1095 432/1096/1096
f 434/1120/1120 432/1096/1096 365/1119/1119
f 365/1119/1119 432/1096/1096 363/1097/1097
f 365/1119/1119 363/1097/1097 279/1118/1118
f 279/1118/1118 363/1097/1097 277/1098/1098
f 279/1118/1118 277/1098/1098 241/1117/1117
f 241/1117/1117 277/1098/1098 239/1099/1099
f 241/1117/1117 239/1099/1099 214/1116/1116
f 214/1116/1116 239/1099/1099 213/1100/1100
f 214/1116/1116 213/1100/1100 175/1115/1115
f 175/1115/1115 213/1100/1100 173/1101/1101
f 175/1115/1115 173/1101/1101 159/1114/1114
f 159/1114/1114 173/1101/1101 157/1102/1102
f 159/1114/1114 157/1102/1102 155/1113/1113
f 155/1113/1113 157/1102/1102 153/1103/1103
f 155/1113/1113 153/1103/1103 151/1112/1112
f 151/1112/1112 153/1103/1103 149/1104/1104
f 151/1112/1112 149/1104/1104 147/1111/1111
f 147/1111/1111 149/1104/1104 145/1105/1105
f 147/1111/1111 145/1105/1105 143/1110/1110
f 143/1110/1110 145/1105/1105 141/1106/1106
f 143/1110/1110 141/1106/1106 129/1108/1108
f 129/1108/1108 141/1106/1106 119/1107/1107
f 129/1108/1108 139/1109/1109 143/1110/1110
f 340/1126/1126 448/1127/1127 352/1131/1131
f 352/1131/1131 448/1127/1127 356/1130/1130
f 356/1130/1130 448/1127/1127 450/1128/1128
f 356/1130/1130 450/1128/1128 358/1129/1129
f 1037/1133/1133 1021/1198/1198 1011/1132/1132
f 1011/1132/1132 1021/1198/1198 983/1199/1199
f 1011/1132/1132 983/1199/1199 1001/1169/1169
f 1001/1169/1169 983/1199/1199 989/1168/1168
f 989/1168/1168 983/1199/1199 981/1167/1167
f 981/1167/1167 983/1199/1199 977/1166/1166
f 977/1166/1166 983/1199/1199 959/1200/1200
f 977/1166/1166 959/1200/1200 967/1165/1165
f 967/1165/1165 959/1200/1200 963/1164/1164
f 963/1164/1164 959/1200/1200 958/1173/1173
f 963/1164/1164 958/1173/1173 965/1163/1163
f 965/1163/1163 958/1173/1173 969/1162/1162
f 969/1162/1162 958/1173/1173 982/1174/1174
f 969/1162/1162 982/1174/1174 978/1161/1161
f 978/1161/1161 982/1174/1174 984/1160/1160
f 984/1160/1160 982/1174/1174 994/1159/1159
f 994/1159/1159 982/1174/1174 1009/1158/1158
f 1009/1158/1158 982/1174/1174 1020/1175/1175
f 1009/1158/1158 1020/1175/1175 1035/1157/1157
f 1035/1157/1157 1020/1175/1175 1042/1176/1176
f 1035/1157/1157 1042/1176/1176 1055/1156/1156
f 1055/1156/1156 1042/1176/1176 1062/1177/1177
f 1055/1156/1156 1062/1177/1177 1073/1155/1155
f 1073/1155/1155 1062/1177/1177 1076/1204/1204
f 1073/1205/1205 1076/1178/1178 1072/1154/1154
f 1072/1154/1154 1076/1178/1178 1064/1179/1179
f 1072/1154/1154 1064/1179/1179 1054/1153/1153
f 1054/1153/1153 1064/1179/1179 1044/1180/1180
f 1054/1153/1153 1044/1180/1180 1034/1152/1152
f 1034/1152/1152 1044/1180/1180 1022/1181/1181
f 1034/1152/1152 1022/1181/1181 1008/1151/1151
f 1008/1151/1151 1022/1181/1181 986/1182/1182
f 1008/1151/1151 986/1182/1182 1000/1150/1150
f 1000/1150/1150 986/1182/1182 988/1149/1149
f 988/1149/1149 986/1182/1182 980/1148/1148
f 980/1148/1148 986/1182/1182 968/1147/1147
f 968/1147/1147 986/1182/1182 960/1183/1183
f 968/1147/1147 960/1183/1183 964/1146/1146
f 964/1146/1146 960/1183/1183 962/1145/1145
f 962/1145/1145 960/1183/1183 961/1190/1190
f 962/1145/1145 961/1190/1190 966/1144/1144
f 966/1144/1144 961/1190/1190 987/1191/1191
f 966/1144/1144 987/1191/1191 976/1143/1143
f 976/1143/1143 987/1191/1191 979/1142/1142
f 979/1142/1142 987/1191/1191 985/1141/1141
f 985/1141/1141 987/1191/1191 995/1140/1140
f 995/1140/1140 987/1191/1191 1010/1139/1139
f 1010/1139/1139 987/1191/1191 1023/1192/1192
f 1010/1139/1139 1023/1192/1192 1036/1138/1138
f 1036/1138/1138 1023/1192/1192 1045/1193/1193
f 1036/1138/1138 1045/1193/1193 1056/1137/1137
f 1056/1137/1137 1045/1193/1193 1065/1206/1206
f 1056/1137/1137 1065/1207/1207 1074/1136/1136
f 1074/1208/1208 1065/1194/1194 1077/1195/1195
f 1074/1209/1209 1077/1195/1195 1075/1135/1135
f 1075/1135/1135 1077/1195/1195 1063/1196/1196
f 1075/1135/1135 1063/1196/1196 1057/1134/1134
f 1057/1134/1134 1063/1196/1196 1043/1197/1197
f 1057/1134/1134 1043/1197/1197 1037/1133/1133
f 1037/1133/1133 1043/1197/1197 1021/1198/1198
f 869/1170/1170 892/1171/1171 870/1203/1203
f 870/1203/1203 892/1171/1171 893/1202/1202
f 893/1202/1202 892/1171/1171 938/1172/1172
f 893/1202/1202 938/1172/1172 939/1201/1201
f 939/1201/1201 938/1172/1172 958/1173/1173
f 939/1201/1201 958/1173/1173 959/1200/1200
f 960/1183/1183 942/1184/1184 961/1190/1190
f 961/1190/1190 942/1184/1184 943/1189/1189
f 943/1189/1189 942/1184/1184 896/1185/1185
f 943/1189/1189 896/1185/1185 897/1188/1188
f 897/1188/1188 896/1185/1185 872/1186/1186
f 897/1188/1188 872/1186/1186 873/1187/1187
f 696/1210/1210 869/1211/1211 698/1213/1213
f 698/1213/1213 869/1211/1211 870/1212/1212
f 120/1214/1214 142/1215/1215 130/1248/1248
f 130/1248/1248 142/1215/1215 144/1246/1246
f 130/1248/1248 144/1246/1246 140/1247/1247
f 144/1246/1246 142/1215/1215 148/1245/1245
f 148/1245/1245 142/1215/1215 146/1216/1216
f 148/1245/1245 146/1216/1216 152/1244/1244
f 152/1244/1244 146/1216/1216 150/1217/1217
f 152/1244/1244 150/1217/1217 156/1243/1243
f 156/1243/1243 150/1217/1217 154/1218/1218
f 156/1243/1243 154/1218/1218 160/1242/1242
f 160/1242/1242 154/1218/1218 158/1219/1219
f 160/1242/1242 158/1219/1219 176/1241/1241
f 176/1241/1241 158/1219/1219 174/1220/1220
f 176/1241/1241 174/1220/1220 216/1240/1240
f 216/1240/1240 174/1220/1220 215/1221/1221
f 216/1240/1240 215/1221/1221 242/1239/1239
f 242/1239/1239 215/1221/1221 240/1222/1222
f 242/1239/1239 240/1222/1222 280/1238/1238
f 280/1238/1238 240/1222/1222 278/1223/1223
f 280/1238/1238 278/1223/1223 366/1237/1237
f 366/1237/1237 278/1223/1223 364/1224/1224
f 366/1237/1237 364/1224/1224 435/1236/1236
f 435/1236/1236 364/1224/1224 433/1225/1225
f 435/1236/1236 433/1225/1225 494/1235/1235
f 494/1235/1235 433/1225/1225 488/1226/1226
f 494/1235/1235 488/1226/1226 552/1234/1234
f 552/1234/1234 488/1226/1226 550/1227/1227
f 552/1234/1234 550/1227/1227 620/1233/1233
f 620/1233/1233 550/1227/1227 618/1228/1228
f 620/1233/1233 618/1228/1228 692/1232/1232
f 692/1232/1232 618/1228/1228 690/1229/1229
f 692/1232/1232 690/1229/1229 698/1231/1231
f 698/1231/1231 690/1229/1229 696/1230/1230
f 929/1250/1250 922/1251/1251 839/1249/1249
f 839/1249/1249 922/1251/1251 914/1252/1252
f 839/1249/1249 914/1252/1252 840/1254/1254
f 840/1254/1254 914/1252/1252 915/1253/1253
f 670/1264/1264 832/1255/1255 676/1263/1263
f 676/1263/1263 832/1255/1255 838/1256/1256
f 676/1263/1263 838/1256/1256 844/1257/1257
f 676/1263/1263 844/1257/1257 686/1262/1262
f 686/1262/1262 844/1257/1257 846/1258/1258
f 686/1262/1262 846/1258/1258 688/1261/1261
f 688/1261/1261 846/1258/1258 848/1259/1259
f 688/1261/1261 848/1259/1259 694/1260/1260
f 842/1318/1318 841/1265/1265 828/1317/1317
f 828/1317/1317 841/1265/1265 827/1266/1266
f 828/1317/1317 827/1266/1266 811/1316/1316
f 811/1316/1316 827/1266/1266 810/1267/1267
f 811/1316/1316 810/1267/1267 800/1315/1315
f 800/1315/1315 810/1267/1267 799/1268/1268
f 800/1315/1315 799/1268/1268 790/1314/1314
f 790/1314/1314 799/1268/1268 789/1269/1269
f 790/1314/1314 789/1269/1269 779/1313/1313
f 779/1313/1313 789/1269/1269 778/1270/1270
f 779/1313/1313 778/1270/1270 768/1312/1312
f 768/1312/1312 778/1270/1270 767/1271/1271
f 768/1312/1312 767/1271/1271 758/1311/1311
f 758/1311/1311 767/1271/1271 757/1272/1272
f 758/1311/1311 757/1272/1272 747/1310/1310
f 747/1310/1310 757/1272/1272 746/1273/1273
f 747/1310/1310 746/1273/1273 737/1309/1309
f 737/1309/1309 746/1273/1273 736/1274/1274
f 737/1309/1309 736/1274/1274 726/1308/1308
f 726/1308/1308 736/1274/1274 725/1275/1275
f 726/1308/1308 725/1275/1275 713/1307/1307
f 713/1307/1307 725/1275/1275 712/1276/1276
f 713/1307/1307 712/1276/1276 705/1306/1306
f 705/1306/1306 712/1276/1276 704/1277/1277
f 705/1306/1306 704/1277/1277 700/1305/1305
f 700/1305/1305 704/1277/1277 699/1278/1278
f 700/1305/1305 699/1278/1278 703/1304/1304
f 703/1304/1304 699/1278/1278 702/1279/1279
f 703/1304/1304 702/1279/1279 711/1303/1303
f 711/1303/1303 702/1279/1279 710/1280/1280
f 711/1303/1303 710/1280/1280 723/1302/1302
f 723/1302/1302 710/1280/1280 722/1281/1281
f 723/1302/1302 722/1281/1281 735/1301/1301
f 735/1301/1301 722/1281/1281 734/1282/1282
f 735/1301/1301 734/1282/1282 745/1300/1300
f 745/1300/1300 734/1282/1282 744/1283/1283
f 745/1300/1300 744/1283/1283 755/1299/1299
f 755/1299/1299 744/1283/1283 754/1284/1284
f 755/1299/1299 754/1284/1284 766/1298/1298
f 766/1298/1298 754/1284/1284 765/1285/1285
f 766/1298/1298 765/1285/1285 776/1297/1297
f 776/1297/1297 765/1285/1285 775/1286/1286
f 776/1297/1297 775/1286/1286 788/1296/1296
f 788/1296/1296 775/1286/1286 787/1287/1287
f 788/1296/1296 787/1287/1287 798/1295/1295
f 798/1295/1295 787/1287/1287 797/1288/1288
f 798/1295/1295 797/1288/1288 808/1294/1294
f 808/1294/1294 797/1288/1288 807/1289/1289
f 808/1294/1294 807/1289/1289 826/1293/1293
f 826/1293/1293 807/1289/1289 825/1290/1290
f 826/1293/1293 825/1290/1290 840/1292/1292
f 840/1292/1292 825/1290/1290 839/1291/1291
f 832/1319/1319 670/1320/1320 833/1322/1322
f 833/1322/1322 670/1320/1320 672/1321/1321
f 930/1323/1323 841/1324/1324 923/1328/1328
f 923/1328/1328 841/1324/1324 916/1327/1327
f 916/1327/1327 841/1324/1324 842/1325/1325
f 916/1327/1327 842/1325/1325 917/1326/1326
f 836/1338/1338 669/1329/1329 843/1337/1337
f 843/1337/1337 669/1329/1329 675/1330/1330
f 843/1337/1337 675/1330/1330 845/1336/1336
f 845/1336/1336 675/1330/1330 685/1331/1331
f 845/1336/1336 685/1331/1331 847/1335/1335
f 847/1335/1335 685/1331/1331 687/1332/1332
f 847/1335/1335 687/1332/1332 849/1334/1334
f 849/1334/1334 687/1332/1332 693/1333/1333
f 872/1340/1340 849/1515/1515 695/1339/1339
f 695/1339/1339 849/1515/1515 693/1390/1390
f 695/1339/1339 693/1390/1390 689/1389/1389
f 689/1389/1389 693/1390/1390 639/1391/1391
f 689/1389/1389 639/1391/1391 617/1388/1388
f 617/1388/1388 639/1391/1391 571/1392/1392
f 617/1388/1388 571/1392/1392 549/1387/1387
f 549/1387/1387 571/1392/1392 521/1393/1393
f 549/1387/1387 521/1393/1393 487/1386/1386
f 487/1386/1386 521/1393/1393 475/1394/1394
f 487/1386/1386 475/1394/1394 432/1385/1385
f 432/1385/1385 475/1394/1394 418/1395/1395
f 432/1385/1385 418/1395/1395 363/1384/1384
f 363/1384/1384 418/1395/1395 347/1396/1396
f 363/1384/1384 347/1396/1396 277/1383/1383
f 277/1383/1383 347/1396/1396 281/1397/1397
f 277/1383/1383 281/1397/1397 239/1382/1382
f 239/1382/1382 281/1397/1397 265/1424/1424
f 239/1382/1382 265/1424/1424 213/1381/1381
f 213/1381/1381 265/1424/1424 245/1425/1425
f 213/1381/1381 245/1425/1425 173/1380/1380
f 173/1380/1380 245/1425/1425 227/1426/1426
f 173/1380/1380 227/1426/1426 157/1379/1379
f 157/1379/1379 227/1426/1426 201/1427/1427
f 157/1379/1379 201/1427/1427 153/1378/1378
f 153/1378/1378 201/1427/1427 177/1428/1428
f 153/1378/1378 177/1428/1428 149/1377/1377
f 149/1377/1377 177/1428/1428 165/1429/1429
f 149/1377/1377 165/1429/1429 145/1376/1376
f 145/1376/1376 165/1429/1429 163/1430/1430
f 145/1376/1376 163/1430/1430 141/1375/1375
f 141/1375/1375 163/1430/1430 161/1431/1431
f 141/1375/1375 161/1431/1431 119/1374/1374
f 119/1374/1374 161/1431/1431 120/1373/1373
f 120/1373/1373 161/1431/1431 162/1432/1432
f 120/1373/1373 162/1432/1432 142/1372/1372
f 142/1372/1372 162/1432/1432 164/1433/1433
f 142/1372/1372 164/1433/1433 146/1371/1371
f 146/1371/1371 164/1433/1433 166/1434/1434
f 146/1371/1371 166/1434/1434 150/1370/1370
f 150/1370/1370 166/1434/1434 178/1435/1435
f 150/1370/1370 178/1435/1435 154/1369/1369
f 154/1369/1369 178/1435/1435 202/1436/1436
f 154/1369/1369 202/1436/1436 158/1368/1368
f 158/1368/1368 202/1436/1436 228/1437/1437
f 158/1368/1368 228/1437/1437 174/1367/1367
f 174/1367/1367 228/1437/1437 246/1438/1438
f 174/1367/1367 246/1438/1438 215/1366/1366
f 215/1366/1366 246/1438/1438 268/1439/1439
f 215/1366/1366 268/1439/1439 240/1365/1365
f 240/1365/1365 268/1439/1439 282/1466/1466
f 240/1365/1365 282/1466/1466 278/1364/1364
f 278/1364/1364 282/1466/1466 348/1467/1467
f 278/1364/1364 348/1467/1467 364/1363/1363
f 364/1363/1363 348/1467/1467 419/1468/1468
f 364/1363/1363 419/1468/1468 433/1362/1362
f 433/1362/1362 419/1468/1468 476/1469/1469
f 433/1362/1362 476/1469/1469 488/1361/1361
f 488/1361/1361 476/1469/1469 522/1470/1470
f 488/1361/1361 522/1470/1470 550/1360/1360
f 550/1360/1360 522/1470/1470 572/1471/1471
f 550/1360/1360 572/1471/1471 618/1359/1359
f 618/1359/1359 572/1471/1471 640/1472/1472
f 618/1359/1359 640/1472/1472 690/1358/1358
f 690/1358/1358 640/1472/1472 694/1473/1473
f 690/1358/1358 694/1473/1473 696/1357/1357
f 696/1357/1357 694/1473/1473 848/1474/1474
f 696/1357/1357 848/1474/1474 869/1356/1356
f 869/1356/1356 848/1474/1474 862/1475/1475
f 869/1356/1356 862/1475/1475 892/1355/1355
f 892/1355/1355 862/1475/1475 938/1354/1354
f 938/1354/1354 862/1475/1475 884/1476/1476
f 938/1354/1354 884/1476/1476 958/1353/1353
f 958/1353/1353 884/1476/1476 904/1477/1477
f 958/1353/1353 904/1477/1477 982/1352/1352
f 982/1352/1352 904/1477/1477 935/1478/1478
f 982/1352/1352 935/1478/1478 1020/1351/1351
f 1020/1351/1351 935/1478/1478 948/1479/1479
f 1020/1351/1351 948/1479/1479 1042/1350/1350
f 1042/1350/1350 948/1479/1479 952/1480/1480
f 1042/1350/1350 952/1480/1480 1062/1349/1349
f 1062/1349/1349 952/1480/1480 956/1481/1481
f 1062/1349/1349 956/1481/1481 1076/1348/1348
f 1076/1348/1348 956/1481/1481 957/1508/1508
f 1076/1348/1348 957/1508/1508 1064/1347/1347
f 1064/1347/1347 957/1508/1508 953/1509/1509
f 1064/1347/1347 953/1509/1509 1044/1346/1346
f 1044/1346/1346 953/1509/1509 949/1510/1510
f 1044/1346/1346 949/1510/1510 1022/1345/1345
f 1022/1345/1345 949/1510/1510 937/1511/1511
f 1022/1345/1345 937/1511/1511 986/1344/1344
f 986/1344/1344 937/1511/1511 905/1512/1512
f 986/1344/1344 905/1512/1512 960/1343/1343
f 960/1343/1343 905/1512/1512 885/1513/1513
f 960/1343/1343 885/1513/1513 942/1342/1342
f 942/1342/1342 885/1513/1513 863/1514/1514
f 942/1342/1342 863/1514/1514 896/1341/1341
f 896/1341/1341 863/1514/1514 872/1340/1340
f 872/1340/1340 863/1514/1514 849/1515/1515
f 265/1424/1424 281/1397/1397 424/1423/1423
f 424/1423/1423 281/1397/1397 428/1398/1398
f 424/1423/1423 428/1398/1398 420/1415/1415
f 420/1415/1415 428/1398/1398 453/1414/1414
f 453/1414/1414 428/1398/1398 469/1399/1399
f 453/1414/1414 469/1399/1399 485/1413/1413
f 485/1413/1413 469/1399/1399 495/1400/1400
f 485/1413/1413 495/1400/1400 515/1412/1412
f 515/1412/1412 495/1400/1400 525/1401/1401
f 515/1412/1412 525/1401/1401 541/1411/1411
f 541/1411/1411 525/1401/1401 557/1402/1402
f 541/1411/1411 557/1402/1402 567/1410/1410
f 567/1410/1410 557/1402/1402 585/1403/1403
f 567/1410/1410 585/1403/1403 591/1409/1409
f 591/1409/1409 585/1403/1403 603/1404/1404
f 591/1409/1409 603/1404/1404 615/1408/1408
f 615/1408/1408 603/1404/1404 625/1405/1405
f 615/1408/1408 625/1405/1405 629/1407/1407
f 629/1407/1407 625/1405/1405 637/1406/1406
f 424/1423/1423 420/1415/1415 394/1422/1422
f 394/1422/1422 420/1415/1415 392/1416/1416
f 394/1422/1422 392/1416/1416 379/1421/1421
f 379/1421/1421 392/1416/1416 373/1417/1417
f 379/1421/1421 373/1417/1417 349/1420/1420
f 349/1420/1420 373/1417/1417 345/1418/1418
f 349/1420/1420 345/1418/1418 337/1419/1419
f 268/1439/1439 425/1440/1440 282/1466/1466
f 282/1466/1466 425/1440/1440 429/1465/1465
f 429/1465/1465 425/1440/1440 421/1448/1448
f 429/1465/1465 421/1448/1448 454/1449/1449
f 425/1440/1440 395/1441/1441 421/1448/1448
f 421/1448/1448 395/1441/1441 393/1447/1447
f 393/1447/1447 395/1441/1441 380/1442/1442
f 393/1447/1447 380/1442/1442 374/1446/1446
f 374/1446/1446 380/1442/1442 350/1443/1443
f 374/1446/1446 350/1443/1443 346/1445/1445
f 346/1445/1445 350/1443/1443 338/1444/1444
f 429/1465/1465 454/1449/1449 470/1464/1464
f 470/1464/1464 454/1449/1449 486/1450/1450
f 470/1464/1464 486/1450/1450 496/1463/1463
f 496/1463/1463 486/1450/1450 516/1451/1451
f 496/1463/1463 516/1451/1451 526/1462/1462
f 526/1462/1462 516/1451/1451 542/1452/1452
f 526/1462/1462 542/1452/1452 558/1461/1461
f 558/1461/1461 542/1452/1452 568/1453/1453
f 558/1461/1461 568/1453/1453 586/1460/1460
f 586/1460/1460 568/1453/1453 592/1454/1454
f 586/1460/1460 592/1454/1454 604/1459/1459
f 604/1459/1459 592/1454/1454 616/1455/1455
f 604/1459/1459 616/1455/1455 626/1458/1458
f 626/1458/1458 616/1455/1455 630/1456/1456
f 626/1458/1458 630/1456/1456 638/1457/1457
f 957/1508/1508 956/1481/1481 814/1507/1507
f 814/1507/1507 956/1481/1481 815/1482/1482
f 814/1507/1507 815/1482/1482 813/1506/1506
f 813/1506/1506 815/1482/1482 812/1483/1483
f 813/1506/1506 812/1483/1483 804/1505/1505
f 804/1505/1505 812/1483/1483 803/1484/1484
f 804/1505/1505 803/1484/1484 795/1504/1504
f 795/1504/1504 803/1484/1484 793/1485/1485
f 795/1504/1504 793/1485/1485 785/1503/1503
f 785/1503/1503 793/1485/1485 784/1486/1486
f 785/1503/1503 784/1486/1486 780/1502/1502
f 780/1502/1502 784/1486/1486 777/1487/1487
f 780/1502/1502 777/1487/1487 770/1501/1501
f 770/1501/1501 777/1487/1487 769/1488/1488
f 770/1501/1501 769/1488/1488 760/1500/1500
f 760/1500/1500 769/1488/1488 759/1489/1489
f 760/1500/1500 759/1489/1489 750/1499/1499
f 750/1499/1499 759/1489/1489 749/1490/1490
f 750/1499/1499 749/1490/1490 741/1498/1498
f 741/1498/1498 749/1490/1490 739/1491/1491
f 741/1498/1498 739/1491/1491 731/1497/1497
f 731/1497/1497 739/1491/1491 730/1492/1492
f 731/1497/1497 730/1492/1492 727/1496/1496
f 727/1496/1496 730/1492/1492 724/1493/1493
f 727/1496/1496 724/1493/1493 719/1495/1495
f 719/1495/1495 724/1493/1493 718/1494/1494
f 836/1516/1516 854/1517/1517 837/1547/1547
f 837/1547/1547 854/1517/1517 855/1546/1546
f 855/1546/1546 854/1517/1517 867/1518/1518
f 855/1546/1546 867/1518/1518 871/1545/1545
f 871/1545/1545 867/1518/1518 881/1519/1519
f 871/1545/1545 881/1519/1519 883/1544/1544
f 883/1544/1544 881/1519/1519 895/1520/1520
f 883/1544/1544 895/1520/1520 899/1543/1543
f 899/1543/1543 895/1520/1520 908/1521/1521
f 899/1543/1543 908/1521/1521 911/1542/1542
f 911/1542/1542 908/1521/1521 916/1522/1522
f 911/1542/1542 916/1522/1522 917/1523/1523
f 911/1542/1542 917/1523/1523 919/1541/1541
f 919/1541/1541 917/1523/1523 921/1524/1524
f 919/1541/1541 921/1524/1524 920/1525/1525
f 919/1541/1541 920/1525/1525 918/1540/1540
f 918/1540/1540 920/1525/1525 915/1526/1526
f 918/1540/1540 915/1526/1526 910/1539/1539
f 910/1539/1539 915/1526/1526 914/1527/1527
f 910/1539/1539 914/1527/1527 907/1528/1528
f 910/1539/1539 907/1528/1528 898/1538/1538
f 898/1538/1538 907/1528/1528 894/1529/1529
f 898/1538/1538 894/1529/1529 882/1537/1537
f 882/1537/1537 894/1529/1529 880/1530/1530
f 882/1537/1537 880/1530/1530 868/1536/1536
f 868/1536/1536 880/1530/1530 866/1531/1531
f 868/1536/1536 866/1531/1531 853/1535/1535
f 853/1535/1535 866/1531/1531 852/1532/1532
f 853/1535/1535 852/1532/1532 833/1534/1534
f 833/1534/1534 852/1532/1532 832/1533/1533
f 669/1548/1548 836/1549/1549 671/1551/1551
f 671/1551/1551 836/1549/1549 837/1550/1550
f 814/1552/1552 813/1553/1553 817/1612/1612
f 817/1612/1612 813/1553/1553 822/1611/1611
f 822/1611/1611 813/1553/1553 820/1617/1617
f 822/1611/1611 820/1617/1617 830/1610/1610
f 830/1610/1610 820/1617/1617 831/1618/1618
f 830/1610/1610 831/1618/1618 835/1609/1609
f 835/1609/1609 831/1618/1618 841/1608/1608
f 841/1608/1608 831/1618/1618 827/1607/1607
f 827/1607/1607 831/1618/1618 819/1621/1621
f 827/1607/1607 819/1621/1621 810/1606/1606
f 810/1606/1606 819/1621/1621 802/1620/1620
f 810/1606/1606 802/1620/1620 799/1605/1605
f 799/1605/1605 802/1620/1620 792/1623/1623
f 799/1605/1605 792/1623/1623 789/1604/1604
f 789/1604/1604 792/1623/1623 782/1625/1625
f 789/1604/1604 782/1625/1625 778/1603/1603
f 778/1603/1603 782/1625/1625 772/1627/1627
f 778/1603/1603 772/1627/1627 767/1602/1602
f 767/1602/1602 772/1627/1627 761/1629/1629
f 767/1602/1602 761/1629/1629 757/1601/1601
f 757/1601/1601 761/1629/1629 751/1631/1631
f 757/1601/1601 751/1631/1631 746/1600/1600
f 746/1600/1600 751/1631/1631 740/1633/1633
f 746/1600/1600 740/1633/1633 736/1599/1599
f 736/1599/1599 740/1633/1633 729/1635/1635
f 736/1599/1599 729/1635/1635 725/1598/1598
f 725/1598/1598 729/1635/1635 716/1637/1637
f 725/1598/1598 716/1637/1637 712/1597/1597
f 712/1597/1597 716/1637/1637 707/1639/1639
f 712/1597/1597 707/1639/1639 704/1596/1596
f 704/1596/1596 707/1639/1639 701/1641/1641
f 704/1596/1596 701/1641/1641 699/1595/1595
f 699/1595/1595 701/1641/1641 706/1643/1643
f 699/1595/1595 706/1643/1643 702/1594/1594
f 702/1594/1594 706/1643/1643 714/1645/1645
f 702/1594/1594 714/1645/1645 710/1593/1593
f 710/1593/1593 714/1645/1645 721/1647/1647
f 710/1593/1593 721/1647/1647 722/1592/1592
f 722/1592/1592 721/1647/1647 733/1649/1649
f 722/1592/1592 733/1649/1649 734/1591/1591
f 734/1591/1591 733/1649/1649 743/1652/1652
f 734/1591/1591 743/1652/1652 744/1590/1590
f 744/1590/1590 743/1652/1652 753/1651/1651
f 744/1590/1590 753/1651/1651 754/1589/1589
f 754/1589/1589 753/1651/1651 764/1664/1664
f 754/1589/1589 764/1665/1665 765/1588/1588
f 765/1666/1666 764/1614/1614 774/1654/1654
f 765/1667/1667 774/1654/1654 775/1587/1587
f 775/1587/1587 774/1654/1654 787/1586/1586
f 787/1586/1586 774/1654/1654 786/1656/1656
f 787/1586/1586 786/1656/1656 797/1585/1585
f 797/1585/1585 786/1656/1656 796/1658/1658
f 797/1585/1585 796/1658/1658 807/1584/1584
f 807/1584/1584 796/1658/1658 806/1660/1660
f 807/1584/1584 806/1660/1660 825/1583/1583
f 825/1583/1583 806/1660/1660 823/1662/1662
f 825/1583/1583 823/1662/1662 839/1582/1582
f 839/1582/1582 823/1662/1662 834/1581/1581
f 834/1581/1581 823/1662/1662 829/1580/1580
f 829/1580/1580 823/1662/1662 818/1661/1661
f 829/1580/1580 818/1661/1661 824/1663/1663
f 824/1663/1663 818/1661/1661 812/1576/1576
f 824/1663/1663 812/1576/1576 821/1579/1579
f 821/1579/1579 812/1576/1576 816/1578/1578
f 816/1578/1578 812/1576/1576 815/1577/1577
f 820/1617/1617 813/1553/1553 809/1616/1616
f 809/1616/1616 813/1553/1553 804/1554/1554
f 809/1616/1616 804/1554/1554 801/1619/1619
f 801/1619/1619 804/1554/1554 795/1555/1555
f 801/1619/1619 795/1555/1555 791/1622/1622
f 791/1622/1622 795/1555/1555 785/1556/1556
f 791/1622/1622 785/1556/1556 781/1624/1624
f 781/1624/1624 785/1556/1556 780/1557/1557
f 781/1624/1624 780/1557/1557 771/1626/1626
f 771/1626/1626 780/1557/1557 770/1558/1558
f 771/1626/1626 770/1558/1558 762/1628/1628
f 762/1628/1628 770/1558/1558 760/1559/1559
f 762/1628/1628 760/1559/1559 752/1630/1630
f 752/1630/1630 760/1559/1559 750/1560/1560
f 752/1630/1630 750/1560/1560 742/1632/1632
f 742/1632/1632 750/1560/1560 741/1561/1561
f 742/1632/1632 741/1561/1561 732/1634/1634
f 732/1634/1634 741/1561/1561 731/1562/1562
f 732/1634/1634 731/1562/1562 720/1636/1636
f 720/1636/1636 731/1562/1562 727/1563/1563
f 720/1636/1636 727/1563/1563 715/1638/1638
f 715/1638/1638 727/1563/1563 719/1564/1564
f 715/1638/1638 719/1564/1564 708/1640/1640
f 708/1640/1640 719/1564/1564 718/1565/1565
f 708/1640/1640 718/1565/1565 709/1642/1642
f 709/1642/1642 718/1565/1565 724/1566/1566
f 709/1642/1642 724/1566/1566 717/1644/1644
f 717/1644/1644 724/1566/1566 730/1567/1567
f 717/1644/1644 730/1567/1567 728/1646/1646
f 728/1646/1646 730/1567/1567 739/1568/1568
f 728/1646/1646 739/1568/1568 738/1648/1648
f 738/1648/1648 739/1568/1568 748/1615/1615
f 738/1648/1648 748/1615/1615 743/1652/1652
f 743/1652/1652 748/1615/1615 753/1651/1651
f 739/1568/1568 749/1569/1569 748/1615/1615
f 748/1615/1615 749/1569/1569 756/1650/1650
f 748/1615/1615 756/1650/1650 753/1651/1651
f 753/1651/1651 756/1650/1650 764/1668/1668
f 749/1569/1569 759/1669/1669 756/1650/1650
f 756/1650/1650 759/1670/1670 763/1613/1613
f 756/1650/1650 763/1613/1613 764/1671/1671
f 764/1614/1614 763/1672/1672 774/1654/1654
f 759/1570/1570 769/1571/1571 763/1673/1673
f 763/1674/1674 769/1571/1571 773/1653/1653
f 763/1675/1675 773/1653/1653 774/1654/1654
f 774/1654/1654 773/1653/1653 786/1656/1656
f 769/1571/1571 777/1572/1572 773/1653/1653
f 773/1653/1653 777/1572/1572 783/1655/1655
f 773/1653/1653 783/1655/1655 786/1656/1656
f 786/1656/1656 783/1655/1655 796/1658/1658
f 777/1572/1572 784/1573/1573 783/1655/1655
f 783/1655/1655 784/1573/1573 794/1657/1657
f 783/1655/1655 794/1657/1657 796/1658/1658
f 796/1658/1658 794/1657/1657 806/1660/1660
f 784/1573/1573 793/1574/1574 794/1657/1657
f 794/1657/1657 793/1574/1574 805/1659/1659
f 794/1657/1657 805/1659/1659 806/1660/1660
f 806/1660/1660 805/1659/1659 823/1662/1662
f 793/1574/1574 803/1575/1575 805/1659/1659
f 805/1659/1659 803/1575/1575 818/1661/1661
f 805/1659/1659 818/1661/1661 823/1662/1662
f 803/1575/1575 812/1576/1576 818/1661/1661
f 821/1579/1579 829/1580/1580 824/1663/1663
f 819/1621/1621 831/1618/1618 820/1617/1617
f 801/1619/1619 802/1620/1620 809/1616/1616
f 809/1616/1616 802/1620/1620 819/1621/1621
f 809/1616/1616 819/1621/1621 820/1617/1617
f 802/1620/1620 801/1619/1619 792/1623/1623
f 792/1623/1623 801/1619/1619 791/1622/1622
f 792/1623/1623 791/1622/1622 782/1625/1625
f 782/1625/1625 791/1622/1622 781/1624/1624
f 782/1625/1625 781/1624/1624 772/1627/1627
f 772/1627/1627 781/1624/1624 771/1626/1626
f 772/1627/1627 771/1626/1626 761/1629/1629
f 761/1629/1629 771/1626/1626 762/1628/1628
f 761/1629/1629 762/1628/1628 751/1631/1631
f 751/1631/1631 762/1628/1628 752/1630/1630
f 751/1631/1631 752/1630/1630 740/1633/1633
f 740/1633/1633 752/1630/1630 742/1632/1632
f 740/1633/1633 742/1632/1632 729/1635/1635
f 729/1635/1635 742/1632/1632 732/1634/1634
f 729/1635/1635 732/1634/1634 716/1637/1637
f 716/1637/1637 732/1634/1634 720/1636/1636
f 716/1637/1637 720/1636/1636 707/1639/1639
f 707/1639/1639 720/1636/1636 715/1638/1638
f 707/1639/1639 715/1638/1638 701/1641/1641
f 701/1641/1641 715/1638/1638 708/1640/1640
f 701/1641/1641 708/1640/1640 706/1643/1643
f 706/1643/1643 708/1640/1640 709/1642/1642
f 706/1643/1643 709/1642/1642 714/1645/1645
f 714/1645/1645 709/1642/1642 717/1644/1644
f 714/1645/1645 717/1644/1644 721/1647/1647
f 721/1647/1647 717/1644/1644 728/1646/1646
f 721/1647/1647 728/1646/1646 733/1649/1649
f 733/1649/1649 728/1646/1646 738/1648/1648
f 733/1649/1649 738/1648/1648 743/1652/1652
f 956/1677/1677 954/1678/1678 815/1676/1676
f 815/1676/1676 954/1678/1678 816/1687/1687
f 816/1687/1687 954/1678/1678 821/1686/1686
f 821/1686/1686 954/1678/1678 950/1679/1679
f 821/1686/1686 950/1679/1679 944/1680/1680
f 821/1686/1686 944/1680/1680 829/1685/1685
f 829/1685/1685 944/1680/1680 934/1681/1681
f 829/1685/1685 934/1681/1681 834/1684/1684
f 834/1684/1684 934/1681/1681 929/1682/1682
f 834/1684/1684 929/1682/1682 839/1683/1683
f 841/1688/1688 930/1689/1689 835/1699/1699
f 835/1699/1699 930/1689/1689 936/1690/1690
f 835/1699/1699 936/1690/1690 830/1698/1698
f 830/1698/1698 936/1690/1690 945/1691/1691
f 830/1698/1698 945/1691/1691 822/1697/1697
f 822/1697/1697 945/1691/1691 951/1692/1692
f 822/1697/1697 951/1692/1692 955/1693/1693
f 957/1694/1694 814/1695/1695 955/1693/1693
f 955/1693/1693 814/1695/1695 817/1696/1696
f 955/1693/1693 817/1696/1696 822/1697/1697
f 429/1700/1700 470/1812/1812 431/1760/1760
f 431/1760/1760 470/1813/1813 441/1759/1759
f 441/1759/1759 470/1814/1814 466/1764/1764
f 441/1759/1759 466/1764/1764 443/1758/1758
f 443/1758/1758 466/1764/1764 464/1765/1765
f 443/1758/1758 464/1765/1765 446/1757/1757
f 446/1757/1757 464/1765/1765 448/1756/1756
f 448/1756/1756 464/1765/1765 482/1755/1755
f 482/1755/1755 464/1765/1765 492/1815/1815
f 482/1755/1755 492/1816/1816 518/1754/1754
f 518/1817/1817 492/1762/1762 528/1767/1767
f 518/1818/1818 528/1767/1767 546/1753/1753
f 546/1753/1753 528/1767/1767 562/1769/1769
f 546/1753/1753 562/1769/1769 580/1752/1752
f 580/1752/1752 562/1769/1769 590/1771/1771
f 580/1752/1752 590/1771/1771 608/1751/1751
f 608/1751/1751 590/1771/1771 622/1773/1773
f 608/1751/1751 622/1773/1773 646/1750/1750
f 646/1750/1750 622/1773/1773 652/1775/1775
f 646/1750/1750 652/1775/1775 664/1749/1749
f 664/1749/1749 652/1775/1775 668/1777/1777
f 664/1749/1749 668/1777/1777 682/1748/1748
f 682/1748/1748 668/1777/1777 674/1779/1779
f 682/1748/1748 674/1779/1779 678/1747/1747
f 678/1747/1747 674/1779/1779 662/1781/1781
f 678/1747/1747 662/1781/1781 658/1746/1746
f 658/1746/1746 662/1781/1781 644/1783/1783
f 658/1746/1746 644/1783/1783 634/1745/1745
f 634/1745/1745 644/1783/1783 606/1785/1785
f 634/1745/1745 606/1785/1785 596/1744/1744
f 596/1744/1744 606/1785/1785 577/1787/1787
f 596/1744/1744 577/1787/1787 564/1743/1743
f 564/1743/1743 577/1787/1787 544/1789/1789
f 564/1743/1743 544/1789/1789 536/1742/1742
f 536/1742/1742 544/1789/1789 514/1791/1791
f 536/1742/1742 514/1791/1791 504/1741/1741
f 504/1741/1741 514/1791/1791 478/1793/1793
f 504/1741/1741 478/1793/1793 472/1740/1740
f 472/1740/1740 478/1793/1793 444/1795/1795
f 472/1740/1740 444/1795/1795 437/1739/1739
f 437/1739/1739 444/1795/1795 406/1798/1798
f 437/1739/1739 406/1798/1798 401/1738/1738
f 401/1738/1738 406/1798/1798 382/1797/1797
f 401/1738/1738 382/1797/1797 370/1737/1737
f 370/1737/1737 382/1797/1797 332/1800/1800
f 370/1737/1737 332/1800/1800 326/1736/1736
f 326/1736/1736 332/1800/1800 308/1802/1802
f 326/1736/1736 308/1802/1802 304/1735/1735
f 304/1735/1735 308/1802/1802 300/1804/1804
f 304/1735/1735 300/1804/1804 292/1734/1734
f 292/1734/1734 300/1804/1804 296/1733/1733
f 296/1733/1733 300/1804/1804 302/1806/1806
f 296/1733/1733 302/1806/1806 312/1732/1732
f 312/1732/1732 302/1806/1806 322/1808/1808
f 312/1732/1732 322/1808/1808 342/1731/1731
f 342/1731/1731 322/1808/1808 362/1810/1810
f 342/1731/1731 362/1810/1810 386/1730/1730
f 386/1730/1730 362/1810/1810 390/1729/1729
f 390/1729/1729 362/1810/1810 397/1728/1728
f 397/1728/1728 362/1810/1810 376/1809/1809
f 397/1728/1728 376/1809/1809 399/1811/1811
f 399/1811/1811 376/1809/1809 395/1724/1724
f 399/1811/1811 395/1724/1724 410/1727/1727
f 410/1727/1727 395/1724/1724 423/1726/1726
f 423/1726/1726 395/1724/1724 425/1725/1725
f 466/1764/1764 470/1819/1819 490/1761/1761
f 490/1820/1820 470/1701/1701 496/1702/1702
f 490/1821/1821 496/1702/1702 524/1766/1766
f 524/1766/1766 496/1702/1702 526/1703/1703
f 524/1766/1766 526/1703/1703 560/1768/1768
f 560/1768/1768 526/1703/1703 558/1704/1704
f 560/1768/1768 558/1704/1704 588/1770/1770
f 588/1770/1770 558/1704/1704 586/1705/1705
f 588/1770/1770 586/1705/1705 612/1772/1772
f 612/1772/1772 586/1705/1705 604/1706/1706
f 612/1772/1772 604/1706/1706 642/1774/1774
f 642/1774/1774 604/1706/1706 626/1707/1707
f 642/1774/1774 626/1707/1707 654/1776/1776
f 654/1776/1776 626/1707/1707 638/1708/1708
f 654/1776/1776 638/1708/1708 656/1778/1778
f 656/1778/1778 638/1708/1708 630/1709/1709
f 656/1778/1778 630/1709/1709 650/1780/1780
f 650/1780/1780 630/1709/1709 616/1710/1710
f 650/1780/1780 616/1710/1710 628/1782/1782
f 628/1782/1782 616/1710/1710 592/1711/1711
f 628/1782/1782 592/1711/1711 594/1784/1784
f 594/1784/1784 592/1711/1711 568/1712/1712
f 594/1784/1784 568/1712/1712 569/1786/1786
f 569/1786/1786 568/1712/1712 542/1713/1713
f 569/1786/1786 542/1713/1713 540/1788/1788
f 540/1788/1788 542/1713/1713 516/1714/1714
f 540/1788/1788 516/1714/1714 512/1790/1790
f 512/1790/1790 516/1714/1714 486/1715/1715
f 512/1790/1790 486/1715/1715 480/1792/1792
f 480/1792/1792 486/1715/1715 454/1716/1716
f 480/1792/1792 454/1716/1716 452/1794/1794
f 452/1794/1794 454/1716/1716 415/1763/1763
f 452/1794/1794 415/1763/1763 406/1798/1798
f 406/1798/1798 415/1763/1763 382/1797/1797
f 454/1716/1716 421/1717/1717 415/1763/1763
f 415/1763/1763 421/1717/1717 384/1796/1796
f 415/1763/1763 384/1796/1796 382/1797/1797
f 382/1797/1797 384/1796/1796 332/1800/1800
f 421/1717/1717 393/1718/1718 384/1796/1796
f 384/1796/1796 393/1718/1718 360/1799/1799
f 384/1796/1796 360/1799/1799 332/1800/1800
f 332/1800/1800 360/1799/1799 308/1802/1802
f 393/1718/1718 374/1719/1719 360/1799/1799
f 360/1799/1799 374/1719/1719 324/1801/1801
f 360/1799/1799 324/1801/1801 308/1802/1802
f 308/1802/1802 324/1801/1801 300/1804/1804
f 374/1719/1719 346/1720/1720 324/1801/1801
f 324/1801/1801 346/1720/1720 316/1803/1803
f 324/1801/1801 316/1803/1803 300/1804/1804
f 300/1804/1804 316/1803/1803 302/1806/1806
f 346/1720/1720 338/1721/1721 316/1803/1803
f 316/1803/1803 338/1721/1721 320/1805/1805
f 316/1803/1803 320/1805/1805 302/1806/1806
f 302/1806/1806 320/1805/1805 322/1808/1808
f 338/1721/1721 350/1722/1722 320/1805/1805
f 320/1805/1805 350/1722/1722 334/1807/1807
f 320/1805/1805 334/1807/1807 322/1808/1808
f 322/1808/1808 334/1807/1807 362/1810/1810
f 350/1722/1722 380/1723/1723 334/1807/1807
f 334/1807/1807 380/1723/1723 376/1809/1809
f 334/1807/1807 376/1809/1809 362/1810/1810
f 380/1723/1723 395/1724/1724 376/1809/1809
f 410/1727/1727 397/1728/1728 399/1811/1811
f 464/1765/1765 466/1764/1764 492/1822/1822
f 492/1823/1823 466/1764/1764 490/1761/1761
f 492/1762/1762 490/1824/1824 528/1767/1767
f 528/1767/1767 490/1825/1825 524/1766/1766
f 528/1767/1767 524/1766/1766 562/1769/1769
f 562/1769/1769 524/1766/1766 560/1768/1768
f 562/1769/1769 560/1768/1768 590/1771/1771
f 590/1771/1771 560/1768/1768 588/1770/1770
f 590/1771/1771 588/1770/1770 622/1773/1773
f 622/1773/1773 588/1770/1770 612/1772/1772
f 622/1773/1773 612/1772/1772 652/1775/1775
f 652/1775/1775 612/1772/1772 642/1774/1774
f 652/1775/1775 642/1774/1774 668/1777/1777
f 668/1777/1777 642/1774/1774 654/1776/1776
f 668/1777/1777 654/1776/1776 674/1779/1779
f 674/1779/1779 654/1776/1776 656/1778/1778
f 674/1779/1779 656/1778/1778 662/1781/1781
f 662/1781/1781 656/1778/1778 650/1780/1780
f 662/1781/1781 650/1780/1780 644/1783/1783
f 644/1783/1783 650/1780/1780 628/1782/1782
f 644/1783/1783 628/1782/1782 606/1785/1785
f 606/1785/1785 628/1782/1782 594/1784/1784
f 606/1785/1785 594/1784/1784 577/1787/1787
f 577/1787/1787 594/1784/1784 569/1786/1786
f 577/1787/1787 569/1786/1786 544/1789/1789
f 544/1789/1789 569/1786/1786 540/1788/1788
f 544/1789/1789 540/1788/1788 514/1791/1791
f 514/1791/1791 540/1788/1788 512/1790/1790
f 514/1791/1791 512/1790/1790 478/1793/1793
f 478/1793/1793 512/1790/1790 480/1792/1792
f 478/1793/1793 480/1792/1792 444/1795/1795
f 444/1795/1795 480/1792/1792 452/1794/1794
f 444/1795/1795 452/1794/1794 406/1798/1798
f 268/1827/1827 267/1828/1828 425/1826/1826
f 425/1826/1826 267/1828/1828 423/1837/1837
f 423/1837/1837 267/1828/1828 410/1836/1836
f 410/1836/1836 267/1828/1828 264/1829/1829
f 410/1836/1836 264/1829/1829 397/1835/1835
f 397/1835/1835 264/1829/1829 259/1830/1830
f 397/1835/1835 259/1830/1830 390/1834/1834
f 390/1834/1834 259/1830/1830 261/1831/1831
f 390/1834/1834 261/1831/1831 386/1833/1833
f 386/1833/1833 261/1831/1831 270/1832/1832
f 340/1839/1839 330/1840/1840 448/1838/1838
f 448/1838/1838 330/1840/1840 446/1849/1849
f 446/1849/1849 330/1840/1840 310/1841/1841
f 446/1849/1849 310/1841/1841 443/1848/1848
f 443/1848/1848 310/1841/1841 290/1842/1842
f 443/1848/1848 290/1842/1842 441/1847/1847
f 441/1847/1847 290/1842/1842 284/1843/1843
f 441/1847/1847 284/1843/1843 431/1846/1846
f 431/1846/1846 284/1843/1843 429/1845/1845
f 429/1845/1845 284/1843/1843 282/1844/1844
f 424/1850/1850 394/1851/1851 422/1910/1910
f 422/1910/1910 394/1851/1851 409/1909/1909
f 409/1909/1909 394/1851/1851 383/1915/1915
f 409/1909/1909 383/1915/1915 396/1908/1908
f 396/1908/1908 383/1915/1915 381/1916/1916
f 396/1908/1908 381/1916/1916 389/1907/1907
f 389/1907/1907 381/1916/1916 385/1906/1906
f 385/1906/1906 381/1916/1916 341/1905/1905
f 341/1905/1905 381/1916/1916 331/1919/1919
f 341/1905/1905 331/1919/1919 311/1904/1904
f 311/1904/1904 331/1919/1919 307/1918/1918
f 311/1904/1904 307/1918/1918 295/1903/1903
f 295/1903/1903 307/1918/1918 299/1921/1921
f 295/1903/1903 299/1921/1921 291/1902/1902
f 291/1902/1902 299/1921/1921 301/1923/1923
f 291/1902/1902 301/1923/1923 303/1901/1901
f 303/1901/1901 301/1923/1923 321/1925/1925
f 303/1901/1901 321/1925/1925 325/1900/1900
f 325/1900/1900 321/1925/1925 361/1927/1927
f 325/1900/1900 361/1927/1927 369/1899/1899
f 369/1899/1899 361/1927/1927 391/1929/1929
f 369/1899/1899 391/1929/1929 400/1898/1898
f 400/1898/1898 391/1929/1929 426/1931/1931
f 400/1898/1898 426/1931/1931 436/1897/1897
f 436/1897/1897 426/1931/1931 463/1933/1933
f 436/1897/1897 463/1933/1933 471/1896/1896
f 471/1896/1896 463/1933/1933 491/1962/1962
f 471/1896/1896 491/1963/1963 503/1895/1895
f 503/1964/1964 491/1912/1912 527/1935/1935
f 503/1965/1965 527/1935/1935 535/1894/1894
f 535/1894/1894 527/1935/1935 561/1937/1937
f 535/1894/1894 561/1937/1937 563/1893/1893
f 563/1893/1893 561/1937/1937 589/1939/1939
f 563/1893/1893 589/1939/1939 595/1892/1892
f 595/1892/1892 589/1939/1939 621/1941/1941
f 595/1892/1892 621/1941/1941 633/1891/1891
f 633/1891/1891 621/1941/1941 651/1943/1943
f 633/1891/1891 651/1943/1943 657/1890/1890
f 657/1890/1890 651/1943/1943 667/1945/1945
f 657/1890/1890 667/1945/1945 677/1889/1889
f 677/1889/1889 667/1945/1945 673/1948/1948
f 677/1889/1889 673/1948/1948 681/1888/1888
f 681/1888/1888 673/1948/1948 661/1947/1947
f 681/1888/1888 661/1947/1947 663/1887/1887
f 663/1887/1887 661/1947/1947 643/1950/1950
f 663/1887/1887 643/1950/1950 645/1886/1886
f 645/1886/1886 643/1950/1950 605/1952/1952
f 645/1886/1886 605/1952/1952 607/1885/1885
f 607/1885/1885 605/1952/1952 578/1954/1954
f 607/1885/1885 578/1954/1954 579/1884/1884
f 579/1884/1884 578/1954/1954 545/1883/1883
f 545/1883/1883 578/1954/1954 543/1956/1956
f 545/1883/1883 543/1956/1956 517/1882/1882
f 517/1882/1882 543/1956/1956 513/1958/1958
f 517/1882/1882 513/1958/1958 481/1881/1881
f 481/1881/1881 513/1958/1958 477/1960/1960
f 481/1881/1881 477/1960/1960 447/1880/1880
f 447/1880/1880 477/1960/1960 445/1879/1879
f 445/1879/1879 477/1960/1960 442/1878/1878
f 442/1878/1878 477/1960/1960 479/1959/1959
f 442/1878/1878 479/1959/1959 451/1961/1961
f 451/1961/1961 479/1959/1959 469/1874/1874
f 451/1961/1961 469/1874/1874 440/1877/1877
f 440/1877/1877 469/1874/1874 430/1876/1876
f 430/1876/1876 469/1874/1874 428/1875/1875
f 383/1915/1915 394/1851/1851 359/1913/1913
f 359/1913/1913 394/1851/1851 379/1852/1852
f 359/1913/1913 379/1852/1852 323/1917/1917
f 323/1917/1917 379/1852/1852 349/1853/1853
f 323/1917/1917 349/1853/1853 315/1920/1920
f 315/1920/1920 349/1853/1853 337/1854/1854
f 315/1920/1920 337/1854/1854 319/1922/1922
f 319/1922/1922 337/1854/1854 345/1855/1855
f 319/1922/1922 345/1855/1855 333/1924/1924
f 333/1924/1924 345/1855/1855 373/1856/1856
f 333/1924/1924 373/1856/1856 375/1926/1926
f 375/1926/1926 373/1856/1856 392/1857/1857
f 375/1926/1926 392/1857/1857 398/1928/1928
f 398/1928/1928 392/1857/1857 420/1858/1858
f 398/1928/1928 420/1858/1858 427/1930/1930
f 427/1930/1930 420/1858/1858 453/1859/1859
f 427/1930/1930 453/1859/1859 465/1932/1932
f 465/1932/1932 453/1859/1859 485/1966/1966
f 465/1932/1932 485/1967/1967 489/1911/1911
f 489/1968/1968 485/1860/1860 515/1861/1861
f 489/1969/1969 515/1861/1861 523/1934/1934
f 523/1934/1934 515/1861/1861 541/1862/1862
f 523/1934/1934 541/1862/1862 559/1936/1936
f 559/1936/1936 541/1862/1862 567/1863/1863
f 559/1936/1936 567/1863/1863 587/1938/1938
f 587/1938/1938 567/1863/1863 591/1864/1864
f 587/1938/1938 591/1864/1864 611/1940/1940
f 611/1940/1940 591/1864/1864 615/1865/1865
f 611/1940/1940 615/1865/1865 641/1942/1942
f 641/1942/1942 615/1865/1865 629/1866/1866
f 641/1942/1942 629/1866/1866 653/1944/1944
f 653/1944/1944 629/1866/1866 655/1914/1914
f 653/1944/1944 655/1914/1914 673/1948/1948
f 673/1948/1948 655/1914/1914 661/1947/1947
f 629/1866/1866 637/1867/1867 655/1914/1914
f 655/1914/1914 637/1867/1867 649/1946/1946
f 655/1914/1914 649/1946/1946 661/1947/1947
f 661/1947/1947 649/1946/1946 643/1950/1950
f 637/1867/1867 625/1868/1868 649/1946/1946
f 649/1946/1946 625/1868/1868 627/1949/1949
f 649/1946/1946 627/1949/1949 643/1950/1950
f 643/1950/1950 627/1949/1949 605/1952/1952
f 625/1868/1868 603/1869/1869 627/1949/1949
f 627/1949/1949 603/1869/1869 593/1951/1951
f 627/1949/1949 593/1951/1951 605/1952/1952
f 605/1952/1952 593/1951/1951 578/1954/1954
f 603/1869/1869 585/1870/1870 593/1951/1951
f 593/1951/1951 585/1870/1870 570/1953/1953
f 593/1951/1951 570/1953/1953 578/1954/1954
f 578/1954/1954 570/1953/1953 543/1956/1956
f 585/1870/1870 557/1871/1871 570/1953/1953
f 570/1953/1953 557/1871/1871 539/1955/1955
f 570/1953/1953 539/1955/1955 543/1956/1956
f 543/1956/1956 539/1955/1955 513/1958/1958
f 557/1871/1871 525/1872/1872 539/1955/1955
f 539/1955/1955 525/1872/1872 511/1957/1957
f 539/1955/1955 511/1957/1957 513/1958/1958
f 513/1958/1958 511/1957/1957 477/1960/1960
f 525/1872/1872 495/1873/1873 511/1957/1957
f 511/1957/1957 495/1873/1873 479/1959/1959
f 511/1957/1957 479/1959/1959 477/1960/1960
f 495/1873/1873 469/1874/1874 479/1959/1959
f 440/1877/1877 442/1878/1878 451/1961/1961
f 489/1911/1911 491/1970/1970 465/1932/1932
f 465/1932/1932 491/1971/1971 463/1933/1933
f 465/1932/1932 463/1933/1933 427/1930/1930
f 427/1930/1930 463/1933/1933 426/1931/1931
f 427/1930/1930 426/1931/1931 398/1928/1928
f 398/1928/1928 426/1931/1931 391/1929/1929
f 398/1928/1928 391/1929/1929 375/1926/1926
f 375/1926/1926 391/1929/1929 361/1927/1927
f 375/1926/1926 361/1927/1927 333/1924/1924
f 333/1924/1924 361/1927/1927 321/1925/1925
f 333/1924/1924 321/1925/1925 319/1922/1922
f 319/1922/1922 321/1925/1925 301/1923/1923
f 319/1922/1922 301/1923/1923 315/1920/1920
f 315/1920/1920 301/1923/1923 299/1921/1921
f 315/1920/1920 299/1921/1921 323/1917/1917
f 323/1917/1917 299/1921/1921 307/1918/1918
f 323/1917/1917 307/1918/1918 359/1913/1913
f 359/1913/1913 307/1918/1918 331/1919/1919
f 359/1913/1913 331/1919/1919 383/1915/1915
f 383/1915/1915 331/1919/1919 381/1916/1916
f 491/1912/1912 489/1972/1972 527/1935/1935
f 527/1935/1935 489/1973/1973 523/1934/1934
f 527/1935/1935 523/1934/1934 561/1937/1937
f 561/1937/1937 523/1934/1934 559/1936/1936
f 561/1937/1937 559/1936/1936 589/1939/1939
f 589/1939/1939 559/1936/1936 587/1938/1938
f 589/1939/1939 587/1938/1938 621/1941/1941
f 621/1941/1941 587/1938/1938 611/1940/1940
f 621/1941/1941 611/1940/1940 651/1943/1943
f 651/1943/1943 611/1940/1940 641/1942/1942
f 651/1943/1943 641/1942/1942 667/1945/1945
f 667/1945/1945 641/1942/1942 653/1944/1944
f 667/1945/1945 653/1944/1944 673/1948/1948
f 281/1975/1975 283/1976/1976 428/1974/1974
f 428/1974/1974 283/1976/1976 430/1985/1985
f 430/1985/1985 283/1976/1976 440/1984/1984
f 440/1984/1984 283/1976/1976 289/1977/1977
f 440/1984/1984 289/1977/1977 442/1983/1983
f 442/1983/1983 289/1977/1977 309/1978/1978
f 442/1983/1983 309/1978/1978 445/1982/1982
f 445/1982/1982 309/1978/1978 329/1979/1979
f 445/1982/1982 329/1979/1979 447/1981/1981
f 447/1981/1981 329/1979/1979 339/1980/1980
f 269/1987/1987 262/1988/1988 385/1986/1986
f 385/1986/1986 262/1988/1988 389/1997/1997
f 389/1997/1997 262/1988/1988 260/1989/1989
f 389/1997/1997 260/1989/1989 396/1996/1996
f 396/1996/1996 260/1989/1989 263/1990/1990
f 396/1996/1996 263/1990/1990 409/1995/1995
f 409/1995/1995 263/1990/1990 266/1991/1991
f 409/1995/1995 266/1991/1991 422/1994/1994
f 422/1994/1994 266/1991/1991 424/1993/1993
f 424/1993/1993 266/1991/1991 265/1992/1992
# 1137 vertices
# 1997 texture params
# 1997 normals
# 2274 facets

# 1 groups
