# WaveFront *.obj file (generated by Autodesk ATF)

mtllib Body_Lower_Standing_Chalk_Holder.mtl

g Solid1

v -0.440000 0.000000 -1.000000
v -0.440000 0.000000 0.000000
v -0.440000 0.080000 -1.000000
v -0.440000 0.080000 0.000000
v -0.433315 0.000000 -1.076406
v -0.433315 0.000000 0.076406
v -0.433315 0.080000 -1.076406
v -0.433315 0.080000 0.076406
v -0.413464 0.000000 -1.150490
v -0.413465 0.000000 0.150490
v -0.413464 0.080000 -1.150490
v -0.413465 0.080000 0.150490
v -0.381050 0.000000 -1.220001
v -0.381051 0.000000 0.220001
v -0.381050 0.080000 -1.220001
v -0.381051 0.080000 0.220001
v -0.337058 0.000000 -1.282828
v -0.337059 0.000000 0.282828
v -0.337058 0.080000 -1.282828
v -0.337059 0.080000 0.282828
v -0.290000 0.080000 -1.000000
v -0.290000 0.080000 -0.532500
v -0.290000 0.080000 -0.467500
v -0.290000 0.080000 0.000000
v -0.290000 0.155000 -0.555000
v -0.290000 0.155000 -0.532500
v -0.290000 0.155000 -0.467500
v -0.290000 0.155000 -0.445000
v -0.290000 0.755000 -1.000000
v -0.290000 0.755000 -0.555000
v -0.290000 0.755000 -0.445000
v -0.290000 0.755000 0.000000
v -0.288727 0.756637 -1.027142
v -0.288727 0.756637 0.027142
v -0.288019 0.757547 -0.555000
v -0.288019 0.757547 -0.445000
v -0.287946 0.757641 -0.554875
v -0.287946 0.757641 -0.445125
v -0.287321 0.155000 -0.545000
v -0.287321 0.155000 -0.455000
v -0.287321 0.754081 -0.545000
v -0.287321 0.754081 -0.455000
v -0.284945 0.080000 -1.053908
v -0.284945 0.080000 0.053908
v -0.284919 0.761532 -1.054045
v -0.284919 0.761532 0.054045
v -0.282824 0.000000 -1.337061
v -0.282825 0.000000 0.337061
v -0.282824 0.080000 -1.337061
v -0.282825 0.080000 0.337061
v -0.280000 0.155000 -0.537680
v -0.280000 0.155000 -0.462321
v -0.280000 0.751569 -0.537680
v -0.280000 0.751569 -0.462321
v -0.278611 0.769643 -1.080474
v -0.278611 0.769643 0.080474
v -0.277627 0.770908 -0.591712
v -0.277627 0.770908 -0.408288
v -0.275684 0.764992 -0.541585
v -0.275111 0.765116 -0.458820
v -0.270189 0.771465 -0.436558
v -0.270000 0.155000 -0.535000
v -0.270000 0.155000 -0.465000
v -0.270000 0.748138 -0.535000
v -0.270000 0.748138 -0.465000
v -0.269958 0.080000 -1.105938
v -0.269958 0.080000 0.105938
v -0.269856 0.780900 -1.106197
v -0.269856 0.780900 0.106197
v -0.267120 0.765645 -0.536884
v -0.266723 0.765618 -0.463267
v -0.264762 0.778651 -0.581489
v -0.264651 0.772333 -0.438334
v -0.262164 0.790789 -0.626592
v -0.262164 0.790789 -0.373408
v -0.262109 0.782137 -0.411167
v -0.259409 0.779391 -0.579295
v -0.258732 0.795201 -1.130987
v -0.258732 0.795201 0.130987
v -0.257848 0.796338 -1.004777
v -0.257848 0.796338 0.004777
v -0.257782 0.763846 -0.535000
v -0.257782 0.763846 -0.465000
v -0.256863 0.782813 -0.413508
v -0.256733 0.797773 -0.975934
v -0.256733 0.797773 -0.024066
v -0.255631 0.799188 -1.033555
v -0.255631 0.799188 0.033555
v -0.254351 0.799149 -0.006283
v -0.254268 0.799254 -1.009086
v -0.254116 0.155000 -0.535000
v -0.254116 0.155000 -0.465000
v -0.254116 0.762389 -0.535000
v -0.254116 0.762389 -0.465000
v -0.253163 0.800684 -0.975137
v -0.252416 0.801650 0.031472
v -0.252300 0.803471 -0.947413
v -0.252300 0.803471 -0.052587
v -0.251726 0.802544 -0.036312
v -0.251334 0.796343 -0.386460
v -0.250653 0.803929 -1.042921
v -0.250113 0.806284 -1.061886
v -0.250113 0.806284 0.061886
v -0.250065 0.800202 -0.006143
v -0.249981 0.800308 -1.008872
v -0.248918 0.801705 -0.975701
v -0.248188 0.802660 0.030751
v -0.247527 0.803529 -0.035493
v -0.247385 0.808155 -0.941605
v -0.247321 0.768006 -0.441495
v -0.246676 0.799709 -0.006073
v -0.246594 0.799815 -1.008768
v -0.246475 0.804904 -1.041988
v -0.246435 0.796800 -0.389267
v -0.246076 0.803280 -0.623564
v -0.245560 0.080000 -1.154274
v -0.245560 0.080000 0.154274
v -0.245551 0.801204 -0.975979
v -0.245435 0.810676 -0.065861
v -0.245371 0.155000 -0.537013
v -0.245371 0.155000 -0.462987
v -0.245337 0.812424 -1.154628
v -0.245337 0.812424 0.154628
v -0.244829 0.802158 0.030397
v -0.244636 0.811709 0.068585
v -0.244610 0.813359 -0.919593
v -0.244610 0.813359 -0.080407
v -0.244183 0.803020 -0.035089
v -0.243318 0.809043 -0.942890
v -0.243142 0.804398 -1.041538
v -0.242987 0.797372 -0.006053
v -0.242906 0.797477 -1.008743
v -0.242488 0.775023 -0.575327
v -0.242355 0.814657 -1.075972
v -0.241939 0.816793 -0.658944
v -0.241939 0.816793 -0.341056
v -0.241865 0.798882 -0.976054
v -0.241425 0.811523 -0.064430
v -0.241365 0.817531 -1.089392
v -0.241365 0.817531 0.089393
v -0.241320 0.803645 -0.620584
v -0.241148 0.799842 0.030305
v -0.240935 0.752282 -0.539958
v -0.240935 0.752282 -0.460042
v -0.240645 0.812544 0.067110
v -0.240559 0.793671 -0.006107
v -0.240502 0.800717 -0.034978
v -0.240480 0.793775 -1.008834
v -0.240104 0.778411 -0.417797
v -0.240043 0.808512 -0.943529
v -0.240000 0.000000 -1.000000
v -0.240000 0.000000 -0.500000
v -0.240000 0.000000 0.000000
v -0.240000 0.030000 -1.000000
v -0.240000 0.030000 -0.500000
v -0.240000 0.030000 0.000000
v -0.239876 0.790306 -1.007700
v -0.239876 0.790306 0.007700
v -0.239460 0.802111 -1.041441
v -0.239413 0.795218 -0.975829
v -0.238754 0.155000 -1.024423
v -0.238754 0.155000 0.024423
v -0.238691 0.796190 0.030597
v -0.238445 0.792223 -0.972724
v -0.238445 0.792223 -0.027276
v -0.238428 0.815445 -1.074365
v -0.238386 0.155000 -0.542648
v -0.238386 0.155000 -0.457352
v -0.238180 0.810982 -0.063714
v -0.238025 0.797093 -0.035300
v -0.237915 0.813998 -0.362748
v -0.237581 0.155000 -0.966011
v -0.237581 0.155000 -0.033989
v -0.237411 0.812000 0.066370
v -0.236966 0.798518 -1.041859
v -0.236976 0.821608 -0.909063
v -0.236379 0.806256 -0.943719
v -0.236205 0.795223 -1.042512
v -0.236205 0.795223 0.042512
v -0.235513 0.823499 -0.094527
v -0.235229 0.814891 -1.073554
v -0.234896 0.754894 -0.440355
v -0.234746 0.000000 -1.049942
v -0.234746 0.000000 -0.950059
v -0.234746 0.000000 -0.549942
v -0.234746 0.000000 -0.450058
v -0.234746 0.000000 -0.049942
v -0.234746 0.000000 0.049942
v -0.234746 0.030000 -1.049942
v -0.234746 0.030000 -0.950059
v -0.234746 0.030000 -0.549942
v -0.234746 0.030000 -0.450058
v -0.234746 0.030000 -0.049942
v -0.234746 0.030000 0.049942
v -0.234595 0.739829 -0.550652
v -0.234595 0.739829 -0.449348
v -0.234569 0.155000 -0.550769
v -0.234569 0.155000 -0.449231
v -0.234569 0.739706 -0.550769
v -0.234569 0.739706 -0.449231
v -0.234524 0.808748 -0.063493
v -0.233834 0.802744 -0.943235
v -0.233764 0.827303 -0.892844
v -0.233764 0.827303 -0.107156
v -0.233760 0.809772 0.066135
v -0.233398 0.814229 -0.365921
v -0.233198 0.822290 -0.910933
v -0.231951 0.805284 -0.064020
v -0.231941 0.800934 -0.938328
v -0.231941 0.800934 -0.061672
v -0.231772 0.824156 -0.092601
v -0.231588 0.812686 -1.073284
v -0.231179 0.806323 0.066666
v -0.231198 0.829073 0.104227
v -0.230385 0.792317 -0.394570
v -0.230078 0.821712 -0.911887
v -0.229901 0.762376 -0.576527
v -0.229527 0.831232 -1.107731
v -0.229505 0.832779 -1.115707
v -0.229505 0.832779 0.115707
v -0.229266 0.825375 -0.650006
v -0.228977 0.809290 -1.073844
v -0.228673 0.823571 -0.091615
v -0.227724 0.749606 -0.575774
v -0.227724 0.749606 -0.424226
v -0.227562 0.829661 0.102166
v -0.227508 0.806871 -1.076420
v -0.227508 0.806871 0.076420
v -0.227448 0.765934 -0.416590
v -0.226462 0.819560 -0.912229
v -0.225930 0.831793 -1.105620
v -0.225779 0.155000 -1.081387
v -0.225779 0.155000 0.081387
v -0.225619 0.799138 -0.614897
v -0.225064 0.821433 -0.091253
v -0.224965 0.825473 -0.646650
v -0.224521 0.829061 0.101099
v -0.223782 0.816286 -0.911615
v -0.222913 0.831186 -1.104523
v -0.222369 0.818190 -0.091872
v -0.222329 0.155000 -0.909613
v -0.222329 0.155000 -0.090387
v -0.222085 0.840845 -0.878133
v -0.222085 0.840845 -0.121868
v -0.221907 0.835020 -0.340344
v -0.220937 0.826958 0.100678
v -0.220502 0.816253 -0.905244
v -0.220502 0.816253 -0.094756
v -0.219997 0.000000 -1.381053
v -0.219998 0.000000 0.381052
v -0.219997 0.080000 -1.381053
v -0.219998 0.080000 0.381052
v -0.219908 0.845119 -0.867524
v -0.219908 0.845119 -0.132476
v -0.219338 0.829097 -1.104082
v -0.219215 0.000000 -1.097697
v -0.219215 0.000000 -0.902303
v -0.219215 0.000000 -0.597697
v -0.219215 0.000000 -0.402303
v -0.219215 0.000000 -0.097697
v -0.219215 0.000000 0.097697
v -0.219215 0.030000 -1.097697
v -0.219215 0.030000 -0.902303
v -0.219215 0.030000 -0.597697
v -0.219215 0.030000 -0.402303
v -0.219215 0.030000 -0.097697
v -0.219215 0.030000 0.097697
v -0.218659 0.841292 -0.880433
v -0.218660 0.841292 -0.119568
v -0.218223 0.763349 -0.599894
v -0.218223 0.763349 -0.400106
v -0.218202 0.823796 0.101292
v -0.218167 0.809665 -0.372116
v -0.217782 0.835034 -0.343783
v -0.217523 0.780567 -0.393519
v -0.217355 0.848400 -0.688123
v -0.217355 0.848400 -0.311877
v -0.216588 0.825966 -1.104696
v -0.215740 0.840661 -0.881644
v -0.215740 0.840661 -0.118356
v -0.215352 0.155000 -0.605942
v -0.215352 0.155000 -0.394058
v -0.214692 0.851825 -1.140479
v -0.214692 0.851825 0.140480
v -0.213971 0.825000 -1.108702
v -0.213971 0.825000 0.108702
v -0.213934 0.825154 -1.108777
v -0.213934 0.825154 0.108777
v -0.213863 0.842729 -1.121161
v -0.213863 0.842729 0.121162
v -0.212695 0.787727 -0.615807
v -0.212602 0.080000 -1.197232
v -0.212602 0.080000 0.197232
v -0.212209 0.838630 -0.882173
v -0.212209 0.838630 -0.117827
v -0.212222 0.855000 -1.197640
v -0.212222 0.855000 -1.166918
v -0.212222 0.855000 0.166918
v -0.212222 0.855000 0.197640
v -0.210272 0.820844 -0.639981
v -0.209489 0.857110 -0.858283
v -0.209399 0.835630 -0.881573
v -0.209400 0.835631 -0.118427
v -0.209054 0.851882 -0.674566
v -0.206320 0.857398 -0.860795
v -0.206175 0.780775 -0.622848
v -0.206175 0.780775 -0.377152
v -0.206047 0.855000 -1.204070
v -0.206047 0.855000 0.204070
v -0.205194 0.851759 -0.670984
v -0.205171 0.798674 -0.371426
v -0.204373 0.837855 -0.874176
v -0.204373 0.837855 -0.125824
v -0.203554 0.856732 -0.862151
v -0.203449 0.830401 -0.350738
v -0.203401 0.859273 -0.319579
v -0.203225 0.866568 -0.843969
v -0.203225 0.866568 -0.156031
v -0.200106 0.854784 -0.862821
v -0.199678 0.855000 -1.210306
v -0.199678 0.855000 0.210306
v -0.199664 0.859095 -0.323194
v -0.199424 0.155000 -1.133529
v -0.199424 0.155000 0.133529
v -0.199241 0.825000 -1.133802
v -0.199241 0.825000 0.133802
v -0.197612 0.855000 -1.183983
v -0.197612 0.855000 0.183983
v -0.197285 0.810255 -0.640341
v -0.197230 0.851971 -0.862296
v -0.196164 0.850981 -1.162925
v -0.196164 0.850981 0.162925
v -0.195029 0.875778 -0.839680
v -0.195029 0.875777 -0.160320
v -0.194215 0.000000 -1.140998
v -0.194215 0.000000 -0.859002
v -0.194215 0.000000 -0.640998
v -0.194215 0.000000 -0.359002
v -0.194215 0.000000 -0.140998
v -0.194215 0.000000 0.140998
v -0.194215 0.030000 -1.140998
v -0.194215 0.030000 -0.859002
v -0.194215 0.030000 -0.640998
v -0.194215 0.030000 -0.359002
v -0.194215 0.030000 -0.140998
v -0.194215 0.030000 0.140998
v -0.193902 0.155000 -0.858572
v -0.193902 0.155000 -0.141428
v -0.193119 0.155000 -1.216344
v -0.193119 0.155000 0.216344
v -0.193119 0.855000 -1.216344
v -0.193119 0.855000 0.216344
v -0.192118 0.875914 -0.842347
v -0.192119 0.875915 -0.157654
v -0.191722 0.801680 -0.644370
v -0.191722 0.801680 -0.355630
v -0.191547 0.847096 -0.663578
v -0.190443 0.820142 -0.350590
v -0.189514 0.875217 -0.843822
v -0.189514 0.875217 -0.156178
v -0.188904 0.884981 -0.713544
v -0.188904 0.884981 -0.286456
v -0.187717 0.840000 -1.155909
v -0.187717 0.840000 0.155909
v -0.187441 0.155000 -1.004717
v -0.187441 0.155000 0.004717
v -0.186333 0.155000 -1.222216
v -0.186333 0.155000 0.222216
v -0.186282 0.854409 -0.330775
v -0.186170 0.873349 -0.844636
v -0.186171 0.873349 -0.155364
v -0.185824 0.882286 -0.696616
v -0.184662 0.155000 -0.532500
v -0.184662 0.155000 -0.467500
v -0.183939 0.891364 -0.822495
v -0.183939 0.891364 -0.177505
v -0.183895 0.865280 -0.845784
v -0.183895 0.865280 -0.154216
v -0.183633 0.855000 -1.221054
v -0.183633 0.855000 0.221054
v -0.183373 0.155000 -0.654837
v -0.183373 0.155000 -0.345163
v -0.183254 0.870713 -0.844229
v -0.183254 0.870714 -0.155771
v -0.182660 0.886411 -0.300787
v -0.182527 0.155000 -1.221237
v -0.182527 0.155000 0.221237
v -0.182402 0.881960 -0.692895
v -0.181633 0.855000 -1.199773
v -0.181633 0.855000 0.199773
v -0.181582 0.825000 -1.156934
v -0.181582 0.825000 0.156934
v -0.181321 0.155000 -0.952260
v -0.181321 0.155000 -0.047740
v -0.179369 0.155000 -1.227875
v -0.179369 0.155000 0.227875
v -0.179303 0.886061 -0.304508
v -0.178690 0.155000 -1.056800
v -0.178690 0.155000 0.056800
v -0.178639 0.837331 -0.663237
v -0.175032 0.825821 -0.664207
v -0.175032 0.825821 -0.335793
v -0.174993 0.153119 -0.532500
v -0.174993 0.153119 -0.467500
v -0.174145 0.151651 -1.017277
v -0.174145 0.151651 0.017277
v -0.173670 0.903340 -0.182353
v -0.173421 0.844810 -0.331310
v -0.173285 0.903836 -0.817298
v -0.173072 0.855000 -1.220258
v -0.173072 0.855000 0.220258
v -0.172788 0.151651 -0.972267
v -0.172788 0.151651 -0.027733
v -0.172232 0.080000 -1.233315
v -0.172232 0.080000 0.233315
v -0.172232 0.155000 -1.233315
v -0.172232 0.155000 0.233315
v -0.171093 0.903298 -0.179557
v -0.171008 0.155000 -1.219387
v -0.171008 0.155000 0.219387
v -0.170713 0.903791 -0.820095
v -0.169879 0.877247 -0.684881
v -0.168708 0.902565 -0.177959
v -0.168333 0.903057 -0.821695
v -0.168274 0.155000 -0.582706
v -0.168274 0.155000 -0.417294
v -0.166909 0.881334 -0.312594
v -0.166747 0.147740 -0.532500
v -0.166747 0.147740 -0.467500
v -0.165529 0.900794 -0.176958
v -0.165156 0.901288 -0.822698
v -0.165039 0.142500 -1.016373
v -0.165039 0.142500 0.016373
v -0.164397 0.855000 -1.214181
v -0.164397 0.855000 0.214181
v -0.163971 0.151651 -1.061143
v -0.163971 0.151651 0.061143
v -0.163753 0.142500 -0.973717
v -0.163753 0.142500 -0.026283
v -0.162603 0.898370 -0.177169
v -0.162480 0.155000 -1.211424
v -0.162480 0.155000 0.211424
v -0.162480 0.854812 -1.211424
v -0.162480 0.854812 0.211424
v -0.162393 0.080000 -0.994114
v -0.162393 0.080000 -0.005886
v -0.162393 0.130000 -0.994114
v -0.162393 0.130000 -0.005886
v -0.162306 0.919178 -0.803387
v -0.162306 0.919178 -0.196613
v -0.162231 0.898868 -0.822491
v -0.161252 0.155000 -1.177758
v -0.161252 0.155000 0.177758
v -0.161252 0.825000 -1.177758
v -0.161252 0.825000 0.177758
v -0.161185 0.139628 -0.532500
v -0.161185 0.139628 -0.467500
v -0.161185 0.825116 -1.177819
v -0.161185 0.825116 0.177819
v -0.160815 0.155000 -0.903591
v -0.160815 0.155000 -0.096409
v -0.160624 0.000000 -0.821674
v -0.160624 0.000000 -0.678326
v -0.160624 0.000000 -0.321674
v -0.160624 0.000000 -0.178326
v -0.160624 0.030000 -0.821674
v -0.160624 0.030000 -0.678326
v -0.160624 0.030000 -0.321674
v -0.160624 0.030000 -0.178326
v -0.159991 0.151651 -0.929093
v -0.159991 0.151651 -0.070907
v -0.159960 0.916085 -0.715799
v -0.159952 0.916084 -0.284212
v -0.159506 0.897945 -0.820674
v -0.159506 0.897945 -0.179326
v -0.159217 0.080000 -0.532500
v -0.159217 0.080000 -0.467500
v -0.159217 0.130000 -0.532500
v -0.159217 0.130000 -0.467500
v -0.158905 0.151651 -0.573310
v -0.158905 0.151651 -0.426691
v -0.157369 0.155000 -1.202571
v -0.157369 0.155000 0.202571
v -0.157369 0.851798 -1.202571
v -0.157369 0.851798 0.202571
v -0.157270 0.868181 -0.683699
v -0.157153 0.925803 -0.734702
v -0.157153 0.925803 -0.265298
v -0.157130 0.080000 -1.041429
v -0.157130 0.080000 0.041429
v -0.157130 0.130000 -1.041429
v -0.157130 0.130000 0.041429
v -0.156963 0.915581 -0.712018
v -0.156963 0.915581 -0.287982
v -0.156300 0.852916 -0.682127
v -0.156300 0.852916 -0.317873
v -0.156127 0.155000 -1.185125
v -0.156127 0.155000 0.185125
v -0.155917 0.000000 -1.182455
v -0.155917 0.000000 0.182455
v -0.155917 0.030000 -1.182455
v -0.155917 0.030000 0.182455
v -0.155762 0.155000 -1.104376
v -0.155762 0.155000 0.104376
v -0.155397 0.142500 -1.057946
v -0.155397 0.142500 0.057946
v -0.155154 0.839920 -1.188282
v -0.155154 0.839920 0.188282
v -0.154740 0.155000 -1.193991
v -0.154740 0.155000 0.193991
v -0.154339 0.872334 -0.313876
v -0.153985 0.155000 -0.815911
v -0.153985 0.155000 -0.184089
v -0.153718 0.080000 -0.947304
v -0.153718 0.080000 -0.052696
v -0.153718 0.130000 -0.947304
v -0.153718 0.130000 -0.052696
v -0.151625 0.142500 -0.932800
v -0.151625 0.142500 -0.067200
v -0.150596 0.142500 -0.569476
v -0.150596 0.142500 -0.430524
v -0.150485 0.000000 -1.413466
v -0.150487 0.000000 0.413466
v -0.150485 0.080000 -1.413466
v -0.150487 0.080000 0.413466
v -0.149714 0.934242 -0.201609
v -0.148862 0.935341 -0.797792
v -0.147459 0.934043 -0.198750
v -0.146617 0.935137 -0.800653
v -0.145599 0.910834 -0.703549
v -0.145584 0.910825 -0.296458
v -0.145299 0.933280 -0.197064
v -0.144465 0.934373 -0.802341
v -0.142965 0.080000 -0.577247
v -0.142965 0.080000 -0.422753
v -0.142965 0.130000 -0.577247
v -0.142965 0.130000 -0.422753
v -0.142940 0.151651 -1.100961
v -0.142940 0.151651 0.100961
v -0.142313 0.931596 -0.195889
v -0.141486 0.932692 -0.803522
v -0.140528 0.155000 -0.694556
v -0.140528 0.155000 -0.305444
v -0.139430 0.929361 -0.195876
v -0.138605 0.930462 -0.803542
v -0.138615 0.949638 -0.786899
v -0.138615 0.949638 -0.213101
v -0.138535 0.155000 -0.626350
v -0.138535 0.155000 -0.373650
v -0.138381 0.080000 -1.085188
v -0.138381 0.080000 0.085188
v -0.138381 0.130000 -1.085188
v -0.138381 0.130000 0.085188
v -0.136600 0.151651 -0.890614
v -0.136600 0.151651 -0.109386
v -0.135466 0.142500 -1.095682
v -0.135466 0.142500 0.095682
v -0.134937 0.151651 -0.611432
v -0.134937 0.151651 -0.388568
v -0.133541 0.950562 -0.730925
v -0.133463 0.902387 -0.701489
v -0.133434 0.902363 -0.298507
v -0.131850 0.080000 -0.905017
v -0.131850 0.080000 -0.094983
v -0.131850 0.130000 -0.905017
v -0.131850 0.130000 -0.094983
v -0.131723 0.935154 -0.799378
v -0.131723 0.935154 -0.200622
v -0.130928 0.949913 -0.727145
v -0.129458 0.142500 -0.896334
v -0.129458 0.142500 -0.103666
v -0.127881 0.142500 -0.605605
v -0.127881 0.142500 -0.394395
v -0.127551 0.155000 -0.862570
v -0.127551 0.155000 -0.137430
v -0.126185 0.960145 -0.265571
v -0.123678 0.959462 -0.269331
v -0.123526 0.968014 -0.217763
v -0.122738 0.970052 -0.751173
v -0.122738 0.970052 -0.248827
v -0.122145 0.969795 -0.781504
v -0.121578 0.967678 -0.214893
v -0.120672 0.945145 -0.718378
v -0.120477 0.155000 -1.143672
v -0.120477 0.155000 0.143672
v -0.120211 0.969453 -0.784374
v -0.120000 0.000000 -0.792154
v -0.120000 0.000000 -0.707846
v -0.120000 0.000000 -0.292154
v -0.120000 0.000000 -0.207846
v -0.120000 0.030000 -0.792154
v -0.120000 0.030000 -0.707846
v -0.120000 0.030000 -0.292154
v -0.120000 0.030000 -0.207846
v -0.119644 0.966891 -0.213149
v -0.118289 0.968665 -0.786120
v -0.116876 0.965285 -0.211818
v -0.115941 0.080000 -1.265815
v -0.115941 0.080000 0.265815
v -0.115941 0.155000 -1.265815
v -0.115941 0.155000 0.265815
v -0.115642 0.153119 -1.135298
v -0.115642 0.153119 0.135299
v -0.115533 0.967062 -0.787458
v -0.114444 0.080000 -0.615364
v -0.114444 0.080000 -0.384636
v -0.114444 0.130000 -0.615364
v -0.114444 0.130000 -0.384636
v -0.114084 0.963214 -0.211575
v -0.113705 0.954682 -0.278165
v -0.113604 0.914673 -0.711410
v -0.113604 0.914673 -0.288590
v -0.112746 0.964998 -0.787712
v -0.111520 0.147740 -1.128157
v -0.111520 0.147740 0.128157
v -0.109126 0.937214 -0.715511
v -0.108997 0.000000 -1.213822
v -0.108997 0.000000 0.213822
v -0.108997 0.030000 -1.213822
v -0.108997 0.030000 0.213822
v -0.108738 0.139628 -1.123340
v -0.108738 0.139628 0.123340
v -0.107754 0.080000 -1.121636
v -0.107754 0.080000 0.121636
v -0.107754 0.130000 -1.121636
v -0.107754 0.130000 0.121636
v -0.107661 0.155000 -1.269275
v -0.107661 0.155000 0.269275
v -0.105482 0.987137 -0.742895
v -0.104942 0.155000 -0.784160
v -0.104942 0.155000 -0.215840
v -0.104491 0.155000 -1.257791
v -0.104491 0.155000 0.257791
v -0.104213 0.855000 -1.260013
v -0.104213 0.855000 0.260013
v -0.104165 0.151651 -0.859378
v -0.104165 0.151651 -0.140622
v -0.103287 0.855000 -1.249463
v -0.103287 0.855000 0.249463
v -0.103234 0.986364 -0.739161
v -0.102325 0.946863 -0.281229
v -0.102035 0.151651 -0.642176
v -0.102035 0.151651 -0.357824
v -0.101859 0.155000 -1.246424
v -0.101859 0.155000 0.246424
v -0.101859 0.854812 -1.246424
v -0.101859 0.854812 0.246424
v -0.101138 0.976116 -0.782351
v -0.101138 0.976116 -0.217649
v -0.100333 0.155000 -1.268692
v -0.100333 0.155000 0.268692
v -0.099593 0.000000 -1.009018
v -0.099593 0.000000 -0.990982
v -0.099593 0.000000 -0.509018
v -0.099593 0.000000 -0.490982
v -0.099593 0.000000 -0.009018
v -0.099593 0.000000 0.009018
v -0.099593 0.030000 -1.009018
v -0.099593 0.030000 -0.990982
v -0.099593 0.030000 -0.509018
v -0.099593 0.030000 -0.490982
v -0.099593 0.030000 -0.009018
v -0.099593 0.030000 0.009018
v -0.099622 0.855000 -1.269557
v -0.099622 0.855000 0.269557
v -0.099278 0.155000 -1.272477
v -0.099278 0.155000 0.272477
v -0.098718 0.142500 -0.866731
v -0.098718 0.142500 -0.133269
v -0.098665 0.080000 -0.870882
v -0.098665 0.080000 -0.129118
v -0.098665 0.130000 -0.870882
v -0.098665 0.130000 -0.129118
v -0.097806 0.155000 -0.659970
v -0.097806 0.155000 -0.340030
v -0.096747 0.155000 -1.237571
v -0.096747 0.155000 0.237571
v -0.096747 0.851798 -1.237571
v -0.096747 0.851798 0.237571
v -0.096699 0.142500 -0.634741
v -0.096699 0.142500 -0.365259
v -0.096353 0.000000 -1.026762
v -0.096353 0.000000 -0.973238
v -0.096353 0.000000 -0.526762
v -0.096353 0.000000 -0.473238
v -0.096353 0.000000 -0.026762
v -0.096353 0.000000 0.026762
v -0.096353 0.030000 -1.026762
v -0.096353 0.030000 -0.973238
v -0.096353 0.030000 -0.526762
v -0.096353 0.030000 -0.473238
v -0.096353 0.030000 -0.026762
v -0.096353 0.030000 0.026762
v -0.095531 1.004107 -0.230591
v -0.094086 0.981584 -0.730216
v -0.093874 1.003654 -0.227754
v -0.093582 1.006620 -0.768666
v -0.092164 1.002847 -0.225979
v -0.091943 1.006159 -0.771500
v -0.090800 0.155000 -1.275418
v -0.090800 0.155000 0.275418
v -0.090800 0.855000 -1.275418
v -0.090800 0.855000 0.275418
v -0.090631 0.155000 -1.231004
v -0.090631 0.155000 0.231004
v -0.090249 1.005352 -0.773276
v -0.089957 1.007351 -0.252077
v -0.089634 1.001310 -0.224517
v -0.089355 0.155000 -0.722746
v -0.089355 0.155000 -0.277254
v -0.087901 1.006520 -0.255760
v -0.087735 1.003819 -0.774746
v -0.086976 0.999381 -0.224048
v -0.086344 1.016844 -0.762628
v -0.086344 1.016844 -0.237372
v -0.085994 0.840499 -1.228680
v -0.085994 0.840499 0.228680
v -0.085922 1.017385 -0.762577
v -0.085922 1.017385 -0.237423
v -0.085087 1.001898 -0.775230
v -0.084168 0.155000 -0.832453
v -0.084168 0.155000 -0.167547
v -0.083255 0.974103 -0.726609
v -0.082259 0.155000 -1.227773
v -0.082259 0.155000 0.227773
v -0.079328 1.001729 -0.264759
v -0.076401 0.000000 -1.433316
v -0.076402 0.000000 0.433316
v -0.076401 0.080000 -1.433316
v -0.076402 0.080000 0.433316
v -0.076099 0.080000 -0.643580
v -0.076099 0.080000 -0.356420
v -0.076099 0.130000 -0.643580
v -0.076099 0.130000 -0.356420
v -0.074123 0.000000 -0.771733
v -0.074123 0.000000 -0.728267
v -0.074123 0.000000 -0.271733
v -0.074123 0.000000 -0.228267
v -0.074123 0.030000 -0.771733
v -0.074123 0.030000 -0.728267
v -0.074123 0.030000 -0.271733
v -0.074123 0.030000 -0.228267
v -0.073420 0.825138 -1.228494
v -0.073420 0.825138 0.228494
v -0.073317 0.155000 -1.228527
v -0.073317 0.155000 0.228527
v -0.073317 0.825000 -1.228527
v -0.073317 0.825000 0.228527
v -0.071353 0.000000 -1.070063
v -0.071353 0.000000 -0.929937
v -0.071353 0.000000 -0.570063
v -0.071353 0.000000 -0.429937
v -0.071353 0.000000 -0.070063
v -0.071353 0.000000 0.070063
v -0.071353 0.030000 -1.070063
v -0.071353 0.030000 -0.929937
v -0.071353 0.030000 -0.570063
v -0.071353 0.030000 -0.429937
v -0.071353 0.030000 -0.070063
v -0.071353 0.030000 0.070063
v -0.068909 0.994453 -0.268723
v -0.068401 1.019960 -0.769954
v -0.068401 1.019960 -0.230046
v -0.065621 0.984076 -0.730855
v -0.065621 0.984076 -0.269145
v -0.065147 1.043271 -0.240131
v -0.064833 0.151651 -0.837452
v -0.064833 0.151651 -0.162548
v -0.064506 0.080000 -1.282735
v -0.064506 0.080000 0.282735
v -0.064185 0.155000 -1.176172
v -0.064185 0.155000 0.176172
v -0.063771 1.042714 -0.237364
v -0.063625 1.045232 -0.759503
v -0.062376 0.151651 -0.663506
v -0.062376 0.151651 -0.336494
v -0.062291 1.041892 -0.235585
v -0.062263 1.044670 -0.762266
v -0.061442 0.142500 -0.845952
v -0.061442 0.142500 -0.154048
v -0.060794 1.043847 -0.764043
v -0.060021 1.040417 -0.234016
v -0.059351 0.153119 -1.167799
v -0.059351 0.153119 0.167799
v -0.059115 0.142500 -0.654956
v -0.059115 0.142500 -0.345044
v -0.058537 1.042375 -0.765617
v -0.058155 1.048746 -0.244910
v -0.057606 0.000000 -0.918259
v -0.057606 0.000000 -0.581740
v -0.057606 0.000000 -0.418260
v -0.057606 0.000000 -0.081740
v -0.057606 0.030000 -0.918259
v -0.057606 0.030000 -0.581740
v -0.057606 0.030000 -0.418260
v -0.057606 0.030000 -0.081740
v -0.057541 1.038615 -0.233331
v -0.057012 0.080000 -0.847829
v -0.057012 0.080000 -0.152171
v -0.057012 0.130000 -0.847829
v -0.057012 0.130000 -0.152171
v -0.056454 1.047810 -0.248482
v -0.056048 0.000000 -1.233364
v -0.056048 0.000000 0.233364
v -0.056048 0.030000 -1.233364
v -0.056048 0.030000 0.233364
v -0.056066 1.040579 -0.766312
v -0.055228 0.147740 -1.160657
v -0.055228 0.147740 0.160658
v -0.052447 0.139628 -1.155840
v -0.052447 0.139628 0.155840
v -0.051463 0.080000 -1.154136
v -0.051463 0.080000 0.154136
v -0.051463 0.130000 -1.154136
v -0.051463 0.130000 0.154136
v -0.050989 0.850981 -1.249850
v -0.050989 0.850981 0.249850
v -0.049681 0.155000 -0.765198
v -0.049681 0.155000 -0.234802
v -0.049317 0.155000 -0.680898
v -0.049317 0.155000 -0.319102
v -0.049041 1.043018 -0.257481
v -0.048794 0.840000 -1.239091
v -0.048794 0.840000 0.239091
v -0.046078 1.064465 -0.756769
v -0.045886 0.000000 -1.088851
v -0.045886 0.000000 0.088851
v -0.045886 0.030000 -1.088851
v -0.045886 0.030000 0.088851
v -0.044501 1.063491 -0.753237
v -0.043856 0.855000 -1.266414
v -0.043856 0.855000 0.266414
v -0.041986 0.000000 -0.909241
v -0.041986 0.000000 -0.590759
v -0.041986 0.000000 -0.409241
v -0.041986 0.000000 -0.090759
v -0.041986 0.030000 -0.909241
v -0.041986 0.030000 -0.590759
v -0.041986 0.030000 -0.409241
v -0.041986 0.030000 -0.090759
v -0.039547 1.036133 -0.262084
v -0.037523 1.058708 -0.744278
v -0.034209 1.065753 -0.762451
v -0.034209 1.065753 -0.237549
v -0.034107 0.155000 -0.815628
v -0.034107 0.155000 -0.184372
v -0.032887 0.155000 -0.737736
v -0.032887 0.155000 -0.262264
v -0.031410 1.082213 -0.241241
v -0.031242 0.855000 -1.288312
v -0.031242 0.855000 0.288312
v -0.031223 0.080000 -0.659472
v -0.031223 0.080000 -0.340528
v -0.031223 0.130000 -0.659472
v -0.031223 0.130000 -0.340528
v -0.030388 1.083546 -0.758642
v -0.029409 1.080792 -0.239598
v -0.028410 1.051966 -0.739466
v -0.028396 1.082127 -0.760287
v -0.027141 1.079100 -0.238727
v -0.026134 1.080438 -0.761164
v -0.025706 1.090950 -0.241706
v -0.025000 0.000000 -0.903175
v -0.025000 0.000000 -0.761306
v -0.025000 0.000000 -0.738694
v -0.025000 0.000000 -0.596825
v -0.025000 0.000000 -0.403175
v -0.025000 0.000000 -0.261306
v -0.025000 0.000000 -0.238694
v -0.025000 0.000000 -0.096825
v -0.025000 0.030000 -0.903175
v -0.025000 0.030000 -0.761306
v -0.025000 0.030000 -0.738694
v -0.025000 0.030000 -0.596825
v -0.025000 0.030000 -0.403175
v -0.025000 0.030000 -0.261306
v -0.025000 0.030000 -0.238694
v -0.025000 0.030000 -0.096825
v -0.024337 1.089925 -0.245133
v -0.022032 0.825000 -1.238987
v -0.022032 0.825000 0.238987
v -0.021207 0.151651 -0.826290
v -0.021207 0.151651 -0.173710
v -0.020098 0.142500 -0.835373
v -0.020098 0.142500 -0.164627
v -0.018588 0.151651 -0.674010
v -0.018588 0.151651 -0.325990
v -0.018052 1.085138 -0.254010
v -0.017616 0.142500 -0.664911
v -0.017616 0.142500 -0.335089
v -0.015964 0.151651 -1.174270
v -0.015964 0.151651 0.174270
v -0.015927 0.155000 -1.239471
v -0.015927 0.155000 0.239471
v -0.015824 0.000000 -1.098740
v -0.015824 0.000000 0.098740
v -0.015824 0.030000 -1.098740
v -0.015824 0.030000 0.098740
v -0.015130 0.142500 -1.165158
v -0.015130 0.142500 0.165158
v -0.014585 1.057896 -0.739556
v -0.014585 1.057896 -0.260444
v -0.014347 1.104770 -0.757144
v -0.014347 1.104770 -0.242856
v -0.012512 0.155000 -1.187082
v -0.012512 0.155000 0.187082
v -0.010823 0.080000 -1.289798
v -0.010823 0.080000 0.289798
v -0.010466 0.080000 -0.837837
v -0.010466 0.080000 -0.162163
v -0.010466 0.130000 -0.837837
v -0.010466 0.130000 -0.162163
v -0.009560 1.078591 -0.259124
v -0.004585 0.080000 -1.162435
v -0.004585 0.080000 0.162435
v -0.004585 0.130000 -1.162435
v -0.004585 0.130000 0.162435
v -0.002570 0.850981 -1.254987
v -0.002571 0.850981 0.254987
v -0.002460 0.840000 -1.244007
v -0.002460 0.840000 0.244007
v -0.000048 1.123126 -0.242875
v 0.000005 0.000000 -1.440000
v 0.000000 0.000000 -1.240000
v 0.000000 0.000000 0.240000
v 0.000003 0.000000 0.440000
v 0.000000 0.030000 -1.240000
v 0.000000 0.030000 0.240000
v 0.000005 0.080000 -1.440000
v 0.000003 0.080000 0.440000
v 0.000466 1.123797 -0.757132
v 0.000710 1.112520 -0.760001
v 0.000710 1.112520 -0.239999
v 0.001679 1.121753 -0.241192
v 0.002189 1.122425 -0.758815
v 0.003085 0.155000 -0.687475
v 0.003085 0.155000 -0.312525
v 0.003711 1.120155 -0.240170
v 0.004218 1.120827 -0.759839
v 0.006879 1.133302 -0.242584
v 0.007939 1.132201 -0.245838
v 0.008524 0.155000 -0.760151
v 0.008524 0.155000 -0.239849
v 0.013138 1.127422 -0.254480
v 0.014924 1.143759 -0.756570
v 0.015824 0.000000 -1.098740
v 0.015824 0.000000 0.098740
v 0.015824 0.030000 -1.098740
v 0.015824 0.030000 0.098740
v 0.015913 1.142638 -0.753354
v 0.016333 0.080000 -0.661677
v 0.016333 0.080000 -0.338323
v 0.016333 0.130000 -0.661677
v 0.016333 0.130000 -0.338323
v 0.017874 0.855000 -1.269408
v 0.017874 0.855000 0.269408
v 0.018660 0.155000 -0.813431
v 0.018660 0.155000 -0.186569
v 0.020579 1.121168 -0.259956
v 0.020842 1.137869 -0.744796
v 0.022576 0.142500 -0.835694
v 0.022576 0.142500 -0.164306
v 0.023822 0.151651 -0.826629
v 0.023822 0.151651 -0.173371
v 0.025000 0.000000 -0.903175
v 0.025000 0.000000 -0.761306
v 0.025000 0.000000 -0.738694
v 0.025000 0.000000 -0.596825
v 0.025000 0.000000 -0.403175
v 0.025000 0.000000 -0.261306
v 0.025000 0.000000 -0.238694
v 0.025000 0.000000 -0.096825
v 0.025000 0.030000 -0.903175
v 0.025000 0.030000 -0.761306
v 0.025000 0.030000 -0.738694
v 0.025000 0.030000 -0.596825
v 0.025000 0.030000 -0.403175
v 0.025000 0.030000 -0.261306
v 0.025000 0.030000 -0.238694
v 0.025000 0.030000 -0.096825
v 0.025049 0.142500 -0.663947
v 0.025049 0.142500 -0.336053
v 0.025529 0.155000 -0.738638
v 0.025529 0.155000 -0.261362
v 0.026431 0.151651 -0.672992
v 0.026431 0.151651 -0.327008
v 0.027516 0.142500 -1.163551
v 0.027516 0.142500 0.163551
v 0.028007 1.131691 -0.739254
v 0.029034 0.151651 -1.172575
v 0.029034 0.151651 0.172575
v 0.029695 0.855000 -1.288476
v 0.029695 0.855000 0.288476
v 0.029784 1.165589 -0.755447
v 0.029784 1.165589 -0.244553
v 0.030300 0.825000 -1.238080
v 0.030300 0.825000 0.238080
v 0.030429 1.164805 -0.757842
v 0.030429 1.164805 -0.242158
v 0.031271 1.163955 -0.759492
v 0.031271 1.163955 -0.240508
v 0.032726 1.162624 -0.761180
v 0.032726 1.162624 -0.238820
v 0.034506 1.161105 -0.762316
v 0.034506 1.161106 -0.237684
v 0.035615 1.159268 -0.762657
v 0.035615 1.159268 -0.237343
v 0.036979 0.080000 -0.841763
v 0.036979 0.080000 -0.158237
v 0.036979 0.130000 -0.841763
v 0.036979 0.130000 -0.158237
v 0.037129 1.132697 -0.737111
v 0.037129 1.132697 -0.262889
v 0.039078 1.175125 -0.247540
v 0.039852 1.173959 -0.250595
v 0.040155 0.155000 -1.183150
v 0.040155 0.155000 0.183150
v 0.041986 0.000000 -0.909241
v 0.041986 0.000000 -0.590759
v 0.041986 0.000000 -0.409241
v 0.041986 0.000000 -0.090759
v 0.041986 0.030000 -0.909241
v 0.041986 0.030000 -0.590759
v 0.041986 0.030000 -0.409241
v 0.041986 0.030000 -0.090759
v 0.042406 0.155000 -1.236224
v 0.042406 0.155000 0.236224
v 0.042687 0.080000 -1.156793
v 0.042687 0.080000 0.156793
v 0.042687 0.130000 -1.156793
v 0.042687 0.130000 0.156793
v 0.043237 0.080000 -1.286759
v 0.043237 0.080000 0.286759
v 0.043964 0.840000 -1.240026
v 0.043964 0.840000 0.240026
v 0.044017 1.169191 -0.258894
v 0.045886 0.000000 -1.088851
v 0.045886 0.000000 0.088851
v 0.045886 0.030000 -1.088851
v 0.045886 0.030000 0.088851
v 0.045942 0.850981 -1.250827
v 0.045942 0.850981 0.250827
v 0.050386 1.163191 -0.264580
v 0.054998 1.198568 -0.758128
v 0.054998 1.198568 -0.241872
v 0.055242 0.155000 -0.679177
v 0.055242 0.155000 -0.320823
v 0.055426 1.199119 -0.758152
v 0.055426 1.199119 -0.241848
v 0.056048 0.000000 -1.233364
v 0.056048 0.000000 0.233364
v 0.056048 0.030000 -1.233364
v 0.056048 0.030000 0.233364
v 0.057606 0.000000 -0.918259
v 0.057606 0.000000 -0.581740
v 0.057606 0.000000 -0.418260
v 0.057606 0.000000 -0.081740
v 0.057606 0.030000 -0.918259
v 0.057606 0.030000 -0.581740
v 0.057606 0.030000 -0.418260
v 0.057606 0.030000 -0.081740
v 0.060000 1.205000 -0.759396
v 0.060000 1.205000 -0.756705
v 0.060000 1.205000 -0.243295
v 0.060000 1.205000 -0.240604
v 0.060000 1.784727 -0.759396
v 0.060000 1.784727 -0.240604
v 0.060000 1.810840 -0.756705
v 0.060000 1.810840 -0.243295
v 0.060780 1.205000 -0.237014
v 0.060859 1.205000 -0.763163
v 0.061315 1.742952 -0.764041
v 0.061315 1.742952 -0.235959
v 0.061817 1.908290 -0.747108
v 0.062367 1.205000 -0.745775
v 0.062365 1.205000 -0.254220
v 0.062487 0.080000 -0.650006
v 0.062487 0.080000 -0.349994
v 0.062487 0.130000 -0.650006
v 0.062487 0.130000 -0.349994
v 0.062866 1.205000 -0.233863
v 0.063081 1.205000 -0.766365
v 0.063372 1.722837 -0.766668
v 0.063372 1.722837 -0.233331
v 0.063756 0.142500 -0.846895
v 0.063756 0.142500 -0.153105
v 0.065175 1.713246 -0.768161
v 0.065175 1.713246 -0.231839
v 0.066056 0.142500 -0.652127
v 0.066056 0.142500 -0.347873
v 0.066224 0.155000 -0.769318
v 0.066224 0.155000 -0.230682
v 0.066707 1.708378 -0.769104
v 0.066707 1.708378 -0.230896
v 0.066857 2.006202 -0.261716
v 0.066946 2.007513 -0.738169
v 0.067274 0.151651 -0.838447
v 0.067274 0.151651 -0.161553
v 0.067886 1.706280 -0.769668
v 0.067886 1.706280 -0.230332
v 0.068340 0.142500 -1.151115
v 0.068340 0.142500 0.151115
v 0.068483 1.205000 -0.736329
v 0.068494 1.205000 -0.263684
v 0.068707 1.705398 -0.770003
v 0.068707 1.705398 -0.229997
v 0.069700 0.151651 -0.660521
v 0.069700 0.151651 -0.339479
v 0.069762 1.205000 -0.770363
v 0.069762 1.205000 -0.229637
v 0.069762 1.705000 -0.770363
v 0.069762 1.705000 -0.229637
v 0.069947 0.155000 -0.826035
v 0.069947 0.155000 -0.173965
v 0.071353 0.000000 -1.070063
v 0.071353 0.000000 -0.929937
v 0.071353 0.000000 -0.570063
v 0.071353 0.000000 -0.429937
v 0.071353 0.000000 -0.070063
v 0.071353 0.000000 0.070063
v 0.071353 0.030000 -1.070063
v 0.071353 0.030000 -0.929937
v 0.071353 0.030000 -0.570063
v 0.071353 0.030000 -0.429937
v 0.071353 0.030000 -0.070063
v 0.071353 0.030000 0.070063
v 0.072110 0.151651 -1.159452
v 0.072110 0.151651 0.159452
v 0.074123 0.000000 -0.771733
v 0.074123 0.000000 -0.728267
v 0.074123 0.000000 -0.271733
v 0.074123 0.000000 -0.228267
v 0.074123 0.030000 -0.771733
v 0.074123 0.030000 -0.728267
v 0.074123 0.030000 -0.271733
v 0.074123 0.030000 -0.228267
v 0.075129 2.105197 -0.730244
v 0.075158 2.105542 -0.269790
v 0.076410 0.000000 -1.433314
v 0.076409 0.000000 0.433315
v 0.076410 0.080000 -1.433314
v 0.076409 0.080000 0.433315
v 0.078666 0.855000 -1.258286
v 0.078666 0.855000 0.258286
v 0.081191 0.825000 -1.225849
v 0.081191 0.825000 0.225850
v 0.081250 0.080000 -0.859271
v 0.081250 0.080000 -0.140729
v 0.081250 0.130000 -0.859271
v 0.081250 0.130000 -0.140729
v 0.082433 0.155000 -0.725399
v 0.082433 0.155000 -0.274601
v 0.086294 0.080000 -1.137694
v 0.086294 0.080000 0.137694
v 0.086294 0.130000 -1.137694
v 0.086294 0.130000 0.137694
v 0.087116 1.205000 -0.723631
v 0.087116 1.205000 -0.276369
v 0.087116 2.202743 -0.723631
v 0.087116 2.202743 -0.276369
v 0.087451 2.205000 -0.723500
v 0.087451 2.205000 -0.276500
v 0.088784 0.840000 -1.227294
v 0.088784 0.840000 0.227294
v 0.089321 0.855000 -1.275902
v 0.089321 0.855000 0.275902
v 0.089635 0.155000 -1.164687
v 0.089635 0.155000 0.164687
v 0.092780 0.850981 -1.237523
v 0.092780 0.850981 0.237522
v 0.095790 0.080000 -1.273723
v 0.095790 0.080000 0.273723
v 0.096353 0.000000 -1.026762
v 0.096353 0.000000 -0.973238
v 0.096353 0.000000 -0.526762
v 0.096353 0.000000 -0.473238
v 0.096353 0.000000 -0.026762
v 0.096353 0.000000 0.026762
v 0.096353 0.030000 -1.026762
v 0.096353 0.030000 -0.973238
v 0.096353 0.030000 -0.526762
v 0.096353 0.030000 -0.473238
v 0.096353 0.030000 -0.026762
v 0.096353 0.030000 0.026762
v 0.098226 0.155000 -1.218979
v 0.098226 0.155000 0.218979
v 0.099593 0.000000 -1.009018
v 0.099593 0.000000 -0.990982
v 0.099593 0.000000 -0.509018
v 0.099593 0.000000 -0.490982
v 0.099593 0.000000 -0.009018
v 0.099593 0.000000 0.009018
v 0.099593 0.030000 -1.009018
v 0.099593 0.030000 -0.990982
v 0.099593 0.030000 -0.509018
v 0.099593 0.030000 -0.490982
v 0.099593 0.030000 -0.009018
v 0.099593 0.030000 0.009018
v 0.100715 0.142500 -0.868233
v 0.100715 0.142500 -0.131767
v 0.102688 0.142500 -0.630235
v 0.102688 0.142500 -0.369765
v 0.103016 0.155000 -0.656665
v 0.103016 0.155000 -0.343335
v 0.103278 0.080000 -0.625459
v 0.103278 0.080000 -0.374541
v 0.103278 0.130000 -0.625459
v 0.103278 0.130000 -0.374541
v 0.103378 1.705000 -0.783406
v 0.103378 1.705000 -0.216594
v 0.104639 0.142500 -1.128673
v 0.104639 0.142500 0.128673
v 0.106272 0.151651 -0.860963
v 0.106272 0.151651 -0.139037
v 0.107709 1.871667 -0.767027
v 0.108027 1.871667 -0.232826
v 0.108354 0.151651 -0.637420
v 0.108354 0.151651 -0.362580
v 0.108997 0.000000 -1.213822
v 0.108997 0.000000 0.213822
v 0.108997 0.030000 -1.213822
v 0.108997 0.030000 0.213822
v 0.110412 0.151651 -1.135773
v 0.110412 0.151651 0.135772
v 0.114703 2.038333 -0.751898
v 0.115042 2.038333 -0.247945
v 0.115684 0.155000 -0.852442
v 0.115684 0.155000 -0.147558
v 0.118547 0.080000 -0.888857
v 0.118547 0.080000 -0.111143
v 0.118547 0.130000 -0.888857
v 0.118547 0.130000 -0.111143
v 0.120000 0.000000 -0.792154
v 0.120000 0.000000 -0.707846
v 0.120000 0.000000 -0.292154
v 0.120000 0.000000 -0.207846
v 0.120000 0.030000 -0.792154
v 0.120000 0.030000 -0.707846
v 0.120000 0.030000 -0.292154
v 0.120000 0.030000 -0.207846
v 0.120000 0.155000 -0.792154
v 0.120000 0.155000 -0.207846
v 0.122495 0.080000 -1.106776
v 0.122495 0.080000 0.106776
v 0.122495 0.130000 -1.106776
v 0.122495 0.130000 0.106776
v 0.123564 0.866916 -1.211465
v 0.123564 0.866916 0.211465
v 0.123573 0.868109 -1.211051
v 0.123617 0.871147 0.211296
v 0.123814 0.873351 -1.211669
v 0.123850 0.868105 -1.208952
v 0.123844 0.871081 0.209147
v 0.123881 0.868113 -1.213798
v 0.123922 0.837437 -1.208678
v 0.123922 0.837437 0.208678
v 0.123941 0.873189 -1.209405
v 0.124026 0.871206 0.214122
v 0.124292 0.876081 -1.209758
v 0.124361 0.876403 -1.212180
v 0.124414 0.873477 -1.214577
v 0.124773 0.866916 -1.206564
v 0.124773 0.866916 0.206564
v 0.124857 0.870970 0.206484
v 0.124878 0.868098 -1.206392
v 0.124892 0.872904 -1.206611
v 0.124903 0.847180 -1.216331
v 0.124903 0.847180 0.216331
v 0.124903 0.866916 -1.216331
v 0.124903 0.866916 0.216331
v 0.125106 0.875479 -1.206737
v 0.125313 0.876614 -1.215224
v 0.125367 0.879914 0.209875
v 0.125619 0.873065 0.217091
v 0.125703 0.873116 -1.217103
v 0.125750 0.880418 0.212442
v 0.125901 0.878858 0.206597
v 0.126094 0.881648 -1.209774
v 0.126460 0.880389 -1.206420
v 0.126447 2.205000 -0.739019
v 0.126447 2.205000 -0.260981
v 0.126563 0.868089 -1.204199
v 0.126575 0.870840 0.204204
v 0.126616 0.872562 -1.204213
v 0.126642 0.882224 -1.212418
v 0.126819 0.874736 -1.204140
v 0.126844 0.850173 -1.219692
v 0.126844 0.850173 0.219692
v 0.127199 0.880648 0.215622
v 0.127492 0.877496 0.203787
v 0.127679 0.884365 0.209293
v 0.127727 0.882784 0.205857
v 0.127935 0.878733 -1.203550
v 0.128173 0.825100 -1.202908
v 0.128173 0.825100 0.202908
v 0.128221 0.825000 -1.202878
v 0.128221 0.825000 0.202878
v 0.128221 0.866916 -1.202878
v 0.128221 0.866916 0.202878
v 0.128318 0.882420 -1.215621
v 0.128479 0.885016 0.211970
v 0.128942 0.880631 0.202954
v 0.129002 0.852494 -1.223430
v 0.129002 0.852494 0.223430
v 0.129440 0.885025 -1.205021
v 0.129520 0.876923 -1.202051
v 0.129523 0.876923 0.202049
v 0.129834 0.886934 -1.208438
v 0.130197 0.882330 -1.202210
v 0.130313 0.881316 -1.218201
v 0.130302 0.881291 0.218177
v 0.130470 0.885097 0.215215
v 0.130861 0.855000 -1.226651
v 0.130861 0.855000 0.226651
v 0.130936 0.887636 -1.211161
v 0.131005 0.142500 -0.898296
v 0.131005 0.142500 -0.101704
v 0.131143 0.886439 0.204074
v 0.131320 0.854082 -1.227446
v 0.131320 0.854082 0.227446
v 0.131406 0.883334 0.201448
v 0.131961 0.888585 0.207408
v 0.132004 0.155000 -1.133158
v 0.132004 0.155000 0.133158
v 0.132283 0.880635 0.200253
v 0.132279 0.880650 -1.200255
v 0.132522 0.142500 -0.599719
v 0.132522 0.142500 -0.400281
v 0.133190 0.887508 -1.214426
v 0.133273 0.889298 0.210099
v 0.134009 0.142500 -1.097712
v 0.134009 0.142500 0.097712
v 0.134452 0.155000 -0.698803
v 0.134452 0.155000 -0.301197
v 0.134661 1.705000 -0.801339
v 0.134661 1.705000 -0.198661
v 0.135141 0.884733 -1.199016
v 0.135204 0.080000 -0.590145
v 0.135204 0.080000 -0.409855
v 0.135204 0.130000 -0.590145
v 0.135204 0.130000 -0.409855
v 0.135338 0.855000 -1.233632
v 0.135338 0.855000 0.233632
v 0.135654 0.888993 0.213420
v 0.135698 0.884748 0.198625
v 0.136073 0.888354 -1.201030
v 0.136246 0.881659 -1.197578
v 0.136246 0.881659 0.197578
v 0.136685 0.888373 0.200600
v 0.136836 0.887191 -1.199213
v 0.136836 0.887191 0.199213
v 0.137795 0.890775 -1.203986
v 0.138233 0.151651 -0.892684
v 0.138233 0.151651 -0.107316
v 0.138281 0.887286 0.215996
v 0.138321 2.205000 -0.696131
v 0.138321 2.205000 -0.303869
v 0.138370 0.887342 -1.215992
v 0.138450 0.890797 0.203534
v 0.139136 0.890862 -1.203066
v 0.139136 0.890862 0.203066
v 0.139503 0.891478 -1.206613
v 0.139834 0.151651 -0.605221
v 0.139834 0.151651 -0.394779
v 0.140155 0.891497 0.206127
v 0.141403 0.151651 -1.103103
v 0.141403 0.151651 0.103103
v 0.141915 0.890866 -1.210032
v 0.142157 0.855000 0.240135
v 0.142373 0.891440 -1.207841
v 0.142373 0.891440 0.207841
v 0.142568 0.890893 0.209561
v 0.142617 0.155000 -0.621723
v 0.142617 0.155000 -0.378277
v 0.143251 0.855000 -1.240838
v 0.145004 0.080000 -1.251145
v 0.145004 0.080000 0.251145
v 0.145004 0.855000 -1.251145
v 0.145004 0.855000 0.251145
v 0.145459 0.888730 -1.211934
v 0.145458 0.888730 0.211934
v 0.145670 0.080000 -0.927982
v 0.145670 0.080000 -0.072018
v 0.145670 0.130000 -0.927982
v 0.145670 0.130000 -0.072018
v 0.148183 0.080000 -1.066694
v 0.148183 0.080000 0.066694
v 0.148183 0.130000 -1.066694
v 0.148183 0.130000 0.066694
v 0.148226 0.155000 -1.188757
v 0.148226 0.155000 0.188757
v 0.150459 1.871667 -0.792058
v 0.150494 0.000000 -1.413463
v 0.150492 0.000000 0.413463
v 0.150494 0.080000 -1.413463
v 0.150492 0.080000 0.413463
v 0.150601 1.871667 -0.207839
v 0.151090 0.855000 -1.243864
v 0.152243 0.155000 -0.890555
v 0.152243 0.155000 -0.109445
v 0.152613 0.855000 0.244034
v 0.152620 0.142500 -0.935092
v 0.152620 0.142500 -0.064908
v 0.153581 0.142500 -0.562601
v 0.153581 0.142500 -0.437399
v 0.154507 0.142500 -1.060280
v 0.154507 0.142500 0.060280
v 0.155526 0.080000 -0.547093
v 0.155526 0.080000 -0.452907
v 0.155526 0.130000 -0.547093
v 0.155526 0.130000 -0.452907
v 0.155917 0.000000 -1.182455
v 0.155917 0.000000 0.182455
v 0.155917 0.030000 -1.182455
v 0.155917 0.030000 0.182455
v 0.157473 0.885455 -1.181114
v 0.157473 0.885455 0.181114
v 0.160229 2.038333 -0.778556
v 0.160290 0.080000 -0.973289
v 0.160290 0.080000 -0.026711
v 0.160290 0.130000 -0.973289
v 0.160290 0.130000 -0.026711
v 0.160381 2.038333 -0.221335
v 0.160624 0.000000 -0.821674
v 0.160624 0.000000 -0.678326
v 0.160624 0.000000 -0.321674
v 0.160624 0.000000 -0.178326
v 0.160624 0.030000 -0.821674
v 0.160624 0.030000 -0.678326
v 0.160624 0.030000 -0.321674
v 0.160624 0.030000 -0.178326
v 0.161041 0.151651 -0.931511
v 0.161041 0.151651 -0.068489
v 0.161152 0.080000 -1.020888
v 0.161152 0.080000 0.020888
v 0.161152 0.130000 -1.020888
v 0.161152 0.130000 0.020888
v 0.162055 0.151651 -0.566055
v 0.162055 0.151651 -0.433945
v 0.162324 0.855000 -1.241145
v 0.162324 0.855000 0.241145
v 0.162500 0.080000 -0.500000
v 0.162500 0.130000 -0.500000
v 0.162793 2.205000 -0.760003
v 0.162793 2.205000 -0.239997
v 0.162905 1.205000 -0.823756
v 0.162905 1.205000 -0.176244
v 0.162905 1.705000 -0.823756
v 0.162905 1.705000 -0.176244
v 0.163031 0.151651 -1.063606
v 0.163031 0.151651 0.063606
v 0.163836 1.705391 -0.824567
v 0.163836 1.705391 -0.175432
v 0.163900 0.155000 -1.091066
v 0.163900 0.155000 0.091066
v 0.164131 0.142500 -0.976187
v 0.164131 0.142500 -0.023813
v 0.164471 0.142500 -0.521338
v 0.164471 0.142500 -0.478662
v 0.164601 1.706242 -0.825169
v 0.164601 1.706241 -0.174831
v 0.164774 0.142500 -1.018858
v 0.164774 0.142500 0.018858
v 0.165791 1.708416 -0.825996
v 0.165792 1.708416 -0.174003
v 0.166665 0.155000 -0.827307
v 0.166665 0.155000 -0.172693
v 0.167525 1.713104 -0.827009
v 0.167524 1.713104 -0.172991
v 0.170059 1.723465 -0.828042
v 0.170059 1.723466 -0.171958
v 0.170862 1.205000 -0.828276
v 0.170904 0.155000 -0.577124
v 0.170904 0.155000 -0.422876
v 0.172297 0.893614 0.167813
v 0.172652 1.205000 -0.171375
v 0.173187 0.151651 -0.974873
v 0.173187 0.151651 -0.025127
v 0.173180 0.897045 0.169963
v 0.173546 0.151651 -0.522515
v 0.173546 0.151651 -0.477485
v 0.173617 1.743905 -0.828711
v 0.173617 1.743907 -0.171289
v 0.173865 0.151651 -1.019898
v 0.173865 0.151651 0.019898
v 0.174001 0.894287 -1.166126
v 0.174874 0.897692 -1.168288
v 0.174878 1.205000 -0.828694
v 0.175120 0.899375 0.172723
v 0.176724 0.155000 -0.937351
v 0.176724 0.155000 -0.062649
v 0.176726 0.892326 -1.162382
v 0.176726 0.892326 0.162382
v 0.176814 0.900006 -1.171034
v 0.177219 0.900107 0.175038
v 0.178504 0.155000 -0.660426
v 0.178504 0.155000 -0.339574
v 0.178567 1.205000 -0.827618
v 0.178567 1.205000 -0.172382
v 0.178567 1.786964 -0.827618
v 0.178567 1.786964 -0.172382
v 0.178951 0.900742 -1.173348
v 0.180256 0.899614 0.177804
v 0.181130 0.896749 -1.182079
v 0.181130 0.896749 0.182079
v 0.181177 2.205000 -0.657400
v 0.181177 2.205000 -0.342600
v 0.182016 0.900253 -1.176062
v 0.182793 0.155000 -1.041748
v 0.182793 0.155000 0.041748
v 0.184582 1.176133 -0.153599
v 0.185024 1.175533 -0.846843
v 0.185631 0.155000 -0.526406
v 0.185631 0.155000 -0.473594
v 0.186337 1.177879 -0.152831
v 0.186778 1.177274 -0.847610
v 0.187184 0.155000 -0.989118
v 0.187184 0.155000 -0.010882
v 0.188411 1.179410 -0.152606
v 0.188849 1.178800 -0.847837
v 0.189442 0.155000 -1.147349
v 0.189442 0.155000 0.147349
v 0.190172 1.180388 -0.152830
v 0.190628 1.179786 -0.847611
v 0.192476 1.181296 -0.153601
v 0.192929 1.180687 -0.846843
v 0.193013 0.000000 -0.750000
v 0.193013 0.000000 -0.250000
v 0.193013 0.030000 -0.750000
v 0.193013 0.030000 -0.250000
v 0.193164 0.155000 -0.741476
v 0.193164 0.155000 -0.258524
v 0.193766 0.902185 -1.141614
v 0.193766 0.902185 0.141614
v 0.193998 2.205000 -0.728276
v 0.193998 2.205000 -0.271724
v 0.194215 0.000000 -1.140998
v 0.194215 0.000000 -0.859002
v 0.194215 0.000000 -0.640998
v 0.194215 0.000000 -0.359002
v 0.194215 0.000000 -0.140998
v 0.194215 0.000000 0.140998
v 0.194215 0.030000 -1.140998
v 0.194215 0.030000 -0.859002
v 0.194215 0.030000 -0.640998
v 0.194215 0.030000 -0.359002
v 0.194215 0.030000 -0.140998
v 0.194215 0.030000 0.140998
v 0.194443 1.205000 -0.818452
v 0.194443 1.205000 -0.181548
v 0.194443 1.965218 -0.818452
v 0.194443 1.965218 -0.181548
v 0.195730 2.205000 -0.786015
v 0.195730 2.205000 -0.213985
v 0.197072 1.205000 -0.816006
v 0.197218 1.205000 -0.184204
v 0.197981 1.150119 -0.864340
v 0.197981 1.150119 -0.135660
v 0.198211 0.155000 -0.799681
v 0.198211 0.155000 -0.200319
v 0.198266 0.000000 -0.799942
v 0.198266 0.000000 -0.700058
v 0.198266 0.000000 -0.299942
v 0.198266 0.000000 -0.200058
v 0.198266 0.030000 -0.799942
v 0.198266 0.030000 -0.700058
v 0.198266 0.030000 -0.299942
v 0.198266 0.030000 -0.200058
v 0.198664 2.035308 -0.812706
v 0.198664 2.035308 -0.187294
v 0.198804 1.205000 -0.812320
v 0.198864 1.205000 -0.187892
v 0.198928 1.205000 -0.802957
v 0.198928 1.205000 -0.197043
v 0.198928 2.104971 -0.802957
v 0.198928 2.104971 -0.197043
v 0.201124 1.171774 -0.852961
v 0.201124 1.171774 -0.147039
v 0.201728 0.911597 0.130934
v 0.202330 0.155000 -0.683776
v 0.202330 0.155000 -0.316224
v 0.202338 1.145232 -0.129351
v 0.202639 0.914768 0.133237
v 0.203064 1.144000 -0.871635
v 0.203453 0.155000 -0.872694
v 0.203453 0.155000 -0.127306
v 0.203718 1.181390 -0.839800
v 0.203728 1.181204 -0.159987
v 0.204128 1.147057 -0.128340
v 0.204342 0.913934 -1.126879
v 0.204748 0.916981 0.135792
v 0.204853 1.145821 -0.872649
v 0.205111 1.171774 -0.850658
v 0.205111 1.171774 -0.149342
v 0.205262 0.917060 -1.129190
v 0.205543 1.180301 -0.161590
v 0.205537 1.180482 -0.838191
v 0.206111 2.205000 -0.671796
v 0.206111 2.205000 -0.328204
v 0.206331 1.148629 -0.127896
v 0.206629 1.179316 -0.163015
v 0.206612 1.179504 -0.836779
v 0.207055 1.147389 -0.873099
v 0.207078 0.917760 0.137715
v 0.207381 0.919250 -1.131714
v 0.207454 1.177973 -0.834871
v 0.207469 1.177789 -0.164918
v 0.207685 1.176050 -0.166818
v 0.207668 1.176227 -0.832967
v 0.208246 1.149601 -0.127981
v 0.208378 0.914908 -1.119073
v 0.208378 0.914908 0.119073
v 0.208992 1.148367 -0.873017
v 0.209752 0.920038 -1.133609
v 0.210513 0.917490 0.139781
v 0.210654 0.913118 -1.146131
v 0.210654 0.913118 0.146131
v 0.210784 1.150446 -0.128620
v 0.211530 1.149205 -0.872384
v 0.211977 0.155000 -0.612542
v 0.211977 0.155000 -0.387458
v 0.212400 2.205000 -0.617726
v 0.212401 2.205000 -0.382272
v 0.213209 0.919788 -1.135591
v 0.213538 2.205000 -0.609552
v 0.213538 2.205000 -0.390448
v 0.213797 0.000000 -0.847697
v 0.213797 0.000000 -0.652303
v 0.213797 0.000000 -0.347697
v 0.213797 0.000000 -0.152303
v 0.213797 0.030000 -0.847697
v 0.213797 0.030000 -0.652303
v 0.213797 0.030000 -0.347697
v 0.213797 0.030000 -0.152303
v 0.216143 1.150637 -0.868067
v 0.216245 1.150251 -0.131544
v 0.216449 1.150333 -0.853441
v 0.216449 1.150333 -0.146559
v 0.216603 2.205000 -0.624832
v 0.216603 2.205000 -0.375168
v 0.216970 1.114146 -0.103112
v 0.217172 0.155000 -0.854942
v 0.217172 0.155000 -0.145058
v 0.217794 1.112289 -0.898515
v 0.217965 1.149791 -0.866190
v 0.218063 1.149411 -0.133416
v 0.218759 1.116061 -0.101855
v 0.218997 1.148819 -0.864575
v 0.219104 1.148433 -0.135046
v 0.219215 0.000000 -1.097697
v 0.219215 0.000000 -0.902303
v 0.219215 0.000000 -0.597697
v 0.219215 0.000000 -0.402303
v 0.219215 0.000000 -0.097697
v 0.219215 0.000000 0.097697
v 0.219215 0.030000 -1.097697
v 0.219215 0.030000 -0.902303
v 0.219215 0.030000 -0.597697
v 0.219215 0.030000 -0.402303
v 0.219215 0.030000 -0.097697
v 0.219215 0.030000 0.097697
v 0.219432 0.155000 -1.097210
v 0.219432 0.155000 0.097210
v 0.219580 1.114203 -0.899779
v 0.219673 2.336807 -0.619514
v 0.219673 2.336807 -0.380486
v 0.219736 1.145423 -0.860391
v 0.219715 1.147247 -0.862446
v 0.219820 1.146866 -0.137171
v 0.219844 1.145047 -0.139223
v 0.220006 0.000000 -1.381048
v 0.220004 0.000000 0.381049
v 0.220006 0.080000 -1.381048
v 0.220004 0.080000 0.381049
v 0.220042 1.137925 -0.881124
v 0.220042 1.137925 -0.118876
v 0.220380 0.930338 -1.095040
v 0.220380 0.930338 0.095040
v 0.221066 1.117680 -0.101177
v 0.221606 2.632215 -0.592145
v 0.221606 2.632215 -0.407855
v 0.221886 1.115819 -0.900468
v 0.222217 2.708684 -0.591392
v 0.222217 2.708684 -0.408608
v 0.222600 2.462549 -0.614446
v 0.222600 2.462549 -0.385554
v 0.222710 2.708953 -0.597673
v 0.222710 2.708953 -0.402327
v 0.223121 1.118643 -0.101104
v 0.223167 1.094276 -0.911702
v 0.223167 1.094276 -0.088298
v 0.223454 0.938229 0.088888
v 0.223785 2.709035 -0.599967
v 0.223785 2.709035 -0.400033
v 0.223967 1.116788 -0.900550
v 0.224524 0.941099 0.091230
v 0.224857 2.205000 -0.624920
v 0.224859 2.205000 -0.375081
v 0.225167 0.155000 -0.630000
v 0.225167 0.155000 -0.370000
v 0.225882 1.119416 -0.101582
v 0.226036 0.943059 -1.082081
v 0.226732 1.117551 -0.900081
v 0.226789 0.943175 0.093507
v 0.227142 0.945871 -1.084409
v 0.227985 2.692845 -0.605118
v 0.227985 2.692845 -0.394882
v 0.228185 0.155000 -0.925624
v 0.228185 0.155000 -0.074376
v 0.228211 1.083355 -0.075267
v 0.228258 3.055000 -0.574149
v 0.228258 3.055000 -0.425851
v 0.228472 3.055000 -0.582493
v 0.228476 3.055000 -0.417495
v 0.228949 1.080922 -0.927052
v 0.229236 0.944007 0.095020
v 0.229422 0.947918 -1.086628
v 0.229621 0.948279 -1.069816
v 0.229621 0.948279 0.069816
v 0.229962 1.085374 -0.073769
v 0.230692 1.082942 -0.928561
v 0.231369 2.205000 -0.619847
v 0.231369 2.205000 -0.380153
v 0.231900 0.948761 -1.088090
v 0.231936 1.119701 -0.894594
v 0.232222 1.119116 -0.104892
v 0.232344 1.087045 -0.072844
v 0.232829 0.943992 0.096412
v 0.232889 0.155000 -0.557989
v 0.232889 0.155000 -0.442011
v 0.233006 0.937270 -1.105337
v 0.233006 0.937270 0.105337
v 0.233072 1.084611 -0.929503
v 0.233731 1.118927 -0.892445
v 0.233895 3.055000 -0.588851
v 0.233895 3.055000 -0.411149
v 0.234013 1.118349 -0.107038
v 0.234524 1.087997 -0.072594
v 0.234546 2.709035 -0.606179
v 0.234546 2.709035 -0.393821
v 0.234696 1.117964 -0.890630
v 0.234746 0.000000 -1.049942
v 0.234746 0.000000 -0.950059
v 0.234746 0.000000 -0.549942
v 0.234746 0.000000 -0.450058
v 0.234746 0.000000 -0.049942
v 0.234746 0.000000 0.049942
v 0.234746 0.030000 -1.049942
v 0.234746 0.030000 -0.950059
v 0.234746 0.030000 -0.549942
v 0.234746 0.030000 -0.450058
v 0.234746 0.030000 -0.049942
v 0.234746 0.030000 0.049942
v 0.234986 1.117379 -0.108871
v 0.235072 1.114431 -0.886118
v 0.235280 1.085569 -0.929768
v 0.235264 1.116346 -0.888295
v 0.235360 1.113857 -0.113377
v 0.235488 0.948778 -1.089378
v 0.235551 1.115766 -0.111203
v 0.235840 1.053343 -0.046229
v 0.236418 0.155000 -1.041310
v 0.236418 0.155000 0.041310
v 0.236507 0.972570 0.043241
v 0.237071 2.708953 -0.605964
v 0.237071 2.708953 -0.394036
v 0.237204 1.040260 -0.963475
v 0.237204 1.040260 -0.036525
v 0.237494 1.088687 -0.072883
v 0.237517 1.055479 -0.044503
v 0.237805 0.975152 0.045477
v 0.238050 0.980454 -1.033629
v 0.238258 1.086246 -0.929493
v 0.238686 3.055000 -0.525082
v 0.238686 3.055000 -0.474918
v 0.238797 0.000000 -0.890998
v 0.238797 0.000000 -0.609002
v 0.238797 0.000000 -0.390998
v 0.238797 0.000000 -0.109002
v 0.238797 0.030000 -0.890998
v 0.238797 0.030000 -0.609002
v 0.238797 0.030000 -0.390998
v 0.238797 0.030000 -0.109002
v 0.239118 3.055000 -0.591867
v 0.239118 3.055000 -0.408133
v 0.239394 0.155000 -0.982962
v 0.239394 0.155000 -0.017038
v 0.239397 0.982970 -1.035819
v 0.239392 0.990771 -1.017072
v 0.239392 0.990771 0.017072
v 0.239452 1.091610 -0.923398
v 0.239452 1.091610 -0.076602
v 0.239517 1.028032 -0.979867
v 0.239794 1.024578 -0.016485
v 0.239944 1.057209 -0.043323
v 0.240000 0.000000 -1.000000
v 0.240000 0.000000 -0.500000
v 0.240000 0.000000 0.000000
v 0.240000 0.030000 -1.000000
v 0.240000 0.030000 -0.500000
v 0.240000 0.030000 0.000000
v 0.240000 0.155000 -0.500000
v 0.240023 0.997508 0.013497
v 0.240187 0.977095 0.047407
v 0.241103 1.030275 -0.981767
v 0.241366 1.026847 -0.014553
v 0.241467 0.999925 0.015602
v 0.241789 0.984880 -1.037665
v 0.242229 1.058147 -0.042880
v 0.242410 2.632215 -0.604156
v 0.242410 2.632215 -0.395844
v 0.242650 0.977972 0.048522
v 0.242756 2.708684 -0.603250
v 0.242756 2.708684 -0.396749
v 0.243538 1.032053 -0.983165
v 0.243807 1.028641 -0.013117
v 0.243892 1.001790 0.017290
v 0.244268 0.985770 -1.038709
v 0.244706 1.094700 -0.898797
v 0.244706 1.094700 -0.101203
v 0.245391 1.058741 -0.042948
v 0.245920 1.032983 -0.983796
v 0.246177 1.029563 -0.012464
v 0.246207 0.978198 0.049323
v 0.246323 1.002692 0.018167
v 0.246444 0.155000 -0.731340
v 0.246444 0.155000 -0.268660
v 0.246808 1.091820 -0.918908
v 0.246808 1.091820 -0.081092
v 0.247323 3.055000 -0.593386
v 0.247336 3.055000 -0.406616
v 0.247414 0.968369 -1.061108
v 0.247414 0.968369 0.061108
v 0.247789 0.986037 -1.039394
v 0.248641 0.155000 -0.784107
v 0.248641 0.155000 -0.215893
v 0.248924 0.155000 -0.903985
v 0.248924 0.155000 -0.096015
v 0.249219 1.033478 -0.983945
v 0.249505 1.030048 -0.012278
v 0.249786 1.003055 0.018643
v 0.250694 1.046899 -0.968536
v 0.250694 1.046899 -0.031464
v 0.250895 1.089059 -0.918950
v 0.251427 1.088294 -0.080469
v 0.252631 1.088369 -0.916526
v 0.253159 1.087610 -0.082892
v 0.253379 1.005339 -1.014975
v 0.253379 1.005339 0.014975
v 0.253479 1.083729 -0.909728
v 0.253506 1.087416 -0.914516
v 0.253898 1.085746 -0.911993
v 0.254008 1.082974 -0.089704
v 0.254040 1.086652 -0.084924
v 0.254427 1.084986 -0.087443
v 0.254668 3.055000 -0.589397
v 0.254668 3.055000 -0.410603
v 0.259048 0.155000 -0.680053
v 0.259048 0.155000 -0.319947
v 0.259302 0.151651 -0.771207
v 0.259302 0.151651 -0.228793
v 0.259642 0.151651 -0.726178
v 0.259642 0.151651 -0.273822
v 0.260320 0.155000 -0.583335
v 0.260320 0.155000 -0.416665
v 0.265466 0.155000 -0.834168
v 0.265466 0.155000 -0.165832
v 0.268386 0.142500 -0.770098
v 0.268386 0.142500 -0.229902
v 0.268707 0.142500 -0.727424
v 0.268707 0.142500 -0.272576
v 0.270465 0.151651 -0.814833
v 0.270465 0.151651 -0.185167
v 0.270850 0.080000 -0.760466
v 0.270850 0.080000 -0.239534
v 0.270850 0.130000 -0.760466
v 0.270850 0.130000 -0.239534
v 0.271460 0.151651 -0.682726
v 0.271460 0.151651 -0.317274
v 0.272389 0.000000 -0.571674
v 0.272389 0.000000 -0.428326
v 0.272389 0.030000 -0.571674
v 0.272389 0.030000 -0.428326
v 0.272767 1.059192 -0.940727
v 0.274408 1.058596 -0.938028
v 0.274711 1.053794 -0.930825
v 0.274776 0.080000 -0.713021
v 0.274776 0.080000 -0.286979
v 0.274776 0.130000 -0.713021
v 0.274776 0.130000 -0.286979
v 0.275169 1.057657 -0.935830
v 0.275364 1.055929 -0.933140
v 0.277095 0.000000 -0.932455
v 0.277095 0.000000 -0.067545
v 0.277095 0.030000 -0.932455
v 0.277095 0.030000 -0.067545
v 0.278965 0.142500 -0.811443
v 0.278965 0.142500 -0.188558
v 0.279908 0.142500 -0.686244
v 0.279908 0.142500 -0.313756
v 0.280083 1.047297 -0.951107
v 0.280083 1.047297 -0.048893
v 0.280842 0.080000 -0.807012
v 0.280842 0.080000 -0.192988
v 0.280842 0.130000 -0.807012
v 0.280842 0.130000 -0.192988
v 0.282298 1.040859 -0.936776
v 0.282298 1.040859 -0.063224
v 0.285455 0.155000 -0.634316
v 0.285455 0.155000 -0.365684
v 0.286087 3.055000 -0.560230
v 0.286087 3.055000 -0.439771
v 0.291584 0.155000 -0.943902
v 0.291584 0.155000 -0.056098
v 0.292284 0.080000 -0.668750
v 0.292284 0.080000 -0.331250
v 0.292284 0.130000 -0.668750
v 0.292284 0.130000 -0.331250
v 0.292390 0.151651 -0.854165
v 0.292390 0.151651 -0.145835
v 0.292848 1.035315 -0.043362
v 0.293975 0.151651 -0.643728
v 0.293975 0.151651 -0.356272
v 0.294216 1.029874 -0.053765
v 0.294378 1.034814 -0.046276
v 0.295053 1.032108 -0.051442
v 0.295033 1.033882 -0.048643
v 0.295583 0.155000 -0.877551
v 0.295583 0.155000 -0.122449
v 0.297156 1.030561 -0.959620
v 0.298383 1.025092 -0.949116
v 0.298662 1.030073 -0.956649
v 0.299265 1.027359 -0.951443
v 0.299284 1.029151 -0.954273
v 0.299743 0.142500 -0.848718
v 0.299743 0.142500 -0.151282
v 0.301246 0.142500 -0.649285
v 0.301246 0.142500 -0.350715
v 0.303895 0.080000 -0.848665
v 0.303895 0.080000 -0.151335
v 0.303895 0.130000 -0.848665
v 0.303895 0.130000 -0.151335
v 0.305706 0.155000 -0.546547
v 0.305706 0.155000 -0.453453
v 0.313013 0.000000 -0.542154
v 0.313013 0.000000 -0.457846
v 0.313013 0.030000 -0.542154
v 0.313013 0.030000 -0.457846
v 0.318726 1.005882 -0.976618
v 0.318726 1.005882 -0.023382
v 0.321870 0.080000 -0.631453
v 0.321870 0.080000 -0.368547
v 0.321870 0.130000 -0.631453
v 0.321870 0.130000 -0.368547
v 0.322194 3.055000 -0.537117
v 0.322194 3.055000 -0.462883
v 0.323568 0.155000 -0.597757
v 0.323568 0.155000 -0.402243
v 0.323626 0.151651 -0.886600
v 0.323626 0.151651 -0.113400
v 0.323674 1.003612 -0.975341
v 0.324016 0.000000 -0.963822
v 0.324016 0.000000 -0.036178
v 0.324016 0.030000 -0.963822
v 0.324016 0.030000 -0.036178
v 0.324116 0.998066 -0.964323
v 0.324998 1.003246 -0.972110
v 0.325213 1.000480 -0.966627
v 0.325457 1.002343 -0.969569
v 0.325697 0.151651 -0.611767
v 0.325697 0.151651 -0.388233
v 0.327363 0.991479 -0.965495
v 0.327363 0.991479 -0.034505
v 0.329346 0.142500 -0.879458
v 0.329346 0.142500 -0.120542
v 0.331308 0.142500 -0.618995
v 0.331308 0.142500 -0.381005
v 0.333420 0.000000 -0.759018
v 0.333420 0.000000 -0.740982
v 0.333420 0.000000 -0.259018
v 0.333420 0.000000 -0.240982
v 0.333420 0.030000 -0.759018
v 0.333420 0.030000 -0.740982
v 0.333420 0.030000 -0.259018
v 0.333420 0.030000 -0.240982
v 0.336604 0.155000 -0.910815
v 0.336604 0.155000 -0.089185
v 0.336660 0.000000 -0.776762
v 0.336660 0.000000 -0.723238
v 0.336660 0.000000 -0.276762
v 0.336660 0.000000 -0.223238
v 0.336660 0.030000 -0.776762
v 0.336660 0.030000 -0.723238
v 0.336660 0.030000 -0.276762
v 0.336660 0.030000 -0.223238
v 0.338030 0.080000 -0.881850
v 0.338030 0.080000 -0.118150
v 0.338030 0.130000 -0.881850
v 0.338030 0.130000 -0.118150
v 0.341362 0.982006 -0.027744
v 0.341431 0.987584 -0.016453
v 0.342573 0.984512 -0.025479
v 0.342614 0.987309 -0.019829
v 0.342626 0.155000 -0.972329
v 0.342626 0.155000 -0.027671
v 0.342961 0.986416 -0.022489
v 0.351516 0.973151 -0.976193
v 0.351913 0.978778 -0.987625
v 0.352800 0.975729 -0.978437
v 0.353004 0.978548 -0.984151
v 0.353274 0.977670 -0.981463
v 0.358637 0.155000 -0.521815
v 0.358637 0.155000 -0.478185
v 0.358890 0.000000 -0.521733
v 0.358890 0.000000 -0.478267
v 0.358890 0.030000 -0.521733
v 0.358890 0.030000 -0.478267
v 0.360995 0.080000 -0.604330
v 0.360995 0.080000 -0.395670
v 0.360995 0.130000 -0.604330
v 0.360995 0.130000 -0.395670
v 0.361410 0.968997 -0.994565
v 0.361410 0.968997 -0.005435
v 0.361660 0.000000 -0.820063
v 0.361660 0.000000 -0.679937
v 0.361660 0.000000 -0.320063
v 0.361660 0.000000 -0.179937
v 0.361660 0.030000 -0.820063
v 0.361660 0.030000 -0.679937
v 0.361660 0.030000 -0.320063
v 0.361660 0.030000 -0.179937
v 0.361836 1.205000 -0.520797
v 0.361836 1.205000 -0.479203
v 0.361836 3.055000 -0.520797
v 0.361836 3.055000 -0.479203
v 0.362105 0.151651 -0.909991
v 0.362105 0.151651 -0.090009
v 0.364524 0.151651 -0.588959
v 0.364524 0.151651 -0.411041
v 0.365813 0.142500 -0.901625
v 0.365813 0.142500 -0.098375
v 0.368105 0.142500 -0.597380
v 0.368105 0.142500 -0.402620
v 0.369729 1.205000 -0.516166
v 0.369883 3.055000 -0.516009
v 0.369883 3.055000 -0.483991
v 0.370364 0.155000 -0.573276
v 0.370364 0.155000 -0.426724
v 0.370926 1.205000 -0.485209
v 0.372100 1.205000 -0.512897
v 0.372209 3.055000 -0.512666
v 0.372209 3.055000 -0.487335
v 0.373013 1.205000 -0.509165
v 0.373013 1.205000 -0.490835
v 0.373013 3.055000 -0.509165
v 0.373013 3.055000 -0.490835
v 0.375406 0.000000 -0.668260
v 0.375406 0.000000 -0.331740
v 0.375406 0.030000 -0.668260
v 0.375406 0.030000 -0.331740
v 0.376965 0.000000 -0.983364
v 0.376965 0.000000 -0.016636
v 0.376965 0.030000 -0.983364
v 0.376965 0.030000 -0.016636
v 0.377665 0.949009 -0.983531
v 0.377665 0.949009 -0.016469
v 0.380317 0.080000 -0.903718
v 0.380317 0.080000 -0.096282
v 0.380317 0.130000 -0.903718
v 0.380317 0.130000 -0.096282
v 0.385273 0.155000 -0.931321
v 0.385273 0.155000 -0.068679
v 0.387127 0.000000 -0.838851
v 0.387127 0.000000 -0.161149
v 0.387127 0.030000 -0.838851
v 0.387127 0.030000 -0.161149
v 0.389284 0.944285 -0.013533
v 0.390741 0.947086 -0.011406
v 0.390822 0.950000 -0.001713
v 0.391027 0.000000 -0.659241
v 0.391027 0.000000 -0.340759
v 0.391027 0.030000 -0.659241
v 0.391027 0.030000 -0.340759
v 0.391509 0.949128 -0.008324
v 0.391521 0.949973 -0.005453
v 0.392304 1.176153 -0.486662
v 0.392891 1.175534 -0.513184
v 0.393837 1.177887 -0.487797
v 0.394432 1.177274 -0.512049
v 0.395061 1.179410 -0.489472
v 0.395664 1.178800 -0.510370
v 0.395755 1.180400 -0.491134
v 0.396233 1.181300 -0.493504
v 0.396359 1.179786 -0.508714
v 0.396843 1.180688 -0.506339
v 0.397316 0.938848 -0.987819
v 0.398807 0.941712 -0.989920
v 0.399024 0.155000 -0.987581
v 0.399024 0.155000 -0.012419
v 0.399116 0.944608 -0.999695
v 0.399639 0.943785 -0.993019
v 0.399718 0.944618 -0.995892
v 0.404008 0.931040 -0.988241
v 0.404008 0.931040 -0.011759
v 0.405279 0.151651 -0.922789
v 0.405279 0.151651 -0.077212
v 0.406237 1.171776 -0.502302
v 0.406237 1.171776 -0.497698
v 0.406301 0.080000 -0.589710
v 0.406301 0.080000 -0.410290
v 0.406301 0.130000 -0.589710
v 0.406301 0.130000 -0.410290
v 0.406672 0.937907 -1.004332
v 0.406672 0.937907 0.004332
v 0.406729 0.142500 -0.913753
v 0.406729 0.142500 -0.086247
v 0.407885 0.151651 -0.576813
v 0.407885 0.151651 -0.423187
v 0.408013 0.000000 -0.653175
v 0.408013 0.000000 -0.511306
v 0.408013 0.000000 -0.488694
v 0.408013 0.000000 -0.346825
v 0.408013 0.030000 -0.653175
v 0.408013 0.030000 -0.511306
v 0.408013 0.030000 -0.488694
v 0.408013 0.030000 -0.346825
v 0.409199 0.142500 -0.585869
v 0.409199 0.142500 -0.414131
v 0.414522 1.150119 -0.510713
v 0.414522 1.150119 -0.489287
v 0.415975 0.155000 -0.510605
v 0.415975 0.155000 -0.489394
v 0.417189 0.000000 -0.848740
v 0.417189 0.000000 -0.151260
v 0.417189 0.030000 -0.848740
v 0.417189 0.030000 -0.151260
v 0.422131 0.155000 -0.562816
v 0.422131 0.155000 -0.437184
v 0.422184 1.145252 -0.489913
v 0.423382 1.144001 -0.509959
v 0.423943 1.147066 -0.490957
v 0.425154 1.145821 -0.508916
v 0.425421 1.148629 -0.492636
v 0.426315 1.149612 -0.494362
v 0.426644 1.147389 -0.507235
v 0.427023 1.150449 -0.496869
v 0.427127 0.080000 -0.912393
v 0.427127 0.080000 -0.087607
v 0.427127 0.130000 -0.912393
v 0.427127 0.130000 -0.087607
v 0.427543 1.148368 -0.505514
v 0.428263 1.149205 -0.503000
v 0.430711 0.915555 -0.989989
v 0.430711 0.915555 -0.010011
v 0.433013 0.000000 -0.990000
v 0.433013 0.000000 -0.010000
v 0.433013 0.030000 -0.990000
v 0.433013 0.030000 -0.010000
v 0.437730 0.155000 -0.937441
v 0.437730 0.155000 -0.062559
v 0.438965 0.914803 -0.009547
v 0.440084 1.137929 -0.500000
v 0.440507 0.917918 -0.007589
v 0.441622 0.920103 -0.004491
v 0.442023 0.920653 0.002486
v 0.442062 0.920893 -0.001493
v 0.444361 0.912157 -0.990227
v 0.445900 0.915320 -0.992171
v 0.447051 0.917529 -0.995276
v 0.447541 0.918310 -0.998254
v 0.447594 0.918047 -1.002258
v 0.448836 0.000000 -0.848740
v 0.448836 0.000000 -0.151260
v 0.448836 0.030000 -0.848740
v 0.448836 0.030000 -0.151260
v 0.449386 0.142500 -0.915039
v 0.449386 0.142500 -0.084961
v 0.450289 0.151651 -0.924145
v 0.450289 0.151651 -0.075855
v 0.451871 0.142500 -0.585226
v 0.451871 0.142500 -0.414774
v 0.452225 1.114167 -0.489463
v 0.452911 0.151651 -0.576135
v 0.452911 0.151651 -0.423865
v 0.452959 0.913679 -1.005585
v 0.452959 0.913679 0.005584
v 0.453900 0.080000 -0.588848
v 0.453900 0.080000 -0.411152
v 0.453900 0.130000 -0.588848
v 0.453900 0.130000 -0.411152
v 0.454026 1.112291 -0.510642
v 0.454197 1.116071 -0.490385
v 0.455927 1.117680 -0.492037
v 0.456013 1.114204 -0.509728
v 0.457031 1.118654 -0.493806
v 0.457435 0.155000 -0.988754
v 0.457435 0.155000 -0.011246
v 0.457443 0.902746 -0.988753
v 0.457443 0.902746 -0.011247
v 0.457762 1.115819 -0.508076
v 0.457988 1.119419 -0.496425
v 0.458013 0.000000 -0.653175
v 0.458013 0.000000 -0.511306
v 0.458013 0.000000 -0.488694
v 0.458013 0.000000 -0.346825
v 0.458013 0.030000 -0.653175
v 0.458013 0.030000 -0.511306
v 0.458013 0.030000 -0.488694
v 0.458013 0.030000 -0.346825
v 0.458875 1.116789 -0.506313
v 0.459850 1.117551 -0.503684
v 0.468131 1.094276 -0.512583
v 0.468131 1.094276 -0.487417
v 0.474323 0.155000 -0.513582
v 0.474323 0.155000 -0.486418
v 0.474442 0.080000 -0.907130
v 0.474442 0.080000 -0.092870
v 0.474442 0.130000 -0.907130
v 0.474442 0.130000 -0.092870
v 0.474760 0.155000 -0.567207
v 0.474760 0.155000 -0.432793
v 0.474999 0.000000 -0.659241
v 0.474999 0.000000 -0.340759
v 0.474999 0.030000 -0.659241
v 0.474999 0.030000 -0.340759
v 0.478899 0.000000 -0.838851
v 0.478899 0.000000 -0.161149
v 0.478899 0.030000 -0.838851
v 0.478899 0.030000 -0.161149
v 0.481962 1.083378 -0.485272
v 0.483872 0.892773 -0.984549
v 0.483872 0.892773 -0.015451
v 0.484123 1.085384 -0.486043
v 0.484317 1.080924 -0.515251
v 0.486104 1.087045 -0.487637
v 0.486399 1.091613 -0.504328
v 0.486399 1.091613 -0.495672
v 0.486496 1.082943 -0.514496
v 0.487426 1.088007 -0.489426
v 0.488238 0.894785 -0.015855
v 0.488500 1.084611 -0.512906
v 0.488650 1.088689 -0.492132
v 0.489061 0.000000 -0.983364
v 0.489061 0.000000 -0.016636
v 0.489061 0.030000 -0.983364
v 0.489061 0.030000 -0.016636
v 0.489680 0.898182 -0.014016
v 0.489813 0.155000 -0.928690
v 0.489813 0.155000 -0.071310
v 0.489835 1.085569 -0.511124
v 0.490619 0.000000 -0.668260
v 0.490619 0.000000 -0.331740
v 0.490619 0.030000 -0.668260
v 0.490619 0.030000 -0.331740
v 0.490833 0.894013 -0.983460
v 0.490959 0.142500 -0.905397
v 0.490959 0.142500 -0.094603
v 0.491080 0.900492 -0.010961
v 0.491085 1.086246 -0.508409
v 0.491999 0.901230 -0.007951
v 0.492258 0.897438 -0.985301
v 0.492786 0.900748 -0.003936
v 0.493293 0.142500 -0.595493
v 0.493293 0.142500 -0.404507
v 0.493672 0.899764 -0.988363
v 0.494156 0.151651 -0.913971
v 0.494156 0.151651 -0.086029
v 0.494614 0.900497 -0.991340
v 0.495465 0.900011 -0.995356
v 0.496619 0.151651 -0.586969
v 0.496619 0.151651 -0.413031
v 0.498683 0.897143 -0.998279
v 0.498683 0.897143 -0.001721
v 0.499707 0.080000 -0.601817
v 0.499707 0.080000 -0.398183
v 0.499707 0.130000 -0.601817
v 0.499707 0.130000 -0.398183
v 0.504365 0.000000 -0.820063
v 0.504365 0.000000 -0.679937
v 0.504365 0.000000 -0.320063
v 0.504365 0.000000 -0.179937
v 0.504365 0.030000 -0.820063
v 0.504365 0.030000 -0.679937
v 0.504365 0.030000 -0.320063
v 0.504365 0.030000 -0.179937
v 0.507135 0.000000 -0.521733
v 0.507135 0.000000 -0.478267
v 0.507135 0.030000 -0.521733
v 0.507135 0.030000 -0.478267
v 0.509668 0.885761 -0.977429
v 0.509668 0.885761 -0.022571
v 0.510925 1.053367 -0.477358
v 0.513246 1.055490 -0.477952
v 0.514400 0.155000 -0.975779
v 0.514400 0.155000 -0.024221
v 0.515469 1.057209 -0.479458
v 0.517015 1.058157 -0.481243
v 0.518201 0.080000 -0.888381
v 0.518201 0.080000 -0.111619
v 0.518201 0.130000 -0.888381
v 0.518201 0.130000 -0.111619
v 0.518524 1.058743 -0.484003
v 0.519986 1.040260 -0.526314
v 0.519986 1.040260 -0.473686
v 0.524078 0.155000 -0.586100
v 0.524078 0.155000 -0.413900
v 0.528694 0.142500 -0.885466
v 0.528694 0.142500 -0.114534
v 0.529365 0.000000 -0.776762
v 0.529365 0.000000 -0.723238
v 0.529365 0.000000 -0.276762
v 0.529365 0.000000 -0.223238
v 0.529365 0.030000 -0.776762
v 0.529365 0.030000 -0.723238
v 0.529365 0.030000 -0.276762
v 0.529365 0.030000 -0.223238
v 0.530223 0.155000 -0.530568
v 0.530223 0.155000 -0.469432
v 0.530724 0.142500 -0.615991
v 0.530724 0.142500 -0.384009
v 0.531111 1.046901 -0.517161
v 0.531111 1.046901 -0.482839
v 0.532605 0.000000 -0.759018
v 0.532605 0.000000 -0.740982
v 0.532605 0.000000 -0.259018
v 0.532605 0.000000 -0.240982
v 0.532605 0.030000 -0.759018
v 0.532605 0.030000 -0.740982
v 0.532605 0.030000 -0.259018
v 0.532605 0.030000 -0.240982
v 0.533973 0.151651 -0.892940
v 0.533973 0.151651 -0.107060
v 0.534511 0.881795 -0.967481
v 0.534511 0.881795 -0.032519
v 0.535340 1.028034 -0.532507
v 0.535656 0.887322 -0.968801
v 0.535656 0.887322 -0.031199
v 0.535709 0.884877 -0.967530
v 0.535817 0.884864 -0.032521
v 0.536115 0.151651 -0.608597
v 0.536115 0.151651 -0.391403
v 0.536935 0.888499 -0.969369
v 0.537050 0.888484 -0.030686
v 0.537109 0.884697 -0.033138
v 0.537389 0.155000 -0.905762
v 0.537389 0.155000 -0.094238
v 0.537778 1.030275 -0.532083
v 0.537838 0.890992 -0.972722
v 0.537838 0.890992 -0.027278
v 0.538042 0.884501 -0.033593
v 0.538506 0.888296 -0.031392
v 0.538587 0.890922 -0.972367
v 0.538662 1.024604 -0.465907
v 0.538707 0.890906 -0.027691
v 0.538806 0.880746 -0.965425
v 0.538810 0.880759 -0.034577
v 0.539659 0.888048 -0.031971
v 0.539789 0.080000 -0.627505
v 0.539789 0.080000 -0.372495
v 0.539789 0.130000 -0.627505
v 0.539789 0.130000 -0.372495
v 0.539965 0.891622 -0.975148
v 0.540018 0.883664 -0.034587
v 0.540088 0.891606 -0.024912
v 0.540206 1.032053 -0.530675
v 0.540282 0.890707 -0.028465
v 0.540296 0.883435 -0.965265
v 0.540322 0.891572 -0.977927
v 0.540322 0.891572 -0.022073
v 0.541109 1.026858 -0.466309
v 0.541585 0.890434 -0.029139
v 0.541702 0.891020 -0.978967
v 0.541705 0.891410 -0.025714
v 0.541736 0.877037 -0.963961
v 0.541737 0.877037 -0.036040
v 0.541826 0.891006 -0.021094
v 0.541944 1.032984 -0.528924
v 0.542009 0.000000 -0.963822
v 0.542009 0.000000 -0.036178
v 0.542009 0.030000 -0.963822
v 0.542009 0.030000 -0.036178
v 0.542275 0.888866 -0.982667
v 0.542275 0.888866 -0.017333
v 0.542314 0.886876 -0.033402
v 0.542704 0.886532 -0.966359
v 0.542827 0.880724 -0.963908
v 0.543058 0.891141 -0.026427
v 0.543100 0.825000 -0.963262
v 0.543099 0.825000 -0.036737
v 0.543100 0.867056 -0.963262
v 0.543099 0.867056 -0.036737
v 0.543155 0.825110 -0.963234
v 0.543155 0.825110 -0.036766
v 0.543436 0.890827 -0.021898
v 0.543540 0.879443 -0.036490
v 0.543560 1.028641 -0.467700
v 0.543722 1.033478 -0.526143
v 0.544269 0.877585 -0.963084
v 0.544554 0.876613 -0.037089
v 0.544703 0.889082 -0.030932
v 0.544765 0.890591 -0.022612
v 0.545060 0.867880 -0.037494
v 0.545076 0.870937 -0.962514
v 0.545076 0.870931 -0.037486
v 0.545173 0.888673 -0.968745
v 0.545333 1.029572 -0.469453
v 0.545950 0.882867 -0.964324
v 0.546332 0.889796 -0.028392
v 0.546754 0.881250 -0.036248
v 0.546833 0.889387 -0.971236
v 0.547144 1.030049 -0.472231
v 0.547496 0.878936 -0.963130
v 0.547762 0.877743 -0.037129
v 0.547808 0.867884 -0.037842
v 0.547910 0.871063 -0.962186
v 0.547909 0.871056 -0.037814
v 0.547986 0.889434 -0.024631
v 0.548024 0.867056 -0.962154
v 0.548024 0.867056 -0.037846
v 0.548492 0.889085 -0.974967
v 0.548940 0.884442 -0.966015
v 0.549328 0.887438 -0.021391
v 0.549368 0.887391 -0.978547
v 0.549823 0.882610 -0.034773
v 0.549844 0.836749 -0.962383
v 0.549844 0.836749 -0.037617
v 0.550543 0.867888 -0.037435
v 0.550593 0.879983 -0.964322
v 0.550717 0.871171 -0.962658
v 0.550714 0.871163 -0.037342
v 0.550846 0.885092 -0.968056
v 0.550852 0.878634 -0.036072
v 0.551789 0.883210 -0.032902
v 0.552476 0.867890 -0.036623
v 0.552615 0.880484 -0.965944
v 0.552640 0.885175 -0.971410
v 0.552685 0.871236 -0.963547
v 0.552682 0.871227 -0.036454
v 0.552862 0.867056 -0.963592
v 0.552862 0.867056 -0.036408
v 0.552890 0.879077 -0.034574
v 0.553013 0.000000 -0.542154
v 0.553013 0.000000 -0.457846
v 0.553013 0.030000 -0.542154
v 0.553013 0.030000 -0.457846
v 0.553671 0.883381 -0.029738
v 0.554649 0.080000 -0.857754
v 0.554649 0.080000 -0.142246
v 0.554649 0.130000 -0.857754
v 0.554649 0.130000 -0.142246
v 0.554627 0.880715 -0.968796
v 0.554699 0.867892 -0.034969
v 0.554916 0.871294 -0.965327
v 0.554912 0.871284 -0.034675
v 0.554962 0.879319 -0.031888
v 0.555258 0.881392 -0.972777
v 0.555258 0.881418 -0.027193
v 0.556353 0.139628 -0.858738
v 0.556353 0.139628 -0.141262
v 0.556382 0.847180 -0.967210
v 0.556382 0.847180 -0.032790
v 0.556382 0.867056 -0.967210
v 0.556382 0.867056 -0.032790
v 0.556670 0.873176 -0.031800
v 0.556674 0.873184 -0.968205
v 0.558314 0.850194 -0.970612
v 0.558314 0.850194 -0.029387
v 0.559001 0.855000 -1.012115
v 0.559001 0.855000 0.012116
v 0.560465 0.852525 -0.974399
v 0.560465 0.852525 -0.025601
v 0.561170 0.147740 -0.861520
v 0.561170 0.147740 -0.138480
v 0.561686 0.142500 -0.645361
v 0.561686 0.142500 -0.354639
v 0.562336 0.855000 -0.977693
v 0.562336 0.855000 -0.022307
v 0.562776 0.854110 -0.978467
v 0.562776 0.854110 -0.021533
v 0.563545 0.855000 0.008962
v 0.563688 0.854564 0.009410
v 0.564741 0.997535 -0.451112
v 0.566038 0.855000 -0.984956
v 0.566038 0.855000 -0.015044
v 0.566171 0.155000 -0.617996
v 0.566171 0.155000 -0.382004
v 0.566277 0.855000 -1.005319
v 0.566542 0.155000 -0.949424
v 0.566542 0.155000 -0.050576
v 0.567139 0.855000 0.003312
v 0.567275 0.999937 -0.451317
v 0.567496 0.990771 -0.551218
v 0.567496 0.990771 -0.448782
v 0.567674 0.825000 -0.948661
v 0.567674 0.825000 -0.051339
v 0.568235 0.855000 -0.002135
v 0.568254 0.855000 -0.994352
v 0.568311 0.153119 -0.865642
v 0.568311 0.153119 -0.134358
v 0.568752 0.851584 0.006486
v 0.568785 0.151651 -0.639588
v 0.568785 0.151651 -0.360412
v 0.569185 0.851228 0.006041
v 0.569935 1.001790 -0.452570
v 0.570706 0.080000 -0.663706
v 0.570706 0.080000 -0.336294
v 0.570706 0.130000 -0.663706
v 0.570706 0.130000 -0.336294
v 0.571936 1.002700 -0.454263
v 0.572672 1.005341 -0.538056
v 0.572672 1.005341 -0.461944
v 0.574063 1.003054 -0.457013
v 0.574098 0.842892 0.003367
v 0.574398 0.842047 0.003226
v 0.576235 0.080000 -1.002165
v 0.576235 0.080000 0.002165
v 0.576235 0.826857 0.002165
v 0.576235 0.855000 -1.002165
v 0.576685 0.155000 -0.870477
v 0.576685 0.155000 -0.129523
v 0.580362 0.155000 -0.560558
v 0.580362 0.155000 -0.439442
v 0.581166 0.980456 -0.560660
v 0.583735 0.982971 -0.560588
v 0.584127 0.142500 -0.681660
v 0.584127 0.142500 -0.318340
v 0.586529 0.984880 -0.559439
v 0.587149 0.080000 -0.801463
v 0.587149 0.080000 -0.198537
v 0.587149 0.130000 -0.801463
v 0.587149 0.130000 -0.198537
v 0.588675 0.985771 -0.557812
v 0.588741 0.972600 -0.433192
v 0.588853 0.139628 -0.802447
v 0.588853 0.139628 -0.197553
v 0.588930 0.000000 -0.932455
v 0.588930 0.000000 -0.067545
v 0.588930 0.030000 -0.932455
v 0.588930 0.030000 -0.067545
v 0.589530 0.840000 -0.937211
v 0.589530 0.840000 -0.062789
v 0.589806 0.080000 -0.707313
v 0.589806 0.080000 -0.292687
v 0.589806 0.130000 -0.707313
v 0.589806 0.130000 -0.292687
v 0.590338 0.825000 -0.931242
v 0.590338 0.825000 -0.068758
v 0.591028 0.986037 -0.555107
v 0.591317 0.975164 -0.433207
v 0.592465 0.151651 -0.677890
v 0.592465 0.151651 -0.322110
v 0.593636 0.000000 -0.571674
v 0.593636 0.000000 -0.428326
v 0.593636 0.030000 -0.571674
v 0.593636 0.030000 -0.428326
v 0.593670 0.147740 -0.805228
v 0.593670 0.147740 -0.194772
v 0.594164 0.977095 -0.434302
v 0.594826 0.855000 -0.009342
v 0.595448 0.080000 -0.754585
v 0.595448 0.080000 -0.245415
v 0.595448 0.130000 -0.754585
v 0.595448 0.130000 -0.245415
v 0.596162 0.855000 -0.965133
v 0.596162 0.855000 -0.034867
v 0.596391 0.977980 -0.435903
v 0.596564 0.142500 -0.722484
v 0.596564 0.142500 -0.277516
v 0.596573 0.850981 -0.945635
v 0.596573 0.850981 -0.054365
v 0.597700 0.155000 -0.660365
v 0.597700 0.155000 -0.339635
v 0.598171 0.142500 -0.765130
v 0.598171 0.142500 -0.234870
v 0.598846 0.978197 -0.438573
v 0.600811 0.153119 -0.809351
v 0.600811 0.153119 -0.190649
v 0.602701 0.855000 -0.985172
v 0.605587 0.151651 -0.720966
v 0.605587 0.151651 -0.279034
v 0.607283 0.151651 -0.765964
v 0.607283 0.151651 -0.234036
v 0.608288 0.948279 -0.586053
v 0.608288 0.948279 -0.413947
v 0.609185 0.155000 -0.814185
v 0.609185 0.155000 -0.185815
v 0.609642 0.968371 -0.566288
v 0.609642 0.968371 -0.433712
v 0.609896 0.080000 -0.979809
v 0.609896 0.080000 -0.020191
v 0.610771 0.155000 -0.911252
v 0.610771 0.155000 -0.088748
v 0.610771 0.825000 -0.911252
v 0.610771 0.825000 -0.088748
v 0.610832 0.825116 -0.911185
v 0.610832 0.825116 -0.088815
v 0.616163 0.155000 -0.709845
v 0.616163 0.155000 -0.290155
v 0.617119 0.943061 -0.595291
v 0.618137 0.155000 -0.906127
v 0.618137 0.155000 -0.093873
v 0.619687 0.945872 -0.595497
v 0.620095 0.155000 -0.762512
v 0.620095 0.155000 -0.237488
v 0.621295 0.839920 -0.905154
v 0.621295 0.839920 -0.094846
v 0.621744 0.938263 -0.399062
v 0.621769 0.155000 -0.601774
v 0.621769 0.155000 -0.398226
v 0.622748 0.947918 -0.594632
v 0.623376 0.855000 -0.941473
v 0.623376 0.855000 -0.058527
v 0.623580 0.855000 -0.031404
v 0.624300 0.941113 -0.398827
v 0.625256 0.948761 -0.593214
v 0.625512 0.930338 -0.606668
v 0.625512 0.930338 -0.393332
v 0.627004 0.155000 -0.904740
v 0.627004 0.155000 -0.095260
v 0.627171 0.855000 -0.965412
v 0.627228 0.000000 -0.890998
v 0.627228 0.000000 -0.609002
v 0.627228 0.000000 -0.390998
v 0.627228 0.000000 -0.109002
v 0.627228 0.030000 -0.890998
v 0.627228 0.030000 -0.609002
v 0.627228 0.030000 -0.390998
v 0.627228 0.030000 -0.109002
v 0.627389 0.943175 -0.399648
v 0.628164 0.948778 -0.590752
v 0.629957 0.944013 -0.401034
v 0.632940 0.943989 -0.403442
v 0.635584 0.155000 -0.907369
v 0.635584 0.155000 -0.092631
v 0.635584 0.851798 -0.907369
v 0.635584 0.851798 -0.092631
v 0.640123 0.080000 -0.952991
v 0.640123 0.080000 -0.047009
v 0.640324 0.914908 -0.629079
v 0.640324 0.914908 -0.370921
v 0.640742 0.937271 -0.600881
v 0.640742 0.937271 -0.399119
v 0.644437 0.155000 -0.912480
v 0.644437 0.155000 -0.087520
v 0.644437 0.854812 -0.912480
v 0.644437 0.854812 -0.087520
v 0.645067 0.913937 -0.636478
v 0.647194 0.855000 -0.914397
v 0.647194 0.855000 -0.085603
v 0.647291 0.911635 -0.359223
v 0.647528 0.917061 -0.636836
v 0.649357 0.155000 -0.943119
v 0.649357 0.155000 -0.056881
v 0.649357 0.855000 -0.943119
v 0.649357 0.855000 -0.056881
v 0.649736 0.914783 -0.358870
v 0.650772 0.919250 -0.636263
v 0.650816 0.000000 -1.132311
v 0.650816 0.080000 -1.132311
v 0.651235 0.000000 0.132072
v 0.651235 0.080000 0.132072
v 0.651991 0.155000 -0.651774
v 0.651991 0.155000 -0.348226
v 0.652228 0.000000 -0.847697
v 0.652228 0.000000 -0.652303
v 0.652228 0.000000 -0.347697
v 0.652228 0.000000 -0.152303
v 0.652228 0.030000 -0.847697
v 0.652228 0.030000 -0.652303
v 0.652228 0.030000 -0.347697
v 0.652228 0.030000 -0.152303
v 0.652400 0.155000 -0.921008
v 0.652400 0.155000 -0.078992
v 0.652539 0.902185 -0.653004
v 0.652539 0.902185 -0.346996
v 0.652988 0.916981 -0.359418
v 0.653271 0.855000 -0.923072
v 0.653271 0.855000 -0.076928
v 0.653602 0.920039 -0.635156
v 0.654066 0.855000 -0.933633
v 0.654066 0.855000 -0.066367
v 0.654250 0.155000 -0.932527
v 0.654250 0.155000 -0.067473
v 0.655229 0.155000 -0.936333
v 0.655229 0.155000 -0.063667
v 0.655857 0.917765 -0.360492
v 0.657045 0.919788 -0.633153
v 0.659342 0.917485 -0.362428
v 0.660785 0.155000 -0.832259
v 0.660785 0.155000 -0.167741
v 0.660887 0.155000 -0.929369
v 0.660887 0.155000 -0.070631
v 0.661507 0.825138 -0.823420
v 0.661507 0.825138 -0.176580
v 0.661540 0.155000 -0.823317
v 0.661540 0.155000 -0.176683
v 0.661540 0.825000 -0.823317
v 0.661540 0.825000 -0.176683
v 0.661692 0.840499 -0.835994
v 0.661692 0.840499 -0.164006
v 0.662003 0.892326 -0.678144
v 0.662003 0.892326 -0.321856
v 0.663885 0.894290 -0.682377
v 0.664017 0.155000 -0.840631
v 0.664017 0.155000 -0.159369
v 0.664510 0.893655 -0.315297
v 0.664894 0.913118 -0.640637
v 0.664894 0.913118 -0.359363
v 0.666194 0.897693 -0.682702
v 0.666328 0.080000 -0.922232
v 0.666328 0.080000 -0.077768
v 0.666328 0.155000 -0.922232
v 0.666328 0.155000 -0.077768
v 0.666811 0.897061 -0.314994
v 0.667759 0.000000 -0.799942
v 0.667759 0.000000 -0.700058
v 0.667759 0.000000 -0.299942
v 0.667759 0.000000 -0.200058
v 0.667759 0.030000 -0.799942
v 0.667759 0.030000 -0.700058
v 0.667759 0.030000 -0.299942
v 0.667759 0.030000 -0.200058
v 0.668528 0.825000 -0.796181
v 0.668528 0.825000 -0.203819
v 0.668599 0.885455 -0.704185
v 0.668599 0.885455 -0.295815
v 0.669237 0.155000 -0.707594
v 0.669237 0.155000 -0.292406
v 0.669540 0.900006 -0.682395
v 0.670156 0.899375 -0.315293
v 0.670584 0.155000 -0.846747
v 0.670584 0.155000 -0.153253
v 0.670584 0.851798 -0.846747
v 0.670584 0.851798 -0.153253
v 0.672243 0.881659 -0.730800
v 0.672243 0.881659 -0.269200
v 0.672305 0.825000 -0.768416
v 0.672305 0.825000 -0.231584
v 0.672484 0.155000 -0.765927
v 0.672484 0.155000 -0.234073
v 0.672578 0.880635 -0.264431
v 0.672579 0.880650 -0.735574
v 0.672616 0.900742 -0.681701
v 0.672754 0.876923 -0.738861
v 0.672754 0.876923 -0.261143
v 0.672821 0.825000 -0.740400
v 0.672821 0.825000 -0.259600
v 0.672822 0.825074 -0.740442
v 0.672822 0.825074 -0.259558
v 0.672821 0.866916 -0.740400
v 0.672821 0.866916 -0.259600
v 0.672877 0.884748 -0.268202
v 0.672937 0.884733 -0.732476
v 0.673013 0.000000 -0.750000
v 0.673013 0.000000 -0.250000
v 0.673013 0.030000 -0.750000
v 0.673013 0.030000 -0.250000
v 0.673136 0.868089 -0.742496
v 0.673146 0.870840 -0.257512
v 0.673175 0.872562 -0.742457
v 0.673175 0.883334 -0.263073
v 0.673213 0.874736 -0.742245
v 0.673244 0.877496 -0.258514
v 0.673247 0.880631 -0.260187
v 0.673230 0.882330 -0.738355
v 0.673251 0.840000 -0.792791
v 0.673251 0.840000 -0.207209
v 0.673260 0.878733 -0.740984
v 0.673253 0.900110 -0.315965
v 0.673954 0.887191 -0.731107
v 0.673954 0.887191 -0.268893
v 0.674192 0.868098 -0.745052
v 0.674262 0.870970 -0.254884
v 0.674289 0.866916 -0.745229
v 0.674289 0.866916 -0.254771
v 0.674389 0.872904 -0.745150
v 0.674605 0.875479 -0.745027
v 0.674881 0.878858 -0.255731
v 0.675007 0.880389 -0.743696
v 0.675080 0.888373 -0.268069
v 0.675154 0.882784 -0.257682
v 0.675146 0.888354 -0.732676
v 0.675287 0.885025 -0.740416
v 0.675318 0.886439 -0.261532
v 0.675513 0.837036 -0.746834
v 0.675513 0.837036 -0.253166
v 0.675896 0.868105 -0.747222
v 0.676062 0.871081 -0.252675
v 0.676333 0.873189 -0.747370
v 0.676498 0.900253 -0.680403
v 0.676815 0.876081 -0.747242
v 0.677144 0.899608 -0.317209
v 0.677453 0.879914 -0.253630
v 0.677575 0.868109 -0.748511
v 0.677729 0.881648 -0.745690
v 0.677808 0.871147 -0.251404
v 0.677929 0.866916 -0.748726
v 0.677929 0.866916 -0.251274
v 0.678105 0.884365 -0.255923
v 0.678231 0.873351 -0.748613
v 0.678443 0.886934 -0.741783
v 0.678441 0.890862 -0.731041
v 0.678441 0.890862 -0.268959
v 0.678503 0.890797 -0.268131
v 0.678567 0.890775 -0.732663
v 0.678614 0.888585 -0.260574
v 0.678946 0.876403 -0.748393
v 0.679437 0.155000 -0.851859
v 0.679437 0.155000 -0.148141
v 0.679437 0.854812 -0.851859
v 0.679437 0.854812 -0.148141
v 0.679867 0.880418 -0.252678
v 0.680108 0.868113 -0.749619
v 0.680294 0.882224 -0.746537
v 0.680461 0.871206 -0.250345
v 0.680824 0.885016 -0.255278
v 0.681049 0.873477 -0.749546
v 0.681263 0.896749 -0.684179
v 0.681263 0.896749 -0.315821
v 0.681352 0.887636 -0.742190
v 0.681601 0.889298 -0.260365
v 0.681602 0.891497 -0.268311
v 0.681696 0.891478 -0.732497
v 0.682059 0.876614 -0.749092
v 0.682476 0.855000 -0.853287
v 0.682476 0.855000 -0.146713
v 0.682813 0.847180 -0.750000
v 0.682813 0.847180 -0.250000
v 0.682813 0.866916 -0.750000
v 0.682813 0.866916 -0.250000
v 0.683347 0.880648 -0.252343
v 0.683829 0.873065 -0.250240
v 0.683881 0.873116 -0.749693
v 0.683905 0.882420 -0.746687
v 0.684061 0.850981 -0.794716
v 0.684061 0.850981 -0.205284
v 0.684195 0.891440 -0.730626
v 0.684195 0.891440 -0.269374
v 0.684629 0.885097 -0.255379
v 0.685306 0.887508 -0.741871
v 0.685667 0.888993 -0.260766
v 0.685782 0.890893 -0.268683
v 0.685864 0.890866 -0.732118
v 0.686694 0.850173 -0.750000
v 0.686693 0.850173 -0.250000
v 0.687137 0.881316 -0.746250
v 0.687111 0.881291 -0.253753
v 0.689211 0.887286 -0.261754
v 0.689252 0.887342 -0.738167
v 0.689282 0.888730 -0.730000
v 0.689282 0.888730 -0.270000
v 0.690803 0.155000 -0.854491
v 0.690803 0.155000 -0.145509
v 0.691010 0.852494 -0.750000
v 0.691010 0.852494 -0.250000
v 0.693026 0.855000 -0.854213
v 0.693026 0.855000 -0.145787
v 0.693853 0.855000 -0.819731
v 0.693853 0.855000 -0.180269
v 0.694728 0.855000 -0.750000
v 0.694728 0.855000 -0.250000
v 0.695647 0.854082 -0.750000
v 0.695646 0.854082 -0.250000
v 0.698828 0.080000 -0.865941
v 0.698828 0.080000 -0.134059
v 0.698828 0.155000 -0.865941
v 0.698828 0.155000 -0.134059
v 0.700738 0.855000 -0.784974
v 0.700738 0.855000 -0.215026
v 0.701705 0.155000 -0.850333
v 0.701705 0.155000 -0.149667
v 0.702288 0.155000 -0.857661
v 0.702288 0.155000 -0.142339
v 0.702570 0.855000 -0.849622
v 0.702570 0.855000 -0.150378
v 0.703012 0.855000 -0.749614
v 0.703012 0.855000 -0.250386
v 0.705490 0.155000 -0.849278
v 0.705490 0.155000 -0.150722
v 0.708431 0.155000 -0.840800
v 0.708431 0.155000 -0.159200
v 0.708431 0.855000 -0.840800
v 0.708431 0.855000 -0.159200
v 0.712053 0.855000 -0.253040
v 0.712179 0.080000 -0.828524
v 0.712179 0.080000 -0.171476
v 0.713204 0.855000 -0.746367
v 0.714219 0.000000 -1.088412
v 0.714219 0.080000 -1.088412
v 0.714529 0.000000 0.088155
v 0.714529 0.080000 0.088155
v 0.716501 0.855000 -0.811107
v 0.716501 0.855000 -0.188893
v 0.719747 0.855000 -0.741092
v 0.720292 0.080000 -0.789634
v 0.720292 0.080000 -0.210366
v 0.720659 0.855000 -0.260145
v 0.721380 0.855000 -0.780727
v 0.721380 0.855000 -0.219273
v 0.723013 0.080000 -0.750000
v 0.723013 0.080000 -0.250000
v 0.723013 0.855000 -0.750000
v 0.723013 0.855000 -0.730000
v 0.723013 0.855000 -0.270000
v 0.723013 0.855000 -0.250000
v 0.768985 0.000000 -1.034118
v 0.768985 0.080000 -1.034118
v 0.769192 0.000000 0.033872
v 0.769192 0.080000 0.033872
v 0.813429 0.000000 -0.971096
v 0.813429 0.080000 -0.971096
v 0.813550 0.000000 -0.029113
v 0.813550 0.080000 -0.029113
v 0.846188 0.000000 -0.901282
v 0.846188 0.080000 -0.901282
v 0.846243 0.000000 -0.098869
v 0.846243 0.080000 -0.098869
v 0.866255 0.000000 -0.826821
v 0.866269 0.000000 -0.173258
v 0.866255 0.080000 -0.826821
v 0.866269 0.080000 -0.173258
v 0.873013 0.000000 -0.750000
v 0.873013 0.000000 -0.250000
v 0.873013 0.080000 -0.750000
v 0.873013 0.080000 -0.250000
vt -0.000000 -18.416649 0.000000
vt -0.022860 -18.417624 0.000000
vt -0.045766 -18.418163 0.000000
vt -0.045766 -19.345657 0.000000
vt -0.042535 -19.930496 0.000000
vt -0.041332 -20.248711 0.000000
vt -0.040470 -20.581686 0.000000
vt -0.020219 -20.581163 0.000000
vt -0.000000 -20.580238 0.000000
vt -0.000000 -19.498444 0.000000
vt -0.029408 -19.304123 0.000000
vt -0.022883 -19.304123 0.000000
vt -0.006525 -19.304123 0.000000
vt -0.040470 20.581686 0.000000
vt -0.041332 20.248711 0.000000
vt -0.042535 19.930496 0.000000
vt -0.045766 19.345657 0.000000
vt -0.045766 18.418163 0.000000
vt -0.022895 18.417624 0.000000
vt -0.000000 18.416649 0.000000
vt -0.000000 19.498444 0.000000
vt -0.000000 20.580238 0.000000
vt -0.020224 20.581163 0.000000
vt -0.029408 19.304123 0.000000
vt -0.022883 19.304123 0.000000
vt -0.006525 19.304123 0.000000
vt -0.005075 0.159804 0.000000
vt 0.002584 1.080695 0.000000
vt -0.012734 1.080695 0.000000
vt 0.233341 -0.166925 0.000000
vt 0.237195 -0.146051 0.000000
vt 0.227068 -0.127426 0.000000
vt 0.152983 -0.047623 0.000000
vt 0.094277 0.044088 0.000000
vt 0.052825 0.144780 0.000000
vt 0.040662 0.165218 0.000000
vt 0.032170 0.171127 0.000000
vt 0.023279 0.173168 0.000000
vt -0.023279 0.173168 0.000000
vt -0.032171 0.171127 0.000000
vt -0.040662 0.165218 0.000000
vt -0.052825 0.144780 0.000000
vt -0.094277 0.044088 0.000000
vt -0.152983 -0.047623 0.000000
vt -0.227068 -0.127426 0.000000
vt -0.237200 -0.146083 0.000000
vt -0.233341 -0.166925 0.000000
vt -0.225682 -0.180191 0.000000
vt -0.209531 -0.193966 0.000000
vt -0.188339 -0.194508 0.000000
vt -0.063707 -0.168022 0.000000
vt 0.063707 -0.168022 0.000000
vt 0.188339 -0.194508 0.000000
vt 0.209562 -0.193954 0.000000
vt 0.225682 -0.180191 0.000000
vt 5.207000 1.184919 0.000000
vt 5.207000 1.331997 0.000000
vt 5.207000 1.479075 0.000000
vt 5.207000 1.626153 0.000000
vt 6.292125 1.674898 0.000000
vt 7.366000 1.723643 0.000000
vt 7.366000 1.851291 0.000000
vt 7.366000 1.978939 0.000000
vt 7.366000 2.106586 0.000000
vt 6.292125 2.155332 0.000000
vt 5.207000 2.204077 0.000000
vt 5.207000 2.351155 0.000000
vt 5.207000 2.498233 0.000000
vt 5.207000 2.645311 0.000000
vt 5.201268 2.646225 0.000000
vt 2.667000 2.646225 0.000000
vt 2.483351 2.777984 0.000000
vt 2.293355 2.909742 0.000000
vt 2.105852 3.041501 0.000000
vt 1.929568 3.173259 0.000000
vt 1.772707 3.305018 0.000000
vt 1.703886 3.370898 0.000000
vt 1.642567 3.436777 0.000000
vt 1.589467 3.502656 0.000000
vt 1.545205 3.568536 0.000000
vt 1.510298 3.634415 0.000000
vt 1.485152 3.700294 0.000000
vt 0.000000 3.700294 0.000000
vt 0.000000 3.551529 0.000000
vt 0.000000 3.402764 0.000000
vt 0.000000 3.253999 0.000000
vt 0.000000 3.105235 0.000000
vt 0.000000 2.956470 0.000000
vt 0.000000 2.807704 0.000000
vt 0.000000 2.658940 0.000000
vt 0.000000 2.510175 0.000000
vt 0.000000 2.361410 0.000000
vt 0.000000 2.212645 0.000000
vt 0.000000 2.063880 0.000000
vt 0.000000 1.915115 0.000000
vt 0.000000 1.766350 0.000000
vt 0.000000 1.617585 0.000000
vt 0.000000 1.468820 0.000000
vt 0.000000 1.320055 0.000000
vt 0.000000 1.171290 0.000000
vt 0.000000 1.022525 0.000000
vt 0.000000 0.873760 0.000000
vt 0.000000 0.724995 0.000000
vt 0.000000 0.576230 0.000000
vt 0.000000 0.427465 0.000000
vt 0.000000 0.278700 0.000000
vt 0.000000 0.129935 0.000000
vt 1.485152 0.129935 0.000000
vt 1.510298 0.195815 0.000000
vt 1.545205 0.261694 0.000000
vt 1.589467 0.327574 0.000000
vt 1.642567 0.393453 0.000000
vt 1.703886 0.459332 0.000000
vt 1.772707 0.525212 0.000000
vt 1.929568 0.656970 0.000000
vt 2.105852 0.788729 0.000000
vt 2.293355 0.920488 0.000000
vt 2.483351 1.052246 0.000000
vt 2.667000 1.184005 0.000000
vt 5.201268 1.184005 0.000000
vt -0.000000 -18.416649 0.000000
vt -0.022860 -18.417624 0.000000
vt -0.045766 -18.418163 0.000000
vt -0.045766 -19.345657 0.000000
vt -0.042535 -19.930496 0.000000
vt -0.041332 -20.248711 0.000000
vt -0.040470 -20.581686 0.000000
vt -0.020219 -20.581163 0.000000
vt -0.000000 -20.580238 0.000000
vt -0.000000 -19.498444 0.000000
vt -0.029408 -19.304123 0.000000
vt -0.022883 -19.304123 0.000000
vt -0.006525 -19.304123 0.000000
vt -0.040470 20.581686 0.000000
vt -0.041332 20.248711 0.000000
vt -0.042535 19.930496 0.000000
vt -0.045766 19.345657 0.000000
vt -0.045766 18.418163 0.000000
vt -0.022895 18.417624 0.000000
vt -0.000000 18.416649 0.000000
vt -0.000000 19.498444 0.000000
vt -0.000000 20.580238 0.000000
vt -0.020224 20.581163 0.000000
vt -0.029408 19.304123 0.000000
vt -0.022883 19.304123 0.000000
vt -0.006525 19.304123 0.000000
vt 0.030475 0.159804 0.000000
vt 0.038134 1.080695 0.000000
vt 0.022816 1.080695 0.000000
vt 5.207000 -0.474626 0.000000
vt 5.207000 -0.327548 0.000000
vt 5.207000 -0.180470 0.000000
vt 5.207000 -0.033391 0.000000
vt 6.292125 0.015354 0.000000
vt 7.366000 0.064099 0.000000
vt 7.366000 0.173135 0.000000
vt 7.366000 0.282171 0.000000
vt 7.366000 0.391207 0.000000
vt 2.667000 0.391207 0.000000
vt 2.527603 0.527743 0.000000
vt 2.385761 0.664279 0.000000
vt 2.248562 0.800815 0.000000
vt 2.122858 0.937350 0.000000
vt 2.014929 1.073886 0.000000
vt 1.969358 1.142154 0.000000
vt 1.930168 1.210422 0.000000
vt 1.897849 1.278690 0.000000
vt 1.872808 1.346958 0.000000
vt 1.855356 1.415226 0.000000
vt 1.845714 1.483493 0.000000
vt 1.843151 1.495650 0.000000
vt 1.833683 1.504011 0.000000
vt 1.808266 1.507923 0.000000
vt 1.701800 1.507923 0.000000
vt 1.701800 1.579137 0.000000
vt 1.701800 1.650350 0.000000
vt 1.701800 1.721564 0.000000
vt 0.000000 1.721564 0.000000
vt 0.000000 1.572799 0.000000
vt 0.000000 1.424034 0.000000
vt 0.000000 1.275269 0.000000
vt 0.000000 1.126504 0.000000
vt 0.000000 0.977739 0.000000
vt 0.000000 0.828974 0.000000
vt 0.000000 0.680209 0.000000
vt 0.000000 0.531444 0.000000
vt 0.000000 0.382679 0.000000
vt 0.000000 0.233915 0.000000
vt 0.000000 0.085150 0.000000
vt 0.000000 -0.063615 0.000000
vt 0.000000 -0.212380 0.000000
vt 0.000000 -0.361145 0.000000
vt 0.000000 -0.509910 0.000000
vt 0.000000 -0.658675 0.000000
vt 0.000000 -0.807440 0.000000
vt 0.000000 -0.956205 0.000000
vt 0.000000 -1.104970 0.000000
vt 0.000000 -1.253735 0.000000
vt 0.000000 -1.402500 0.000000
vt 0.000000 -1.551265 0.000000
vt 0.000000 -1.700030 0.000000
vt 0.000000 -1.848795 0.000000
vt 1.701800 -1.848795 0.000000
vt 1.701800 -1.776146 0.000000
vt 1.701800 -1.703498 0.000000
vt 1.701800 -1.630849 0.000000
vt 1.808623 -1.630849 0.000000
vt 1.833973 -1.626958 0.000000
vt 1.843394 -1.618638 0.000000
vt 1.846060 -1.606542 0.000000
vt 1.856132 -1.538535 0.000000
vt 1.873945 -1.470528 0.000000
vt 1.899275 -1.402520 0.000000
vt 1.931809 -1.334513 0.000000
vt 1.971141 -1.266506 0.000000
vt 2.016784 -1.198499 0.000000
vt 2.124657 -1.062485 0.000000
vt 2.250081 -0.926471 0.000000
vt 2.386837 -0.790457 0.000000
vt 2.528145 -0.654442 0.000000
vt 2.667000 -0.518428 0.000000
vt 4.952926 -0.518428 0.000000
vt 0.632407 -0.851766 0.000000
vt 0.638167 -0.851116 0.000000
vt 0.638167 -0.753618 0.000000
vt 0.638167 -0.656120 0.000000
vt 0.638167 -0.558622 0.000000
vt 0.382825 -0.525447 0.000000
vt 0.205000 -0.508828 0.000000
vt 0.026082 -0.505576 0.000000
vt -0.428939 -0.516790 0.000000
vt -0.538856 -0.524109 0.000000
vt -0.591032 -0.532390 0.000000
vt -0.617481 -0.539456 0.000000
vt -0.629448 -0.544916 0.000000
vt -0.634998 -0.548931 0.000000
vt -0.637169 -0.551650 0.000000
vt -0.638167 -0.555113 0.000000
vt -0.638167 -0.656337 0.000000
vt -0.638167 -0.757561 0.000000
vt -0.638167 -0.858785 0.000000
vt -0.637152 -0.861909 0.000000
vt -0.634901 -0.864382 0.000000
vt -0.629544 -0.867994 0.000000
vt -0.617117 -0.872840 0.000000
vt -0.592634 -0.878797 0.000000
vt -0.541289 -0.886180 0.000000
vt -0.434650 -0.892806 0.000000
vt -0.367992 -0.894554 0.000000
vt -0.119232 -0.895934 0.000000
vt 0.134050 -0.888813 0.000000
vt 0.383405 -0.874474 0.000000
vt 0.212722 -0.765815 0.000000
vt -0.212722 -0.765815 0.000000
vt 0.212722 -0.635696 0.000000
vt -0.212722 -0.635696 0.000000
vt 0.000000 2.534268 0.000000
vt -0.034657 2.286501 0.000000
vt -0.063646 2.038384 0.000000
vt -0.090007 1.786357 0.000000
vt -0.115103 1.538834 0.000000
vt -0.115103 0.000000 0.000000
vt -0.086327 0.000000 0.000000
vt -0.057551 0.000000 0.000000
vt 0.000000 0.000000 0.000000
vt 0.006834 1.538834 0.000000
vt 0.000000 1.472507 0.000000
vt 0.000000 0.000000 0.000000
vt 0.006834 0.000000 0.000000
vt -1.472507 0.088451 0.000000
vt -1.366398 0.074636 0.000000
vt -1.315307 0.065994 0.000000
vt -1.290946 0.060261 0.000000
vt -1.278580 0.055980 0.000000
vt -1.273250 0.052918 0.000000
vt -1.271010 0.050850 0.000000
vt -1.270000 0.048259 0.000000
vt -0.000000 0.048259 0.000000
vt -0.000000 0.067052 0.000000
vt -0.000000 0.077317 0.000000
vt -0.000000 0.088451 0.000000
vt 3.937000 1.137348 0.000000
vt 3.937000 1.229022 0.000000
vt 3.937000 1.320697 0.000000
vt 3.937000 1.412371 0.000000
vt 2.667000 1.412371 0.000000
vt 2.527603 1.548907 0.000000
vt 2.385761 1.685443 0.000000
vt 2.248562 1.821978 0.000000
vt 2.122858 1.958514 0.000000
vt 2.014929 2.095050 0.000000
vt 1.969358 2.163318 0.000000
vt 1.930168 2.231586 0.000000
vt 1.897849 2.299854 0.000000
vt 1.872808 2.368122 0.000000
vt 1.855356 2.436389 0.000000
vt 1.845714 2.504657 0.000000
vt 1.843151 2.516814 0.000000
vt 1.833683 2.525175 0.000000
vt 1.808266 2.529087 0.000000
vt 1.701800 2.529087 0.000000
vt 1.701800 2.662296 0.000000
vt 1.701800 2.795505 0.000000
vt 1.701800 2.928714 0.000000
vt 1.701800 3.061923 0.000000
vt 0.000000 3.061923 0.000000
vt 0.000000 2.913158 0.000000
vt 0.000000 2.764393 0.000000
vt 0.000000 2.615628 0.000000
vt 0.000000 2.466863 0.000000
vt 0.000000 2.318098 0.000000
vt 0.000000 2.169333 0.000000
vt 0.000000 2.020568 0.000000
vt 0.000000 1.871803 0.000000
vt 0.000000 1.723038 0.000000
vt 0.000000 1.574273 0.000000
vt 0.000000 1.425508 0.000000
vt 0.000000 1.276743 0.000000
vt 0.000000 1.127978 0.000000
vt 0.000000 0.979213 0.000000
vt 0.000000 0.830448 0.000000
vt 0.000000 0.681683 0.000000
vt 0.000000 0.532919 0.000000
vt 0.000000 0.384154 0.000000
vt 0.000000 0.235389 0.000000
vt 0.000000 0.086624 0.000000
vt 0.000000 -0.062141 0.000000
vt 0.000000 -0.210906 0.000000
vt 0.000000 -0.359671 0.000000
vt 0.000000 -0.508436 0.000000
vt 1.701800 -0.508436 0.000000
vt 1.701800 -0.434471 0.000000
vt 1.701800 -0.360505 0.000000
vt 1.701800 -0.286540 0.000000
vt 1.655751 -0.197547 0.000000
vt 1.626167 -0.108554 0.000000
vt 1.613677 -0.019561 0.000000
vt 1.618546 0.069432 0.000000
vt 1.640672 0.158425 0.000000
vt 1.679584 0.247418 0.000000
vt 1.734453 0.336411 0.000000
vt 1.804112 0.425404 0.000000
vt 1.887080 0.514397 0.000000
vt 1.981591 0.603390 0.000000
vt 2.085635 0.692383 0.000000
vt 2.196999 0.781376 0.000000
vt 2.313313 0.870369 0.000000
vt 2.432102 0.959362 0.000000
vt 2.550840 1.048355 0.000000
vt 2.667000 1.137348 0.000000
vt 0.382825 0.525447 0.000000
vt 0.638167 0.558622 0.000000
vt 0.638167 0.656120 0.000000
vt 0.638167 0.753618 0.000000
vt 0.638167 0.851116 0.000000
vt 0.632407 0.851766 0.000000
vt 0.384287 0.874429 0.000000
vt 0.130703 0.888955 0.000000
vt -0.367992 0.894554 0.000000
vt -0.434650 0.892806 0.000000
vt -0.541289 0.886180 0.000000
vt -0.592635 0.878797 0.000000
vt -0.617117 0.872840 0.000000
vt -0.629544 0.867995 0.000000
vt -0.634901 0.864381 0.000000
vt -0.637152 0.861909 0.000000
vt -0.638167 0.858785 0.000000
vt -0.638167 0.757561 0.000000
vt -0.638167 0.656337 0.000000
vt -0.638167 0.555113 0.000000
vt -0.637169 0.551648 0.000000
vt -0.635000 0.548931 0.000000
vt -0.629446 0.544914 0.000000
vt -0.617479 0.539456 0.000000
vt -0.591029 0.532390 0.000000
vt -0.538851 0.524108 0.000000
vt -0.428939 0.516790 0.000000
vt 0.026082 0.505576 0.000000
vt 0.204999 0.508828 0.000000
vt 0.212722 0.635236 0.000000
vt -0.212722 0.635236 0.000000
vt 0.212722 0.764895 0.000000
vt -0.212722 0.764895 0.000000
vt 0.006834 1.472507 0.000000
vt 0.000000 1.538834 0.000000
vt 0.000000 0.000000 0.000000
vt 0.006834 0.000000 0.000000
vt 0.000000 1.538834 0.000000
vt -0.051119 2.035054 0.000000
vt -0.080574 2.287377 0.000000
vt -0.115245 2.534268 0.000000
vt -0.115245 0.000000 0.000000
vt -0.057623 0.000000 0.000000
vt -0.028811 0.000000 0.000000
vt 0.000000 0.000000 0.000000
vt 0.567626 -0.327799 0.000000
vt 0.607044 -0.228751 0.000000
vt 0.660345 -0.136431 0.000000
vt 0.726414 -0.052770 0.000000
vt 0.579758 -0.057171 0.000000
vt 0.436299 -0.026402 0.000000
vt 0.304347 0.037752 0.000000
vt 0.317231 0.021216 0.000000
vt 0.317010 0.000247 0.000000
vt 0.298966 -0.010428 0.000000
vt 0.278198 -0.007539 0.000000
vt 0.399733 -0.089736 0.000000
vt 0.498109 -0.198591 0.000000
vt 5.207000 -1.370583 0.000000
vt 5.207000 -1.223505 0.000000
vt 5.207000 -1.076426 0.000000
vt 5.207000 -0.929348 0.000000
vt 4.952926 -0.885546 0.000000
vt 2.667000 -0.885546 0.000000
vt 2.528145 -0.749532 0.000000
vt 2.386837 -0.613518 0.000000
vt 2.250081 -0.477503 0.000000
vt 2.124658 -0.341489 0.000000
vt 2.016784 -0.205475 0.000000
vt 1.971141 -0.137468 0.000000
vt 1.931809 -0.069461 0.000000
vt 1.899275 -0.001454 0.000000
vt 1.873945 0.066553 0.000000
vt 1.856133 0.134560 0.000000
vt 1.846060 0.202567 0.000000
vt 1.843427 0.214676 0.000000
vt 1.833974 0.222986 0.000000
vt 1.808623 0.226875 0.000000
vt 1.701800 0.226875 0.000000
vt 1.701800 0.299523 0.000000
vt 1.701800 0.372172 0.000000
vt 1.701800 0.444821 0.000000
vt 0.000000 0.444821 0.000000
vt 0.000000 0.296056 0.000000
vt 0.000000 0.147291 0.000000
vt 0.000000 -0.001474 0.000000
vt 0.000000 -0.150239 0.000000
vt 0.000000 -0.299004 0.000000
vt 0.000000 -0.447769 0.000000
vt 0.000000 -0.596534 0.000000
vt 0.000000 -0.745299 0.000000
vt 0.000000 -0.894064 0.000000
vt 0.000000 -1.042829 0.000000
vt 0.000000 -1.191594 0.000000
vt 0.000000 -1.340359 0.000000
vt 0.000000 -1.489124 0.000000
vt 0.000000 -1.637889 0.000000
vt 0.000000 -1.786654 0.000000
vt 0.000000 -1.935418 0.000000
vt 0.000000 -2.084183 0.000000
vt 0.000000 -2.232948 0.000000
vt 0.000000 -2.381713 0.000000
vt 0.000000 -2.530478 0.000000
vt 0.000000 -2.679243 0.000000
vt 0.000000 -2.828008 0.000000
vt 0.000000 -2.976773 0.000000
vt 0.000000 -3.125538 0.000000
vt 1.701800 -3.125538 0.000000
vt 1.701800 -3.054324 0.000000
vt 1.701800 -2.983111 0.000000
vt 1.701800 -2.911897 0.000000
vt 1.808266 -2.911897 0.000000
vt 1.833684 -2.907975 0.000000
vt 1.843113 -2.899611 0.000000
vt 1.845714 -2.887468 0.000000
vt 1.855356 -2.819200 0.000000
vt 1.872808 -2.750932 0.000000
vt 1.897849 -2.682664 0.000000
vt 1.930168 -2.614396 0.000000
vt 1.969358 -2.546128 0.000000
vt 2.014929 -2.477860 0.000000
vt 2.122858 -2.341324 0.000000
vt 2.248562 -2.204788 0.000000
vt 2.385761 -2.068253 0.000000
vt 2.527603 -1.931717 0.000000
vt 2.667000 -1.795181 0.000000
vt 7.366000 -1.795181 0.000000
vt 7.366000 -1.686145 0.000000
vt 7.366000 -1.577109 0.000000
vt 7.366000 -1.468073 0.000000
vt 6.292125 -1.419328 0.000000
vt -0.726541 -0.052770 0.000000
vt -0.660472 -0.136431 0.000000
vt -0.607171 -0.228751 0.000000
vt -0.567754 -0.327799 0.000000
vt -0.498237 -0.198591 0.000000
vt -0.399861 -0.089736 0.000000
vt -0.278325 -0.007539 0.000000
vt -0.299088 -0.010429 0.000000
vt -0.317138 0.000247 0.000000
vt -0.317360 0.021211 0.000000
vt -0.304474 0.037752 0.000000
vt -0.436427 -0.026402 0.000000
vt -0.579886 -0.057171 0.000000
vt -1.270000 -0.048287 0.000000
vt -1.271010 -0.050878 0.000000
vt -1.273250 -0.052945 0.000000
vt -1.278580 -0.056008 0.000000
vt -1.290946 -0.060288 0.000000
vt -1.315306 -0.066021 0.000000
vt -1.366397 -0.074663 0.000000
vt -1.472507 -0.088477 0.000000
vt -0.000000 -0.088477 0.000000
vt -0.000000 -0.077876 0.000000
vt -0.000000 -0.067869 0.000000
vt -0.000000 -0.048287 0.000000
vt -1.270000 0.050360 0.000000
vt -1.270993 0.047600 0.000000
vt -1.273154 0.045414 0.000000
vt -1.278676 0.042129 0.000000
vt -1.290583 0.037501 0.000000
vt -1.316901 0.030908 0.000000
vt -1.368818 0.021479 0.000000
vt -1.478190 0.006160 0.000000
vt -0.000000 0.006160 0.000000
vt -0.000000 0.017944 0.000000
vt -0.000000 0.028818 0.000000
vt -0.000000 0.050360 0.000000
vt 0.046564 1.478189 0.000000
vt 0.000000 1.930953 0.000000
vt 0.000000 0.000000 0.000000
vt 0.046564 0.000000 0.000000
vt -1.930953 0.097478 0.000000
vt -2.108982 0.076445 0.000000
vt -2.285926 0.053272 0.000000
vt -0.000000 0.053272 0.000000
vt -0.000000 0.075375 0.000000
vt -0.000000 0.086426 0.000000
vt -0.000000 0.097478 0.000000
vt -0.000000 0.006160 0.000000
vt -0.000000 0.017944 0.000000
vt -0.000000 0.028818 0.000000
vt -0.000000 0.050360 0.000000
vt -4.699000 0.050360 0.000000
vt -4.699000 0.028260 0.000000
vt -4.699000 0.017210 0.000000
vt -4.699000 0.006160 0.000000
vt 0.000000 0.000000 0.000000
vt 0.046558 0.000000 0.000000
vt 0.046558 4.699000 0.000000
vt 0.000000 4.699000 0.000000
vt -0.000000 -0.050387 0.000000
vt -0.000000 -0.024115 0.000000
vt -0.000000 -0.006180 0.000000
vt -4.699000 -0.006180 0.000000
vt -4.699000 -0.017232 0.000000
vt -4.699000 -0.028284 0.000000
vt -4.699000 -0.050387 0.000000
vt -2.285925 0.050361 0.000000
vt -2.108981 0.027191 0.000000
vt -1.930952 0.006161 0.000000
vt -0.000000 0.006161 0.000000
vt -0.000000 0.017944 0.000000
vt -0.000000 0.028818 0.000000
vt -0.000000 0.050361 0.000000
vt 0.046564 1.930953 0.000000
vt 0.000000 1.478189 0.000000
vt 0.000000 0.000000 0.000000
vt 0.046564 0.000000 0.000000
vt -1.478189 -0.006180 0.000000
vt -1.368824 -0.021501 0.000000
vt -1.316904 -0.030931 0.000000
vt -1.290585 -0.037525 0.000000
vt -1.278678 -0.042152 0.000000
vt -1.273152 -0.045439 0.000000
vt -1.270993 -0.047624 0.000000
vt -1.270000 -0.050387 0.000000
vt -0.000000 -0.050387 0.000000
vt -0.000000 -0.024113 0.000000
vt -0.000000 -0.006180 0.000000
vt -0.050190 -1.487939 0.000000
vt -0.038005 -1.490830 0.000000
vt -0.025514 -1.496182 0.000000
vt -0.000024 -1.511752 0.000000
vt -0.000017 -1.331579 0.000000
vt -0.000000 -1.151377 0.000000
vt -0.000000 -0.971174 0.000000
vt -0.000000 -0.790991 0.000000
vt -0.000000 -0.610792 0.000000
vt -0.000000 -0.520705 0.000000
vt -0.000000 -0.430573 0.000000
vt -0.000000 -0.340443 0.000000
vt -0.000000 -0.250371 0.000000
vt -0.000000 -0.160317 0.000000
vt -0.000000 -0.070230 0.000000
vt -0.012508 -0.070229 0.000000
vt -0.025095 -0.070229 0.000000
vt -0.037682 -0.070229 0.000000
vt -0.050190 -0.070230 0.000000
vt -0.050190 -0.219993 0.000000
vt -0.050190 -0.369753 0.000000
vt -0.050190 -0.519609 0.000000
vt -0.050190 -0.669391 0.000000
vt -0.050190 -0.819196 0.000000
vt -0.050190 -0.968982 0.000000
vt -0.050190 -1.118784 0.000000
vt -0.050190 -1.268595 0.000000
vt -0.050190 -1.378269 0.000000
vt -0.007057 -1.210316 0.000000
vt -0.041171 -1.009360 0.000000
vt -0.007057 -1.109838 0.000000
vt -0.041171 -0.707924 0.000000
vt -0.007057 -0.908881 0.000000
vt -0.007057 -1.411273 0.000000
vt -0.016076 -1.411273 0.000000
vt -0.025095 -1.411273 0.000000
vt -0.032152 -1.411273 0.000000
vt -0.041171 -1.411273 0.000000
vt -0.007057 -1.310795 0.000000
vt -0.016076 -1.310795 0.000000
vt -0.025095 -1.310795 0.000000
vt -0.032152 -1.310795 0.000000
vt -0.041171 -1.310795 0.000000
vt -0.016076 -1.109838 0.000000
vt -0.025095 -1.109838 0.000000
vt -0.032152 -1.109838 0.000000
vt -0.041171 -1.109838 0.000000
vt -0.041171 -1.210316 0.000000
vt -0.032152 -1.210316 0.000000
vt -0.025095 -1.210316 0.000000
vt -0.016076 -1.210316 0.000000
vt -0.016076 -0.908881 0.000000
vt -0.025095 -0.908881 0.000000
vt -0.032152 -0.908881 0.000000
vt -0.041171 -0.908881 0.000000
vt -0.032152 -1.009360 0.000000
vt -0.025095 -1.009360 0.000000
vt -0.016076 -1.009360 0.000000
vt -0.007057 -1.009360 0.000000
vt -0.007057 -0.707924 0.000000
vt -0.016076 -0.707924 0.000000
vt -0.025095 -0.707924 0.000000
vt -0.032152 -0.707924 0.000000
vt -0.041171 -0.808403 0.000000
vt -0.032152 -0.808403 0.000000
vt -0.025095 -0.808403 0.000000
vt -0.016076 -0.808403 0.000000
vt -0.007057 -0.808403 0.000000
vt -0.007057 -0.548500 0.000000
vt -0.016076 -0.548500 0.000000
vt -0.025095 -0.548500 0.000000
vt -0.032152 -0.548500 0.000000
vt -0.041171 -0.548500 0.000000
vt -0.007057 -0.389077 0.000000
vt -0.016076 -0.389077 0.000000
vt -0.025095 -0.389077 0.000000
vt -0.032152 -0.389077 0.000000
vt -0.041171 -0.389077 0.000000
vt -0.007057 -0.229653 0.000000
vt -0.016076 -0.229653 0.000000
vt -0.025095 -0.229653 0.000000
vt -0.032152 -0.229653 0.000000
vt -0.041171 -0.229653 0.000000
vt -0.050246 -1.486387 0.000000
vt -0.030285 -1.492345 0.000000
vt -0.000024 -1.510175 0.000000
vt -0.000017 -1.329498 0.000000
vt -0.000000 -1.148791 0.000000
vt -0.000000 -0.968082 0.000000
vt -0.000000 -0.787393 0.000000
vt -0.000000 -0.606689 0.000000
vt -0.000000 -0.516350 0.000000
vt -0.000000 -0.425964 0.000000
vt -0.000000 -0.335582 0.000000
vt -0.000000 -0.245259 0.000000
vt -0.000000 -0.154952 0.000000
vt -0.000000 -0.064610 0.000000
vt -0.012522 -0.064610 0.000000
vt -0.025123 -0.064610 0.000000
vt -0.037724 -0.064610 0.000000
vt -0.050246 -0.064610 0.000000
vt -0.050246 -0.214914 0.000000
vt -0.050246 -0.365210 0.000000
vt -0.050246 -0.515604 0.000000
vt -0.050246 -0.665924 0.000000
vt -0.050246 -0.816267 0.000000
vt -0.050246 -0.966592 0.000000
vt -0.050246 -1.116932 0.000000
vt -0.050246 -1.267281 0.000000
vt -0.050246 -1.376836 0.000000
vt -0.007161 -1.208124 0.000000
vt -0.041265 -1.006757 0.000000
vt -0.007161 -1.107441 0.000000
vt -0.041265 -0.704706 0.000000
vt -0.007161 -0.906073 0.000000
vt -0.007161 -1.409492 0.000000
vt -0.016142 -1.409492 0.000000
vt -0.025123 -1.409492 0.000000
vt -0.032284 -1.409492 0.000000
vt -0.041265 -1.409492 0.000000
vt -0.007161 -1.308808 0.000000
vt -0.016142 -1.308808 0.000000
vt -0.025123 -1.308808 0.000000
vt -0.032284 -1.308808 0.000000
vt -0.041265 -1.308808 0.000000
vt -0.016142 -1.107441 0.000000
vt -0.025123 -1.107441 0.000000
vt -0.032284 -1.107441 0.000000
vt -0.041265 -1.107441 0.000000
vt -0.041265 -1.208124 0.000000
vt -0.032284 -1.208124 0.000000
vt -0.025123 -1.208124 0.000000
vt -0.016142 -1.208124 0.000000
vt -0.016142 -0.906073 0.000000
vt -0.025123 -0.906073 0.000000
vt -0.032284 -0.906073 0.000000
vt -0.041265 -0.906073 0.000000
vt -0.032284 -1.006757 0.000000
vt -0.025123 -1.006757 0.000000
vt -0.016142 -1.006757 0.000000
vt -0.007161 -1.006757 0.000000
vt -0.007161 -0.704706 0.000000
vt -0.016142 -0.704706 0.000000
vt -0.025123 -0.704706 0.000000
vt -0.032284 -0.704706 0.000000
vt -0.041265 -0.805390 0.000000
vt -0.032284 -0.805390 0.000000
vt -0.025123 -0.805390 0.000000
vt -0.016142 -0.805390 0.000000
vt -0.007161 -0.805390 0.000000
vt -0.007161 -0.544682 0.000000
vt -0.016142 -0.544682 0.000000
vt -0.025123 -0.544682 0.000000
vt -0.032284 -0.544682 0.000000
vt -0.041265 -0.544682 0.000000
vt -0.007161 -0.384658 0.000000
vt -0.016142 -0.384658 0.000000
vt -0.025123 -0.384658 0.000000
vt -0.032284 -0.384658 0.000000
vt -0.041265 -0.384658 0.000000
vt -0.007161 -0.224634 0.000000
vt -0.016142 -0.224634 0.000000
vt -0.025123 -0.224634 0.000000
vt -0.032284 -0.224634 0.000000
vt -0.041265 -0.224634 0.000000
vt 0.199491 -1.216124 0.000000
vt 0.174386 -1.215091 0.000000
vt 0.149394 -1.212300 0.000000
vt 0.124537 -1.208477 0.000000
vt 0.099746 -1.204415 0.000000
vt 0.099746 -1.326317 0.000000
vt 0.099746 -1.448220 0.000000
vt 0.099746 -1.570122 0.000000
vt 0.099746 -1.692025 0.000000
vt 0.099746 -1.813927 0.000000
vt 0.099746 -1.935829 0.000000
vt 0.099746 -2.057732 0.000000
vt 0.099746 -2.179634 0.000000
vt 0.099746 -2.301537 0.000000
vt 0.099746 -2.423439 0.000000
vt 0.099746 -2.545341 0.000000
vt 0.099746 -2.667244 0.000000
vt 0.099746 -2.789146 0.000000
vt 0.099746 -2.911049 0.000000
vt 0.099746 -3.032951 0.000000
vt 0.099746 -3.154854 0.000000
vt 0.099746 -3.276756 0.000000
vt 0.099746 -3.398658 0.000000
vt 0.099746 -3.520561 0.000000
vt 0.099746 -3.642463 0.000000
vt 0.099746 -3.764365 0.000000
vt 0.124537 -3.760304 0.000000
vt 0.149394 -3.756481 0.000000
vt 0.174386 -3.753689 0.000000
vt 0.199491 -3.752657 0.000000
vt 0.199491 -3.625830 0.000000
vt 0.199491 -3.499003 0.000000
vt 0.199491 -3.372177 0.000000
vt 0.199491 -3.245350 0.000000
vt 0.199491 -3.118523 0.000000
vt 0.199491 -2.991697 0.000000
vt 0.199491 -2.864870 0.000000
vt 0.199491 -2.738044 0.000000
vt 0.199491 -2.611217 0.000000
vt 0.199491 -2.484390 0.000000
vt 0.199491 -2.357563 0.000000
vt 0.199491 -2.230737 0.000000
vt 0.199491 -2.103910 0.000000
vt 0.199491 -1.977084 0.000000
vt 0.199491 -1.850257 0.000000
vt 0.199491 -1.723430 0.000000
vt 0.199491 -1.596604 0.000000
vt 0.199491 -1.469777 0.000000
vt 0.199491 -1.342950 0.000000
vt 0.166243 -2.873948 0.000000
vt 0.132994 -2.428739 0.000000
vt 0.166243 -2.094832 0.000000
vt 0.132994 -1.315717 0.000000
vt 0.166243 -1.315717 0.000000
vt 0.132994 -1.427019 0.000000
vt 0.166243 -1.427019 0.000000
vt 0.132994 -1.538321 0.000000
vt 0.166243 -1.538321 0.000000
vt 0.132994 -1.649624 0.000000
vt 0.166243 -1.649624 0.000000
vt 0.132994 -1.760926 0.000000
vt 0.166243 -1.760926 0.000000
vt 0.132994 -1.872228 0.000000
vt 0.166243 -1.872228 0.000000
vt 0.132994 -1.983530 0.000000
vt 0.166243 -1.983530 0.000000
vt 0.132994 -2.094832 0.000000
vt 0.132994 -2.206135 0.000000
vt 0.166243 -2.206135 0.000000
vt 0.132994 -2.317437 0.000000
vt 0.166243 -2.317437 0.000000
vt 0.166243 -2.428739 0.000000
vt 0.132994 -2.651344 0.000000
vt 0.166243 -2.651344 0.000000
vt 0.166243 -2.540041 0.000000
vt 0.132994 -2.540041 0.000000
vt 0.132994 -2.762646 0.000000
vt 0.166243 -2.762646 0.000000
vt 0.132994 -2.873948 0.000000
vt 0.132994 -2.985250 0.000000
vt 0.166243 -2.985250 0.000000
vt 0.132994 -3.096552 0.000000
vt 0.166243 -3.096552 0.000000
vt 0.132994 -3.207855 0.000000
vt 0.166243 -3.207855 0.000000
vt 0.132994 -3.319157 0.000000
vt 0.166243 -3.319157 0.000000
vt 0.132994 -3.430459 0.000000
vt 0.166243 -3.430459 0.000000
vt 0.132994 -3.541761 0.000000
vt 0.166243 -3.541761 0.000000
vt 0.132994 -3.653063 0.000000
vt 0.166243 -3.653063 0.000000
vt 1.634927 -0.855937 0.000000
vt 1.535116 -0.945562 0.000000
vt 1.414272 -1.003798 0.000000
vt 1.281982 -1.026025 0.000000
vt 1.148741 -1.010481 0.000000
vt 1.025121 -0.958397 0.000000
vt 0.920928 -0.873906 0.000000
vt 0.844430 -0.763712 0.000000
vt 0.801695 -0.636557 0.000000
vt 0.796114 -0.502529 0.000000
vt 0.828130 -0.372261 0.000000
vt 0.895202 -0.256088 0.000000
vt 0.992010 -0.163228 0.000000
vt 1.110872 -0.101047 0.000000
vt 1.242359 -0.074479 0.000000
vt 1.376039 -0.085631 0.000000
vt 1.501306 -0.133619 0.000000
vt 1.608222 -0.214636 0.000000
vt 1.688305 -0.322253 0.000000
vt 1.735201 -0.447933 0.000000
vt 1.745188 -0.581706 0.000000
vt 1.717476 -0.712956 0.000000
vt 1.945171 -0.844416 0.000000
vt 1.953959 -0.823385 0.000000
vt 1.962092 -0.802092 0.000000
vt 1.969563 -0.780558 0.000000
vt 1.952478 -0.804773 0.000000
vt 1.924788 -0.815334 0.000000
vt 1.895917 -0.808647 0.000000
vt 1.873430 -0.795664 0.000000
vt 1.856750 -0.780129 0.000000
vt 1.848542 -0.758864 0.000000
vt 1.850459 -0.736151 0.000000
vt 1.878256 -0.590382 0.000000
vt 1.870009 -0.442215 0.000000
vt 1.826205 -0.300431 0.000000
vt 1.749442 -0.173432 0.000000
vt 1.644267 -0.068744 0.000000
vt 1.516913 0.007430 0.000000
vt 1.374928 0.050576 0.000000
vt 1.226725 0.058136 0.000000
vt 1.081086 0.029663 0.000000
vt 0.946642 -0.033156 0.000000
vt 0.831360 -0.126598 0.000000
vt 0.742071 -0.245126 0.000000
vt 0.684067 -0.381716 0.000000
vt 0.660785 -0.528275 0.000000
vt 0.673604 -0.676116 0.000000
vt 0.721765 -0.816480 0.000000
vt 0.802414 -0.941047 0.000000
vt 0.910772 -1.042438 0.000000
vt 1.040417 -1.114642 0.000000
vt 1.183668 -1.153382 0.000000
vt 1.332034 -1.156362 0.000000
vt 1.476724 -1.123405 0.000000
vt 1.609164 -1.056464 0.000000
vt 1.721505 -0.959506 0.000000
vt 1.740217 -0.946490 0.000000
vt 1.762737 -0.942966 0.000000
vt 1.784530 -0.949643 0.000000
vt 1.807017 -0.962626 0.000000
vt 1.827244 -0.984285 0.000000
vt 1.831943 -1.013546 0.000000
vt 1.819515 -1.040449 0.000000
vt 1.834429 -1.023213 0.000000
vt 1.848802 -1.005523 0.000000
vt 1.862621 -0.987396 0.000000
vt -0.064630 0.000000 0.000000
vt -0.040072 0.004779 0.000000
vt -0.019128 0.018440 0.000000
vt -0.004998 0.039044 0.000000
vt -0.000000 0.063500 0.000000
vt -0.000000 0.190500 0.000000
vt -0.327549 0.190500 0.000000
vt -0.327549 0.000000 0.000000
vt 0.199491 0.816559 0.000000
vt 0.174386 0.817592 0.000000
vt 0.149394 0.820383 0.000000
vt 0.124537 0.824206 0.000000
vt 0.099746 0.828268 0.000000
vt 0.099746 0.706366 0.000000
vt 0.099746 0.584463 0.000000
vt 0.099746 0.462561 0.000000
vt 0.099746 0.340658 0.000000
vt 0.099746 0.218756 0.000000
vt 0.099746 0.096854 0.000000
vt 0.099746 -0.025049 0.000000
vt 0.099746 -0.146951 0.000000
vt 0.099746 -0.268854 0.000000
vt 0.099746 -0.390756 0.000000
vt 0.099746 -0.512659 0.000000
vt 0.099746 -0.634561 0.000000
vt 0.099746 -0.756463 0.000000
vt 0.099746 -0.878366 0.000000
vt 0.099746 -1.000268 0.000000
vt 0.099746 -1.122171 0.000000
vt 0.099746 -1.244073 0.000000
vt 0.099746 -1.365975 0.000000
vt 0.099746 -1.487878 0.000000
vt 0.099746 -1.609780 0.000000
vt 0.099746 -1.731683 0.000000
vt 0.124537 -1.727621 0.000000
vt 0.149394 -1.723798 0.000000
vt 0.174386 -1.721006 0.000000
vt 0.199491 -1.719974 0.000000
vt 0.199491 -1.593147 0.000000
vt 0.199491 -1.466321 0.000000
vt 0.199491 -1.339494 0.000000
vt 0.199491 -1.212667 0.000000
vt 0.199491 -1.085841 0.000000
vt 0.199491 -0.959014 0.000000
vt 0.199491 -0.832187 0.000000
vt 0.199491 -0.705361 0.000000
vt 0.199491 -0.578534 0.000000
vt 0.199491 -0.451707 0.000000
vt 0.199491 -0.324881 0.000000
vt 0.199491 -0.198054 0.000000
vt 0.199491 -0.071227 0.000000
vt 0.199491 0.055599 0.000000
vt 0.199491 0.182426 0.000000
vt 0.199491 0.309253 0.000000
vt 0.199491 0.436079 0.000000
vt 0.199491 0.562906 0.000000
vt 0.199491 0.689732 0.000000
vt 0.166243 -0.841265 0.000000
vt 0.132994 -0.396056 0.000000
vt 0.166243 -0.062150 0.000000
vt 0.132994 0.716966 0.000000
vt 0.166243 0.716966 0.000000
vt 0.132994 0.605664 0.000000
vt 0.166243 0.605664 0.000000
vt 0.132994 0.494361 0.000000
vt 0.166243 0.494361 0.000000
vt 0.132994 0.383059 0.000000
vt 0.166243 0.383059 0.000000
vt 0.132994 0.271757 0.000000
vt 0.166243 0.271757 0.000000
vt 0.132994 0.160455 0.000000
vt 0.166243 0.160455 0.000000
vt 0.132994 0.049153 0.000000
vt 0.166243 0.049153 0.000000
vt 0.132994 -0.062150 0.000000
vt 0.132994 -0.173452 0.000000
vt 0.166243 -0.173452 0.000000
vt 0.132994 -0.284754 0.000000
vt 0.166243 -0.284754 0.000000
vt 0.166243 -0.396056 0.000000
vt 0.132994 -0.618661 0.000000
vt 0.166243 -0.618661 0.000000
vt 0.166243 -0.507358 0.000000
vt 0.132994 -0.507358 0.000000
vt 0.132994 -0.729963 0.000000
vt 0.166243 -0.729963 0.000000
vt 0.132994 -0.841265 0.000000
vt 0.132994 -0.952567 0.000000
vt 0.166243 -0.952567 0.000000
vt 0.132994 -1.063869 0.000000
vt 0.166243 -1.063869 0.000000
vt 0.132994 -1.175172 0.000000
vt 0.166243 -1.175172 0.000000
vt 0.132994 -1.286474 0.000000
vt 0.166243 -1.286474 0.000000
vt 0.132994 -1.397776 0.000000
vt 0.166243 -1.397776 0.000000
vt 0.132994 -1.509078 0.000000
vt 0.166243 -1.509078 0.000000
vt 0.132994 -1.620380 0.000000
vt 0.166243 -1.620380 0.000000
vt 0.941011 0.914853 0.000000
vt 1.030636 0.815042 0.000000
vt 1.088872 0.694198 0.000000
vt 1.111099 0.561908 0.000000
vt 1.095554 0.428667 0.000000
vt 1.043471 0.305047 0.000000
vt 0.958980 0.200855 0.000000
vt 0.848786 0.124356 0.000000
vt 0.721631 0.081622 0.000000
vt 0.587602 0.076041 0.000000
vt 0.457335 0.108056 0.000000
vt 0.341162 0.175128 0.000000
vt 0.248302 0.271936 0.000000
vt 0.186121 0.390798 0.000000
vt 0.159553 0.522285 0.000000
vt 0.170705 0.655965 0.000000
vt 0.218693 0.781233 0.000000
vt 0.299710 0.888149 0.000000
vt 0.407327 0.968231 0.000000
vt 0.533007 1.015127 0.000000
vt 0.666779 1.025115 0.000000
vt 0.798030 0.997403 0.000000
vt 0.929489 1.225097 0.000000
vt 0.908459 1.233885 0.000000
vt 0.887166 1.242018 0.000000
vt 0.865632 1.249489 0.000000
vt 0.889847 1.232404 0.000000
vt 0.900408 1.204714 0.000000
vt 0.893721 1.175843 0.000000
vt 0.880738 1.153357 0.000000
vt 0.865203 1.136677 0.000000
vt 0.843938 1.128469 0.000000
vt 0.821225 1.130385 0.000000
vt 0.675456 1.158182 0.000000
vt 0.527289 1.149935 0.000000
vt 0.385505 1.106132 0.000000
vt 0.258506 1.029368 0.000000
vt 0.153818 0.924193 0.000000
vt 0.077644 0.796840 0.000000
vt 0.034498 0.654854 0.000000
vt 0.026938 0.506651 0.000000
vt 0.055411 0.361012 0.000000
vt 0.118230 0.226568 0.000000
vt 0.211672 0.111286 0.000000
vt 0.330200 0.021997 0.000000
vt 0.466790 -0.036007 0.000000
vt 0.613349 -0.059289 0.000000
vt 0.761190 -0.046470 0.000000
vt 0.901553 0.001691 0.000000
vt 1.026121 0.082340 0.000000
vt 1.127511 0.190698 0.000000
vt 1.199716 0.320344 0.000000
vt 1.238456 0.463594 0.000000
vt 1.241436 0.611960 0.000000
vt 1.208478 0.756650 0.000000
vt 1.141537 0.889090 0.000000
vt 1.044580 1.001431 0.000000
vt 1.031563 1.020143 0.000000
vt 1.028039 1.042663 0.000000
vt 1.034717 1.064456 0.000000
vt 1.047700 1.086943 0.000000
vt 1.069359 1.107170 0.000000
vt 1.098620 1.111869 0.000000
vt 1.125523 1.099441 0.000000
vt 1.108286 1.114355 0.000000
vt 1.090596 1.128728 0.000000
vt 1.072470 1.142547 0.000000
vt -0.064630 0.000000 0.000000
vt -0.040072 0.004779 0.000000
vt -0.019128 0.018440 0.000000
vt -0.004998 0.039044 0.000000
vt -0.000000 0.063500 0.000000
vt -0.000000 0.190500 0.000000
vt -0.327549 0.190500 0.000000
vt -0.327549 0.000000 0.000000
vt 0.199491 0.364852 0.000000
vt 0.174386 0.365884 0.000000
vt 0.149394 0.368676 0.000000
vt 0.124537 0.372499 0.000000
vt 0.099746 0.376561 0.000000
vt 0.099746 0.254658 0.000000
vt 0.099746 0.132756 0.000000
vt 0.099746 0.010853 0.000000
vt 0.099746 -0.111049 0.000000
vt 0.099746 -0.232951 0.000000
vt 0.099746 -0.354854 0.000000
vt 0.099746 -0.476756 0.000000
vt 0.099746 -0.598659 0.000000
vt 0.099746 -0.720561 0.000000
vt 0.099746 -0.842463 0.000000
vt 0.099746 -0.964366 0.000000
vt 0.099746 -1.086268 0.000000
vt 0.099746 -1.208171 0.000000
vt 0.099746 -1.330073 0.000000
vt 0.099746 -1.451975 0.000000
vt 0.099746 -1.573878 0.000000
vt 0.099746 -1.695780 0.000000
vt 0.099746 -1.817683 0.000000
vt 0.099746 -1.939585 0.000000
vt 0.099746 -2.061488 0.000000
vt 0.099746 -2.183390 0.000000
vt 0.124537 -2.179328 0.000000
vt 0.149394 -2.175505 0.000000
vt 0.174386 -2.172714 0.000000
vt 0.199491 -2.171681 0.000000
vt 0.199491 -2.044854 0.000000
vt 0.199491 -1.918028 0.000000
vt 0.199491 -1.791201 0.000000
vt 0.199491 -1.664375 0.000000
vt 0.199491 -1.537548 0.000000
vt 0.199491 -1.410721 0.000000
vt 0.199491 -1.283895 0.000000
vt 0.199491 -1.157068 0.000000
vt 0.199491 -1.030241 0.000000
vt 0.199491 -0.903415 0.000000
vt 0.199491 -0.776588 0.000000
vt 0.199491 -0.649761 0.000000
vt 0.199491 -0.522935 0.000000
vt 0.199491 -0.396108 0.000000
vt 0.199491 -0.269281 0.000000
vt 0.199491 -0.142455 0.000000
vt 0.199491 -0.015628 0.000000
vt 0.199491 0.111199 0.000000
vt 0.199491 0.238025 0.000000
vt 0.166243 -1.292972 0.000000
vt 0.132994 -0.847764 0.000000
vt 0.166243 -0.513857 0.000000
vt 0.132994 0.265258 0.000000
vt 0.166243 0.265258 0.000000
vt 0.132994 0.153956 0.000000
vt 0.166243 0.153956 0.000000
vt 0.132994 0.042654 0.000000
vt 0.166243 0.042654 0.000000
vt 0.132994 -0.068648 0.000000
vt 0.166243 -0.068648 0.000000
vt 0.132994 -0.179950 0.000000
vt 0.166243 -0.179950 0.000000
vt 0.132994 -0.291253 0.000000
vt 0.166243 -0.291253 0.000000
vt 0.132994 -0.402555 0.000000
vt 0.166243 -0.402555 0.000000
vt 0.132994 -0.513857 0.000000
vt 0.132994 -0.625159 0.000000
vt 0.166243 -0.625159 0.000000
vt 0.132994 -0.736461 0.000000
vt 0.166243 -0.736461 0.000000
vt 0.166243 -0.847764 0.000000
vt 0.132994 -1.070368 0.000000
vt 0.166243 -1.070368 0.000000
vt 0.166243 -0.959066 0.000000
vt 0.132994 -0.959066 0.000000
vt 0.132994 -1.181670 0.000000
vt 0.166243 -1.181670 0.000000
vt 0.132994 -1.292972 0.000000
vt 0.132994 -1.404274 0.000000
vt 0.166243 -1.404274 0.000000
vt 0.132994 -1.515577 0.000000
vt 0.166243 -1.515577 0.000000
vt 0.132994 -1.626879 0.000000
vt 0.166243 -1.626879 0.000000
vt 0.132994 -1.738181 0.000000
vt 0.166243 -1.738181 0.000000
vt 0.132994 -1.849483 0.000000
vt 0.166243 -1.849483 0.000000
vt 0.132994 -1.960786 0.000000
vt 0.166243 -1.960786 0.000000
vt 0.132994 -2.072088 0.000000
vt 0.166243 -2.072088 0.000000
vt -0.798030 0.997403 0.000000
vt -0.666779 1.025115 0.000000
vt -0.533007 1.015127 0.000000
vt -0.407327 0.968231 0.000000
vt -0.299710 0.888149 0.000000
vt -0.218693 0.781233 0.000000
vt -0.170705 0.655965 0.000000
vt -0.159553 0.522285 0.000000
vt -0.186121 0.390798 0.000000
vt -0.248302 0.271936 0.000000
vt -0.341162 0.175128 0.000000
vt -0.457335 0.108056 0.000000
vt -0.587602 0.076041 0.000000
vt -0.721631 0.081622 0.000000
vt -0.848786 0.124356 0.000000
vt -0.958980 0.200855 0.000000
vt -1.043471 0.305047 0.000000
vt -1.095554 0.428667 0.000000
vt -1.111099 0.561908 0.000000
vt -1.088872 0.694198 0.000000
vt -1.030636 0.815042 0.000000
vt -0.941011 0.914853 0.000000
vt -1.072470 1.142547 0.000000
vt -1.090596 1.128728 0.000000
vt -1.108286 1.114355 0.000000
vt -1.125523 1.099441 0.000000
vt -1.098620 1.111869 0.000000
vt -1.069359 1.107170 0.000000
vt -1.047700 1.086943 0.000000
vt -1.034717 1.064456 0.000000
vt -1.028039 1.042663 0.000000
vt -1.031563 1.020143 0.000000
vt -1.044580 1.001431 0.000000
vt -1.141537 0.889090 0.000000
vt -1.208478 0.756650 0.000000
vt -1.241436 0.611960 0.000000
vt -1.238456 0.463594 0.000000
vt -1.199716 0.320344 0.000000
vt -1.127511 0.190698 0.000000
vt -1.026121 0.082340 0.000000
vt -0.901553 0.001691 0.000000
vt -0.761190 -0.046470 0.000000
vt -0.613349 -0.059289 0.000000
vt -0.466790 -0.036007 0.000000
vt -0.330200 0.021997 0.000000
vt -0.211672 0.111286 0.000000
vt -0.118230 0.226568 0.000000
vt -0.055411 0.361012 0.000000
vt -0.026938 0.506651 0.000000
vt -0.034498 0.654854 0.000000
vt -0.077644 0.796840 0.000000
vt -0.153818 0.924193 0.000000
vt -0.258506 1.029368 0.000000
vt -0.385505 1.106132 0.000000
vt -0.527289 1.149935 0.000000
vt -0.675456 1.158182 0.000000
vt -0.821225 1.130385 0.000000
vt -0.843938 1.128469 0.000000
vt -0.865203 1.136677 0.000000
vt -0.880738 1.153357 0.000000
vt -0.893721 1.175843 0.000000
vt -0.900408 1.204714 0.000000
vt -0.889847 1.232404 0.000000
vt -0.865632 1.249489 0.000000
vt -0.887166 1.242018 0.000000
vt -0.908459 1.233885 0.000000
vt -0.929489 1.225097 0.000000
vt -0.064630 0.000000 0.000000
vt -0.040072 0.004779 0.000000
vt -0.019128 0.018440 0.000000
vt -0.004998 0.039044 0.000000
vt -0.000000 0.063500 0.000000
vt -0.000000 0.190500 0.000000
vt -0.327549 0.190500 0.000000
vt -0.327549 0.000000 0.000000
vt 0.199491 -0.312709 0.000000
vt 0.174386 -0.311677 0.000000
vt 0.149394 -0.308885 0.000000
vt 0.124537 -0.305062 0.000000
vt 0.099746 -0.301000 0.000000
vt 0.099746 -0.422903 0.000000
vt 0.099746 -0.544805 0.000000
vt 0.099746 -0.666708 0.000000
vt 0.099746 -0.788610 0.000000
vt 0.099746 -0.910512 0.000000
vt 0.099746 -1.032415 0.000000
vt 0.099746 -1.154317 0.000000
vt 0.099746 -1.276220 0.000000
vt 0.099746 -1.398122 0.000000
vt 0.099746 -1.520024 0.000000
vt 0.099746 -1.641927 0.000000
vt 0.099746 -1.763829 0.000000
vt 0.099746 -1.885732 0.000000
vt 0.099746 -2.007634 0.000000
vt 0.099746 -2.129536 0.000000
vt 0.099746 -2.251439 0.000000
vt 0.099746 -2.373341 0.000000
vt 0.099746 -2.495244 0.000000
vt 0.099746 -2.617146 0.000000
vt 0.099746 -2.739048 0.000000
vt 0.099746 -2.860951 0.000000
vt 0.124537 -2.856889 0.000000
vt 0.149394 -2.853066 0.000000
vt 0.174386 -2.850275 0.000000
vt 0.199491 -2.849242 0.000000
vt 0.199491 -2.722415 0.000000
vt 0.199491 -2.595589 0.000000
vt 0.199491 -2.468762 0.000000
vt 0.199491 -2.341935 0.000000
vt 0.199491 -2.215109 0.000000
vt 0.199491 -2.088282 0.000000
vt 0.199491 -1.961455 0.000000
vt 0.199491 -1.834629 0.000000
vt 0.199491 -1.707802 0.000000
vt 0.199491 -1.580976 0.000000
vt 0.199491 -1.454149 0.000000
vt 0.199491 -1.327322 0.000000
vt 0.199491 -1.200496 0.000000
vt 0.199491 -1.073669 0.000000
vt 0.199491 -0.946842 0.000000
vt 0.199491 -0.820016 0.000000
vt 0.199491 -0.693189 0.000000
vt 0.199491 -0.566362 0.000000
vt 0.199491 -0.439536 0.000000
vt 0.166243 -1.970533 0.000000
vt 0.132994 -1.525325 0.000000
vt 0.166243 -1.191418 0.000000
vt 0.132994 -0.412302 0.000000
vt 0.166243 -0.412302 0.000000
vt 0.132994 -0.523605 0.000000
vt 0.166243 -0.523605 0.000000
vt 0.132994 -0.634907 0.000000
vt 0.166243 -0.634907 0.000000
vt 0.132994 -0.746209 0.000000
vt 0.166243 -0.746209 0.000000
vt 0.132994 -0.857511 0.000000
vt 0.166243 -0.857511 0.000000
vt 0.132994 -0.968814 0.000000
vt 0.166243 -0.968814 0.000000
vt 0.132994 -1.080116 0.000000
vt 0.166243 -1.080116 0.000000
vt 0.132994 -1.191418 0.000000
vt 0.132994 -1.302720 0.000000
vt 0.166243 -1.302720 0.000000
vt 0.132994 -1.414022 0.000000
vt 0.166243 -1.414022 0.000000
vt 0.166243 -1.525325 0.000000
vt 0.132994 -1.747929 0.000000
vt 0.166243 -1.747929 0.000000
vt 0.166243 -1.636627 0.000000
vt 0.132994 -1.636627 0.000000
vt 0.132994 -1.859231 0.000000
vt 0.166243 -1.859231 0.000000
vt 0.132994 -1.970533 0.000000
vt 0.132994 -2.081836 0.000000
vt 0.166243 -2.081836 0.000000
vt 0.132994 -2.193138 0.000000
vt 0.166243 -2.193138 0.000000
vt 0.132994 -2.304440 0.000000
vt 0.166243 -2.304440 0.000000
vt 0.132994 -2.415742 0.000000
vt 0.166243 -2.415742 0.000000
vt 0.132994 -2.527044 0.000000
vt 0.166243 -2.527044 0.000000
vt 0.132994 -2.638346 0.000000
vt 0.166243 -2.638346 0.000000
vt 0.132994 -2.749649 0.000000
vt 0.166243 -2.749649 0.000000
vt -1.717476 -0.712956 0.000000
vt -1.745188 -0.581706 0.000000
vt -1.735201 -0.447933 0.000000
vt -1.688305 -0.322253 0.000000
vt -1.608222 -0.214636 0.000000
vt -1.501306 -0.133619 0.000000
vt -1.376039 -0.085631 0.000000
vt -1.242359 -0.074479 0.000000
vt -1.110872 -0.101047 0.000000
vt -0.992010 -0.163228 0.000000
vt -0.895202 -0.256088 0.000000
vt -0.828130 -0.372261 0.000000
vt -0.796114 -0.502529 0.000000
vt -0.801695 -0.636557 0.000000
vt -0.844430 -0.763712 0.000000
vt -0.920928 -0.873906 0.000000
vt -1.025121 -0.958397 0.000000
vt -1.148741 -1.010481 0.000000
vt -1.281982 -1.026025 0.000000
vt -1.414272 -1.003798 0.000000
vt -1.535116 -0.945562 0.000000
vt -1.634927 -0.855937 0.000000
vt -1.862621 -0.987396 0.000000
vt -1.848802 -1.005523 0.000000
vt -1.834429 -1.023213 0.000000
vt -1.819515 -1.040449 0.000000
vt -1.831943 -1.013546 0.000000
vt -1.827244 -0.984285 0.000000
vt -1.807017 -0.962626 0.000000
vt -1.784530 -0.949643 0.000000
vt -1.762737 -0.942966 0.000000
vt -1.740217 -0.946490 0.000000
vt -1.721505 -0.959506 0.000000
vt -1.609164 -1.056464 0.000000
vt -1.476724 -1.123405 0.000000
vt -1.332034 -1.156362 0.000000
vt -1.183668 -1.153382 0.000000
vt -1.040417 -1.114642 0.000000
vt -0.910772 -1.042438 0.000000
vt -0.802414 -0.941047 0.000000
vt -0.721765 -0.816480 0.000000
vt -0.673604 -0.676116 0.000000
vt -0.660785 -0.528275 0.000000
vt -0.684067 -0.381716 0.000000
vt -0.742071 -0.245126 0.000000
vt -0.831360 -0.126598 0.000000
vt -0.946642 -0.033156 0.000000
vt -1.081086 0.029663 0.000000
vt -1.226725 0.058136 0.000000
vt -1.374928 0.050576 0.000000
vt -1.516913 0.007430 0.000000
vt -1.644267 -0.068744 0.000000
vt -1.749442 -0.173432 0.000000
vt -1.826205 -0.300431 0.000000
vt -1.870009 -0.442215 0.000000
vt -1.878256 -0.590382 0.000000
vt -1.850459 -0.736151 0.000000
vt -1.848542 -0.758864 0.000000
vt -1.856750 -0.780129 0.000000
vt -1.873430 -0.795664 0.000000
vt -1.895917 -0.808647 0.000000
vt -1.924788 -0.815334 0.000000
vt -1.952478 -0.804773 0.000000
vt -1.969563 -0.780558 0.000000
vt -1.962092 -0.802092 0.000000
vt -1.953959 -0.823385 0.000000
vt -1.945171 -0.844416 0.000000
vt -0.064630 0.000000 0.000000
vt -0.040072 0.004779 0.000000
vt -0.019128 0.018440 0.000000
vt -0.004998 0.039044 0.000000
vt -0.000000 0.063500 0.000000
vt -0.000000 0.190500 0.000000
vt -0.327549 0.190500 0.000000
vt -0.327549 0.000000 0.000000
vt 0.199491 -0.764416 0.000000
vt 0.174386 -0.763384 0.000000
vt 0.149394 -0.760592 0.000000
vt 0.124537 -0.756769 0.000000
vt 0.099746 -0.752708 0.000000
vt 0.099746 -0.874610 0.000000
vt 0.099746 -0.996512 0.000000
vt 0.099746 -1.118415 0.000000
vt 0.099746 -1.240317 0.000000
vt 0.099746 -1.362220 0.000000
vt 0.099746 -1.484122 0.000000
vt 0.099746 -1.606025 0.000000
vt 0.099746 -1.727927 0.000000
vt 0.099746 -1.849829 0.000000
vt 0.099746 -1.971732 0.000000
vt 0.099746 -2.093634 0.000000
vt 0.099746 -2.215537 0.000000
vt 0.099746 -2.337439 0.000000
vt 0.099746 -2.459342 0.000000
vt 0.099746 -2.581244 0.000000
vt 0.099746 -2.703146 0.000000
vt 0.099746 -2.825049 0.000000
vt 0.099746 -2.946951 0.000000
vt 0.099746 -3.068853 0.000000
vt 0.099746 -3.190756 0.000000
vt 0.099746 -3.312658 0.000000
vt 0.124537 -3.308597 0.000000
vt 0.149394 -3.304774 0.000000
vt 0.174386 -3.301982 0.000000
vt 0.199491 -3.300949 0.000000
vt 0.199491 -3.174123 0.000000
vt 0.199491 -3.047296 0.000000
vt 0.199491 -2.920469 0.000000
vt 0.199491 -2.793643 0.000000
vt 0.199491 -2.666816 0.000000
vt 0.199491 -2.539989 0.000000
vt 0.199491 -2.413163 0.000000
vt 0.199491 -2.286336 0.000000
vt 0.199491 -2.159510 0.000000
vt 0.199491 -2.032683 0.000000
vt 0.199491 -1.905856 0.000000
vt 0.199491 -1.779030 0.000000
vt 0.199491 -1.652203 0.000000
vt 0.199491 -1.525376 0.000000
vt 0.199491 -1.398550 0.000000
vt 0.199491 -1.271723 0.000000
vt 0.199491 -1.144896 0.000000
vt 0.199491 -1.018070 0.000000
vt 0.199491 -0.891243 0.000000
vt 0.166243 -2.422240 0.000000
vt 0.132994 -1.977032 0.000000
vt 0.166243 -1.643125 0.000000
vt 0.132994 -0.864010 0.000000
vt 0.166243 -0.864010 0.000000
vt 0.132994 -0.975312 0.000000
vt 0.166243 -0.975312 0.000000
vt 0.132994 -1.086614 0.000000
vt 0.166243 -1.086614 0.000000
vt 0.132994 -1.197916 0.000000
vt 0.166243 -1.197916 0.000000
vt 0.132994 -1.309219 0.000000
vt 0.166243 -1.309219 0.000000
vt 0.132994 -1.420521 0.000000
vt 0.166243 -1.420521 0.000000
vt 0.132994 -1.531823 0.000000
vt 0.166243 -1.531823 0.000000
vt 0.132994 -1.643125 0.000000
vt 0.132994 -1.754427 0.000000
vt 0.166243 -1.754427 0.000000
vt 0.132994 -1.865730 0.000000
vt 0.166243 -1.865730 0.000000
vt 0.166243 -1.977032 0.000000
vt 0.132994 -2.199636 0.000000
vt 0.166243 -2.199636 0.000000
vt 0.166243 -2.088334 0.000000
vt 0.132994 -2.088334 0.000000
vt 0.132994 -2.310938 0.000000
vt 0.166243 -2.310938 0.000000
vt 0.132994 -2.422240 0.000000
vt 0.132994 -2.533543 0.000000
vt 0.166243 -2.533543 0.000000
vt 0.132994 -2.644845 0.000000
vt 0.166243 -2.644845 0.000000
vt 0.132994 -2.756147 0.000000
vt 0.166243 -2.756147 0.000000
vt 0.132994 -2.867449 0.000000
vt 0.166243 -2.867449 0.000000
vt 0.132994 -2.978751 0.000000
vt 0.166243 -2.978751 0.000000
vt 0.132994 -3.090054 0.000000
vt 0.166243 -3.090054 0.000000
vt 0.132994 -3.201356 0.000000
vt 0.166243 -3.201356 0.000000
vt -0.082550 -1.018967 0.000000
vt -0.210073 -0.977341 0.000000
vt -0.320929 -0.901805 0.000000
vt -0.406323 -0.798352 0.000000
vt -0.459481 -0.675190 0.000000
vt -0.476186 -0.542090 0.000000
vt -0.455111 -0.409611 0.000000
vt -0.397929 -0.288265 0.000000
vt -0.309177 -0.187678 0.000000
vt -0.195895 -0.115830 0.000000
vt -0.067072 -0.078423 0.000000
vt 0.067072 -0.078423 0.000000
vt 0.195895 -0.115830 0.000000
vt 0.309177 -0.187678 0.000000
vt 0.397929 -0.288265 0.000000
vt 0.455111 -0.409611 0.000000
vt 0.476186 -0.542090 0.000000
vt 0.459481 -0.675190 0.000000
vt 0.406323 -0.798352 0.000000
vt 0.320929 -0.901805 0.000000
vt 0.210073 -0.977341 0.000000
vt 0.082550 -1.018967 0.000000
vt 0.082550 -1.286526 0.000000
vt 0.139700 -1.286526 0.000000
vt 0.114300 -1.279720 0.000000
vt 0.095706 -1.261126 0.000000
vt 0.088900 -1.235726 0.000000
vt 0.088900 -1.195381 0.000000
vt 0.094014 -1.173168 0.000000
vt 0.108326 -1.155428 0.000000
vt 0.128954 -1.145731 0.000000
vt 0.269092 -1.096919 0.000000
vt 0.393285 -1.015693 0.000000
vt 0.494172 -0.906867 0.000000
vt 0.565774 -0.776888 0.000000
vt 0.603850 -0.633460 0.000000
vt 0.606141 -0.485081 0.000000
vt 0.572514 -0.340546 0.000000
vt 0.504959 -0.208418 0.000000
vt 0.407482 -0.096527 0.000000
vt 0.285857 -0.011504 0.000000
vt 0.147293 0.041612 0.000000
vt 0.000000 0.059674 0.000000
vt -0.147293 0.041612 0.000000
vt -0.285857 -0.011504 0.000000
vt -0.407482 -0.096527 0.000000
vt -0.504959 -0.208418 0.000000
vt -0.572514 -0.340546 0.000000
vt -0.606141 -0.485081 0.000000
vt -0.603850 -0.633460 0.000000
vt -0.565774 -0.776888 0.000000
vt -0.494172 -0.906867 0.000000
vt -0.393285 -1.015693 0.000000
vt -0.269092 -1.096919 0.000000
vt -0.128954 -1.145731 0.000000
vt -0.108326 -1.155428 0.000000
vt -0.094014 -1.173168 0.000000
vt -0.088900 -1.195381 0.000000
vt -0.088900 -1.235726 0.000000
vt -0.095706 -1.261126 0.000000
vt -0.114300 -1.279720 0.000000
vt -0.139700 -1.286526 0.000000
vt -0.082550 -1.286526 0.000000
vt -0.064630 0.000000 0.000000
vt -0.040072 0.004779 0.000000
vt -0.019128 0.018440 0.000000
vt -0.004998 0.039044 0.000000
vt -0.000000 0.063500 0.000000
vt -0.000000 0.190500 0.000000
vt -0.332189 0.190500 0.000000
vt -0.332189 0.000000 0.000000
vt 0.063500 0.781351 0.000000
vt 0.063500 0.659993 0.000000
vt 0.063500 0.538635 0.000000
vt 0.063500 0.417277 0.000000
vt 0.063500 0.295918 0.000000
vt 0.063500 0.174560 0.000000
vt 0.063500 0.053202 0.000000
vt 0.063500 -0.068156 0.000000
vt 0.063500 -0.189514 0.000000
vt 0.063500 -0.310873 0.000000
vt 0.063500 -0.432231 0.000000
vt 0.063500 -0.553589 0.000000
vt 0.063500 -0.674947 0.000000
vt 0.063500 -0.796305 0.000000
vt 0.063500 -0.917664 0.000000
vt 0.063500 -1.039022 0.000000
vt 0.063500 -1.160380 0.000000
vt 0.063500 -1.281738 0.000000
vt 0.063500 -1.403096 0.000000
vt 0.063500 -1.524454 0.000000
vt 0.063500 -1.645813 0.000000
vt 0.190500 -1.645813 0.000000
vt 0.190500 -1.524454 0.000000
vt 0.190500 -1.403096 0.000000
vt 0.190500 -1.281738 0.000000
vt 0.190500 -1.160380 0.000000
vt 0.190500 -1.039022 0.000000
vt 0.190500 -0.917664 0.000000
vt 0.190500 -0.796305 0.000000
vt 0.190500 -0.674947 0.000000
vt 0.190500 -0.553589 0.000000
vt 0.190500 -0.432231 0.000000
vt 0.190500 -0.310873 0.000000
vt 0.190500 -0.189514 0.000000
vt 0.190500 -0.068156 0.000000
vt 0.190500 0.053202 0.000000
vt 0.190500 0.174560 0.000000
vt 0.190500 0.295918 0.000000
vt 0.190500 0.417277 0.000000
vt 0.190500 0.538635 0.000000
vt 0.190500 0.659993 0.000000
vt 0.190500 0.781351 0.000000
vt -0.327549 0.063500 0.000000
vt -0.322551 0.039044 0.000000
vt -0.308421 0.018440 0.000000
vt -0.287477 0.004779 0.000000
vt -0.262919 0.000000 0.000000
vt -0.000000 0.000000 0.000000
vt -0.000000 0.190500 0.000000
vt -0.327549 0.190500 0.000000
vt -0.327549 0.063500 0.000000
vt -0.322551 0.039044 0.000000
vt -0.308421 0.018440 0.000000
vt -0.287477 0.004779 0.000000
vt -0.262919 0.000000 0.000000
vt -0.000000 0.000000 0.000000
vt -0.000000 0.190500 0.000000
vt -0.327549 0.190500 0.000000
vt 0.063500 0.133005 0.000000
vt 0.063500 0.011647 0.000000
vt 0.063500 -0.109711 0.000000
vt 0.063500 -0.231070 0.000000
vt 0.063500 -0.352428 0.000000
vt 0.063500 -0.473786 0.000000
vt 0.063500 -0.595144 0.000000
vt 0.063500 -0.716502 0.000000
vt 0.063500 -0.837861 0.000000
vt 0.063500 -0.959219 0.000000
vt 0.063500 -1.080577 0.000000
vt 0.063500 -1.201935 0.000000
vt 0.063500 -1.323293 0.000000
vt 0.063500 -1.444652 0.000000
vt 0.063500 -1.566010 0.000000
vt 0.063500 -1.687368 0.000000
vt 0.063500 -1.808726 0.000000
vt 0.063500 -1.930084 0.000000
vt 0.063500 -2.051442 0.000000
vt 0.063500 -2.172801 0.000000
vt 0.063500 -2.294159 0.000000
vt 0.190500 -2.294159 0.000000
vt 0.190500 -2.172801 0.000000
vt 0.190500 -2.051442 0.000000
vt 0.190500 -1.930084 0.000000
vt 0.190500 -1.808726 0.000000
vt 0.190500 -1.687368 0.000000
vt 0.190500 -1.566010 0.000000
vt 0.190500 -1.444652 0.000000
vt 0.190500 -1.323293 0.000000
vt 0.190500 -1.201935 0.000000
vt 0.190500 -1.080577 0.000000
vt 0.190500 -0.959219 0.000000
vt 0.190500 -0.837861 0.000000
vt 0.190500 -0.716502 0.000000
vt 0.190500 -0.595144 0.000000
vt 0.190500 -0.473786 0.000000
vt 0.190500 -0.352428 0.000000
vt 0.190500 -0.231070 0.000000
vt 0.190500 -0.109711 0.000000
vt 0.190500 0.011647 0.000000
vt 0.190500 0.133005 0.000000
vt 0.063500 -0.947572 0.000000
vt 0.063500 -1.068930 0.000000
vt 0.063500 -1.190288 0.000000
vt 0.063500 -1.311647 0.000000
vt 0.063500 -1.433005 0.000000
vt 0.063500 -1.554363 0.000000
vt 0.063500 -1.675721 0.000000
vt 0.063500 -1.797079 0.000000
vt 0.063500 -1.918437 0.000000
vt 0.063500 -2.039796 0.000000
vt 0.063500 -2.161154 0.000000
vt 0.063500 -2.282512 0.000000
vt 0.063500 -2.403870 0.000000
vt 0.063500 -2.525229 0.000000
vt 0.063500 -2.646587 0.000000
vt 0.063500 -2.767945 0.000000
vt 0.063500 -2.889303 0.000000
vt 0.063500 -3.010661 0.000000
vt 0.063500 -3.132020 0.000000
vt 0.063500 -3.253378 0.000000
vt 0.063500 -3.374736 0.000000
vt 0.190500 -3.374736 0.000000
vt 0.190500 -3.253378 0.000000
vt 0.190500 -3.132020 0.000000
vt 0.190500 -3.010661 0.000000
vt 0.190500 -2.889303 0.000000
vt 0.190500 -2.767945 0.000000
vt 0.190500 -2.646587 0.000000
vt 0.190500 -2.525229 0.000000
vt 0.190500 -2.403870 0.000000
vt 0.190500 -2.282512 0.000000
vt 0.190500 -2.161154 0.000000
vt 0.190500 -2.039796 0.000000
vt 0.190500 -1.918437 0.000000
vt 0.190500 -1.797079 0.000000
vt 0.190500 -1.675721 0.000000
vt 0.190500 -1.554363 0.000000
vt 0.190500 -1.433005 0.000000
vt 0.190500 -1.311647 0.000000
vt 0.190500 -1.190288 0.000000
vt 0.190500 -1.068930 0.000000
vt 0.190500 -0.947572 0.000000
vt -0.327549 0.063500 0.000000
vt -0.322551 0.039044 0.000000
vt -0.308421 0.018440 0.000000
vt -0.287477 0.004779 0.000000
vt -0.262919 0.000000 0.000000
vt -0.000000 0.000000 0.000000
vt -0.000000 0.190500 0.000000
vt -0.327549 0.190500 0.000000
vt -0.327549 0.063500 0.000000
vt -0.322551 0.039044 0.000000
vt -0.308421 0.018440 0.000000
vt -0.287477 0.004779 0.000000
vt -0.262919 0.000000 0.000000
vt -0.000000 0.000000 0.000000
vt -0.000000 0.190500 0.000000
vt -0.327549 0.190500 0.000000
vt 0.063500 -0.299226 0.000000
vt 0.063500 -0.420584 0.000000
vt 0.063500 -0.541942 0.000000
vt 0.063500 -0.663300 0.000000
vt 0.063500 -0.784659 0.000000
vt 0.063500 -0.906017 0.000000
vt 0.063500 -1.027375 0.000000
vt 0.063500 -1.148733 0.000000
vt 0.063500 -1.270091 0.000000
vt 0.063500 -1.391450 0.000000
vt 0.063500 -1.512808 0.000000
vt 0.063500 -1.634166 0.000000
vt 0.063500 -1.755524 0.000000
vt 0.063500 -1.876882 0.000000
vt 0.063500 -1.998240 0.000000
vt 0.063500 -2.119599 0.000000
vt 0.063500 -2.240957 0.000000
vt 0.063500 -2.362315 0.000000
vt 0.063500 -2.483673 0.000000
vt 0.063500 -2.605031 0.000000
vt 0.063500 -2.726390 0.000000
vt 0.190500 -2.726390 0.000000
vt 0.190500 -2.605031 0.000000
vt 0.190500 -2.483673 0.000000
vt 0.190500 -2.362315 0.000000
vt 0.190500 -2.240957 0.000000
vt 0.190500 -2.119599 0.000000
vt 0.190500 -1.998240 0.000000
vt 0.190500 -1.876882 0.000000
vt 0.190500 -1.755524 0.000000
vt 0.190500 -1.634166 0.000000
vt 0.190500 -1.512808 0.000000
vt 0.190500 -1.391450 0.000000
vt 0.190500 -1.270091 0.000000
vt 0.190500 -1.148733 0.000000
vt 0.190500 -1.027375 0.000000
vt 0.190500 -0.906017 0.000000
vt 0.190500 -0.784659 0.000000
vt 0.190500 -0.663300 0.000000
vt 0.190500 -0.541942 0.000000
vt 0.190500 -0.420584 0.000000
vt 0.190500 -0.299226 0.000000
vt 0.063500 1.213582 0.000000
vt 0.063500 1.092224 0.000000
vt 0.063500 0.970866 0.000000
vt 0.063500 0.849507 0.000000
vt 0.063500 0.728149 0.000000
vt 0.063500 0.606791 0.000000
vt 0.063500 0.485433 0.000000
vt 0.063500 0.364075 0.000000
vt 0.063500 0.242716 0.000000
vt 0.063500 0.121358 0.000000
vt 0.063500 0.000000 0.000000
vt 0.063500 -0.121358 0.000000
vt 0.063500 -0.242716 0.000000
vt 0.063500 -0.364075 0.000000
vt 0.063500 -0.485433 0.000000
vt 0.063500 -0.606791 0.000000
vt 0.063500 -0.728149 0.000000
vt 0.063500 -0.849507 0.000000
vt 0.063500 -0.970866 0.000000
vt 0.063500 -1.092224 0.000000
vt 0.063500 -1.213582 0.000000
vt 0.190500 -1.213582 0.000000
vt 0.190500 -1.092224 0.000000
vt 0.190500 -0.970866 0.000000
vt 0.190500 -0.849507 0.000000
vt 0.190500 -0.728149 0.000000
vt 0.190500 -0.606791 0.000000
vt 0.190500 -0.485433 0.000000
vt 0.190500 -0.364075 0.000000
vt 0.190500 -0.242716 0.000000
vt 0.190500 -0.121358 0.000000
vt 0.190500 0.000000 0.000000
vt 0.190500 0.121358 0.000000
vt 0.190500 0.242716 0.000000
vt 0.190500 0.364075 0.000000
vt 0.190500 0.485433 0.000000
vt 0.190500 0.606791 0.000000
vt 0.190500 0.728149 0.000000
vt 0.190500 0.849507 0.000000
vt 0.190500 0.970866 0.000000
vt 0.190500 1.092224 0.000000
vt 0.190500 1.213582 0.000000
vt -0.332189 0.063500 0.000000
vt -0.327191 0.039044 0.000000
vt -0.313062 0.018440 0.000000
vt -0.292117 0.004779 0.000000
vt -0.267559 0.000000 0.000000
vt -0.000000 0.000000 0.000000
vt -0.000000 0.190500 0.000000
vt -0.332189 0.190500 0.000000
vt -0.190500 -1.460008 0.000000
vt -0.000000 -1.460008 0.000000
vt -0.000000 -1.322277 0.000000
vt -0.000000 -1.184547 0.000000
vt -0.000000 -1.046816 0.000000
vt -0.000000 -0.909086 0.000000
vt -0.000000 -0.771355 0.000000
vt -1.968500 -0.771355 0.000000
vt -1.968500 -0.926423 0.000000
vt -1.968500 -1.081490 0.000000
vt -1.968500 -1.236558 0.000000
vt -1.968500 -1.391626 0.000000
vt -0.190500 -1.391626 0.000000
vt -0.190500 -1.414420 0.000000
vt -0.190500 -1.437214 0.000000
vt -0.000000 -0.468407 0.000000
vt -0.190500 -0.468407 0.000000
vt -0.190500 -0.491201 0.000000
vt -0.190500 -0.513995 0.000000
vt -0.190500 -0.536789 0.000000
vt -1.968500 -0.536789 0.000000
vt -1.968500 -0.628904 0.000000
vt -1.968500 -0.721020 0.000000
vt -1.968500 -0.813136 0.000000
vt -1.958919 -0.797004 0.000000
vt -1.937746 -0.782796 0.000000
vt -1.897017 -0.776568 0.000000
vt -0.000000 -0.776568 0.000000
vt -0.000000 -0.673847 0.000000
vt -0.000000 -0.571127 0.000000
vt -0.190500 -0.302959 0.000000
vt -0.000000 -0.302959 0.000000
vt -0.000000 -0.201973 0.000000
vt -0.000000 -0.100986 0.000000
vt -0.000000 0.000000 0.000000
vt -1.968500 0.000000 0.000000
vt -1.968500 -0.078192 0.000000
vt -1.968500 -0.156385 0.000000
vt -1.968500 -0.234577 0.000000
vt -0.190500 -0.234577 0.000000
vt -0.190500 -0.257371 0.000000
vt -0.190500 -0.280165 0.000000
vt -0.190500 1.625455 0.000000
vt -0.000000 1.625455 0.000000
vt -0.000000 1.763183 0.000000
vt -0.000000 1.900912 0.000000
vt -0.000000 2.038640 0.000000
vt -0.000000 2.176369 0.000000
vt -0.000000 2.314097 0.000000
vt -1.714500 2.314097 0.000000
vt -1.718657 2.245056 0.000000
vt -1.731091 2.176015 0.000000
vt -1.751694 2.106974 0.000000
vt -1.780285 2.037933 0.000000
vt -1.816612 1.968891 0.000000
vt -1.860356 1.899850 0.000000
vt -1.968500 1.761768 0.000000
vt -1.968500 1.739124 0.000000
vt -1.968500 1.716481 0.000000
vt -1.968500 1.693837 0.000000
vt -0.190500 1.693837 0.000000
vt -0.190500 1.671043 0.000000
vt -0.190500 1.648249 0.000000
vt -0.000000 0.302959 0.000000
vt -0.190500 0.302959 0.000000
vt -0.190500 0.280165 0.000000
vt -0.190500 0.257371 0.000000
vt -0.190500 0.234577 0.000000
vt -1.968500 0.234577 0.000000
vt -1.968500 0.156385 0.000000
vt -1.968500 0.078192 0.000000
vt -1.968500 0.000000 0.000000
vt -0.000000 0.000000 0.000000
vt -0.000000 0.100986 0.000000
vt -0.000000 0.201973 0.000000
vt -0.190500 0.468407 0.000000
vt -0.000000 0.468407 0.000000
vt -0.000000 0.571127 0.000000
vt -0.000000 0.673847 0.000000
vt -0.000000 0.776568 0.000000
vt -1.968500 0.776568 0.000000
vt -1.968500 0.696641 0.000000
vt -1.968500 0.616715 0.000000
vt -1.968500 0.536789 0.000000
vt -0.190500 0.536789 0.000000
vt -0.190500 0.513995 0.000000
vt -0.190500 0.491201 0.000000
vt 1.352550 0.190500 0.000000
vt 1.352550 0.000000 0.000000
vt 2.540000 0.000000 0.000000
vt 2.540000 1.714500 0.000000
vt 1.409700 1.714500 0.000000
vt 1.409700 0.190500 0.000000
vt -0.057397 1.415407 0.000000
vt -0.057087 1.414064 0.000000
vt -0.029718 1.189758 0.000000
vt -0.057173 0.971038 0.000000
vt -0.057397 0.969697 0.000000
vt -0.057397 0.790696 0.000000
vt -0.057397 0.701207 0.000000
vt -0.057397 0.611700 0.000000
vt -0.057397 0.522202 0.000000
vt -0.057397 0.432700 0.000000
vt -0.057397 0.343196 0.000000
vt -0.057397 0.253700 0.000000
vt -0.057397 0.164178 0.000000
vt -0.057397 0.074684 0.000000
vt -0.057397 -0.014798 0.000000
vt -0.057397 -0.104305 0.000000
vt -0.057397 -0.193790 0.000000
vt -0.057397 -0.283259 0.000000
vt -0.057397 -0.372771 0.000000
vt -0.057397 -0.462310 0.000000
vt -0.028038 -0.414974 0.000000
vt -0.000161 -0.364548 0.000000
vt -0.000000 -0.364136 0.000000
vt -0.000000 -0.251031 0.000000
vt -0.000000 -0.137965 0.000000
vt -0.000000 -0.024855 0.000000
vt -0.000000 0.088227 0.000000
vt -0.000000 0.201339 0.000000
vt -0.000000 0.314454 0.000000
vt -0.000000 0.427560 0.000000
vt -0.000000 0.540666 0.000000
vt -0.000000 0.653773 0.000000
vt -0.000000 0.766874 0.000000
vt -0.000000 0.879964 0.000000
vt -0.000000 0.993086 0.000000
vt -0.000000 1.106203 0.000000
vt -0.000000 1.219314 0.000000
vt -0.000020 1.332416 0.000000
vt -0.000003 1.445519 0.000000
vt -0.028227 1.435780 0.000000
vt -0.042462 1.432224 0.000000
vt -0.057397 1.430099 0.000000
vt -0.008083 0.212179 0.000000
vt -0.008083 0.552168 0.000000
vt -0.047089 0.840419 0.000000
vt -0.047089 1.333846 0.000000
vt -0.036782 1.333846 0.000000
vt -0.028699 1.333846 0.000000
vt -0.018391 1.333846 0.000000
vt -0.008083 1.333846 0.000000
vt -0.028699 1.135175 0.000000
vt -0.018391 1.135175 0.000000
vt -0.008083 1.135175 0.000000
vt -0.008083 1.234510 0.000000
vt -0.018391 1.234510 0.000000
vt -0.028699 1.234510 0.000000
vt -0.047089 0.936503 0.000000
vt -0.036782 0.936503 0.000000
vt -0.028699 0.936503 0.000000
vt -0.018391 0.936503 0.000000
vt -0.008083 0.936503 0.000000
vt -0.008083 1.035839 0.000000
vt -0.018391 1.035839 0.000000
vt -0.028699 1.035839 0.000000
vt -0.036782 1.035839 0.000000
vt -0.047089 1.035839 0.000000
vt -0.047089 0.744335 0.000000
vt -0.036782 0.744335 0.000000
vt -0.028699 0.744335 0.000000
vt -0.018391 0.744335 0.000000
vt -0.008083 0.744335 0.000000
vt -0.008083 0.840419 0.000000
vt -0.018391 0.840419 0.000000
vt -0.028699 0.840419 0.000000
vt -0.036782 0.840419 0.000000
vt -0.047089 0.648252 0.000000
vt -0.036782 0.648252 0.000000
vt -0.028699 0.648252 0.000000
vt -0.018391 0.648252 0.000000
vt -0.008083 0.648252 0.000000
vt -0.047089 0.552168 0.000000
vt -0.036782 0.552168 0.000000
vt -0.028699 0.552168 0.000000
vt -0.018391 0.552168 0.000000
vt -0.047089 0.404346 0.000000
vt -0.036782 0.404346 0.000000
vt -0.028699 0.404346 0.000000
vt -0.018391 0.404346 0.000000
vt -0.008083 0.404346 0.000000
vt -0.047089 0.308263 0.000000
vt -0.036782 0.308263 0.000000
vt -0.028699 0.308263 0.000000
vt -0.018391 0.308263 0.000000
vt -0.008083 0.308263 0.000000
vt -0.047089 0.212179 0.000000
vt -0.036782 0.212179 0.000000
vt -0.028699 0.212179 0.000000
vt -0.018391 0.212179 0.000000
vt -0.047089 0.116095 0.000000
vt -0.036782 0.116095 0.000000
vt -0.028699 0.116095 0.000000
vt -0.018391 0.116095 0.000000
vt -0.008083 0.116095 0.000000
vt -0.047089 0.020011 0.000000
vt -0.036782 0.020011 0.000000
vt -0.028699 0.020011 0.000000
vt -0.018391 0.020011 0.000000
vt -0.008083 0.020011 0.000000
vt -0.047089 -0.100569 0.000000
vt -0.036782 -0.100569 0.000000
vt -0.028699 -0.100569 0.000000
vt -0.018391 -0.100569 0.000000
vt -0.008083 -0.100569 0.000000
vt -0.047089 -0.221149 0.000000
vt -0.036782 -0.221149 0.000000
vt -0.028699 -0.221149 0.000000
vt -0.018391 -0.221149 0.000000
vt -0.008083 -0.221149 0.000000
vt -0.047089 -0.341730 0.000000
vt -0.036782 -0.341730 0.000000
vt -0.028699 -0.341730 0.000000
vt -0.018391 -0.341730 0.000000
vt -0.008083 -0.341730 0.000000
vt 0.239389 -1.289646 0.000000
vt 0.238999 -1.289864 0.000000
vt 0.191210 -1.318339 0.000000
vt 0.155069 -1.358758 0.000000
vt 0.119695 -1.413771 0.000000
vt 0.119695 -1.466363 0.000000
vt 0.119695 -1.518955 0.000000
vt 0.119695 -1.571547 0.000000
vt 0.128232 -1.571173 0.000000
vt 0.155219 -1.567867 0.000000
vt 0.199725 -1.549690 0.000000
vt 0.239095 -1.519905 0.000000
vt 0.239389 -1.519666 0.000000
vt 0.239389 -1.442993 0.000000
vt 0.239389 -1.366319 0.000000
vt 0.159593 -1.430596 0.000000
vt 0.199491 -1.430596 0.000000
vt 2.261818 -0.412445 0.000000
vt 2.198896 -0.473733 0.000000
vt 2.132057 -0.522799 0.000000
vt 2.062191 -0.558989 0.000000
vt 1.990230 -0.581821 0.000000
vt 1.917132 -0.590991 0.000000
vt 1.843873 -0.586377 0.000000
vt 1.771429 -0.568039 0.000000
vt 1.700765 -0.536223 0.000000
vt 1.632824 -0.491352 0.000000
vt 1.568510 -0.434025 0.000000
vt 1.508682 -0.365006 0.000000
vt 1.454137 -0.285214 0.000000
vt 1.405602 -0.195714 0.000000
vt 1.363724 -0.097699 0.000000
vt 1.302075 0.118557 0.000000
vt 1.272979 -0.032012 0.000000
vt 1.231143 -0.174398 0.000000
vt 1.177403 -0.305756 0.000000
vt 1.112831 -0.423465 0.000000
vt 1.038718 -0.525173 0.000000
vt 0.956543 -0.608849 0.000000
vt 0.867948 -0.672823 0.000000
vt 0.774700 -0.715817 0.000000
vt 0.774700 -0.724011 0.000000
vt 1.905000 -0.724011 0.000000
vt 1.973940 -0.718745 0.000000
vt 2.042275 -0.702992 0.000000
vt 2.109405 -0.676891 0.000000
vt 2.174740 -0.640671 0.000000
vt 2.237707 -0.594650 0.000000
vt 2.297754 -0.539232 0.000000
vt 2.407007 -0.402229 0.000000
vt 2.328973 -0.402229 0.000000
vt -0.150493 -1.311523 0.000000
vt -0.150136 -1.313047 0.000000
vt -0.107828 -1.567582 0.000000
vt -0.150270 -1.831650 0.000000
vt -0.150493 -1.833211 0.000000
vt -0.150493 -1.850648 0.000000
vt -0.110322 -1.859002 0.000000
vt -0.072273 -1.872304 0.000000
vt -0.000104 -1.905874 0.000000
vt -0.000015 -1.693818 0.000000
vt -0.000000 -1.481688 0.000000
vt -0.000000 -1.269596 0.000000
vt -0.000000 -1.057498 0.000000
vt -0.000000 -0.845395 0.000000
vt -0.000000 -0.739377 0.000000
vt -0.000000 -0.633288 0.000000
vt -0.000000 -0.527131 0.000000
vt -0.000000 -0.421059 0.000000
vt -0.000000 -0.315092 0.000000
vt -0.000000 -0.209137 0.000000
vt -0.000261 -0.208810 0.000000
vt -0.032724 -0.174878 0.000000
vt -0.067339 -0.154513 0.000000
vt -0.075345 -0.153346 0.000000
vt -0.094229 -0.156071 0.000000
vt -0.112789 -0.167496 0.000000
vt -0.150237 -0.201003 0.000000
vt -0.150493 -0.201287 0.000000
vt -0.150493 -0.339969 0.000000
vt -0.150493 -0.478695 0.000000
vt -0.150493 -0.617577 0.000000
vt -0.150493 -0.756409 0.000000
vt -0.150493 -0.895159 0.000000
vt -0.150493 -1.033952 0.000000
vt -0.150493 -1.172752 0.000000
vt -0.112484 -1.648316 0.000000
vt -0.024480 -1.648316 0.000000
vt -0.024480 -1.405636 0.000000
vt -0.112484 -0.785420 0.000000
vt -0.024480 -0.996111 0.000000
vt -0.112484 -0.364037 0.000000
vt -0.024480 -1.284297 0.000000
vt -0.062404 -1.284297 0.000000
vt -0.100328 -1.284297 0.000000
vt -0.112484 -1.284297 0.000000
vt -0.112484 -1.405636 0.000000
vt -0.100328 -1.405636 0.000000
vt -0.062404 -1.405636 0.000000
vt -0.100328 -1.648316 0.000000
vt -0.062404 -1.648316 0.000000
vt -0.024480 -1.526976 0.000000
vt -0.062404 -1.526976 0.000000
vt -0.100328 -1.526976 0.000000
vt -0.112484 -1.526976 0.000000
vt -0.024480 -1.769655 0.000000
vt -0.062404 -1.769655 0.000000
vt -0.100328 -1.769655 0.000000
vt -0.112484 -1.769655 0.000000
vt -0.024480 -1.140204 0.000000
vt -0.062404 -1.140204 0.000000
vt -0.100328 -1.140204 0.000000
vt -0.112484 -1.140204 0.000000
vt -0.062404 -0.996111 0.000000
vt -0.100328 -0.996111 0.000000
vt -0.112484 -0.996111 0.000000
vt -0.024480 -0.785420 0.000000
vt -0.062404 -0.785420 0.000000
vt -0.100328 -0.785420 0.000000
vt -0.112484 -0.890765 0.000000
vt -0.100328 -0.890765 0.000000
vt -0.062404 -0.890765 0.000000
vt -0.024480 -0.890765 0.000000
vt -0.024480 -0.680074 0.000000
vt -0.062404 -0.680074 0.000000
vt -0.100328 -0.680074 0.000000
vt -0.112484 -0.680074 0.000000
vt -0.024480 -0.574728 0.000000
vt -0.062404 -0.574728 0.000000
vt -0.100328 -0.574728 0.000000
vt -0.112484 -0.574728 0.000000
vt -0.024480 -0.469383 0.000000
vt -0.062404 -0.469383 0.000000
vt -0.100328 -0.469383 0.000000
vt -0.112484 -0.469383 0.000000
vt -0.024480 -0.364037 0.000000
vt -0.062404 -0.364037 0.000000
vt -0.100328 -0.364037 0.000000
vt -0.024480 -0.258692 0.000000
vt -0.062404 -0.258692 0.000000
vt -0.100328 -0.258692 0.000000
vt -0.112484 -0.258692 0.000000
vt -0.000000 0.364136 0.000000
vt -0.000161 0.364548 0.000000
vt -0.028037 0.414974 0.000000
vt -0.057397 0.462310 0.000000
vt -0.057397 0.372771 0.000000
vt -0.057397 0.283259 0.000000
vt -0.057397 0.193790 0.000000
vt -0.057397 0.104305 0.000000
vt -0.057397 0.014798 0.000000
vt -0.057397 -0.074684 0.000000
vt -0.057397 -0.164178 0.000000
vt -0.057397 -0.253700 0.000000
vt -0.057397 -0.343196 0.000000
vt -0.057397 -0.432700 0.000000
vt -0.057397 -0.522202 0.000000
vt -0.057397 -0.611700 0.000000
vt -0.057397 -0.701207 0.000000
vt -0.057397 -0.790696 0.000000
vt -0.057397 -0.969697 0.000000
vt -0.057173 -0.971038 0.000000
vt -0.029718 -1.189758 0.000000
vt -0.057087 -1.414064 0.000000
vt -0.057397 -1.415407 0.000000
vt -0.057397 -1.430099 0.000000
vt -0.041710 -1.432378 0.000000
vt -0.027097 -1.436114 0.000000
vt -0.000003 -1.445519 0.000000
vt -0.000020 -1.332416 0.000000
vt -0.000000 -1.219314 0.000000
vt -0.000000 -1.106203 0.000000
vt -0.000000 -0.993086 0.000000
vt -0.000000 -0.879964 0.000000
vt -0.000000 -0.766874 0.000000
vt -0.000000 -0.653773 0.000000
vt -0.000000 -0.540666 0.000000
vt -0.000000 -0.427560 0.000000
vt -0.000000 -0.314454 0.000000
vt -0.000000 -0.201339 0.000000
vt -0.000000 -0.088227 0.000000
vt -0.000000 0.024855 0.000000
vt -0.000000 0.137965 0.000000
vt -0.000000 0.251031 0.000000
vt -0.047088 -0.845297 0.000000
vt -0.008080 -0.649877 0.000000
vt -0.047088 0.353978 0.000000
vt -0.036779 0.353978 0.000000
vt -0.028699 0.353978 0.000000
vt -0.018390 0.353978 0.000000
vt -0.008080 0.353978 0.000000
vt -0.047088 0.245646 0.000000
vt -0.036779 0.245646 0.000000
vt -0.028699 0.245646 0.000000
vt -0.018390 0.245646 0.000000
vt -0.008080 0.245646 0.000000
vt -0.047088 0.137431 0.000000
vt -0.036779 0.137548 0.000000
vt -0.028699 0.137639 0.000000
vt -0.018390 0.137756 0.000000
vt -0.008080 0.137873 0.000000
vt -0.047088 0.028982 0.000000
vt -0.036779 0.028982 0.000000
vt -0.028699 0.028982 0.000000
vt -0.018390 0.028982 0.000000
vt -0.008080 0.028982 0.000000
vt -0.047088 -0.079350 0.000000
vt -0.036779 -0.079350 0.000000
vt -0.028699 -0.079350 0.000000
vt -0.018390 -0.079350 0.000000
vt -0.008080 -0.079350 0.000000
vt -0.047088 -0.187682 0.000000
vt -0.036779 -0.187682 0.000000
vt -0.028699 -0.187682 0.000000
vt -0.018390 -0.187682 0.000000
vt -0.008080 -0.187682 0.000000
vt -0.047088 -0.296014 0.000000
vt -0.036779 -0.296014 0.000000
vt -0.028699 -0.296014 0.000000
vt -0.018390 -0.296014 0.000000
vt -0.008080 -0.296014 0.000000
vt -0.047088 -0.404346 0.000000
vt -0.036779 -0.404346 0.000000
vt -0.028699 -0.404346 0.000000
vt -0.018390 -0.404346 0.000000
vt -0.008080 -0.404346 0.000000
vt -0.047088 -0.478257 0.000000
vt -0.036779 -0.478257 0.000000
vt -0.028699 -0.478257 0.000000
vt -0.018390 -0.478257 0.000000
vt -0.008080 -0.478257 0.000000
vt -0.047088 -0.552168 0.000000
vt -0.036779 -0.552168 0.000000
vt -0.028699 -0.552168 0.000000
vt -0.018390 -0.552168 0.000000
vt -0.008080 -0.552168 0.000000
vt -0.047088 -0.649877 0.000000
vt -0.036779 -0.649877 0.000000
vt -0.028699 -0.649877 0.000000
vt -0.018390 -0.649877 0.000000
vt -0.047088 -0.747587 0.000000
vt -0.036779 -0.747587 0.000000
vt -0.028699 -0.747587 0.000000
vt -0.018390 -0.747587 0.000000
vt -0.008080 -0.747587 0.000000
vt -0.036779 -0.845297 0.000000
vt -0.028699 -0.845297 0.000000
vt -0.018390 -0.845297 0.000000
vt -0.008080 -0.845297 0.000000
vt -0.008080 -0.943007 0.000000
vt -0.018390 -0.943007 0.000000
vt -0.028699 -0.943007 0.000000
vt -0.036779 -0.943007 0.000000
vt -0.047088 -0.943007 0.000000
vt -0.047088 -1.040717 0.000000
vt -0.036779 -1.040717 0.000000
vt -0.028699 -1.040717 0.000000
vt -0.018390 -1.040717 0.000000
vt -0.008080 -1.040717 0.000000
vt -0.028699 -1.236136 0.000000
vt -0.018390 -1.236136 0.000000
vt -0.008080 -1.236136 0.000000
vt -0.008080 -1.138426 0.000000
vt -0.018390 -1.138426 0.000000
vt -0.028699 -1.138426 0.000000
vt -0.008080 -1.333846 0.000000
vt -0.018390 -1.333846 0.000000
vt -0.028699 -1.333846 0.000000
vt -0.036779 -1.333846 0.000000
vt -0.047088 -1.333846 0.000000
vt -0.023865 0.724011 0.000000
vt -0.020705 0.705086 0.000000
vt -0.017031 0.724011 0.000000
vt -0.150493 1.833211 0.000000
vt -0.150270 1.831650 0.000000
vt -0.107828 1.567582 0.000000
vt -0.150136 1.313047 0.000000
vt -0.150493 1.311523 0.000000
vt -0.150493 1.172752 0.000000
vt -0.150493 1.033952 0.000000
vt -0.150493 0.895159 0.000000
vt -0.150493 0.756409 0.000000
vt -0.150493 0.617577 0.000000
vt -0.150493 0.478695 0.000000
vt -0.150493 0.339969 0.000000
vt -0.150493 0.201287 0.000000
vt -0.150237 0.201003 0.000000
vt -0.114134 0.168547 0.000000
vt -0.095078 0.156440 0.000000
vt -0.075345 0.153346 0.000000
vt -0.067339 0.154513 0.000000
vt -0.032724 0.174878 0.000000
vt -0.000261 0.208810 0.000000
vt -0.000000 0.209137 0.000000
vt -0.000000 0.315092 0.000000
vt -0.000000 0.421059 0.000000
vt -0.000000 0.527131 0.000000
vt -0.000000 0.633288 0.000000
vt -0.000000 0.739377 0.000000
vt -0.000000 0.845395 0.000000
vt -0.000000 1.057498 0.000000
vt -0.000000 1.269596 0.000000
vt -0.000000 1.481688 0.000000
vt -0.000015 1.693818 0.000000
vt -0.000104 1.905874 0.000000
vt -0.072326 1.872282 0.000000
vt -0.110303 1.859008 0.000000
vt -0.150493 1.850648 0.000000
vt -0.112519 0.754686 0.000000
vt -0.024574 0.996111 0.000000
vt -0.024574 1.109831 0.000000
vt -0.112519 1.678433 0.000000
vt -0.100328 1.678433 0.000000
vt -0.062451 1.678433 0.000000
vt -0.024574 1.678433 0.000000
vt -0.112519 1.450992 0.000000
vt -0.100328 1.450992 0.000000
vt -0.062451 1.450992 0.000000
vt -0.024574 1.450992 0.000000
vt -0.112519 1.223552 0.000000
vt -0.100328 1.223552 0.000000
vt -0.062451 1.223552 0.000000
vt -0.024574 1.223552 0.000000
vt -0.112519 1.109831 0.000000
vt -0.100328 1.109831 0.000000
vt -0.062451 1.109831 0.000000
vt -0.112519 0.996111 0.000000
vt -0.100328 0.996111 0.000000
vt -0.062451 0.996111 0.000000
vt -0.112519 0.875398 0.000000
vt -0.100328 0.875398 0.000000
vt -0.062451 0.875398 0.000000
vt -0.024574 0.875398 0.000000
vt -0.100328 0.754686 0.000000
vt -0.062451 0.754686 0.000000
vt -0.024574 0.754686 0.000000
vt -0.112519 0.513261 0.000000
vt -0.100328 0.513261 0.000000
vt -0.062451 0.513261 0.000000
vt -0.024574 0.513261 0.000000
vt -0.024574 0.633400 0.000000
vt -0.062451 0.633572 0.000000
vt -0.100328 0.633745 0.000000
vt -0.112519 0.633800 0.000000
vt -0.112519 0.333303 0.000000
vt -0.100328 0.333303 0.000000
vt -0.062451 0.333303 0.000000
vt -0.024574 0.333303 0.000000
vt -1.808266 0.019441 0.000000
vt -1.808266 0.006480 0.000000
vt -1.808266 -0.006480 0.000000
vt -1.808266 -0.019441 0.000000
vt -1.758137 -0.019441 0.000000
vt -1.733389 0.000680 0.000000
vt -1.702054 0.019297 0.000000
vt -1.701800 0.019441 0.000000
vt -0.000000 0.088197 0.000000
vt -0.012565 0.088197 0.000000
vt -0.025209 0.088197 0.000000
vt -0.037852 0.088197 0.000000
vt -0.050418 0.088197 0.000000
vt -0.050418 0.066148 0.000000
vt -0.050418 0.044098 0.000000
vt -0.050418 0.022049 0.000000
vt -0.050418 0.000000 0.000000
vt -0.033624 0.000000 0.000000
vt -0.016794 0.000000 0.000000
vt -0.000000 0.000000 0.000000
vt -0.000000 0.044098 0.000000
vt -0.000000 0.066148 0.000000
vt -0.041305 0.031117 0.000000
vt -0.006984 0.023087 0.000000
vt -0.041305 0.061111 0.000000
vt -0.006984 0.046114 0.000000
vt -0.041305 0.081924 0.000000
vt -0.032192 0.081924 0.000000
vt -0.025209 0.081924 0.000000
vt -0.016096 0.081924 0.000000
vt -0.006984 0.081924 0.000000
vt -0.032192 0.061111 0.000000
vt -0.025209 0.061111 0.000000
vt -0.016096 0.061111 0.000000
vt -0.006984 0.061111 0.000000
vt -0.032192 0.031117 0.000000
vt -0.025209 0.031117 0.000000
vt -0.016096 0.031117 0.000000
vt -0.006984 0.031117 0.000000
vt -0.016096 0.046114 0.000000
vt -0.025209 0.046114 0.000000
vt -0.032192 0.046114 0.000000
vt -0.041305 0.046114 0.000000
vt -0.041305 0.005019 0.000000
vt -0.032192 0.005019 0.000000
vt -0.025209 0.005019 0.000000
vt -0.016096 0.005019 0.000000
vt -0.006984 0.005019 0.000000
vt -0.016096 0.023087 0.000000
vt -0.025209 0.023087 0.000000
vt -0.032192 0.023087 0.000000
vt -0.041305 0.023087 0.000000
vt -0.000012 1.510180 0.000000
vt -0.024845 1.494953 0.000000
vt -0.037141 1.489565 0.000000
vt -0.050246 1.486393 0.000000
vt -0.050246 1.376829 0.000000
vt -0.050246 1.267254 0.000000
vt -0.050246 1.116911 0.000000
vt -0.050246 0.966584 0.000000
vt -0.050246 0.816256 0.000000
vt -0.050246 0.665908 0.000000
vt -0.050246 0.515600 0.000000
vt -0.050246 0.365262 0.000000
vt -0.050246 0.214940 0.000000
vt -0.050246 0.064610 0.000000
vt -0.037724 0.064610 0.000000
vt -0.025123 0.064610 0.000000
vt -0.012523 0.064610 0.000000
vt -0.000000 0.064610 0.000000
vt -0.000000 0.154957 0.000000
vt -0.000000 0.245306 0.000000
vt -0.000000 0.335647 0.000000
vt -0.000000 0.425995 0.000000
vt -0.000000 0.516350 0.000000
vt -0.000000 0.606683 0.000000
vt -0.000000 0.787383 0.000000
vt -0.000000 0.968082 0.000000
vt -0.000000 1.148779 0.000000
vt -0.000004 1.329489 0.000000
vt -0.007125 1.202043 0.000000
vt -0.041247 1.407467 0.000000
vt -0.032248 1.407467 0.000000
vt -0.025123 1.407467 0.000000
vt -0.016124 1.407467 0.000000
vt -0.007125 1.407467 0.000000
vt -0.041247 1.304755 0.000000
vt -0.032248 1.304755 0.000000
vt -0.025123 1.304755 0.000000
vt -0.016124 1.304755 0.000000
vt -0.007125 1.304755 0.000000
vt -0.041247 1.202043 0.000000
vt -0.032248 1.202043 0.000000
vt -0.025123 1.202043 0.000000
vt -0.016124 1.202043 0.000000
vt -0.041247 1.099330 0.000000
vt -0.032248 1.099330 0.000000
vt -0.025123 1.099330 0.000000
vt -0.016124 1.099330 0.000000
vt -0.007125 1.099330 0.000000
vt -0.041247 0.918399 0.000000
vt -0.032248 0.918399 0.000000
vt -0.025123 0.918399 0.000000
vt -0.016124 0.918399 0.000000
vt -0.007125 0.918399 0.000000
vt -0.041247 0.737468 0.000000
vt -0.032248 0.737468 0.000000
vt -0.025123 0.737468 0.000000
vt -0.016124 0.737468 0.000000
vt -0.007125 0.737468 0.000000
vt -0.041247 0.569254 0.000000
vt -0.032248 0.569254 0.000000
vt -0.025123 0.569254 0.000000
vt -0.016124 0.569254 0.000000
vt -0.007125 0.569254 0.000000
vt -0.041247 0.401039 0.000000
vt -0.032248 0.401039 0.000000
vt -0.025123 0.401039 0.000000
vt -0.016124 0.401039 0.000000
vt -0.007125 0.401039 0.000000
vt -0.041247 0.232825 0.000000
vt -0.032248 0.232825 0.000000
vt -0.025123 0.232825 0.000000
vt -0.016124 0.232825 0.000000
vt -0.007125 0.232825 0.000000
vt 0.102108 -0.019863 0.000000
vt 0.102108 0.030266 0.000000
vt 0.071842 0.000000 0.000000
vt 0.069509 -0.002333 0.000000
vt 0.081287 -0.006365 0.000000
vt 0.092251 -0.012260 0.000000
vt -0.000000 -0.220706 0.000000
vt -0.014565 -0.211490 0.000000
vt -0.038623 -0.202609 0.000000
vt -0.064851 -0.195587 0.000000
vt -0.088107 -0.193147 0.000000
vt -0.088107 -0.314309 0.000000
vt -0.056217 -0.308449 0.000000
vt -0.038096 -0.296703 0.000000
vt -0.016598 -0.278387 0.000000
vt -0.000000 -0.266808 0.000000
vt -0.000000 -0.263509 0.000000
vt 0.553025 0.387679 0.000000
vt 0.558871 0.509268 0.000000
vt 0.576304 0.628618 0.000000
vt 0.529740 0.628618 0.000000
vt 0.547176 0.509268 0.000000
vt 1.137225 -0.507456 0.000000
vt 1.020841 -0.478651 0.000000
vt 0.910245 -0.419852 0.000000
vt 0.809266 -0.333095 0.000000
vt 0.721400 -0.221384 0.000000
vt 0.649689 -0.088585 0.000000
vt 0.596616 0.060702 0.000000
vt 0.564019 0.221310 0.000000
vt 0.553025 0.387679 0.000000
vt 0.542135 0.222065 0.000000
vt 0.509835 0.062132 0.000000
vt 0.457233 -0.086633 0.000000
vt 0.386134 -0.219128 0.000000
vt 0.298976 -0.330807 0.000000
vt 0.198750 -0.417838 0.000000
vt 0.088894 -0.477238 0.000000
vt -0.026824 -0.506967 0.000000
vt -0.026216 -0.628618 0.000000
vt 1.137225 -0.628618 0.000000
vt -0.000000 0.088034 0.000000
vt -0.016783 0.088034 0.000000
vt -0.033602 0.088034 0.000000
vt -0.050385 0.088034 0.000000
vt -0.050385 0.066025 0.000000
vt -0.050385 0.044017 0.000000
vt -0.050385 0.022008 0.000000
vt -0.050385 0.000000 0.000000
vt -0.037828 0.000000 0.000000
vt -0.025192 0.000000 0.000000
vt -0.012557 0.000000 0.000000
vt -0.000000 0.000000 0.000000
vt -0.000000 0.022008 0.000000
vt -0.000000 0.044017 0.000000
vt -0.041249 0.003518 0.000000
vt -0.006922 0.003518 0.000000
vt -0.006922 0.071771 0.000000
vt -0.041249 0.071771 0.000000
vt -0.032114 0.071771 0.000000
vt -0.025192 0.071771 0.000000
vt -0.016057 0.071771 0.000000
vt -0.041249 0.046791 0.000000
vt -0.032114 0.046791 0.000000
vt -0.025192 0.046791 0.000000
vt -0.016057 0.046791 0.000000
vt -0.006922 0.046791 0.000000
vt -0.041249 0.034301 0.000000
vt -0.032114 0.034301 0.000000
vt -0.025192 0.034301 0.000000
vt -0.016057 0.034301 0.000000
vt -0.006922 0.034301 0.000000
vt -0.041249 0.021811 0.000000
vt -0.032114 0.021811 0.000000
vt -0.025192 0.021811 0.000000
vt -0.016057 0.021811 0.000000
vt -0.006922 0.021811 0.000000
vt -0.016057 0.003518 0.000000
vt -0.025192 0.003518 0.000000
vt -0.032114 0.003518 0.000000
vt 1.701800 0.019441 0.000000
vt 1.702080 0.019283 0.000000
vt 1.731641 0.001815 0.000000
vt 1.758137 -0.019441 0.000000
vt 1.808623 -0.019441 0.000000
vt 1.808623 -0.006480 0.000000
vt 1.808623 0.006480 0.000000
vt 1.808623 0.019441 0.000000
vt -1.808266 0.019441 0.000000
vt -1.808266 0.006480 0.000000
vt -1.808266 -0.006480 0.000000
vt -1.808266 -0.019441 0.000000
vt -1.758137 -0.019441 0.000000
vt -1.732372 0.001345 0.000000
vt -1.701988 0.019334 0.000000
vt -1.701800 0.019441 0.000000
vt -0.000000 0.088197 0.000000
vt -0.012565 0.088197 0.000000
vt -0.025209 0.088197 0.000000
vt -0.037852 0.088197 0.000000
vt -0.050418 0.088197 0.000000
vt -0.050418 0.066148 0.000000
vt -0.050418 0.044098 0.000000
vt -0.050418 0.022049 0.000000
vt -0.050418 0.000000 0.000000
vt -0.033624 0.000000 0.000000
vt -0.016794 0.000000 0.000000
vt -0.000000 0.000000 0.000000
vt -0.000000 0.044098 0.000000
vt -0.000000 0.066148 0.000000
vt -0.041305 0.031117 0.000000
vt -0.006984 0.023087 0.000000
vt -0.041305 0.061111 0.000000
vt -0.006984 0.046114 0.000000
vt -0.041305 0.081924 0.000000
vt -0.032192 0.081924 0.000000
vt -0.025209 0.081924 0.000000
vt -0.016096 0.081924 0.000000
vt -0.006984 0.081924 0.000000
vt -0.032192 0.061111 0.000000
vt -0.025209 0.061111 0.000000
vt -0.016096 0.061111 0.000000
vt -0.006984 0.061111 0.000000
vt -0.032192 0.031117 0.000000
vt -0.025209 0.031117 0.000000
vt -0.016096 0.031117 0.000000
vt -0.006984 0.031117 0.000000
vt -0.016096 0.046114 0.000000
vt -0.025209 0.046114 0.000000
vt -0.032192 0.046114 0.000000
vt -0.041305 0.046114 0.000000
vt -0.041305 0.005019 0.000000
vt -0.032192 0.005019 0.000000
vt -0.025209 0.005019 0.000000
vt -0.016096 0.005019 0.000000
vt -0.006984 0.005019 0.000000
vt -0.016096 0.023087 0.000000
vt -0.025209 0.023087 0.000000
vt -0.032192 0.023087 0.000000
vt -0.041305 0.023087 0.000000
vt -0.000012 1.510180 0.000000
vt -0.024845 1.494953 0.000000
vt -0.037141 1.489565 0.000000
vt -0.050246 1.486393 0.000000
vt -0.050246 1.376835 0.000000
vt -0.050246 1.267265 0.000000
vt -0.050246 1.116921 0.000000
vt -0.050246 0.966592 0.000000
vt -0.050246 0.816264 0.000000
vt -0.050246 0.665913 0.000000
vt -0.050246 0.515605 0.000000
vt -0.050246 0.365265 0.000000
vt -0.050246 0.214942 0.000000
vt -0.050246 0.064610 0.000000
vt -0.037724 0.064610 0.000000
vt -0.025123 0.064610 0.000000
vt -0.012523 0.064610 0.000000
vt -0.000000 0.064610 0.000000
vt -0.000000 0.154957 0.000000
vt -0.000000 0.245306 0.000000
vt -0.000000 0.335647 0.000000
vt -0.000000 0.425995 0.000000
vt -0.000000 0.516350 0.000000
vt -0.000000 0.606683 0.000000
vt -0.000000 0.787383 0.000000
vt -0.000000 0.968082 0.000000
vt -0.000000 1.148779 0.000000
vt -0.000004 1.329489 0.000000
vt -0.007132 1.202043 0.000000
vt -0.041251 1.407467 0.000000
vt -0.032255 1.407467 0.000000
vt -0.025123 1.407467 0.000000
vt -0.016127 1.407467 0.000000
vt -0.007132 1.407467 0.000000
vt -0.041251 1.304755 0.000000
vt -0.032255 1.304755 0.000000
vt -0.025123 1.304755 0.000000
vt -0.016127 1.304755 0.000000
vt -0.007132 1.304755 0.000000
vt -0.041251 1.202043 0.000000
vt -0.032255 1.202043 0.000000
vt -0.025123 1.202043 0.000000
vt -0.016127 1.202043 0.000000
vt -0.041251 1.099330 0.000000
vt -0.032255 1.099330 0.000000
vt -0.025123 1.099330 0.000000
vt -0.016127 1.099330 0.000000
vt -0.007132 1.099330 0.000000
vt -0.041251 0.918399 0.000000
vt -0.032255 0.918399 0.000000
vt -0.025123 0.918399 0.000000
vt -0.016127 0.918399 0.000000
vt -0.007132 0.918399 0.000000
vt -0.041251 0.737468 0.000000
vt -0.032255 0.737468 0.000000
vt -0.025123 0.737468 0.000000
vt -0.016127 0.737468 0.000000
vt -0.007132 0.737468 0.000000
vt -0.041251 0.569253 0.000000
vt -0.032255 0.569253 0.000000
vt -0.025123 0.569253 0.000000
vt -0.016127 0.569253 0.000000
vt -0.007132 0.569253 0.000000
vt -0.041251 0.401039 0.000000
vt -0.032255 0.401039 0.000000
vt -0.025123 0.401039 0.000000
vt -0.016127 0.401039 0.000000
vt -0.007132 0.401039 0.000000
vt -0.041251 0.232825 0.000000
vt -0.032255 0.232825 0.000000
vt -0.025123 0.232825 0.000000
vt -0.016127 0.232825 0.000000
vt -0.007132 0.232825 0.000000
vt 0.102108 -0.019863 0.000000
vt 0.102108 0.030266 0.000000
vt 0.071842 0.000000 0.000000
vt 0.069509 -0.002333 0.000000
vt 0.081287 -0.006365 0.000000
vt 0.092251 -0.012260 0.000000
vt -0.000000 -0.220706 0.000000
vt -0.014565 -0.211490 0.000000
vt -0.038623 -0.202609 0.000000
vt -0.064851 -0.195587 0.000000
vt -0.088107 -0.193147 0.000000
vt -0.088107 -0.314309 0.000000
vt -0.056205 -0.308443 0.000000
vt -0.038083 -0.296693 0.000000
vt -0.016598 -0.278387 0.000000
vt -0.000000 -0.266808 0.000000
vt -0.000000 -0.263509 0.000000
vt 0.317500 0.387692 0.000000
vt 0.323347 0.509274 0.000000
vt 0.340779 0.628618 0.000000
vt 0.294221 0.628618 0.000000
vt 0.311653 0.509274 0.000000
vt 0.901700 -0.507456 0.000000
vt 0.785315 -0.478650 0.000000
vt 0.674718 -0.419850 0.000000
vt 0.573738 -0.333092 0.000000
vt 0.485872 -0.221379 0.000000
vt 0.414162 -0.088579 0.000000
vt 0.361089 0.060711 0.000000
vt 0.328492 0.221321 0.000000
vt 0.317500 0.387692 0.000000
vt 0.306508 0.221321 0.000000
vt 0.273911 0.060711 0.000000
vt 0.220838 -0.088579 0.000000
vt 0.149128 -0.221379 0.000000
vt 0.061262 -0.333092 0.000000
vt -0.039718 -0.419850 0.000000
vt -0.150315 -0.478650 0.000000
vt -0.266700 -0.507456 0.000000
vt -0.266700 -0.628618 0.000000
vt 0.901700 -0.628618 0.000000
vt -0.000000 0.088207 0.000000
vt -0.016795 0.088207 0.000000
vt -0.033627 0.088207 0.000000
vt -0.050422 0.088207 0.000000
vt -0.050422 0.066155 0.000000
vt -0.050422 0.044104 0.000000
vt -0.050422 0.022052 0.000000
vt -0.050422 0.000000 0.000000
vt -0.037856 0.000000 0.000000
vt -0.025211 0.000000 0.000000
vt -0.012566 0.000000 0.000000
vt -0.000000 0.000000 0.000000
vt -0.000000 0.022052 0.000000
vt -0.000000 0.044104 0.000000
vt -0.041280 0.003520 0.000000
vt -0.006926 0.003520 0.000000
vt -0.006926 0.071784 0.000000
vt -0.041280 0.071784 0.000000
vt -0.032137 0.071784 0.000000
vt -0.025211 0.071784 0.000000
vt -0.016069 0.071784 0.000000
vt -0.041280 0.046805 0.000000
vt -0.032137 0.046805 0.000000
vt -0.025211 0.046805 0.000000
vt -0.016069 0.046805 0.000000
vt -0.006926 0.046805 0.000000
vt -0.041280 0.034316 0.000000
vt -0.032137 0.034316 0.000000
vt -0.025211 0.034316 0.000000
vt -0.016069 0.034316 0.000000
vt -0.006926 0.034316 0.000000
vt -0.041280 0.021826 0.000000
vt -0.032137 0.021826 0.000000
vt -0.025211 0.021826 0.000000
vt -0.016069 0.021826 0.000000
vt -0.006926 0.021826 0.000000
vt -0.016069 0.003520 0.000000
vt -0.025211 0.003520 0.000000
vt -0.032137 0.003520 0.000000
vt 1.701800 0.019441 0.000000
vt 1.701988 0.019334 0.000000
vt 1.732372 0.001345 0.000000
vt 1.758137 -0.019441 0.000000
vt 1.808266 -0.019441 0.000000
vt 1.808266 -0.006480 0.000000
vt 1.808266 0.006480 0.000000
vt 1.808266 0.019441 0.000000
vt -1.808623 0.019441 0.000000
vt -1.808623 0.006480 0.000000
vt -1.808623 -0.006480 0.000000
vt -1.808623 -0.019441 0.000000
vt -1.758137 -0.019441 0.000000
vt -1.731641 0.001815 0.000000
vt -1.702080 0.019283 0.000000
vt -1.701800 0.019441 0.000000
vt -0.000000 0.088000 0.000000
vt -0.012557 0.088000 0.000000
vt -0.025192 0.088000 0.000000
vt -0.037827 0.088000 0.000000
vt -0.050384 0.088000 0.000000
vt -0.050384 0.066000 0.000000
vt -0.050384 0.044000 0.000000
vt -0.050384 0.022000 0.000000
vt -0.050384 0.000000 0.000000
vt -0.033601 0.000000 0.000000
vt -0.016782 0.000000 0.000000
vt -0.000000 0.000000 0.000000
vt -0.000000 0.044000 0.000000
vt -0.000000 0.066000 0.000000
vt -0.041249 0.016235 0.000000
vt -0.006923 0.016235 0.000000
vt -0.041249 0.074478 0.000000
vt -0.006923 0.078223 0.000000
vt -0.041249 0.083979 0.000000
vt -0.032115 0.083979 0.000000
vt -0.025192 0.083979 0.000000
vt -0.016057 0.083979 0.000000
vt -0.006923 0.083979 0.000000
vt -0.041249 0.048437 0.000000
vt -0.032115 0.048437 0.000000
vt -0.025192 0.048437 0.000000
vt -0.016057 0.048437 0.000000
vt -0.006923 0.048437 0.000000
vt -0.006923 0.067217 0.000000
vt -0.016057 0.067217 0.000000
vt -0.025192 0.067217 0.000000
vt -0.032115 0.067217 0.000000
vt -0.041249 0.067217 0.000000
vt -0.041249 0.037553 0.000000
vt -0.032115 0.037553 0.000000
vt -0.025192 0.037553 0.000000
vt -0.016057 0.037553 0.000000
vt -0.006923 0.037553 0.000000
vt -0.032115 0.016235 0.000000
vt -0.025192 0.016235 0.000000
vt -0.016057 0.016235 0.000000
vt -0.006923 0.003529 0.000000
vt -0.016057 0.003529 0.000000
vt -0.025192 0.003529 0.000000
vt -0.032115 0.003529 0.000000
vt -0.041249 0.003529 0.000000
vt -0.041249 0.078223 0.000000
vt -0.032115 0.078223 0.000000
vt -0.025192 0.078223 0.000000
vt -0.016057 0.078223 0.000000
vt -0.006923 0.074478 0.000000
vt -0.032115 0.074478 0.000000
vt -0.025192 0.074478 0.000000
vt -0.016057 0.074478 0.000000
vt -0.000011 1.511757 0.000000
vt -0.024815 1.496514 0.000000
vt -0.037096 1.491120 0.000000
vt -0.050190 1.487945 0.000000
vt -0.050190 1.378268 0.000000
vt -0.050190 1.268579 0.000000
vt -0.050190 1.118773 0.000000
vt -0.050190 0.968984 0.000000
vt -0.050190 0.819191 0.000000
vt -0.050190 0.669380 0.000000
vt -0.050190 0.519610 0.000000
vt -0.050190 0.369808 0.000000
vt -0.050190 0.220023 0.000000
vt -0.050190 0.070230 0.000000
vt -0.037682 0.070230 0.000000
vt -0.025095 0.070230 0.000000
vt -0.012509 0.070230 0.000000
vt -0.000000 0.070230 0.000000
vt -0.000000 0.160324 0.000000
vt -0.000000 0.250420 0.000000
vt -0.000000 0.340508 0.000000
vt -0.000000 0.430603 0.000000
vt -0.000000 0.520706 0.000000
vt -0.000000 0.610787 0.000000
vt -0.000000 0.790980 0.000000
vt -0.000000 0.971175 0.000000
vt -0.000000 1.151366 0.000000
vt -0.000003 1.331570 0.000000
vt -0.007117 1.208397 0.000000
vt -0.041201 1.410637 0.000000
vt -0.032212 1.410637 0.000000
vt -0.025095 1.410637 0.000000
vt -0.016106 1.410637 0.000000
vt -0.007117 1.410637 0.000000
vt -0.041201 1.309517 0.000000
vt -0.032212 1.309517 0.000000
vt -0.025095 1.309517 0.000000
vt -0.016106 1.309517 0.000000
vt -0.007117 1.309517 0.000000
vt -0.041201 1.208397 0.000000
vt -0.032212 1.208397 0.000000
vt -0.025095 1.208397 0.000000
vt -0.016106 1.208397 0.000000
vt -0.041201 1.107277 0.000000
vt -0.032212 1.107277 0.000000
vt -0.025095 1.107277 0.000000
vt -0.016106 1.107277 0.000000
vt -0.007117 1.107277 0.000000
vt -0.041201 0.925943 0.000000
vt -0.032212 0.925943 0.000000
vt -0.025095 0.925943 0.000000
vt -0.016106 0.925943 0.000000
vt -0.007117 0.925943 0.000000
vt -0.041201 0.744609 0.000000
vt -0.032212 0.744609 0.000000
vt -0.025095 0.744609 0.000000
vt -0.016106 0.744609 0.000000
vt -0.007117 0.744609 0.000000
vt -0.041201 0.576014 0.000000
vt -0.032212 0.576014 0.000000
vt -0.025095 0.576014 0.000000
vt -0.016106 0.576014 0.000000
vt -0.007117 0.576014 0.000000
vt -0.041201 0.407419 0.000000
vt -0.032212 0.407419 0.000000
vt -0.025095 0.407419 0.000000
vt -0.016106 0.407419 0.000000
vt -0.007117 0.407419 0.000000
vt -0.041201 0.238824 0.000000
vt -0.032212 0.238824 0.000000
vt -0.025095 0.238824 0.000000
vt -0.016106 0.238824 0.000000
vt -0.007117 0.238824 0.000000
vt 0.102108 -0.019863 0.000000
vt 0.102108 0.030623 0.000000
vt 0.071484 0.000000 0.000000
vt 0.069224 -0.002261 0.000000
vt 0.081107 -0.006286 0.000000
vt 0.092168 -0.012207 0.000000
vt -0.000000 -0.218675 0.000000
vt -0.014241 -0.209485 0.000000
vt -0.038508 -0.200626 0.000000
vt -0.064605 -0.193616 0.000000
vt -0.087776 -0.191131 0.000000
vt -0.087776 -0.312784 0.000000
vt -0.072459 -0.313499 0.000000
vt -0.055352 -0.318776 0.000000
vt -0.030847 -0.335822 0.000000
vt -0.000000 -0.363076 0.000000
vt -0.032608 -0.334258 0.000000
vt -0.053510 -0.319105 0.000000
vt -0.072181 -0.311889 0.000000
vt -0.054848 -0.306254 0.000000
vt -0.042755 -0.298718 0.000000
vt -0.016301 -0.276609 0.000000
vt -0.000000 -0.265180 0.000000
vt -0.000000 -0.261983 0.000000
vt 0.079369 0.387679 0.000000
vt 0.085218 0.509268 0.000000
vt 0.102653 0.628618 0.000000
vt 0.056090 0.628618 0.000000
vt 0.073523 0.509268 0.000000
vt 0.659218 -0.506966 0.000000
vt 0.543500 -0.477238 0.000000
vt 0.433644 -0.417838 0.000000
vt 0.333418 -0.330807 0.000000
vt 0.246260 -0.219128 0.000000
vt 0.175161 -0.086633 0.000000
vt 0.122559 0.062132 0.000000
vt 0.090259 0.222065 0.000000
vt 0.079369 0.387679 0.000000
vt 0.068375 0.221310 0.000000
vt 0.035777 0.060702 0.000000
vt -0.017296 -0.088585 0.000000
vt -0.089006 -0.221384 0.000000
vt -0.176872 -0.333095 0.000000
vt -0.277851 -0.419852 0.000000
vt -0.388447 -0.478651 0.000000
vt -0.504831 -0.507456 0.000000
vt -0.504831 -0.628618 0.000000
vt 0.658609 -0.628618 0.000000
vt -0.050246 -1.486387 0.000000
vt -0.030287 -1.492344 0.000000
vt -0.000024 -1.510175 0.000000
vt -0.000017 -1.329498 0.000000
vt -0.000000 -1.148791 0.000000
vt -0.000000 -0.968082 0.000000
vt -0.000000 -0.787393 0.000000
vt -0.000000 -0.606689 0.000000
vt -0.000000 -0.516350 0.000000
vt -0.000000 -0.425964 0.000000
vt -0.000000 -0.335582 0.000000
vt -0.000000 -0.245259 0.000000
vt -0.000000 -0.154952 0.000000
vt -0.000000 -0.064610 0.000000
vt -0.012522 -0.064610 0.000000
vt -0.025123 -0.064610 0.000000
vt -0.037724 -0.064610 0.000000
vt -0.050246 -0.064610 0.000000
vt -0.050246 -0.214912 0.000000
vt -0.050246 -0.365207 0.000000
vt -0.050246 -0.515600 0.000000
vt -0.050246 -0.665918 0.000000
vt -0.050246 -0.816260 0.000000
vt -0.050246 -0.966583 0.000000
vt -0.050246 -1.116922 0.000000
vt -0.050246 -1.267270 0.000000
vt -0.050246 -1.376830 0.000000
vt -0.007064 -1.208124 0.000000
vt -0.041217 -1.006757 0.000000
vt -0.007064 -1.107441 0.000000
vt -0.041217 -0.704706 0.000000
vt -0.007064 -0.906073 0.000000
vt -0.007064 -1.409492 0.000000
vt -0.016094 -1.409492 0.000000
vt -0.025123 -1.409492 0.000000
vt -0.032187 -1.409492 0.000000
vt -0.041217 -1.409492 0.000000
vt -0.007064 -1.308808 0.000000
vt -0.016094 -1.308808 0.000000
vt -0.025123 -1.308808 0.000000
vt -0.032187 -1.308808 0.000000
vt -0.041217 -1.308808 0.000000
vt -0.016094 -1.107441 0.000000
vt -0.025123 -1.107441 0.000000
vt -0.032187 -1.107441 0.000000
vt -0.041217 -1.107441 0.000000
vt -0.041217 -1.208124 0.000000
vt -0.032187 -1.208124 0.000000
vt -0.025123 -1.208124 0.000000
vt -0.016094 -1.208124 0.000000
vt -0.016094 -0.906073 0.000000
vt -0.025123 -0.906073 0.000000
vt -0.032187 -0.906073 0.000000
vt -0.041217 -0.906073 0.000000
vt -0.032187 -1.006757 0.000000
vt -0.025123 -1.006757 0.000000
vt -0.016094 -1.006757 0.000000
vt -0.007064 -1.006757 0.000000
vt -0.007064 -0.704706 0.000000
vt -0.016094 -0.704706 0.000000
vt -0.025123 -0.704706 0.000000
vt -0.032187 -0.704706 0.000000
vt -0.041217 -0.805390 0.000000
vt -0.032187 -0.805390 0.000000
vt -0.025123 -0.805390 0.000000
vt -0.016094 -0.805390 0.000000
vt -0.007064 -0.805390 0.000000
vt -0.007064 -0.544682 0.000000
vt -0.016094 -0.544682 0.000000
vt -0.025123 -0.544682 0.000000
vt -0.032187 -0.544682 0.000000
vt -0.041217 -0.544682 0.000000
vt -0.007064 -0.384658 0.000000
vt -0.016094 -0.384658 0.000000
vt -0.025123 -0.384658 0.000000
vt -0.032187 -0.384658 0.000000
vt -0.041217 -0.384658 0.000000
vt -0.007064 -0.224634 0.000000
vt -0.016094 -0.224634 0.000000
vt -0.025123 -0.224634 0.000000
vt -0.032187 -0.224634 0.000000
vt -0.041217 -0.224634 0.000000
vt -0.000000 0.088207 0.000000
vt -0.016795 0.088207 0.000000
vt -0.033627 0.088207 0.000000
vt -0.050422 0.088207 0.000000
vt -0.050422 0.066155 0.000000
vt -0.050422 0.044104 0.000000
vt -0.050422 0.022052 0.000000
vt -0.050422 0.000000 0.000000
vt -0.037856 0.000000 0.000000
vt -0.025211 0.000000 0.000000
vt -0.012566 0.000000 0.000000
vt -0.000000 0.000000 0.000000
vt -0.000000 0.022052 0.000000
vt -0.000000 0.044104 0.000000
vt -0.041280 0.003520 0.000000
vt -0.006926 0.003520 0.000000
vt -0.006926 0.071784 0.000000
vt -0.041280 0.071784 0.000000
vt -0.032137 0.071784 0.000000
vt -0.025211 0.071784 0.000000
vt -0.016069 0.071784 0.000000
vt -0.041280 0.046805 0.000000
vt -0.032137 0.046805 0.000000
vt -0.025211 0.046805 0.000000
vt -0.016069 0.046805 0.000000
vt -0.006926 0.046805 0.000000
vt -0.041280 0.034316 0.000000
vt -0.032137 0.034316 0.000000
vt -0.025211 0.034316 0.000000
vt -0.016069 0.034316 0.000000
vt -0.006926 0.034316 0.000000
vt -0.041280 0.021826 0.000000
vt -0.032137 0.021826 0.000000
vt -0.025211 0.021826 0.000000
vt -0.016069 0.021826 0.000000
vt -0.006926 0.021826 0.000000
vt -0.016069 0.003520 0.000000
vt -0.025211 0.003520 0.000000
vt -0.032137 0.003520 0.000000
vt 1.701800 0.019441 0.000000
vt 1.702054 0.019297 0.000000
vt 1.733389 0.000680 0.000000
vt 1.758137 -0.019441 0.000000
vt 1.808266 -0.019441 0.000000
vt 1.808266 -0.006480 0.000000
vt 1.808266 0.006480 0.000000
vt 1.808266 0.019441 0.000000
vt 3.937000 -1.412371 0.000000
vt 3.937000 -1.320697 0.000000
vt 3.937000 -1.229022 0.000000
vt 3.937000 -1.137348 0.000000
vt 2.667000 -1.137348 0.000000
vt 2.550840 -1.048355 0.000000
vt 2.432102 -0.959362 0.000000
vt 2.313313 -0.870369 0.000000
vt 2.196999 -0.781376 0.000000
vt 2.085635 -0.692383 0.000000
vt 1.981591 -0.603390 0.000000
vt 1.887080 -0.514397 0.000000
vt 1.804112 -0.425404 0.000000
vt 1.734453 -0.336411 0.000000
vt 1.679584 -0.247418 0.000000
vt 1.640672 -0.158425 0.000000
vt 1.618546 -0.069432 0.000000
vt 1.613677 0.019561 0.000000
vt 1.626167 0.108554 0.000000
vt 1.655751 0.197547 0.000000
vt 1.701800 0.286540 0.000000
vt 1.701800 0.360505 0.000000
vt 1.701800 0.434471 0.000000
vt 1.701800 0.508436 0.000000
vt 0.000000 0.508436 0.000000
vt 0.000000 0.359671 0.000000
vt 0.000000 0.210906 0.000000
vt 0.000000 0.062141 0.000000
vt 0.000000 -0.086624 0.000000
vt 0.000000 -0.235389 0.000000
vt 0.000000 -0.384154 0.000000
vt 0.000000 -0.532919 0.000000
vt 0.000000 -0.681683 0.000000
vt 0.000000 -0.830448 0.000000
vt 0.000000 -0.979213 0.000000
vt 0.000000 -1.127978 0.000000
vt 0.000000 -1.276743 0.000000
vt 0.000000 -1.425508 0.000000
vt 0.000000 -1.574273 0.000000
vt 0.000000 -1.723038 0.000000
vt 0.000000 -1.871803 0.000000
vt 0.000000 -2.020568 0.000000
vt 0.000000 -2.169333 0.000000
vt 0.000000 -2.318098 0.000000
vt 0.000000 -2.466863 0.000000
vt 0.000000 -2.615628 0.000000
vt 0.000000 -2.764393 0.000000
vt 0.000000 -2.913158 0.000000
vt 0.000000 -3.061923 0.000000
vt 1.701800 -3.061923 0.000000
vt 1.701800 -2.928714 0.000000
vt 1.701800 -2.795505 0.000000
vt 1.701800 -2.662296 0.000000
vt 1.701800 -2.529087 0.000000
vt 1.808266 -2.529087 0.000000
vt 1.833684 -2.525165 0.000000
vt 1.843113 -2.516801 0.000000
vt 1.845714 -2.504658 0.000000
vt 1.855356 -2.436390 0.000000
vt 1.872808 -2.368122 0.000000
vt 1.897849 -2.299854 0.000000
vt 1.930168 -2.231586 0.000000
vt 1.969358 -2.163318 0.000000
vt 2.014929 -2.095050 0.000000
vt 2.122858 -1.958514 0.000000
vt 2.248562 -1.821978 0.000000
vt 2.385761 -1.685443 0.000000
vt 2.527603 -1.548907 0.000000
vt 2.667000 -1.412371 0.000000
vt 0.138597 0.330881 0.000000
vt 0.119695 0.331785 0.000000
vt 0.119695 0.186824 0.000000
vt 0.119695 0.041863 0.000000
vt 0.119695 -0.103099 0.000000
vt 0.119695 -0.248060 0.000000
vt 0.128232 -0.247686 0.000000
vt 0.155219 -0.244380 0.000000
vt 0.198018 -0.227293 0.000000
vt 0.239038 -0.196465 0.000000
vt 0.239389 -0.196179 0.000000
vt 0.239389 -0.058093 0.000000
vt 0.239389 0.079993 0.000000
vt 0.239389 0.218079 0.000000
vt 0.239389 0.356164 0.000000
vt 0.239135 0.356015 0.000000
vt 0.206817 0.338632 0.000000
vt 0.175985 0.330881 0.000000
vt 0.163522 0.330881 0.000000
vt 0.151060 0.330881 0.000000
vt 0.159593 0.235320 0.000000
vt 0.199491 0.235320 0.000000
vt 0.159593 0.114475 0.000000
vt 0.199491 0.114475 0.000000
vt 0.159593 -0.006370 0.000000
vt 0.199491 -0.006370 0.000000
vt 0.159593 -0.127215 0.000000
vt 0.199491 -0.127215 0.000000
vt 1.701800 -0.034484 0.000000
vt 1.702151 -0.034209 0.000000
vt 1.741168 -0.001718 0.000000
vt 1.769868 0.034484 0.000000
vt -0.000000 0.034484 0.000000
vt -0.000000 0.011495 0.000000
vt -0.000000 -0.011495 0.000000
vt -0.000000 -0.034484 0.000000
vt -0.407521 1.769868 0.000000
vt -0.433486 1.777522 0.000000
vt -0.433486 0.000000 0.000000
vt -0.407521 0.000000 0.000000
vt -1.968022 0.045109 0.000000
vt -1.968500 0.036570 0.000000
vt -1.968500 0.009343 0.000000
vt -1.968500 -0.017883 0.000000
vt -1.968500 -0.045109 0.000000
vt -0.190500 -0.045109 0.000000
vt -0.190500 -0.015036 0.000000
vt -0.190500 0.015036 0.000000
vt -0.190500 0.045109 0.000000
vt 0.155069 -0.626473 0.000000
vt 0.191210 -0.666892 0.000000
vt 0.238999 -0.695366 0.000000
vt 0.239389 -0.695585 0.000000
vt 0.239389 -0.618911 0.000000
vt 0.239389 -0.542238 0.000000
vt 0.239389 -0.465564 0.000000
vt 0.239095 -0.465325 0.000000
vt 0.199725 -0.435541 0.000000
vt 0.155219 -0.417363 0.000000
vt 0.128232 -0.414058 0.000000
vt 0.119695 -0.413684 0.000000
vt 0.119695 -0.466276 0.000000
vt 0.119695 -0.518868 0.000000
vt 0.119695 -0.571460 0.000000
vt 0.199491 -0.554634 0.000000
vt 0.159593 -0.554634 0.000000
vt 1.968500 0.036570 0.000000
vt 1.968022 0.045109 0.000000
vt 0.190500 0.045109 0.000000
vt 0.190500 0.015036 0.000000
vt 0.190500 -0.015036 0.000000
vt 0.190500 -0.045109 0.000000
vt 1.968500 -0.045109 0.000000
vt 1.968500 -0.017883 0.000000
vt 1.968500 0.009343 0.000000
vt -0.059795 1.777522 0.000000
vt -0.085761 1.769868 0.000000
vt -0.085761 0.000000 0.000000
vt -0.059795 0.000000 0.000000
vt -1.769868 0.034484 0.000000
vt -1.739697 -0.003093 0.000000
vt -1.702094 -0.034253 0.000000
vt -1.701800 -0.034484 0.000000
vt -0.000000 -0.034484 0.000000
vt -0.000000 -0.011495 0.000000
vt -0.000000 0.011495 0.000000
vt -0.000000 0.034484 0.000000
vt 1.485152 -0.034484 0.000000
vt 1.485465 -0.034178 0.000000
vt 1.517095 -0.002069 0.000000
vt 1.542769 0.034484 0.000000
vt -0.000000 0.034484 0.000000
vt -0.000000 0.011495 0.000000
vt -0.000000 -0.011495 0.000000
vt -0.000000 -0.034484 0.000000
vt -0.407521 1.542769 0.000000
vt -0.416832 1.546470 0.000000
vt -0.447866 1.506570 0.000000
vt -0.447866 0.000000 0.000000
vt -0.407521 0.000000 0.000000
vt -0.032075 0.118557 0.000000
vt -0.093724 -0.097699 0.000000
vt -0.135602 -0.195714 0.000000
vt -0.184137 -0.285214 0.000000
vt -0.238682 -0.365006 0.000000
vt -0.298510 -0.434025 0.000000
vt -0.362824 -0.491352 0.000000
vt -0.430765 -0.536223 0.000000
vt -0.501429 -0.568039 0.000000
vt -0.573873 -0.586377 0.000000
vt -0.647132 -0.590991 0.000000
vt -0.720230 -0.581821 0.000000
vt -0.792191 -0.558989 0.000000
vt -0.862057 -0.522799 0.000000
vt -0.928896 -0.473733 0.000000
vt -0.991818 -0.412445 0.000000
vt -1.058973 -0.402229 0.000000
vt -1.137007 -0.402229 0.000000
vt -1.027754 -0.539232 0.000000
vt -0.967707 -0.594650 0.000000
vt -0.904740 -0.640671 0.000000
vt -0.839405 -0.676891 0.000000
vt -0.772275 -0.702992 0.000000
vt -0.703940 -0.718745 0.000000
vt -0.635000 -0.724011 0.000000
vt 0.495300 -0.724011 0.000000
vt 0.495300 -0.715817 0.000000
vt 0.402052 -0.672823 0.000000
vt 0.313457 -0.608849 0.000000
vt 0.231282 -0.525173 0.000000
vt 0.157169 -0.423465 0.000000
vt 0.092597 -0.305756 0.000000
vt 0.038857 -0.174398 0.000000
vt -0.002979 -0.032012 0.000000
vt -0.154383 0.039898 0.000000
vt -0.143427 0.017669 0.000000
vt -0.128763 -0.002550 0.000000
vt -0.094904 -0.039580 0.000000
vt -0.094599 -0.039898 0.000000
vt -0.086405 -0.039898 0.000000
vt -0.088740 -0.013299 0.000000
vt -0.095120 0.013299 0.000000
vt -0.103835 0.039898 0.000000
vt -1.542769 0.034484 0.000000
vt -1.517095 -0.002069 0.000000
vt -1.485465 -0.034178 0.000000
vt -1.485152 -0.034484 0.000000
vt -0.000000 -0.034484 0.000000
vt -0.000000 -0.011495 0.000000
vt -0.000000 0.011495 0.000000
vt -0.000000 0.034484 0.000000
vt 1.290705 0.705086 0.000000
vt 1.293865 0.724011 0.000000
vt 1.287031 0.724011 0.000000
vt 0.128232 0.578558 0.000000
vt 0.119695 0.578932 0.000000
vt 0.119695 0.494470 0.000000
vt 0.119695 0.410009 0.000000
vt 0.119695 0.325548 0.000000
vt 0.138304 0.326409 0.000000
vt 0.150864 0.326409 0.000000
vt 0.163424 0.326409 0.000000
vt 0.175985 0.326409 0.000000
vt 0.208727 0.317802 0.000000
vt 0.239109 0.301290 0.000000
vt 0.239389 0.301126 0.000000
vt 0.239389 0.376434 0.000000
vt 0.239389 0.451742 0.000000
vt 0.239389 0.527051 0.000000
vt 0.239095 0.527290 0.000000
vt 0.199725 0.557075 0.000000
vt 0.155219 0.575252 0.000000
vt 0.159593 0.440029 0.000000
vt 0.199491 0.440029 0.000000
vt -1.231788 0.887810 0.000000
vt -1.181439 0.964325 0.000000
vt -1.121342 1.033448 0.000000
vt -1.052570 1.093946 0.000000
vt -1.074602 1.109382 0.000000
vt -1.101427 1.111402 0.000000
vt -1.125523 1.099441 0.000000
vt -1.182148 1.043088 0.000000
vt -1.232337 0.980935 0.000000
vt -1.275499 0.913712 0.000000
vt -1.300773 0.869937 0.000000
vt -1.283510 0.888417 0.000000
vt -1.255655 0.893438 0.000000
vt 1.968500 0.036570 0.000000
vt 1.968022 0.045109 0.000000
vt 0.190500 0.045109 0.000000
vt 0.190500 0.015036 0.000000
vt 0.190500 -0.015036 0.000000
vt 0.190500 -0.045109 0.000000
vt 1.968500 -0.045109 0.000000
vt 1.968500 -0.017883 0.000000
vt 1.968500 0.009343 0.000000
vt 0.138597 0.992615 0.000000
vt 0.119695 0.993519 0.000000
vt 0.119695 0.910531 0.000000
vt 0.119695 0.827543 0.000000
vt 0.119695 0.744555 0.000000
vt 0.128232 0.744929 0.000000
vt 0.155219 0.748235 0.000000
vt 0.198018 0.765323 0.000000
vt 0.239038 0.796151 0.000000
vt 0.239389 0.796436 0.000000
vt 0.239389 0.870257 0.000000
vt 0.239389 0.944078 0.000000
vt 0.239389 1.017899 0.000000
vt 0.239201 1.017788 0.000000
vt 0.207931 1.000864 0.000000
vt 0.175985 0.992615 0.000000
vt 0.163522 0.992615 0.000000
vt 0.151060 0.992615 0.000000
vt 0.159593 0.881227 0.000000
vt 0.199491 0.881227 0.000000
vt 1.701800 -0.034484 0.000000
vt 1.702151 -0.034209 0.000000
vt 1.741168 -0.001718 0.000000
vt 1.769868 0.034484 0.000000
vt -0.000000 0.034484 0.000000
vt -0.000000 0.011495 0.000000
vt -0.000000 -0.011495 0.000000
vt -0.000000 -0.034484 0.000000
vt 0.128232 1.240301 0.000000
vt 0.119695 1.240675 0.000000
vt 0.119695 1.157687 0.000000
vt 0.119695 1.074699 0.000000
vt 0.119695 0.991711 0.000000
vt 0.138598 0.992615 0.000000
vt 0.151060 0.992615 0.000000
vt 0.163522 0.992615 0.000000
vt 0.175985 0.992615 0.000000
vt 0.207931 0.984367 0.000000
vt 0.239201 0.967442 0.000000
vt 0.239389 0.967332 0.000000
vt 0.239389 1.041153 0.000000
vt 0.239389 1.114973 0.000000
vt 0.239389 1.188794 0.000000
vt 0.239038 1.189080 0.000000
vt 0.198018 1.219908 0.000000
vt 0.155219 1.236996 0.000000
vt 0.159593 1.104003 0.000000
vt 0.199491 1.104003 0.000000
vt -0.059795 1.777522 0.000000
vt -0.085761 1.769868 0.000000
vt -0.085761 0.000000 0.000000
vt -0.059795 0.000000 0.000000
vt -1.769868 0.034484 0.000000
vt -1.741168 -0.001718 0.000000
vt -1.702151 -0.034209 0.000000
vt -1.701800 -0.034484 0.000000
vt -0.000000 -0.034484 0.000000
vt -0.000000 -0.011495 0.000000
vt -0.000000 0.011495 0.000000
vt -0.000000 0.034484 0.000000
vt 0.138303 1.658822 0.000000
vt 0.119695 1.659683 0.000000
vt 0.119695 1.575222 0.000000
vt 0.119695 1.490760 0.000000
vt 0.119695 1.406299 0.000000
vt 0.128232 1.406673 0.000000
vt 0.155219 1.409978 0.000000
vt 0.199725 1.428156 0.000000
vt 0.239095 1.457940 0.000000
vt 0.239389 1.458180 0.000000
vt 0.239389 1.533488 0.000000
vt 0.239389 1.608796 0.000000
vt 0.239389 1.684105 0.000000
vt 0.239109 1.683941 0.000000
vt 0.208727 1.667429 0.000000
vt 0.175985 1.658822 0.000000
vt 0.163424 1.658822 0.000000
vt 0.150863 1.658822 0.000000
vt 0.159593 1.545202 0.000000
vt 0.199491 1.545202 0.000000
vt 1.701800 -0.034484 0.000000
vt 1.702094 -0.034253 0.000000
vt 1.739697 -0.003093 0.000000
vt 1.769868 0.034484 0.000000
vt -0.000000 0.034484 0.000000
vt -0.000000 0.011495 0.000000
vt -0.000000 -0.011495 0.000000
vt -0.000000 -0.034484 0.000000
vt -0.407521 1.769868 0.000000
vt -0.433486 1.777522 0.000000
vt -0.433486 0.000000 0.000000
vt -0.407521 0.000000 0.000000
vt -1.968022 0.045109 0.000000
vt -1.968500 0.036570 0.000000
vt -1.968500 0.009343 0.000000
vt -1.968500 -0.017883 0.000000
vt -1.968500 -0.045109 0.000000
vt -0.190500 -0.045109 0.000000
vt -0.190500 -0.015036 0.000000
vt -0.190500 0.015036 0.000000
vt -0.190500 0.045109 0.000000
vt 0.128232 -1.737545 0.000000
vt 0.119695 -1.737171 0.000000
vt 0.119695 -1.882132 0.000000
vt 0.119695 -2.027093 0.000000
vt 0.119695 -2.172054 0.000000
vt 0.119695 -2.317015 0.000000
vt 0.138598 -2.316111 0.000000
vt 0.151060 -2.316111 0.000000
vt 0.163522 -2.316111 0.000000
vt 0.175985 -2.316111 0.000000
vt 0.206817 -2.323863 0.000000
vt 0.239135 -2.341246 0.000000
vt 0.239389 -2.341395 0.000000
vt 0.239389 -2.203309 0.000000
vt 0.239389 -2.065223 0.000000
vt 0.239389 -1.927137 0.000000
vt 0.239389 -1.789051 0.000000
vt 0.239038 -1.788766 0.000000
vt 0.198018 -1.757938 0.000000
vt 0.155219 -1.740850 0.000000
vt 0.159593 -2.220550 0.000000
vt 0.159593 -1.858015 0.000000
vt 0.199491 -1.858015 0.000000
vt 0.159593 -1.978860 0.000000
vt 0.199491 -1.978860 0.000000
vt 0.159593 -2.099705 0.000000
vt 0.199491 -2.099705 0.000000
vt 0.199491 -2.220550 0.000000
vt 1.863424 -0.206168 0.000000
vt 1.926046 -0.350113 0.000000
vt 1.954296 -0.504527 0.000000
vt 1.946693 -0.661320 0.000000
vt 1.903636 -0.812276 0.000000
vt 1.930434 -0.814628 0.000000
vt 1.954676 -0.802965 0.000000
vt 1.969563 -0.780558 0.000000
vt 2.002313 -0.629281 0.000000
vt 2.002728 -0.474500 0.000000
vt 1.970790 -0.323050 0.000000
vt 1.907909 -0.181617 0.000000
vt 1.882508 -0.137623 0.000000
vt 1.889846 -0.162289 0.000000
vt 1.879942 -0.188847 0.000000
vt 1.968500 0.036570 0.000000
vt 1.968022 0.045109 0.000000
vt 0.190500 0.045109 0.000000
vt 0.190500 0.015036 0.000000
vt 0.190500 -0.015036 0.000000
vt 0.190500 -0.045109 0.000000
vt 1.968500 -0.045109 0.000000
vt 1.968500 -0.017883 0.000000
vt 1.968500 0.009343 0.000000
vt -0.407521 1.769868 0.000000
vt -0.433486 1.777522 0.000000
vt -0.433486 0.000000 0.000000
vt -0.407521 0.000000 0.000000
vt -1.968022 0.045109 0.000000
vt -1.968500 0.036570 0.000000
vt -1.968500 0.009343 0.000000
vt -1.968500 -0.017883 0.000000
vt -1.968500 -0.045109 0.000000
vt -0.190500 -0.045109 0.000000
vt -0.190500 -0.015036 0.000000
vt -0.190500 0.015036 0.000000
vt -0.190500 0.045109 0.000000
vt 1.814020 -0.967496 0.000000
vt 1.777424 -1.011275 0.000000
vt 1.737316 -1.051860 0.000000
vt 1.693973 -1.088971 0.000000
vt 1.772007 -1.088971 0.000000
vt 1.788337 -1.073286 0.000000
vt 1.804178 -1.057107 0.000000
vt 1.819515 -1.040449 0.000000
vt 1.831476 -1.016353 0.000000
vt 1.829455 -0.989528 0.000000
vt -0.000000 1.460008 0.000000
vt -0.190500 1.460008 0.000000
vt -0.190500 1.437214 0.000000
vt -0.190500 1.414420 0.000000
vt -0.190500 1.391626 0.000000
vt -1.968500 1.391626 0.000000
vt -1.968500 1.236558 0.000000
vt -1.968500 1.081490 0.000000
vt -1.968500 0.926423 0.000000
vt -1.968500 0.771355 0.000000
vt -0.000000 0.771355 0.000000
vt -0.000000 0.909085 0.000000
vt -0.000000 1.046816 0.000000
vt -0.000000 1.184546 0.000000
vt -0.000000 1.322277 0.000000
vt -1.903636 -0.812276 0.000000
vt -1.946693 -0.661320 0.000000
vt -1.954296 -0.504527 0.000000
vt -1.926046 -0.350113 0.000000
vt -1.863424 -0.206168 0.000000
vt -1.881729 -0.186069 0.000000
vt -1.889414 -0.166158 0.000000
vt -1.882508 -0.137623 0.000000
vt -1.907909 -0.181617 0.000000
vt -1.970790 -0.323050 0.000000
vt -2.002728 -0.474500 0.000000
vt -2.002313 -0.629281 0.000000
vt -1.969563 -0.780558 0.000000
vt -1.954676 -0.802965 0.000000
vt -1.930434 -0.814628 0.000000
vt -0.407521 1.769868 0.000000
vt -0.433486 1.777522 0.000000
vt -0.433486 0.000000 0.000000
vt -0.407521 0.000000 0.000000
vt -0.897350 1.183562 0.000000
vt -0.812117 1.212460 0.000000
vt -0.723833 1.229949 0.000000
vt -0.634019 1.235725 0.000000
vt -0.625773 1.261613 0.000000
vt -0.612375 1.278231 0.000000
vt -0.584200 1.286526 0.000000
vt -0.635000 1.286526 0.000000
vt -0.713046 1.282380 0.000000
vt -0.790213 1.269988 0.000000
vt -0.865632 1.249489 0.000000
vt -0.888039 1.234602 0.000000
vt -0.899702 1.210360 0.000000
vt 1.968500 0.036570 0.000000
vt 1.968022 0.045109 0.000000
vt 0.190500 0.045109 0.000000
vt 0.190500 0.015036 0.000000
vt 0.190500 -0.015036 0.000000
vt 0.190500 -0.045109 0.000000
vt 1.968500 -0.045109 0.000000
vt 1.968500 -0.017883 0.000000
vt 1.968500 0.009343 0.000000
vt -1.968022 0.045109 0.000000
vt -1.968500 0.036570 0.000000
vt -1.968500 0.009343 0.000000
vt -1.968500 -0.017883 0.000000
vt -1.968500 -0.045109 0.000000
vt -0.190500 -0.045109 0.000000
vt -0.190500 -0.015036 0.000000
vt -0.190500 0.015036 0.000000
vt -0.190500 0.045109 0.000000
vt -0.059795 1.777522 0.000000
vt -0.085761 1.769868 0.000000
vt -0.085761 0.000000 0.000000
vt -0.059795 0.000000 0.000000
vt -1.769868 0.034484 0.000000
vt -1.739697 -0.003093 0.000000
vt -1.702094 -0.034253 0.000000
vt -1.701800 -0.034484 0.000000
vt -0.000000 -0.034484 0.000000
vt -0.000000 -0.011495 0.000000
vt -0.000000 0.011495 0.000000
vt -0.000000 0.034484 0.000000
vt 1.052570 1.093946 0.000000
vt 1.121342 1.033448 0.000000
vt 1.181439 0.964325 0.000000
vt 1.231788 0.887810 0.000000
vt 1.264577 0.893390 0.000000
vt 1.278414 0.890607 0.000000
vt 1.292763 0.881479 0.000000
vt 1.246272 0.960933 0.000000
vt 1.190233 1.033967 0.000000
vt 1.125523 1.099441 0.000000
vt 1.101427 1.111402 0.000000
vt 1.074602 1.109382 0.000000
vt 0.247675 -0.039898 0.000000
vt 0.247979 -0.039580 0.000000
vt 0.282981 -0.001146 0.000000
vt 0.297069 0.018592 0.000000
vt 0.307458 0.039898 0.000000
vt 0.256911 0.039898 0.000000
vt 0.248196 0.013299 0.000000
vt 0.241816 -0.013299 0.000000
vt 0.239481 -0.039898 0.000000
vt 1.601820 0.039898 0.000000
vt 0.095250 0.039898 0.000000
vt 0.095250 0.013299 0.000000
vt 0.095250 -0.013299 0.000000
vt 0.095250 -0.039898 0.000000
vt 1.619250 -0.039898 0.000000
vt 1.616915 -0.013299 0.000000
vt 1.610535 0.013299 0.000000
vt -0.081833 1.546470 0.000000
vt -0.091145 1.542769 0.000000
vt -0.091145 0.000000 0.000000
vt -0.050800 0.000000 0.000000
vt -0.050800 1.506570 0.000000
vt -1.619250 -0.039898 0.000000
vt -0.095250 -0.039898 0.000000
vt -0.095250 -0.013299 0.000000
vt -0.095250 0.013299 0.000000
vt -0.095250 0.039898 0.000000
vt -1.601820 0.039898 0.000000
vt -1.610535 0.013299 0.000000
vt -1.616915 -0.013299 0.000000
vt -0.059795 1.777522 0.000000
vt -0.085761 1.769868 0.000000
vt -0.085761 0.000000 0.000000
vt -0.059795 0.000000 0.000000
vt -1.769868 0.034484 0.000000
vt -1.741168 -0.001718 0.000000
vt -1.702151 -0.034209 0.000000
vt -1.701800 -0.034484 0.000000
vt -0.000000 -0.034484 0.000000
vt -0.000000 -0.011495 0.000000
vt -0.000000 0.011495 0.000000
vt -0.000000 0.034484 0.000000
vt 1.701800 -0.034484 0.000000
vt 1.702094 -0.034253 0.000000
vt 1.739697 -0.003093 0.000000
vt 1.769868 0.034484 0.000000
vt -0.000000 0.034484 0.000000
vt -0.000000 0.011495 0.000000
vt -0.000000 -0.011495 0.000000
vt -0.000000 -0.034484 0.000000
vt -1.693973 -1.088971 0.000000
vt -1.737316 -1.051860 0.000000
vt -1.777424 -1.011275 0.000000
vt -1.814020 -0.967496 0.000000
vt -1.829455 -0.989528 0.000000
vt -1.831476 -1.016353 0.000000
vt -1.819515 -1.040449 0.000000
vt -1.804178 -1.057107 0.000000
vt -1.788337 -1.073286 0.000000
vt -1.772007 -1.088971 0.000000
vt 0.634019 1.235725 0.000000
vt 0.723833 1.229949 0.000000
vt 0.812117 1.212460 0.000000
vt 0.897350 1.183562 0.000000
vt 0.899702 1.210360 0.000000
vt 0.888039 1.234602 0.000000
vt 0.865632 1.249489 0.000000
vt 0.790213 1.269988 0.000000
vt 0.713046 1.282380 0.000000
vt 0.635000 1.286526 0.000000
vt 0.584200 1.286526 0.000000
vt 0.609231 1.280547 0.000000
vt 0.627280 1.258687 0.000000
vt -0.087776 0.237615 0.000000
vt -0.064386 0.240123 0.000000
vt -0.038408 0.247110 0.000000
vt -0.014266 0.255967 0.000000
vt -0.000000 0.265159 0.000000
vt -0.000000 0.308467 0.000000
vt -0.000000 0.311664 0.000000
vt -0.016301 0.323093 0.000000
vt -0.035642 0.339733 0.000000
vt -0.060095 0.355106 0.000000
vt -0.087776 0.359268 0.000000
vt -0.088107 0.238048 0.000000
vt -0.064584 0.240514 0.000000
vt -0.038555 0.247509 0.000000
vt -0.014335 0.256388 0.000000
vt -0.000000 0.265607 0.000000
vt -0.000000 0.308410 0.000000
vt -0.000000 0.311709 0.000000
vt -0.016598 0.323289 0.000000
vt -0.035483 0.339525 0.000000
vt -0.059920 0.354982 0.000000
vt -0.088107 0.359210 0.000000
vt -0.088107 0.238048 0.000000
vt -0.064584 0.240514 0.000000
vt -0.038555 0.247509 0.000000
vt -0.014335 0.256388 0.000000
vt -0.000000 0.265607 0.000000
vt -0.000000 0.308410 0.000000
vt -0.000000 0.311709 0.000000
vt -0.016598 0.323289 0.000000
vt -0.035486 0.339528 0.000000
vt -0.059921 0.354983 0.000000
vt -0.088107 0.359210 0.000000
vt 1.264787 1.897017 0.000000
vt 1.259399 1.935598 0.000000
vt 1.242838 1.959822 0.000000
vt 1.227985 1.967391 0.000000
vt 1.214240 1.968500 0.000000
vt 0.050800 1.968500 0.000000
vt 0.000000 1.968500 0.000000
vt 0.000000 0.000000 0.000000
vt 1.264787 0.000000 0.000000
vt 0.024892 0.030266 0.000000
vt 0.024892 -0.019863 0.000000
vt 0.034749 -0.012260 0.000000
vt 0.045713 -0.006365 0.000000
vt 0.057490 -0.002333 0.000000
vt 0.055158 0.000000 0.000000
vt 0.050800 1.968500 0.000000
vt 0.000000 1.968500 0.000000
vt 0.000000 0.000000 0.000000
vt 1.270000 0.000000 0.000000
vt 1.270000 1.968500 0.000000
vt 1.219200 1.968500 0.000000
vt 0.024892 0.030266 0.000000
vt 0.024892 -0.019863 0.000000
vt 0.034749 -0.012260 0.000000
vt 0.045713 -0.006365 0.000000
vt 0.057490 -0.002333 0.000000
vt 0.055158 0.000000 0.000000
vt 0.024892 0.030623 0.000000
vt 0.024892 -0.019863 0.000000
vt 0.034832 -0.012207 0.000000
vt 0.045893 -0.006286 0.000000
vt 0.057775 -0.002261 0.000000
vt 0.055516 0.000000 0.000000
vt -0.000000 -1.625455 0.000000
vt -0.190500 -1.625455 0.000000
vt -0.190500 -1.648249 0.000000
vt -0.190500 -1.671043 0.000000
vt -0.190500 -1.693837 0.000000
vt -1.968500 -1.693837 0.000000
vt -1.968500 -1.716481 0.000000
vt -1.968500 -1.739124 0.000000
vt -1.968500 -1.761768 0.000000
vt -1.860356 -1.899850 0.000000
vt -1.816612 -1.968891 0.000000
vt -1.780285 -2.037933 0.000000
vt -1.751694 -2.106974 0.000000
vt -1.731091 -2.176015 0.000000
vt -1.718657 -2.245056 0.000000
vt -1.714500 -2.314097 0.000000
vt -0.000000 -2.314097 0.000000
vt -0.000000 -2.176369 0.000000
vt -0.000000 -2.038640 0.000000
vt -0.000000 -1.900912 0.000000
vt -0.000000 -1.763183 0.000000
vt 1.187450 0.000000 0.000000
vt 1.187450 0.190500 0.000000
vt 1.130300 0.190500 0.000000
vt 1.130300 1.714500 0.000000
vt 0.000000 1.714500 0.000000
vt 0.000000 0.000000 0.000000
vt 0.000000 0.000000 0.000000
vt 1.264787 0.000000 0.000000
vt 1.264787 1.968500 0.000000
vt 1.213987 1.968500 0.000000
vt 0.050547 1.968500 0.000000
vt 0.000000 1.968500 0.000000
vt -0.663716 -0.486426 0.000000
vt -0.690202 -0.361655 0.000000
vt -0.742071 -0.245126 0.000000
vt -0.817053 -0.141942 0.000000
vt -0.911866 -0.056619 0.000000
vt -1.092040 -0.368691 0.000000
vt -1.062379 -0.403606 0.000000
vt -1.039473 -0.443281 0.000000
vt -1.024066 -0.486426 0.000000
vt -0.993134 0.056619 0.000000
vt -0.812960 0.368691 0.000000
vt -0.860681 0.433376 0.000000
vt -0.885800 0.509734 0.000000
vt -0.885800 0.590118 0.000000
vt -0.860681 0.666476 0.000000
vt -0.812960 0.731162 0.000000
vt -0.993134 1.043233 0.000000
vt -1.098435 0.945956 0.000000
vt -1.178107 0.826778 0.000000
vt -1.227744 0.692288 0.000000
vt -1.244600 0.549926 0.000000
vt -1.227744 0.407564 0.000000
vt -1.178107 0.273075 0.000000
vt -1.098435 0.153896 0.000000
vt 0.663716 -0.613426 0.000000
vt 0.690202 -0.738197 0.000000
vt 0.742071 -0.854726 0.000000
vt 0.817053 -0.957911 0.000000
vt 0.911866 -1.043233 0.000000
vt 1.092040 -0.731162 0.000000
vt 1.062379 -0.696246 0.000000
vt 1.039473 -0.656571 0.000000
vt 1.024066 -0.613426 0.000000
vt 0.248149 0.006881 0.000000
vt 0.126851 0.046330 0.000000
vt -0.000000 0.059674 0.000000
vt -0.126851 0.046330 0.000000
vt -0.248149 0.006881 0.000000
vt -0.067975 -0.305191 0.000000
vt -0.022907 -0.296961 0.000000
vt 0.022907 -0.296961 0.000000
vt 0.067975 -0.305191 0.000000
vt 0.276866 1.043233 0.000000
vt 0.182053 0.957911 0.000000
vt 0.107071 0.854726 0.000000
vt 0.055202 0.738197 0.000000
vt 0.028716 0.613426 0.000000
vt 0.389066 0.613426 0.000000
vt 0.404473 0.656571 0.000000
vt 0.427379 0.696246 0.000000
vt 0.457040 0.731162 0.000000
vt 1.024066 -0.486426 0.000000
vt 1.039473 -0.443281 0.000000
vt 1.062379 -0.403606 0.000000
vt 1.092040 -0.368691 0.000000
vt 0.911866 -0.056619 0.000000
vt 0.817053 -0.141942 0.000000
vt 0.742071 -0.245126 0.000000
vt 0.690202 -0.361655 0.000000
vt 0.663716 -0.486426 0.000000
vt -0.911866 -1.043233 0.000000
vt -0.817053 -0.957911 0.000000
vt -0.742071 -0.854726 0.000000
vt -0.690202 -0.738197 0.000000
vt -0.663716 -0.613426 0.000000
vt -1.024066 -0.613426 0.000000
vt -1.039473 -0.656571 0.000000
vt -1.062379 -0.696246 0.000000
vt -1.092040 -0.731162 0.000000
vt 1.518149 -1.106733 0.000000
vt 1.337975 -0.794662 0.000000
vt 1.292907 -0.802891 0.000000
vt 1.247093 -0.802891 0.000000
vt 1.202025 -0.794662 0.000000
vt 1.021851 -1.106733 0.000000
vt 1.143149 -1.146182 0.000000
vt 1.270000 -1.159526 0.000000
vt 1.396851 -1.146182 0.000000
vt -0.245934 -0.486426 0.000000
vt -0.230527 -0.443281 0.000000
vt -0.207621 -0.403606 0.000000
vt -0.177960 -0.368691 0.000000
vt -0.358134 -0.056619 0.000000
vt -0.452947 -0.141942 0.000000
vt -0.527929 -0.245126 0.000000
vt -0.579798 -0.361655 0.000000
vt -0.606284 -0.486426 0.000000
vt 0.606284 -0.613426 0.000000
vt 0.245934 -0.613426 0.000000
vt 0.230527 -0.656571 0.000000
vt 0.207621 -0.696246 0.000000
vt 0.177960 -0.731162 0.000000
vt 0.358134 -1.043233 0.000000
vt 0.452947 -0.957911 0.000000
vt 0.527929 -0.854726 0.000000
vt 0.579798 -0.738197 0.000000
vt -1.202025 -0.305191 0.000000
vt -1.021851 0.006881 0.000000
vt -1.143149 0.046330 0.000000
vt -1.270000 0.059674 0.000000
vt -1.396851 0.046330 0.000000
vt -1.518149 0.006881 0.000000
vt -1.337975 -0.305191 0.000000
vt -1.292907 -0.296961 0.000000
vt -1.247093 -0.296961 0.000000
vt 1.021851 0.006881 0.000000
vt 1.202025 -0.305191 0.000000
vt 1.247093 -0.296961 0.000000
vt 1.292907 -0.296961 0.000000
vt 1.337975 -0.305191 0.000000
vt 1.518149 0.006881 0.000000
vt 1.396851 0.046330 0.000000
vt 1.270000 0.059674 0.000000
vt 1.143149 0.046330 0.000000
vt 0.606284 -0.486426 0.000000
vt 0.579798 -0.361655 0.000000
vt 0.527929 -0.245126 0.000000
vt 0.452947 -0.141942 0.000000
vt 0.358134 -0.056619 0.000000
vt 0.177960 -0.368691 0.000000
vt 0.207621 -0.403606 0.000000
vt 0.230527 -0.443281 0.000000
vt 0.245934 -0.486426 0.000000
vt -1.447960 -0.731162 0.000000
vt -1.495681 -0.666476 0.000000
vt -1.520800 -0.590118 0.000000
vt -1.520800 -0.509734 0.000000
vt -1.495681 -0.433376 0.000000
vt -1.447960 -0.368691 0.000000
vt -1.628134 -0.056619 0.000000
vt -1.733435 -0.153896 0.000000
vt -1.813107 -0.273075 0.000000
vt -1.862744 -0.407564 0.000000
vt -1.879600 -0.549926 0.000000
vt -1.862744 -0.692288 0.000000
vt -1.813107 -0.826778 0.000000
vt -1.733435 -0.945956 0.000000
vt -1.628134 -1.043233 0.000000
vt -1.518149 -1.106733 0.000000
vt -1.396851 -1.146182 0.000000
vt -1.270000 -1.159526 0.000000
vt -1.143149 -1.146182 0.000000
vt -1.021851 -1.106733 0.000000
vt -1.202025 -0.794662 0.000000
vt -1.247093 -0.802891 0.000000
vt -1.292907 -0.802891 0.000000
vt -1.337975 -0.794662 0.000000
vt -0.177960 -0.731162 0.000000
vt -0.207621 -0.696246 0.000000
vt -0.230527 -0.656571 0.000000
vt -0.245934 -0.613426 0.000000
vt -0.606284 -0.613426 0.000000
vt -0.579798 -0.738197 0.000000
vt -0.527929 -0.854726 0.000000
vt -0.452947 -0.957911 0.000000
vt -0.358134 -1.043233 0.000000
vt -0.067975 -0.794662 0.000000
vt -0.248149 -1.106733 0.000000
vt -0.126851 -1.146182 0.000000
vt -0.000000 -1.159526 0.000000
vt 0.126851 -1.146182 0.000000
vt 0.248149 -1.106733 0.000000
vt 0.067975 -0.794662 0.000000
vt 0.022907 -0.802891 0.000000
vt -0.022907 -0.802891 0.000000
vt 0.457040 0.368691 0.000000
vt 0.427379 0.403606 0.000000
vt 0.404473 0.443281 0.000000
vt 0.389066 0.486426 0.000000
vt 0.028716 0.486426 0.000000
vt 0.055202 0.361655 0.000000
vt 0.107071 0.245126 0.000000
vt 0.182053 0.141942 0.000000
vt 0.276866 0.056619 0.000000
vt 1.628134 -1.043233 0.000000
vt 1.733435 -0.945956 0.000000
vt 1.813107 -0.826778 0.000000
vt 1.862744 -0.692288 0.000000
vt 1.879600 -0.549926 0.000000
vt 1.862744 -0.407564 0.000000
vt 1.813107 -0.273075 0.000000
vt 1.733435 -0.153896 0.000000
vt 1.628134 -0.056619 0.000000
vt 1.447960 -0.368691 0.000000
vt 1.495681 -0.433376 0.000000
vt 1.520800 -0.509734 0.000000
vt 1.520800 -0.590118 0.000000
vt 1.495681 -0.666476 0.000000
vt 1.447960 -0.731162 0.000000
vt 0.993134 1.043233 0.000000
vt 0.812960 0.731162 0.000000
vt 0.860681 0.666476 0.000000
vt 0.885800 0.590118 0.000000
vt 0.885800 0.509734 0.000000
vt 0.860681 0.433376 0.000000
vt 0.812960 0.368691 0.000000
vt 0.993134 0.056619 0.000000
vt 1.098435 0.153896 0.000000
vt 1.178107 0.273075 0.000000
vt 1.227744 0.407564 0.000000
vt 1.244600 0.549926 0.000000
vt 1.227744 0.692288 0.000000
vt 1.178107 0.826778 0.000000
vt 1.098435 0.945956 0.000000
vt 0.386851 -0.006881 0.000000
vt 0.508149 -0.046330 0.000000
vt 0.635000 -0.059674 0.000000
vt 0.761851 -0.046330 0.000000
vt 0.883149 -0.006881 0.000000
vt 0.702975 0.305191 0.000000
vt 0.657907 0.296961 0.000000
vt 0.612093 0.296961 0.000000
vt 0.567025 0.305191 0.000000
vt -0.883149 1.106733 0.000000
vt -0.702975 0.794662 0.000000
vt -0.657907 0.802891 0.000000
vt -0.612093 0.802891 0.000000
vt -0.567025 0.794662 0.000000
vt -0.386851 1.106733 0.000000
vt -0.508149 1.146182 0.000000
vt -0.635000 1.159526 0.000000
vt -0.761851 1.146182 0.000000
vt -0.567025 0.305191 0.000000
vt -0.612093 0.296961 0.000000
vt -0.657907 0.296961 0.000000
vt -0.702975 0.305191 0.000000
vt -0.883149 -0.006881 0.000000
vt -0.761851 -0.046330 0.000000
vt -0.635000 -0.059674 0.000000
vt -0.508149 -0.046330 0.000000
vt -0.386851 -0.006881 0.000000
vt 0.883149 1.106733 0.000000
vt 0.761851 1.146182 0.000000
vt 0.635000 1.159526 0.000000
vt 0.508149 1.146182 0.000000
vt 0.386851 1.106733 0.000000
vt 0.567025 0.794662 0.000000
vt 0.612093 0.802891 0.000000
vt 0.657907 0.802891 0.000000
vt 0.702975 0.794662 0.000000
vt -0.389066 0.613426 0.000000
vt -0.028716 0.613426 0.000000
vt -0.055202 0.738197 0.000000
vt -0.107071 0.854726 0.000000
vt -0.182053 0.957911 0.000000
vt -0.276866 1.043233 0.000000
vt -0.457040 0.731162 0.000000
vt -0.427379 0.696246 0.000000
vt -0.404473 0.656571 0.000000
vt -0.457040 0.368691 0.000000
vt -0.276866 0.056619 0.000000
vt -0.182053 0.141942 0.000000
vt -0.107071 0.245126 0.000000
vt -0.055202 0.361655 0.000000
vt -0.028716 0.486426 0.000000
vt -0.389066 0.486426 0.000000
vt -0.404473 0.443281 0.000000
vt -0.427379 0.403606 0.000000
vt 0.635000 1.286526 0.000000
vt 0.735670 1.279614 0.000000
vt 0.834451 1.259009 0.000000
vt 0.929489 1.225097 0.000000
vt 0.765715 0.941431 0.000000
vt 0.646645 0.962512 0.000000
vt 0.526576 0.948181 0.000000
vt 0.415812 0.899668 0.000000
vt 0.323862 0.821137 0.000000
vt 0.258616 0.719329 0.000000
vt 0.225674 0.602981 0.000000
vt 0.227864 0.482079 0.000000
vt 0.264999 0.367001 0.000000
vt 0.333890 0.267623 0.000000
vt 0.428625 0.192474 0.000000
vt 0.541073 0.148005 0.000000
vt 0.661583 0.138033 0.000000
vt 0.779811 0.163413 0.000000
vt 0.885610 0.221967 0.000000
vt 0.969899 0.308669 0.000000
vt 1.025445 0.416078 0.000000
vt 1.047479 0.534975 0.000000
vt 1.034111 0.655155 0.000000
vt 0.986487 0.766304 0.000000
vt 0.908696 0.858881 0.000000
vt 1.072470 1.142547 0.000000
vt 1.150598 1.075985 0.000000
vt 1.218715 0.999210 0.000000
vt 1.275499 0.913712 0.000000
vt 1.907909 -0.181617 0.000000
vt 1.965257 -0.306620 0.000000
vt 1.998367 -0.440105 0.000000
vt 2.006087 -0.577418 0.000000
vt 1.988146 -0.713773 0.000000
vt 1.945171 -0.844416 0.000000
vt 1.661505 -0.680641 0.000000
vt 1.682586 -0.561571 0.000000
vt 1.668255 -0.441502 0.000000
vt 1.619742 -0.330739 0.000000
vt 1.541211 -0.238788 0.000000
vt 1.439403 -0.173542 0.000000
vt 1.323055 -0.140600 0.000000
vt 1.202153 -0.142791 0.000000
vt 1.087075 -0.179925 0.000000
vt 0.987696 -0.248816 0.000000
vt 0.912548 -0.343551 0.000000
vt 0.868079 -0.455999 0.000000
vt 0.858107 -0.576509 0.000000
vt 0.883487 -0.694737 0.000000
vt 0.942041 -0.800536 0.000000
vt 1.028743 -0.884825 0.000000
vt 1.136152 -0.940371 0.000000
vt 1.255049 -0.962405 0.000000
vt 1.375229 -0.949037 0.000000
vt 1.486378 -0.901413 0.000000
vt 1.578955 -0.823622 0.000000
vt 1.862621 -0.987396 0.000000
vt 1.770970 -1.089934 0.000000
vt 1.661855 -1.173648 0.000000
vt 1.539081 -1.235619 0.000000
vt 1.406927 -1.273687 0.000000
vt 1.270000 -1.286526 0.000000
vt 0.082550 -1.286526 0.000000
vt 0.082550 -0.954337 0.000000
vt 0.196208 -0.913058 0.000000
vt 0.293025 -0.840613 0.000000
vt 0.364693 -0.743218 0.000000
vt 0.405059 -0.629233 0.000000
vt 0.410660 -0.508441 0.000000
vt 0.381014 -0.391210 0.000000
vt 0.318666 -0.287601 0.000000
vt 0.228968 -0.206508 0.000000
vt 0.119617 -0.154889 0.000000
vt 0.000000 -0.137176 0.000000
vt -0.119617 -0.154889 0.000000
vt -0.228968 -0.206508 0.000000
vt -0.318666 -0.287601 0.000000
vt -0.381014 -0.391210 0.000000
vt -0.410660 -0.508441 0.000000
vt -0.405059 -0.629233 0.000000
vt -0.364693 -0.743218 0.000000
vt -0.293025 -0.840613 0.000000
vt -0.196208 -0.913058 0.000000
vt -0.082550 -0.954337 0.000000
vt -0.082550 -1.286526 0.000000
vt -1.270000 -1.286526 0.000000
vt -1.406927 -1.273687 0.000000
vt -1.539081 -1.235619 0.000000
vt -1.661855 -1.173648 0.000000
vt -1.770970 -1.089934 0.000000
vt -1.862621 -0.987396 0.000000
vt -1.578955 -0.823622 0.000000
vt -1.486378 -0.901413 0.000000
vt -1.375229 -0.949037 0.000000
vt -1.255049 -0.962405 0.000000
vt -1.136152 -0.940371 0.000000
vt -1.028743 -0.884825 0.000000
vt -0.942041 -0.800536 0.000000
vt -0.883487 -0.694737 0.000000
vt -0.858107 -0.576509 0.000000
vt -0.868079 -0.455999 0.000000
vt -0.912548 -0.343551 0.000000
vt -0.987696 -0.248816 0.000000
vt -1.087075 -0.179925 0.000000
vt -1.202153 -0.142791 0.000000
vt -1.323055 -0.140600 0.000000
vt -1.439403 -0.173542 0.000000
vt -1.541211 -0.238788 0.000000
vt -1.619742 -0.330739 0.000000
vt -1.668255 -0.441502 0.000000
vt -1.682586 -0.561571 0.000000
vt -1.661505 -0.680641 0.000000
vt -1.945171 -0.844416 0.000000
vt -1.988146 -0.713773 0.000000
vt -2.006087 -0.577418 0.000000
vt -1.998367 -0.440105 0.000000
vt -1.965256 -0.306620 0.000000
vt -1.907909 -0.181617 0.000000
vt -1.275499 0.913712 0.000000
vt -1.218715 0.999210 0.000000
vt -1.150598 1.075985 0.000000
vt -1.072470 1.142547 0.000000
vt -0.908696 0.858881 0.000000
vt -0.986487 0.766304 0.000000
vt -1.034111 0.655155 0.000000
vt -1.047479 0.534975 0.000000
vt -1.025445 0.416078 0.000000
vt -0.969899 0.308669 0.000000
vt -0.885610 0.221967 0.000000
vt -0.779811 0.163413 0.000000
vt -0.661583 0.138033 0.000000
vt -0.541073 0.148005 0.000000
vt -0.428625 0.192474 0.000000
vt -0.333890 0.267623 0.000000
vt -0.264999 0.367001 0.000000
vt -0.227864 0.482079 0.000000
vt -0.225674 0.602981 0.000000
vt -0.258616 0.719329 0.000000
vt -0.323862 0.821137 0.000000
vt -0.415812 0.899668 0.000000
vt -0.526576 0.948181 0.000000
vt -0.646645 0.962512 0.000000
vt -0.765715 0.941431 0.000000
vt -0.929489 1.225097 0.000000
vt -0.834451 1.259009 0.000000
vt -0.735670 1.279614 0.000000
vt -0.635000 1.286526 0.000000
vt -0.635000 1.667526 0.000000
vt -0.830125 1.650361 0.000000
vt -1.019256 1.599391 0.000000
vt -1.196583 1.516184 0.000000
vt -1.356659 1.403295 0.000000
vt -1.494567 1.264191 0.000000
vt -1.606070 1.103146 0.000000
vt -2.237862 0.008888 0.000000
vt -2.320195 -0.167670 0.000000
vt -2.370619 -0.355843 0.000000
vt -2.387600 -0.549914 0.000000
vt -2.370623 -0.743985 0.000000
vt -2.320204 -0.932159 0.000000
vt -2.237874 -1.108719 0.000000
vt -2.126136 -1.268300 0.000000
vt -1.988384 -1.406054 0.000000
vt -1.828804 -1.517794 0.000000
vt -1.652244 -1.600126 0.000000
vt -1.464071 -1.650547 0.000000
vt -1.270000 -1.667526 0.000000
vt 1.270000 -1.667526 0.000000
vt 1.464070 -1.650547 0.000000
vt 1.652243 -1.600126 0.000000
vt 1.828802 -1.517795 0.000000
vt 1.988382 -1.406055 0.000000
vt 2.126134 -1.268302 0.000000
vt 2.237873 -1.108721 0.000000
vt 2.320203 -0.932162 0.000000
vt 2.370622 -0.743988 0.000000
vt 2.387600 -0.549918 0.000000
vt 2.370620 -0.355848 0.000000
vt 2.320197 -0.167675 0.000000
vt 2.237865 0.008883 0.000000
vt 1.605462 1.104212 0.000000
vt 1.493913 1.264977 0.000000
vt 1.356035 1.403823 0.000000
vt 1.196053 1.516492 0.000000
vt 1.018872 1.599532 0.000000
vt 0.829924 1.650396 0.000000
vt 0.635000 1.667526 0.000000
vt 0.000000 0.000000 0.000000
vt 0.360349 0.000000 0.000000
vt 0.360349 0.076200 0.000000
vt 0.000000 0.076200 0.000000
vt -0.000000 -0.334801 0.000000
vt -0.000000 -0.288926 0.000000
vt -0.000000 -0.243050 0.000000
vt -0.000000 -0.197175 0.000000
vt -0.076200 -0.197175 0.000000
vt -0.076200 -0.243050 0.000000
vt -0.076200 -0.288926 0.000000
vt -0.076200 -0.334801 0.000000
vt 0.000000 0.000000 0.000000
vt 0.360349 0.000000 0.000000
vt 0.360349 0.076200 0.000000
vt 0.000000 0.076200 0.000000
vt 0.000000 1.532314 0.000000
vt 0.000000 1.404528 0.000000
vt 0.000000 1.276743 0.000000
vt 0.000000 1.148958 0.000000
vt 0.000000 1.021173 0.000000
vt 0.076200 1.021173 0.000000
vt 0.076200 1.148958 0.000000
vt 0.076200 1.276743 0.000000
vt 0.076200 1.404528 0.000000
vt 0.076200 1.532314 0.000000
vt 0.000000 0.000000 0.000000
vt 0.360349 0.000000 0.000000
vt 0.360349 0.076200 0.000000
vt 0.000000 0.076200 0.000000
vt -0.000000 -0.600790 0.000000
vt -0.000000 -0.554914 0.000000
vt -0.000000 -0.509039 0.000000
vt -0.000000 -0.463163 0.000000
vt -0.076200 -0.463163 0.000000
vt -0.076200 -0.509039 0.000000
vt -0.076200 -0.554914 0.000000
vt -0.076200 -0.600790 0.000000
vt 0.000000 0.000000 0.000000
vt 0.360349 0.000000 0.000000
vt 0.360349 0.076200 0.000000
vt 0.000000 0.076200 0.000000
vt 0.000000 0.893942 0.000000
vt 0.000000 0.766157 0.000000
vt 0.000000 0.638372 0.000000
vt 0.000000 0.510586 0.000000
vt 0.000000 0.382801 0.000000
vt 0.076200 0.382801 0.000000
vt 0.076200 0.510586 0.000000
vt 0.076200 0.638372 0.000000
vt 0.076200 0.766157 0.000000
vt 0.076200 0.893942 0.000000
vt 0.000000 0.255570 0.000000
vt 0.000000 0.127785 0.000000
vt 0.000000 0.000000 0.000000
vt 0.000000 -0.127785 0.000000
vt 0.000000 -0.255570 0.000000
vt 0.076200 -0.255570 0.000000
vt 0.076200 -0.127785 0.000000
vt 0.076200 0.000000 0.000000
vt 0.076200 0.127785 0.000000
vt 0.076200 0.255570 0.000000
vt 0.000000 0.000000 0.000000
vt 0.360349 0.000000 0.000000
vt 0.360349 0.076200 0.000000
vt 0.000000 0.076200 0.000000
vt -0.000000 0.729151 0.000000
vt -0.000000 0.775027 0.000000
vt -0.000000 0.820902 0.000000
vt -0.000000 0.866778 0.000000
vt -0.076200 0.866778 0.000000
vt -0.076200 0.820902 0.000000
vt -0.076200 0.775027 0.000000
vt -0.076200 0.729151 0.000000
vt 0.000000 0.000000 0.000000
vt 0.360349 0.000000 0.000000
vt 0.360349 0.076200 0.000000
vt 0.000000 0.076200 0.000000
vt -0.000000 -0.068813 0.000000
vt -0.000000 -0.022938 0.000000
vt -0.000000 0.022938 0.000000
vt -0.000000 0.068813 0.000000
vt -0.076200 0.068813 0.000000
vt -0.076200 0.022938 0.000000
vt -0.076200 -0.022938 0.000000
vt -0.076200 -0.068813 0.000000
vt 0.000000 0.000000 0.000000
vt 0.360349 0.000000 0.000000
vt 0.360349 0.076200 0.000000
vt 0.000000 0.076200 0.000000
vt 0.000000 -1.659544 0.000000
vt 0.000000 -1.787330 0.000000
vt 0.000000 -1.915115 0.000000
vt 0.000000 -2.042900 0.000000
vt 0.000000 -2.170685 0.000000
vt 0.076200 -2.170685 0.000000
vt 0.076200 -2.042900 0.000000
vt 0.076200 -1.915115 0.000000
vt 0.076200 -1.787330 0.000000
vt 0.076200 -1.659544 0.000000
vt 0.000000 0.000000 0.000000
vt 0.360349 0.000000 0.000000
vt 0.360349 0.076200 0.000000
vt 0.000000 0.076200 0.000000
vt 0.000000 0.000000 0.000000
vt 0.360349 0.000000 0.000000
vt 0.360349 0.076200 0.000000
vt 0.000000 0.076200 0.000000
vt 0.000000 0.255570 0.000000
vt 0.000000 0.127785 0.000000
vt 0.000000 0.000000 0.000000
vt 0.000000 -0.127785 0.000000
vt 0.000000 -0.255570 0.000000
vt 0.076200 -0.255570 0.000000
vt 0.076200 -0.127785 0.000000
vt 0.076200 0.000000 0.000000
vt 0.076200 0.127785 0.000000
vt 0.076200 0.255570 0.000000
vt 0.000000 0.000000 0.000000
vt 0.360349 0.000000 0.000000
vt 0.360349 0.076200 0.000000
vt 0.000000 0.076200 0.000000
vt -0.000000 0.729151 0.000000
vt -0.000000 0.775027 0.000000
vt -0.000000 0.820902 0.000000
vt -0.000000 0.866778 0.000000
vt -0.076200 0.866778 0.000000
vt -0.076200 0.820902 0.000000
vt -0.076200 0.775027 0.000000
vt -0.076200 0.729151 0.000000
vt 0.000000 -1.659544 0.000000
vt 0.000000 -1.787330 0.000000
vt 0.000000 -1.915115 0.000000
vt 0.000000 -2.042900 0.000000
vt 0.000000 -2.170685 0.000000
vt 0.076200 -2.170685 0.000000
vt 0.076200 -2.042900 0.000000
vt 0.076200 -1.915115 0.000000
vt 0.076200 -1.787330 0.000000
vt 0.076200 -1.659544 0.000000
vt 0.000000 0.000000 0.000000
vt 0.360349 0.000000 0.000000
vt 0.360349 0.076200 0.000000
vt 0.000000 0.076200 0.000000
vt -0.000000 -0.068813 0.000000
vt -0.000000 -0.022938 0.000000
vt -0.000000 0.022938 0.000000
vt -0.000000 0.068813 0.000000
vt -0.076200 0.068813 0.000000
vt -0.076200 0.022938 0.000000
vt -0.076200 -0.022938 0.000000
vt -0.076200 -0.068813 0.000000
vt 0.000000 0.000000 0.000000
vt 0.360349 0.000000 0.000000
vt 0.360349 0.076200 0.000000
vt 0.000000 0.076200 0.000000
vt 0.000000 0.000000 0.000000
vt 0.360349 0.000000 0.000000
vt 0.360349 0.076200 0.000000
vt 0.000000 0.076200 0.000000
vt 0.000000 1.532314 0.000000
vt 0.000000 1.388625 0.000000
vt 0.000000 1.244936 0.000000
vt 0.000000 1.101246 0.000000
vt 0.000000 0.957557 0.000000
vt 0.000000 0.813868 0.000000
vt 0.000000 0.670179 0.000000
vt 0.000000 0.526490 0.000000
vt 0.000000 0.382801 0.000000
vt 0.076200 0.382801 0.000000
vt 0.076200 0.526490 0.000000
vt 0.076200 0.670179 0.000000
vt 0.076200 0.813868 0.000000
vt 0.076200 0.957557 0.000000
vt 0.076200 1.101246 0.000000
vt 0.076200 1.244936 0.000000
vt 0.076200 1.388625 0.000000
vt 0.076200 1.532314 0.000000
vt 0.000000 0.000000 0.000000
vt 0.360349 0.000000 0.000000
vt 0.360349 0.076200 0.000000
vt 0.000000 0.076200 0.000000
vt -0.000000 -0.600790 0.000000
vt -0.000000 -0.520067 0.000000
vt -0.000000 -0.439344 0.000000
vt -0.000000 -0.358621 0.000000
vt -0.000000 -0.277898 0.000000
vt -0.000000 -0.197175 0.000000
vt -0.076200 -0.197175 0.000000
vt -0.076200 -0.277898 0.000000
vt -0.076200 -0.358621 0.000000
vt -0.076200 -0.439344 0.000000
vt -0.076200 -0.520067 0.000000
vt -0.076200 -0.600790 0.000000
vt 0.000000 1.532314 0.000000
vt 0.000000 1.388625 0.000000
vt 0.000000 1.244936 0.000000
vt 0.000000 1.101246 0.000000
vt 0.000000 0.957557 0.000000
vt 0.000000 0.813868 0.000000
vt 0.000000 0.670179 0.000000
vt 0.000000 0.526490 0.000000
vt 0.000000 0.382801 0.000000
vt 0.076200 0.382801 0.000000
vt 0.076200 0.526490 0.000000
vt 0.076200 0.670179 0.000000
vt 0.076200 0.813868 0.000000
vt 0.076200 0.957557 0.000000
vt 0.076200 1.101246 0.000000
vt 0.076200 1.244936 0.000000
vt 0.076200 1.388625 0.000000
vt 0.076200 1.532314 0.000000
vt 0.000000 0.000000 0.000000
vt 0.360349 0.000000 0.000000
vt 0.360349 0.076200 0.000000
vt 0.000000 0.076200 0.000000
vt -0.000000 -0.600790 0.000000
vt -0.000000 -0.520067 0.000000
vt -0.000000 -0.439344 0.000000
vt -0.000000 -0.358621 0.000000
vt -0.000000 -0.277898 0.000000
vt -0.000000 -0.197175 0.000000
vt -0.076200 -0.197175 0.000000
vt -0.076200 -0.277898 0.000000
vt -0.076200 -0.358621 0.000000
vt -0.076200 -0.439344 0.000000
vt -0.076200 -0.520067 0.000000
vt -0.076200 -0.600790 0.000000
vt 0.000000 0.000000 0.000000
vt 0.360349 0.000000 0.000000
vt 0.360349 0.076200 0.000000
vt 0.000000 0.076200 0.000000
vt -0.000000 0.197175 0.000000
vt -0.000000 0.243050 0.000000
vt -0.000000 0.288926 0.000000
vt -0.000000 0.334801 0.000000
vt -0.076200 0.334801 0.000000
vt -0.076200 0.288926 0.000000
vt -0.076200 0.243050 0.000000
vt -0.076200 0.197175 0.000000
vt 0.000000 0.000000 0.000000
vt 0.360349 0.000000 0.000000
vt 0.360349 0.076200 0.000000
vt 0.000000 0.076200 0.000000
vt 0.000000 -1.021173 0.000000
vt 0.000000 -1.148958 0.000000
vt 0.000000 -1.276743 0.000000
vt 0.000000 -1.404528 0.000000
vt 0.000000 -1.532314 0.000000
vt 0.076200 -1.532314 0.000000
vt 0.076200 -1.404528 0.000000
vt 0.076200 -1.276743 0.000000
vt 0.076200 -1.148958 0.000000
vt 0.076200 -1.021173 0.000000
vt 0.000000 0.000000 0.000000
vt 0.360349 0.000000 0.000000
vt 0.360349 0.076200 0.000000
vt 0.000000 0.076200 0.000000
vt 0.000000 0.000000 0.000000
vt 0.360349 0.000000 0.000000
vt 0.360349 0.076200 0.000000
vt 0.000000 0.076200 0.000000
vt -0.000000 -0.068813 0.000000
vt -0.000000 -0.022938 0.000000
vt -0.000000 0.022938 0.000000
vt -0.000000 0.068813 0.000000
vt -0.076200 0.068813 0.000000
vt -0.076200 0.022938 0.000000
vt -0.076200 -0.022938 0.000000
vt -0.076200 -0.068813 0.000000
vt 0.000000 0.000000 0.000000
vt 0.360349 0.000000 0.000000
vt 0.360349 0.076200 0.000000
vt 0.000000 0.076200 0.000000
vt 0.000000 -1.659544 0.000000
vt 0.000000 -1.787330 0.000000
vt 0.000000 -1.915115 0.000000
vt 0.000000 -2.042900 0.000000
vt 0.000000 -2.170685 0.000000
vt 0.076200 -2.170685 0.000000
vt 0.076200 -2.042900 0.000000
vt 0.076200 -1.915115 0.000000
vt 0.076200 -1.787330 0.000000
vt 0.076200 -1.659544 0.000000
vt -0.000000 0.197175 0.000000
vt -0.000000 0.243050 0.000000
vt -0.000000 0.288926 0.000000
vt -0.000000 0.334801 0.000000
vt -0.076200 0.334801 0.000000
vt -0.076200 0.288926 0.000000
vt -0.076200 0.243050 0.000000
vt -0.076200 0.197175 0.000000
vt 0.000000 0.000000 0.000000
vt 0.360349 0.000000 0.000000
vt 0.360349 0.076200 0.000000
vt 0.000000 0.076200 0.000000
vt 0.000000 -1.021173 0.000000
vt 0.000000 -1.148958 0.000000
vt 0.000000 -1.276743 0.000000
vt 0.000000 -1.404528 0.000000
vt 0.000000 -1.532314 0.000000
vt 0.076200 -1.532314 0.000000
vt 0.076200 -1.404528 0.000000
vt 0.076200 -1.276743 0.000000
vt 0.076200 -1.148958 0.000000
vt 0.076200 -1.021173 0.000000
vt 0.000000 0.000000 0.000000
vt 0.360349 0.000000 0.000000
vt 0.360349 0.076200 0.000000
vt 0.000000 0.076200 0.000000
vt 0.000000 -1.659544 0.000000
vt 0.000000 -1.787330 0.000000
vt 0.000000 -1.915115 0.000000
vt 0.000000 -2.042900 0.000000
vt 0.000000 -2.170685 0.000000
vt 0.076200 -2.170685 0.000000
vt 0.076200 -2.042900 0.000000
vt 0.076200 -1.915115 0.000000
vt 0.076200 -1.787330 0.000000
vt 0.076200 -1.659544 0.000000
vt 0.000000 0.000000 0.000000
vt 0.360349 0.000000 0.000000
vt 0.360349 0.076200 0.000000
vt 0.000000 0.076200 0.000000
vt -0.000000 -0.068813 0.000000
vt -0.000000 -0.022938 0.000000
vt -0.000000 0.022938 0.000000
vt -0.000000 0.068813 0.000000
vt -0.076200 0.068813 0.000000
vt -0.076200 0.022938 0.000000
vt -0.076200 -0.022938 0.000000
vt -0.076200 -0.068813 0.000000
vt 0.000000 0.000000 0.000000
vt 0.360349 0.000000 0.000000
vt 0.360349 0.076200 0.000000
vt 0.000000 0.076200 0.000000
vt -0.000000 0.197175 0.000000
vt -0.000000 0.277898 0.000000
vt -0.000000 0.358621 0.000000
vt -0.000000 0.439344 0.000000
vt -0.000000 0.520067 0.000000
vt -0.000000 0.600790 0.000000
vt -0.076200 0.600790 0.000000
vt -0.076200 0.520067 0.000000
vt -0.076200 0.439344 0.000000
vt -0.076200 0.358621 0.000000
vt -0.076200 0.277898 0.000000
vt -0.076200 0.197175 0.000000
vt 0.000000 0.000000 0.000000
vt 0.360349 0.000000 0.000000
vt 0.360349 0.076200 0.000000
vt 0.000000 0.076200 0.000000
vt 0.000000 -0.382801 0.000000
vt 0.000000 -0.526490 0.000000
vt 0.000000 -0.670179 0.000000
vt 0.000000 -0.813868 0.000000
vt 0.000000 -0.957557 0.000000
vt 0.000000 -1.101246 0.000000
vt 0.000000 -1.244936 0.000000
vt 0.000000 -1.388625 0.000000
vt 0.000000 -1.532314 0.000000
vt 0.076200 -1.532314 0.000000
vt 0.076200 -1.388625 0.000000
vt 0.076200 -1.244936 0.000000
vt 0.076200 -1.101246 0.000000
vt 0.076200 -0.957557 0.000000
vt 0.076200 -0.813868 0.000000
vt 0.076200 -0.670179 0.000000
vt 0.076200 -0.526490 0.000000
vt 0.076200 -0.382801 0.000000
vt 0.000000 0.000000 0.000000
vt 0.360349 0.000000 0.000000
vt 0.360349 0.076200 0.000000
vt 0.000000 0.076200 0.000000
vt 0.000000 0.893942 0.000000
vt 0.000000 0.766157 0.000000
vt 0.000000 0.638372 0.000000
vt 0.000000 0.510586 0.000000
vt 0.000000 0.382801 0.000000
vt 0.076200 0.382801 0.000000
vt 0.076200 0.510586 0.000000
vt 0.076200 0.638372 0.000000
vt 0.076200 0.766157 0.000000
vt 0.076200 0.893942 0.000000
vt 0.000000 0.000000 0.000000
vt 0.360349 0.000000 0.000000
vt 0.360349 0.076200 0.000000
vt 0.000000 0.076200 0.000000
vt -0.000000 -0.600790 0.000000
vt -0.000000 -0.554914 0.000000
vt -0.000000 -0.509039 0.000000
vt -0.000000 -0.463163 0.000000
vt -0.076200 -0.463163 0.000000
vt -0.076200 -0.509039 0.000000
vt -0.076200 -0.554914 0.000000
vt -0.076200 -0.600790 0.000000
vt 0.000000 0.000000 0.000000
vt 0.360349 0.000000 0.000000
vt 0.360349 0.076200 0.000000
vt 0.000000 0.076200 0.000000
vt 0.000000 0.000000 0.000000
vt 0.360349 0.000000 0.000000
vt 0.360349 0.076200 0.000000
vt 0.000000 0.076200 0.000000
vt 0.000000 0.255570 0.000000
vt 0.000000 0.127785 0.000000
vt 0.000000 0.000000 0.000000
vt 0.000000 -0.127785 0.000000
vt 0.000000 -0.255570 0.000000
vt 0.076200 -0.255570 0.000000
vt 0.076200 -0.127785 0.000000
vt 0.076200 0.000000 0.000000
vt 0.076200 0.127785 0.000000
vt 0.076200 0.255570 0.000000
vt 0.000000 0.000000 0.000000
vt 0.360349 0.000000 0.000000
vt 0.360349 0.076200 0.000000
vt 0.000000 0.076200 0.000000
vt -0.000000 0.729151 0.000000
vt -0.000000 0.775027 0.000000
vt -0.000000 0.820902 0.000000
vt -0.000000 0.866778 0.000000
vt -0.076200 0.866778 0.000000
vt -0.076200 0.820902 0.000000
vt -0.076200 0.775027 0.000000
vt -0.076200 0.729151 0.000000
vt 0.000000 0.000000 0.000000
vt 0.360349 0.000000 0.000000
vt 0.360349 0.076200 0.000000
vt 0.000000 0.076200 0.000000
vt -0.000000 0.729151 0.000000
vt -0.000000 0.775027 0.000000
vt -0.000000 0.820902 0.000000
vt -0.000000 0.866778 0.000000
vt -0.076200 0.866778 0.000000
vt -0.076200 0.820902 0.000000
vt -0.076200 0.775027 0.000000
vt -0.076200 0.729151 0.000000
vt 0.000000 0.000000 0.000000
vt 0.360349 0.000000 0.000000
vt 0.360349 0.076200 0.000000
vt 0.000000 0.076200 0.000000
vt 0.000000 0.255570 0.000000
vt 0.000000 0.127785 0.000000
vt 0.000000 0.000000 0.000000
vt 0.000000 -0.127785 0.000000
vt 0.000000 -0.255570 0.000000
vt 0.076200 -0.255570 0.000000
vt 0.076200 -0.127785 0.000000
vt 0.076200 0.000000 0.000000
vt 0.076200 0.127785 0.000000
vt 0.076200 0.255570 0.000000
vt 0.000000 0.000000 0.000000
vt 0.360349 0.000000 0.000000
vt 0.360349 0.076200 0.000000
vt 0.000000 0.076200 0.000000
vt 0.000000 1.532314 0.000000
vt 0.000000 1.404528 0.000000
vt 0.000000 1.276743 0.000000
vt 0.000000 1.148958 0.000000
vt 0.000000 1.021173 0.000000
vt 0.076200 1.021173 0.000000
vt 0.076200 1.148958 0.000000
vt 0.076200 1.276743 0.000000
vt 0.076200 1.404528 0.000000
vt 0.076200 1.532314 0.000000
vt 0.000000 0.000000 0.000000
vt 0.360349 0.000000 0.000000
vt 0.360349 0.076200 0.000000
vt 0.000000 0.076200 0.000000
vt -0.000000 -0.334801 0.000000
vt -0.000000 -0.288926 0.000000
vt -0.000000 -0.243050 0.000000
vt -0.000000 -0.197175 0.000000
vt -0.076200 -0.197175 0.000000
vt -0.076200 -0.243050 0.000000
vt -0.076200 -0.288926 0.000000
vt -0.076200 -0.334801 0.000000
vt -0.000000 0.463163 0.000000
vt -0.000000 0.509039 0.000000
vt -0.000000 0.554914 0.000000
vt -0.000000 0.600790 0.000000
vt -0.076200 0.600790 0.000000
vt -0.076200 0.554914 0.000000
vt -0.076200 0.509039 0.000000
vt -0.076200 0.463163 0.000000
vt 0.000000 0.000000 0.000000
vt 0.360349 0.000000 0.000000
vt 0.360349 0.076200 0.000000
vt 0.000000 0.076200 0.000000
vt 0.000000 -0.382801 0.000000
vt 0.000000 -0.510586 0.000000
vt 0.000000 -0.638372 0.000000
vt 0.000000 -0.766157 0.000000
vt 0.000000 -0.893942 0.000000
vt 0.076200 -0.893942 0.000000
vt 0.076200 -0.766157 0.000000
vt 0.076200 -0.638372 0.000000
vt 0.076200 -0.510586 0.000000
vt 0.076200 -0.382801 0.000000
vt 0.000000 0.000000 0.000000
vt 0.360349 0.000000 0.000000
vt 0.360349 0.076200 0.000000
vt 0.000000 0.076200 0.000000
vt 0.000000 0.000000 0.000000
vt 0.360349 0.000000 0.000000
vt 0.360349 0.076200 0.000000
vt 0.000000 0.076200 0.000000
vt 0.000000 -1.659544 0.000000
vt 0.000000 -1.787330 0.000000
vt 0.000000 -1.915115 0.000000
vt 0.000000 -2.042900 0.000000
vt 0.000000 -2.170685 0.000000
vt 0.076200 -2.170685 0.000000
vt 0.076200 -2.042900 0.000000
vt 0.076200 -1.915115 0.000000
vt 0.076200 -1.787330 0.000000
vt 0.076200 -1.659544 0.000000
vt 0.000000 0.000000 0.000000
vt 0.360349 0.000000 0.000000
vt 0.360349 0.076200 0.000000
vt 0.000000 0.076200 0.000000
vt -0.000000 -0.068813 0.000000
vt -0.000000 -0.022938 0.000000
vt -0.000000 0.022938 0.000000
vt -0.000000 0.068813 0.000000
vt -0.076200 0.068813 0.000000
vt -0.076200 0.022938 0.000000
vt -0.076200 -0.022938 0.000000
vt -0.076200 -0.068813 0.000000
vt 0.000000 1.532314 0.000000
vt 0.000000 1.404528 0.000000
vt 0.000000 1.276743 0.000000
vt 0.000000 1.148958 0.000000
vt 0.000000 1.021173 0.000000
vt 0.076200 1.021173 0.000000
vt 0.076200 1.148958 0.000000
vt 0.076200 1.276743 0.000000
vt 0.076200 1.404528 0.000000
vt 0.076200 1.532314 0.000000
vt 0.000000 0.000000 0.000000
vt 0.360349 0.000000 0.000000
vt 0.360349 0.076200 0.000000
vt 0.000000 0.076200 0.000000
vt -0.000000 -0.334801 0.000000
vt -0.000000 -0.288926 0.000000
vt -0.000000 -0.243050 0.000000
vt -0.000000 -0.197175 0.000000
vt -0.076200 -0.197175 0.000000
vt -0.076200 -0.243050 0.000000
vt -0.076200 -0.288926 0.000000
vt -0.076200 -0.334801 0.000000
vt 0.000000 0.000000 0.000000
vt 0.360349 0.000000 0.000000
vt 0.360349 0.076200 0.000000
vt 0.000000 0.076200 0.000000
vt -0.000000 0.463163 0.000000
vt -0.000000 0.509039 0.000000
vt -0.000000 0.554914 0.000000
vt -0.000000 0.600790 0.000000
vt -0.076200 0.600790 0.000000
vt -0.076200 0.554914 0.000000
vt -0.076200 0.509039 0.000000
vt -0.076200 0.463163 0.000000
vt 0.000000 0.000000 0.000000
vt 0.360349 0.000000 0.000000
vt 0.360349 0.076200 0.000000
vt 0.000000 0.076200 0.000000
vt 0.000000 -0.382801 0.000000
vt 0.000000 -0.510586 0.000000
vt 0.000000 -0.638372 0.000000
vt 0.000000 -0.766157 0.000000
vt 0.000000 -0.893942 0.000000
vt 0.076200 -0.893942 0.000000
vt 0.076200 -0.766157 0.000000
vt 0.076200 -0.638372 0.000000
vt 0.076200 -0.510586 0.000000
vt 0.076200 -0.382801 0.000000
vt 0.000000 0.000000 0.000000
vt 0.360349 0.000000 0.000000
vt 0.360349 0.076200 0.000000
vt 0.000000 0.076200 0.000000
vt 0.000000 -0.382801 0.000000
vt 0.000000 -0.510586 0.000000
vt 0.000000 -0.638372 0.000000
vt 0.000000 -0.766157 0.000000
vt 0.000000 -0.893942 0.000000
vt 0.076200 -0.893942 0.000000
vt 0.076200 -0.766157 0.000000
vt 0.076200 -0.638372 0.000000
vt 0.076200 -0.510586 0.000000
vt 0.076200 -0.382801 0.000000
vt 0.000000 0.000000 0.000000
vt 0.360349 0.000000 0.000000
vt 0.360349 0.076200 0.000000
vt 0.000000 0.076200 0.000000
vt -0.000000 0.463163 0.000000
vt -0.000000 0.509039 0.000000
vt -0.000000 0.554914 0.000000
vt -0.000000 0.600790 0.000000
vt -0.076200 0.600790 0.000000
vt -0.076200 0.554914 0.000000
vt -0.076200 0.509039 0.000000
vt -0.076200 0.463163 0.000000
vt 0.000000 0.000000 0.000000
vt 0.360349 0.000000 0.000000
vt 0.360349 0.076200 0.000000
vt 0.000000 0.076200 0.000000
vt 0.000000 0.255570 0.000000
vt 0.000000 0.127785 0.000000
vt 0.000000 0.000000 0.000000
vt 0.000000 -0.127785 0.000000
vt 0.000000 -0.255570 0.000000
vt 0.076200 -0.255570 0.000000
vt 0.076200 -0.127785 0.000000
vt 0.076200 0.000000 0.000000
vt 0.076200 0.127785 0.000000
vt 0.076200 0.255570 0.000000
vt 0.000000 0.000000 0.000000
vt 0.360349 0.000000 0.000000
vt 0.360349 0.076200 0.000000
vt 0.000000 0.076200 0.000000
vt -0.000000 0.729151 0.000000
vt -0.000000 0.775027 0.000000
vt -0.000000 0.820902 0.000000
vt -0.000000 0.866778 0.000000
vt -0.076200 0.866778 0.000000
vt -0.076200 0.820902 0.000000
vt -0.076200 0.775027 0.000000
vt -0.076200 0.729151 0.000000
vt 0.000000 0.000000 0.000000
vt 0.360349 0.000000 0.000000
vt 0.360349 0.076200 0.000000
vt 0.000000 0.076200 0.000000
vt 0.000000 -1.021173 0.000000
vt 0.000000 -1.148958 0.000000
vt 0.000000 -1.276743 0.000000
vt 0.000000 -1.404528 0.000000
vt 0.000000 -1.532314 0.000000
vt 0.076200 -1.532314 0.000000
vt 0.076200 -1.404528 0.000000
vt 0.076200 -1.276743 0.000000
vt 0.076200 -1.148958 0.000000
vt 0.076200 -1.021173 0.000000
vt 0.000000 0.000000 0.000000
vt 0.360349 0.000000 0.000000
vt 0.360349 0.076200 0.000000
vt 0.000000 0.076200 0.000000
vt -0.000000 0.197175 0.000000
vt -0.000000 0.243050 0.000000
vt -0.000000 0.288926 0.000000
vt -0.000000 0.334801 0.000000
vt -0.076200 0.334801 0.000000
vt -0.076200 0.288926 0.000000
vt -0.076200 0.243050 0.000000
vt -0.076200 0.197175 0.000000
vt 0.000000 0.000000 0.000000
vt 0.360349 0.000000 0.000000
vt 0.360349 0.076200 0.000000
vt 0.000000 0.076200 0.000000
vt 0.000000 0.000000 0.000000
vt 0.360349 0.000000 0.000000
vt 0.360349 0.076200 0.000000
vt 0.000000 0.076200 0.000000
vt 0.000000 -0.382801 0.000000
vt 0.000000 -0.526490 0.000000
vt 0.000000 -0.670179 0.000000
vt 0.000000 -0.813868 0.000000
vt 0.000000 -0.957557 0.000000
vt 0.000000 -1.101246 0.000000
vt 0.000000 -1.244936 0.000000
vt 0.000000 -1.388625 0.000000
vt 0.000000 -1.532314 0.000000
vt 0.076200 -1.532314 0.000000
vt 0.076200 -1.388625 0.000000
vt 0.076200 -1.244936 0.000000
vt 0.076200 -1.101246 0.000000
vt 0.076200 -0.957557 0.000000
vt 0.076200 -0.813868 0.000000
vt 0.076200 -0.670179 0.000000
vt 0.076200 -0.526490 0.000000
vt 0.076200 -0.382801 0.000000
vt 0.000000 0.000000 0.000000
vt 0.360349 0.000000 0.000000
vt 0.360349 0.076200 0.000000
vt 0.000000 0.076200 0.000000
vt -0.000000 0.197175 0.000000
vt -0.000000 0.277898 0.000000
vt -0.000000 0.358621 0.000000
vt -0.000000 0.439344 0.000000
vt -0.000000 0.520067 0.000000
vt -0.000000 0.600790 0.000000
vt -0.076200 0.600790 0.000000
vt -0.076200 0.520067 0.000000
vt -0.076200 0.439344 0.000000
vt -0.076200 0.358621 0.000000
vt -0.076200 0.277898 0.000000
vt -0.076200 0.197175 0.000000
vt 0.000000 0.893942 0.000000
vt 0.000000 0.766157 0.000000
vt 0.000000 0.638372 0.000000
vt 0.000000 0.510586 0.000000
vt 0.000000 0.382801 0.000000
vt 0.076200 0.382801 0.000000
vt 0.076200 0.510586 0.000000
vt 0.076200 0.638372 0.000000
vt 0.076200 0.766157 0.000000
vt 0.076200 0.893942 0.000000
vt 0.000000 0.000000 0.000000
vt 0.360349 0.000000 0.000000
vt 0.360349 0.076200 0.000000
vt 0.000000 0.076200 0.000000
vt -0.000000 -0.600790 0.000000
vt -0.000000 -0.554914 0.000000
vt -0.000000 -0.509039 0.000000
vt -0.000000 -0.463163 0.000000
vt -0.076200 -0.463163 0.000000
vt -0.076200 -0.509039 0.000000
vt -0.076200 -0.554914 0.000000
vt -0.076200 -0.600790 0.000000
vt 0.000000 0.000000 0.000000
vt 0.360349 0.000000 0.000000
vt 0.360349 0.076200 0.000000
vt 0.000000 0.076200 0.000000
vt 0.000000 0.000000 0.000000
vt 2.540000 0.000000 0.000000
vt 2.540000 0.203200 0.000000
vt 0.000000 0.203200 0.000000
vt -0.000000 -2.340712 0.000000
vt -0.000000 -2.145653 0.000000
vt -0.000000 -1.950593 0.000000
vt -0.000000 -1.755534 0.000000
vt -0.000000 -1.560475 0.000000
vt -0.000000 -1.365416 0.000000
vt -0.000000 -1.170356 0.000000
vt -0.000000 -0.975297 0.000000
vt -0.000000 -0.780237 0.000000
vt -0.000000 -0.585178 0.000000
vt -0.000000 -0.390119 0.000000
vt -0.000000 -0.195059 0.000000
vt -0.000000 0.000000 0.000000
vt -0.203200 0.000000 0.000000
vt -0.203200 -0.195059 0.000000
vt -0.203200 -0.390119 0.000000
vt -0.203200 -0.585178 0.000000
vt -0.203200 -0.780237 0.000000
vt -0.203200 -0.975297 0.000000
vt -0.203200 -1.170356 0.000000
vt -0.203200 -1.365416 0.000000
vt -0.203200 -1.560475 0.000000
vt -0.203200 -1.755534 0.000000
vt -0.203200 -1.950593 0.000000
vt -0.203200 -2.145653 0.000000
vt -0.203200 -2.340712 0.000000
vt 0.000000 0.000000 0.000000
vt 1.263551 0.000000 0.000000
vt 1.263551 0.203200 0.000000
vt 0.000000 0.203200 0.000000
vt -0.000000 -3.511044 0.000000
vt -0.000000 -3.314914 0.000000
vt -0.000000 -3.118784 0.000000
vt -0.000000 -2.922654 0.000000
vt -0.000000 -2.726524 0.000000
vt -0.000000 -2.530394 0.000000
vt -0.000000 -2.334263 0.000000
vt -0.203200 -2.334263 0.000000
vt -0.203200 -2.530394 0.000000
vt -0.203200 -2.726524 0.000000
vt -0.203200 -2.922654 0.000000
vt -0.203200 -3.118784 0.000000
vt -0.203200 -3.314914 0.000000
vt -0.203200 -3.511044 0.000000
vt 0.000000 0.000000 0.000000
vt 1.270000 0.000000 0.000000
vt 1.270000 0.203200 0.000000
vt 0.000000 0.203200 0.000000
vt -0.000000 2.335490 0.000000
vt -0.000000 2.531416 0.000000
vt -0.000000 2.727341 0.000000
vt -0.000000 2.923267 0.000000
vt -0.000000 3.119193 0.000000
vt -0.000000 3.315118 0.000000
vt -0.000000 3.511044 0.000000
vt -0.203200 3.511044 0.000000
vt -0.203200 3.315118 0.000000
vt -0.203200 3.119193 0.000000
vt -0.203200 2.923267 0.000000
vt -0.203200 2.727341 0.000000
vt -0.203200 2.531416 0.000000
vt -0.203200 2.335490 0.000000
vt 0.000000 0.000000 0.000000
vt 1.264784 0.000000 0.000000
vt 1.264784 0.203200 0.000000
vt 0.000000 0.203200 0.000000
vt -0.000000 0.000000 0.000000
vt -0.000000 0.195059 0.000000
vt -0.000000 0.390118 0.000000
vt -0.000000 0.585177 0.000000
vt -0.000000 0.780236 0.000000
vt -0.000000 0.975294 0.000000
vt -0.000000 1.170353 0.000000
vt -0.000000 1.365412 0.000000
vt -0.000000 1.560471 0.000000
vt -0.000000 1.755530 0.000000
vt -0.000000 1.950589 0.000000
vt -0.000000 2.145648 0.000000
vt -0.000000 2.340707 0.000000
vt -0.203200 2.340707 0.000000
vt -0.203200 2.145648 0.000000
vt -0.203200 1.950589 0.000000
vt -0.203200 1.755530 0.000000
vt -0.203200 1.560471 0.000000
vt -0.203200 1.365412 0.000000
vt -0.203200 1.170353 0.000000
vt -0.203200 0.975294 0.000000
vt -0.203200 0.780236 0.000000
vt -0.203200 0.585177 0.000000
vt -0.203200 0.390118 0.000000
vt -0.203200 0.195059 0.000000
vt -0.203200 0.000000 0.000000
vt -2.237865 0.008883 0.000000
vt -2.320197 -0.167675 0.000000
vt -2.370620 -0.355848 0.000000
vt -2.387600 -0.549918 0.000000
vt -2.370622 -0.743988 0.000000
vt -2.320203 -0.932162 0.000000
vt -2.237873 -1.108721 0.000000
vt -2.126134 -1.268302 0.000000
vt -1.988382 -1.406055 0.000000
vt -1.828802 -1.517795 0.000000
vt -1.652243 -1.600126 0.000000
vt -1.464070 -1.650547 0.000000
vt -1.270000 -1.667526 0.000000
vt 1.270000 -1.667526 0.000000
vt 1.464071 -1.650547 0.000000
vt 1.652244 -1.600126 0.000000
vt 1.828804 -1.517794 0.000000
vt 1.988384 -1.406054 0.000000
vt 2.126136 -1.268300 0.000000
vt 2.237874 -1.108719 0.000000
vt 2.320204 -0.932159 0.000000
vt 2.370623 -0.743985 0.000000
vt 2.387600 -0.549914 0.000000
vt 2.370619 -0.355843 0.000000
vt 2.320195 -0.167670 0.000000
vt 2.237862 0.008888 0.000000
vt 1.606070 1.103146 0.000000
vt 1.494567 1.264191 0.000000
vt 1.356659 1.403295 0.000000
vt 1.196583 1.516184 0.000000
vt 1.019256 1.599391 0.000000
vt 0.830125 1.650361 0.000000
vt 0.635000 1.667526 0.000000
vt -0.635000 1.667526 0.000000
vt -0.829924 1.650396 0.000000
vt -1.018872 1.599532 0.000000
vt -1.196053 1.516492 0.000000
vt -1.356035 1.403823 0.000000
vt -1.493913 1.264977 0.000000
vt -1.605462 1.104212 0.000000
vt -1.092040 -0.368691 0.000000
vt -0.911866 -0.056619 0.000000
vt -0.817053 -0.141942 0.000000
vt -0.742071 -0.245126 0.000000
vt -0.690202 -0.361655 0.000000
vt -0.663716 -0.486426 0.000000
vt -1.024066 -0.486426 0.000000
vt -1.039473 -0.443281 0.000000
vt -1.062379 -0.403606 0.000000
vt -0.812960 0.731162 0.000000
vt -0.860681 0.666476 0.000000
vt -0.885800 0.590118 0.000000
vt -0.885800 0.509734 0.000000
vt -0.860681 0.433376 0.000000
vt -0.812960 0.368691 0.000000
vt -0.993134 0.056619 0.000000
vt -1.098435 0.153896 0.000000
vt -1.178107 0.273075 0.000000
vt -1.227744 0.407564 0.000000
vt -1.244600 0.549926 0.000000
vt -1.227744 0.692288 0.000000
vt -1.178107 0.826778 0.000000
vt -1.098435 0.945956 0.000000
vt -0.993134 1.043233 0.000000
vt 1.092040 -0.731162 0.000000
vt 0.911866 -1.043233 0.000000
vt 0.817053 -0.957911 0.000000
vt 0.742071 -0.854726 0.000000
vt 0.690202 -0.738197 0.000000
vt 0.663716 -0.613426 0.000000
vt 1.024066 -0.613426 0.000000
vt 1.039473 -0.656571 0.000000
vt 1.062379 -0.696246 0.000000
vt -0.067975 -0.305191 0.000000
vt -0.248149 0.006881 0.000000
vt -0.126851 0.046330 0.000000
vt -0.000000 0.059674 0.000000
vt 0.126851 0.046330 0.000000
vt 0.248149 0.006881 0.000000
vt 0.067975 -0.305191 0.000000
vt 0.022907 -0.296961 0.000000
vt -0.022907 -0.296961 0.000000
vt 0.389066 0.613426 0.000000
vt 0.028716 0.613426 0.000000
vt 0.055202 0.738197 0.000000
vt 0.107071 0.854726 0.000000
vt 0.182053 0.957911 0.000000
vt 0.276866 1.043233 0.000000
vt 0.457040 0.731162 0.000000
vt 0.427379 0.696246 0.000000
vt 0.404473 0.656571 0.000000
vt 0.911866 -0.056619 0.000000
vt 1.092040 -0.368691 0.000000
vt 1.062379 -0.403606 0.000000
vt 1.039473 -0.443281 0.000000
vt 1.024066 -0.486426 0.000000
vt 0.663716 -0.486426 0.000000
vt 0.690202 -0.361655 0.000000
vt 0.742071 -0.245126 0.000000
vt 0.817053 -0.141942 0.000000
vt -1.024066 -0.613426 0.000000
vt -0.663716 -0.613426 0.000000
vt -0.690202 -0.738197 0.000000
vt -0.742071 -0.854726 0.000000
vt -0.817053 -0.957911 0.000000
vt -0.911866 -1.043233 0.000000
vt -1.092040 -0.731162 0.000000
vt -1.062379 -0.696246 0.000000
vt -1.039473 -0.656571 0.000000
vt 1.202025 -0.794662 0.000000
vt 1.247093 -0.802891 0.000000
vt 1.292907 -0.802891 0.000000
vt 1.337975 -0.794662 0.000000
vt 1.518149 -1.106733 0.000000
vt 1.396851 -1.146182 0.000000
vt 1.270000 -1.159526 0.000000
vt 1.143149 -1.146182 0.000000
vt 1.021851 -1.106733 0.000000
vt -0.358134 -0.056619 0.000000
vt -0.177960 -0.368691 0.000000
vt -0.207621 -0.403606 0.000000
vt -0.230527 -0.443281 0.000000
vt -0.245934 -0.486426 0.000000
vt -0.606284 -0.486426 0.000000
vt -0.579798 -0.361655 0.000000
vt -0.527929 -0.245126 0.000000
vt -0.452947 -0.141942 0.000000
vt 0.177960 -0.731162 0.000000
vt 0.207621 -0.696246 0.000000
vt 0.230527 -0.656571 0.000000
vt 0.245934 -0.613426 0.000000
vt 0.606284 -0.613426 0.000000
vt 0.579798 -0.738197 0.000000
vt 0.527929 -0.854726 0.000000
vt 0.452947 -0.957911 0.000000
vt 0.358134 -1.043233 0.000000
vt -1.518149 0.006881 0.000000
vt -1.396851 0.046330 0.000000
vt -1.270000 0.059674 0.000000
vt -1.143149 0.046330 0.000000
vt -1.021851 0.006881 0.000000
vt -1.202025 -0.305191 0.000000
vt -1.247093 -0.296961 0.000000
vt -1.292907 -0.296961 0.000000
vt -1.337975 -0.305191 0.000000
vt 1.337975 -0.305191 0.000000
vt 1.292907 -0.296961 0.000000
vt 1.247093 -0.296961 0.000000
vt 1.202025 -0.305191 0.000000
vt 1.021851 0.006881 0.000000
vt 1.143149 0.046330 0.000000
vt 1.270000 0.059674 0.000000
vt 1.396851 0.046330 0.000000
vt 1.518149 0.006881 0.000000
vt 0.177960 -0.368691 0.000000
vt 0.358134 -0.056619 0.000000
vt 0.452947 -0.141942 0.000000
vt 0.527929 -0.245126 0.000000
vt 0.579798 -0.361655 0.000000
vt 0.606284 -0.486426 0.000000
vt 0.245934 -0.486426 0.000000
vt 0.230527 -0.443281 0.000000
vt 0.207621 -0.403606 0.000000
vt -1.628134 -0.056619 0.000000
vt -1.447960 -0.368691 0.000000
vt -1.495681 -0.433376 0.000000
vt -1.520800 -0.509734 0.000000
vt -1.520800 -0.590118 0.000000
vt -1.495681 -0.666476 0.000000
vt -1.447960 -0.731162 0.000000
vt -1.628134 -1.043233 0.000000
vt -1.733435 -0.945956 0.000000
vt -1.813107 -0.826778 0.000000
vt -1.862744 -0.692288 0.000000
vt -1.879600 -0.549926 0.000000
vt -1.862744 -0.407564 0.000000
vt -1.813107 -0.273075 0.000000
vt -1.733435 -0.153896 0.000000
vt -1.202025 -0.794662 0.000000
vt -1.021851 -1.106733 0.000000
vt -1.143149 -1.146182 0.000000
vt -1.270000 -1.159526 0.000000
vt -1.396851 -1.146182 0.000000
vt -1.518149 -1.106733 0.000000
vt -1.337975 -0.794662 0.000000
vt -1.292907 -0.802891 0.000000
vt -1.247093 -0.802891 0.000000
vt -0.606284 -0.613426 0.000000
vt -0.245934 -0.613426 0.000000
vt -0.230527 -0.656571 0.000000
vt -0.207621 -0.696246 0.000000
vt -0.177960 -0.731162 0.000000
vt -0.358134 -1.043233 0.000000
vt -0.452947 -0.957911 0.000000
vt -0.527929 -0.854726 0.000000
vt -0.579798 -0.738197 0.000000
vt 0.248149 -1.106733 0.000000
vt 0.126851 -1.146182 0.000000
vt -0.000000 -1.159526 0.000000
vt -0.126851 -1.146182 0.000000
vt -0.248149 -1.106733 0.000000
vt -0.067975 -0.794662 0.000000
vt -0.022907 -0.802891 0.000000
vt 0.022907 -0.802891 0.000000
vt 0.067975 -0.794662 0.000000
vt 0.028716 0.486426 0.000000
vt 0.389066 0.486426 0.000000
vt 0.404473 0.443281 0.000000
vt 0.427379 0.403606 0.000000
vt 0.457040 0.368691 0.000000
vt 0.276866 0.056619 0.000000
vt 0.182053 0.141942 0.000000
vt 0.107071 0.245126 0.000000
vt 0.055202 0.361655 0.000000
vt 1.447960 -0.368691 0.000000
vt 1.628134 -0.056619 0.000000
vt 1.733435 -0.153896 0.000000
vt 1.813107 -0.273075 0.000000
vt 1.862744 -0.407564 0.000000
vt 1.879600 -0.549926 0.000000
vt 1.862744 -0.692288 0.000000
vt 1.813107 -0.826778 0.000000
vt 1.733435 -0.945956 0.000000
vt 1.628134 -1.043233 0.000000
vt 1.447960 -0.731162 0.000000
vt 1.495681 -0.666476 0.000000
vt 1.520800 -0.590118 0.000000
vt 1.520800 -0.509734 0.000000
vt 1.495681 -0.433376 0.000000
vt 0.812960 0.368691 0.000000
vt 0.860681 0.433376 0.000000
vt 0.885800 0.509734 0.000000
vt 0.885800 0.590118 0.000000
vt 0.860681 0.666476 0.000000
vt 0.812960 0.731162 0.000000
vt 0.993134 1.043233 0.000000
vt 1.098435 0.945956 0.000000
vt 1.178107 0.826778 0.000000
vt 1.227744 0.692288 0.000000
vt 1.244600 0.549926 0.000000
vt 1.227744 0.407564 0.000000
vt 1.178107 0.273075 0.000000
vt 1.098435 0.153896 0.000000
vt 0.993134 0.056619 0.000000
vt 0.702975 0.305191 0.000000
vt 0.883149 -0.006881 0.000000
vt 0.761851 -0.046330 0.000000
vt 0.635000 -0.059674 0.000000
vt 0.508149 -0.046330 0.000000
vt 0.386851 -0.006881 0.000000
vt 0.567025 0.305191 0.000000
vt 0.612093 0.296961 0.000000
vt 0.657907 0.296961 0.000000
vt -0.567025 0.794662 0.000000
vt -0.612093 0.802891 0.000000
vt -0.657907 0.802891 0.000000
vt -0.702975 0.794662 0.000000
vt -0.883149 1.106733 0.000000
vt -0.761851 1.146182 0.000000
vt -0.635000 1.159526 0.000000
vt -0.508149 1.146182 0.000000
vt -0.386851 1.106733 0.000000
vt -0.883149 -0.006881 0.000000
vt -0.702975 0.305191 0.000000
vt -0.657907 0.296961 0.000000
vt -0.612093 0.296961 0.000000
vt -0.567025 0.305191 0.000000
vt -0.386851 -0.006881 0.000000
vt -0.508149 -0.046330 0.000000
vt -0.635000 -0.059674 0.000000
vt -0.761851 -0.046330 0.000000
vt 0.567025 0.794662 0.000000
vt 0.386851 1.106733 0.000000
vt 0.508149 1.146182 0.000000
vt 0.635000 1.159526 0.000000
vt 0.761851 1.146182 0.000000
vt 0.883149 1.106733 0.000000
vt 0.702975 0.794662 0.000000
vt 0.657907 0.802891 0.000000
vt 0.612093 0.802891 0.000000
vt -0.276866 1.043233 0.000000
vt -0.182053 0.957911 0.000000
vt -0.107071 0.854726 0.000000
vt -0.055202 0.738197 0.000000
vt -0.028716 0.613426 0.000000
vt -0.389066 0.613426 0.000000
vt -0.404473 0.656571 0.000000
vt -0.427379 0.696246 0.000000
vt -0.457040 0.731162 0.000000
vt -0.028716 0.486426 0.000000
vt -0.055202 0.361655 0.000000
vt -0.107071 0.245126 0.000000
vt -0.182053 0.141942 0.000000
vt -0.276866 0.056619 0.000000
vt -0.457040 0.368691 0.000000
vt -0.427379 0.403606 0.000000
vt -0.404473 0.443281 0.000000
vt -0.389066 0.486426 0.000000
vn 1.887477 0.000000 1.699715
vn 0.400091 0.076757 2.507117
vn -1.268596 0.119397 2.197273
vn -1.268596 0.119397 2.197273
vn -1.026153 0.117463 2.320520
vn -0.928816 0.116767 2.361200
vn -0.854484 0.116410 2.389122
vn 0.820398 0.074174 2.402716
vn 2.134075 0.000008 1.377434
vn 2.017214 0.000000 1.543518
vn -0.040060 0.095940 2.537871
vn 0.480280 0.078960 2.492929
vn 1.630661 0.024699 1.947289
vn -1.641798 0.116410 1.934566
vn -1.580451 0.116767 1.984978
vn -1.496553 0.117463 2.048934
vn -1.268596 0.119397 2.197273
vn -1.268596 0.119397 2.197273
vn -2.370295 0.076859 0.909611
vn -2.415735 0.000000 -0.784745
vn -2.345333 0.000000 -0.975200
vn -2.259930 0.000008 -1.159446
vn -2.490934 0.074189 0.491267
vn -2.177831 0.095940 1.303628
vn -2.399080 0.078960 0.830530
vn -2.501732 0.024699 -0.438549
vn -1.268596 0.119397 2.197273
vn -1.268596 0.119397 2.197273
vn -1.268596 0.119397 2.197273
vn 0.000000 2.540000 0.000000
vn 0.000000 2.540000 0.000000
vn 0.000000 2.540000 0.000000
vn 0.000000 2.540000 0.000000
vn 0.000000 2.540000 0.000000
vn 0.000000 2.540000 0.000000
vn 0.000000 2.540000 0.000000
vn 0.000000 2.540000 0.000000
vn 0.000000 2.540000 0.000000
vn 0.000000 2.540000 0.000000
vn 0.000000 2.540000 0.000000
vn 0.000000 2.540000 0.000000
vn 0.000000 2.540000 0.000000
vn 0.000000 2.540000 0.000000
vn 0.000000 2.540000 0.000000
vn 0.000000 2.540000 0.000000
vn 0.000000 2.540000 0.000000
vn 0.000000 2.540000 0.000000
vn 0.000000 2.540000 0.000000
vn 0.000000 2.540000 0.000000
vn 0.000000 2.540000 0.000000
vn 0.000000 2.540000 0.000000
vn 0.000000 2.540000 0.000000
vn 0.000000 2.540000 0.000000
vn 0.000000 2.540000 0.000000
vn 0.000000 2.540000 0.000000
vn -0.925527 0.000000 -2.365375
vn -1.463893 0.000000 -2.075721
vn -1.917456 0.000000 -1.665822
vn -2.259942 0.000000 -1.159423
vn -2.345333 0.000000 -0.975200
vn -2.415735 0.000000 -0.784745
vn -2.526091 0.000000 -0.265447
vn -2.526091 0.000000 0.265447
vn -2.415735 0.000000 0.784745
vn -2.345333 0.000000 0.975200
vn -2.259942 0.000000 1.159423
vn -1.917456 0.000000 1.665822
vn -1.463893 0.000000 2.075721
vn -0.925527 0.000000 2.365375
vn -0.921981 0.000000 2.366760
vn -0.921981 0.000000 2.366760
vn -0.392952 0.000000 2.509420
vn 0.154363 0.000000 2.535305
vn 0.694494 0.000000 2.443211
vn 1.202308 0.000000 2.237422
vn 1.654172 0.000000 1.927515
vn 1.852423 0.000000 1.737852
vn 2.029060 0.000000 1.527912
vn 2.182023 0.000000 1.300145
vn 2.309526 0.000000 1.057209
vn 2.410083 0.000000 0.801937
vn 2.482519 0.000000 0.537308
vn 2.482519 0.000000 0.537308
vn 2.279138 0.000000 1.121219
vn 1.940697 0.000000 1.638687
vn 1.487252 0.000000 2.059049
vn 0.945674 0.000000 2.357393
vn 0.348056 0.000000 2.516040
vn -0.270187 0.000000 2.525589
vn -0.872419 0.000000 2.385474
vn -1.422952 0.000000 2.103998
vn -1.889163 0.000000 1.697841
vn -2.243424 0.000000 1.191071
vn -2.464741 0.000000 0.613720
vn -2.540000 0.000000 0.000000
vn -2.464741 0.000000 -0.613720
vn -2.243424 0.000000 -1.191071
vn -1.889163 0.000000 -1.697841
vn -1.422952 0.000000 -2.103998
vn -0.872419 0.000000 -2.385474
vn -0.270187 0.000000 -2.525589
vn 0.348056 0.000000 -2.516040
vn 0.945674 0.000000 -2.357393
vn 1.487252 0.000000 -2.059049
vn 1.940697 0.000000 -1.638687
vn 2.279138 0.000000 -1.121219
vn 2.482519 0.000000 -0.537308
vn 2.482519 0.000000 -0.537308
vn 2.410083 0.000000 -0.801937
vn 2.309526 0.000000 -1.057209
vn 2.182023 0.000000 -1.300145
vn 2.029060 0.000000 -1.527912
vn 1.852423 0.000000 -1.737852
vn 1.654172 0.000000 -1.927515
vn 1.202308 0.000000 -2.237422
vn 0.694494 0.000000 -2.443211
vn 0.154363 0.000000 -2.535305
vn -0.392952 0.000000 -2.509420
vn -0.921981 0.000000 -2.366760
vn -0.921981 0.000000 -2.366760
vn -2.415735 0.000000 0.784745
vn -2.371272 0.076757 -0.907070
vn -1.268596 0.119397 -2.197273
vn -1.268596 0.119397 -2.197273
vn -1.496553 0.117463 -2.048934
vn -1.580451 0.116767 -1.984978
vn -1.641798 0.116410 -1.934566
vn -2.491012 0.074174 -0.490873
vn -2.259930 0.000008 1.159446
vn -2.345333 0.000000 0.975200
vn -2.177831 0.095940 -1.303628
vn -2.399080 0.078960 -0.830530
vn -2.501732 0.024699 0.438549
vn -0.854484 0.116410 -2.389122
vn -0.928816 0.116767 -2.361200
vn -1.026153 0.117463 -2.320520
vn -1.268596 0.119397 -2.197273
vn -1.268596 0.119397 -2.197273
vn 0.397401 0.076859 -2.507542
vn 1.887477 0.000000 -1.699715
vn 2.017214 0.000000 -1.543518
vn 2.134075 0.000008 -1.377434
vn 0.820017 0.074189 -2.402846
vn -0.040060 0.095940 -2.537871
vn 0.480280 0.078960 -2.492929
vn 1.630661 0.024699 -1.947289
vn -1.268596 0.119397 -2.197273
vn -1.268596 0.119397 -2.197273
vn -1.268596 0.119397 -2.197273
vn 2.511239 0.000000 0.381157
vn 2.529574 0.000000 -0.229908
vn 2.401372 0.000000 -0.827655
vn 2.134061 0.000000 -1.377456
vn 2.017214 0.000000 -1.543518
vn 1.887477 0.000000 -1.699715
vn 1.554963 0.000000 -2.008405
vn 1.172835 0.000000 -2.253011
vn 0.753284 0.000000 -2.425729
vn 0.753284 0.000000 -2.425729
vn 0.195694 0.000000 -2.532450
vn -0.371671 0.000000 -2.512660
vn -0.920470 0.000000 -2.367348
vn -1.423285 0.000000 -2.103773
vn -1.855000 0.000000 -1.735101
vn -2.037284 0.000000 -1.516929
vn -2.194045 0.000000 -1.279752
vn -2.323319 0.000000 -1.026542
vn -2.423486 0.000000 -0.760471
vn -2.493291 0.000000 -0.484873
vn -2.531859 0.000000 -0.203200
vn -2.535407 0.000000 -0.152673
vn -2.537263 0.000000 -0.117884
vn -2.537967 0.000000 -0.101600
vn -2.537967 0.000000 -0.101600
vn -2.532511 0.000000 0.194904
vn -2.492533 0.000000 0.488752
vn -2.418578 0.000000 0.775937
vn -2.418578 0.000000 0.775937
vn -2.534400 0.000000 0.168565
vn -2.500036 0.000000 -0.448796
vn -2.317522 0.000000 -1.039562
vn -1.997674 0.000000 -1.568725
vn -1.559446 0.000000 -2.004926
vn -1.028806 0.000000 -2.322318
vn -0.437200 0.000000 -2.502090
vn 0.180314 0.000000 -2.533592
vn 0.787143 0.000000 -2.414955
vn 1.347326 0.000000 -2.153210
vn 1.827668 0.000000 -1.763867
vn 2.199704 0.000000 -1.270000
vn 2.441388 0.000000 -0.700874
vn 2.538397 0.000000 -0.090214
vn 2.484984 0.000000 0.525792
vn 2.284312 0.000000 1.110639
vn 1.948274 0.000000 1.629671
vn 1.496783 0.000000 2.052131
vn 0.956594 0.000000 2.352983
vn 0.359718 0.000000 2.514399
vn -0.258474 0.000000 2.526814
vn -0.861349 0.000000 2.389493
vn -1.413182 0.000000 2.110573
vn -1.881271 0.000000 1.706582
vn -1.881271 0.000000 1.706582
vn -1.665028 0.000000 1.918146
vn -1.425165 0.000000 2.102500
vn -1.165085 0.000000 2.257028
vn -1.165085 0.000000 2.257028
vn -1.150655 0.000000 2.264419
vn -1.119643 0.000000 2.279912
vn -1.074186 0.000000 2.301679
vn -0.811265 0.000000 2.406959
vn -0.538258 0.000000 2.482313
vn -0.258559 0.000000 2.526806
vn 0.024355 0.000000 2.539883
vn 0.306966 0.000000 2.521383
vn 0.585761 0.000000 2.471535
vn 1.118127 0.000000 2.280656
vn 1.595059 0.000000 1.976711
vn 1.992915 0.000000 1.574767
vn 2.291968 0.000000 1.094751
vn 2.477394 0.000000 0.560462
vn 2.477394 0.000000 0.560462
vn -0.759823 0.252739 -2.410475
vn -0.762152 0.252739 -2.409740
vn -1.102001 0.252739 -2.274493
vn -1.418768 0.252739 -2.091607
vn -1.705820 0.252739 -1.864913
vn -1.795626 0.252739 -1.778609
vn -1.838988 0.252739 -1.733737
vn -1.847342 0.252739 -1.724833
vn -1.818352 0.252739 -1.755369
vn -1.799159 0.252739 -1.775035
vn -1.777184 0.252739 -1.797036
vn -1.758223 0.252739 -1.815593
vn -1.743437 0.252739 -1.829795
vn -1.732490 0.252739 -1.840164
vn -1.725043 0.252739 -1.847146
vn -1.715518 0.252739 -1.855996
vn -1.418093 0.252739 -2.092065
vn -1.088658 0.252739 -2.280909
vn -0.734649 0.252739 -2.418267
vn -0.723417 0.252739 -2.421650
vn -0.714515 0.252739 -2.424292
vn -0.701493 0.252739 -2.428092
vn -0.683995 0.252739 -2.433079
vn -0.662434 0.252739 -2.439037
vn -0.635644 0.252739 -2.446156
vn -0.611534 0.252739 -2.452295
vn -0.605161 0.252739 -2.453875
vn -0.600131 0.252739 -2.455110
vn -0.626070 0.252739 -2.448624
vn -0.678087 0.252739 -2.434732
vn -1.060607 0.252739 -2.294087
vn -1.060607 0.252739 -2.294087
vn -1.481572 0.252739 -2.047601
vn -1.481572 0.252739 -2.047601
vn -0.921981 0.000000 2.366760
vn -1.520615 0.000000 2.034535
vn -1.998606 0.000000 1.567537
vn -2.374414 0.000000 0.902084
vn -2.540000 0.000000 0.000000
vn -2.540000 0.000000 0.000000
vn -2.329623 0.000000 1.012154
vn -1.900600 0.000000 1.685028
vn -0.921981 0.000000 2.366760
vn -2.540000 0.000000 0.000000
vn -2.540000 0.000000 0.000000
vn -2.540000 0.000000 0.000000
vn -2.540000 0.000000 0.000000
vn -2.540000 0.000000 0.000734
vn -2.197953 0.000000 -1.273030
vn -1.772883 0.000000 -1.818925
vn -1.454606 0.000000 -2.082240
vn -1.206085 0.000000 -2.235388
vn -1.023641 0.000000 -2.324599
vn -0.898364 0.000000 -2.375825
vn -0.738848 0.000000 -2.430166
vn -0.738848 0.000000 -2.430166
vn -1.829227 0.000000 -1.762251
vn -2.306914 0.000000 -1.062896
vn -2.540000 0.000000 0.000734
vn -0.738313 0.000000 -2.430328
vn -1.094088 0.000000 -2.292285
vn -1.425166 0.000000 -2.102499
vn -1.724074 0.000000 -1.865253
vn -1.724074 0.000000 -1.865253
vn -2.095298 0.000000 -1.435732
vn -2.361849 0.000000 -0.934488
vn -2.510413 0.000000 -0.386560
vn -2.533566 0.000000 0.180678
vn -2.430152 0.000000 0.738891
vn -2.332356 0.000000 1.005842
vn -2.205339 0.000000 1.260191
vn -2.050693 0.000000 1.498753
vn -1.870355 0.000000 1.718538
vn -1.666586 0.000000 1.916792
vn -1.441936 0.000000 2.091033
vn -1.399954 0.000000 2.119370
vn -1.370753 0.000000 2.138372
vn -1.357003 0.000000 2.147124
vn -1.357003 0.000000 2.147124
vn -0.859272 0.000000 2.390241
vn -0.320673 0.000000 2.519676
vn 0.233177 0.000000 2.529274
vn 0.775937 0.000000 2.418578
vn 0.775937 0.000000 2.418578
vn 0.168565 0.000000 2.534400
vn -0.448796 0.000000 2.500036
vn -1.039562 0.000000 2.317522
vn -1.568725 0.000000 1.997674
vn -2.004926 0.000000 1.559446
vn -2.322318 0.000000 1.028806
vn -2.502090 0.000000 0.437200
vn -2.533592 0.000000 -0.180314
vn -2.414955 0.000000 -0.787143
vn -2.153210 0.000000 -1.347326
vn -1.763867 0.000000 -1.827668
vn -1.270000 0.000000 -2.199704
vn -0.700874 0.000000 -2.441388
vn -0.090214 0.000000 -2.538397
vn 0.525792 0.000000 -2.484984
vn 1.110639 0.000000 -2.284312
vn 1.629671 0.000000 -1.948274
vn 2.052131 0.000000 -1.496783
vn 2.352983 0.000000 -0.956594
vn 2.514399 0.000000 -0.359718
vn 2.526814 0.000000 0.258474
vn 2.389493 0.000000 0.861349
vn 2.110573 0.000000 1.413182
vn 1.706582 0.000000 1.881271
vn 1.706582 0.000000 1.881271
vn 1.921738 0.000000 1.660880
vn 2.108637 0.000000 1.416068
vn 2.264531 0.000000 1.150434
vn 2.407795 0.000000 0.808780
vn 2.499834 0.000000 0.449920
vn 2.538693 0.000000 0.081489
vn 2.523542 0.000000 -0.288676
vn 2.454706 0.000000 -0.652699
vn 2.333649 0.000000 -1.002838
vn 2.162945 0.000000 -1.331641
vn 1.946227 0.000000 -1.632115
vn 1.688104 0.000000 -1.897868
vn 1.394069 0.000000 -2.123245
vn 1.070377 0.000000 -2.303453
vn 0.723913 0.000000 -2.434656
vn 0.362048 0.000000 -2.514065
vn -0.007518 0.000000 -2.539989
vn -0.376925 0.000000 -2.511877
vn -0.738313 0.000000 -2.430328
vn -1.795626 0.252739 1.778609
vn -1.705820 0.252739 1.864913
vn -1.418768 0.252739 2.091607
vn -1.102001 0.252739 2.274493
vn -0.762152 0.252739 2.409740
vn -0.759823 0.252739 2.410475
vn -0.678251 0.252739 2.434687
vn -0.625553 0.252739 2.448756
vn -0.605161 0.252739 2.453875
vn -0.611534 0.252739 2.452295
vn -0.635644 0.252739 2.446156
vn -0.662434 0.252739 2.439037
vn -0.683995 0.252739 2.433079
vn -0.701491 0.252739 2.428092
vn -0.714516 0.252739 2.424292
vn -0.723417 0.252739 2.421650
vn -0.734649 0.252739 2.418267
vn -1.088658 0.252739 2.280909
vn -1.418093 0.252739 2.092064
vn -1.715518 0.252739 1.855996
vn -1.725049 0.252739 1.847141
vn -1.732491 0.252739 1.840163
vn -1.743441 0.252739 1.829791
vn -1.758221 0.252739 1.815594
vn -1.777185 0.252739 1.797035
vn -1.799160 0.252739 1.775034
vn -1.818352 0.252739 1.755369
vn -1.847342 0.252739 1.724833
vn -1.838989 0.252739 1.733737
vn -1.482970 0.252739 2.046588
vn -1.482970 0.252739 2.046588
vn -1.063740 0.252739 2.292636
vn -1.063740 0.252739 2.292636
vn -2.540000 0.000000 0.000000
vn -2.540000 0.000000 0.000000
vn -2.540000 0.000000 0.000000
vn -2.540000 0.000000 0.000000
vn -2.540000 0.000000 0.000000
vn -2.004532 0.000000 -1.559952
vn -1.518610 0.000000 -2.036032
vn -0.921981 0.000000 -2.366760
vn -0.921981 0.000000 -2.366760
vn -1.900062 0.000000 -1.685635
vn -2.329898 0.000000 -1.011522
vn -2.540000 0.000000 0.000000
vn 0.000000 2.540000 0.000000
vn 0.000000 2.540000 0.000000
vn 0.000000 2.540000 0.000000
vn 0.000000 2.540000 0.000000
vn 0.000000 2.540000 0.000000
vn 0.000000 2.540000 0.000000
vn 0.000000 2.540000 0.000000
vn 0.000000 2.540000 0.000000
vn 0.000000 2.540000 0.000000
vn 0.000000 2.540000 0.000000
vn 0.000000 2.540000 0.000000
vn 0.000000 2.540000 0.000000
vn 0.000000 2.540000 0.000000
vn 2.134061 0.000000 1.377456
vn 2.401372 0.000000 0.827655
vn 2.529574 0.000000 0.229908
vn 2.511239 0.000000 -0.381157
vn 2.477394 0.000000 -0.560462
vn 2.477394 0.000000 -0.560462
vn 2.291968 0.000000 -1.094751
vn 1.992915 0.000000 -1.574767
vn 1.595060 0.000000 -1.976711
vn 1.118127 0.000000 -2.280656
vn 0.585761 0.000000 -2.471535
vn 0.306967 0.000000 -2.521383
vn 0.024356 0.000000 -2.539883
vn -0.258558 0.000000 -2.526806
vn -0.538257 0.000000 -2.482313
vn -0.811265 0.000000 -2.406959
vn -1.074185 0.000000 -2.301679
vn -1.119688 0.000000 -2.279890
vn -1.150664 0.000000 -2.264414
vn -1.165085 0.000000 -2.257029
vn -1.165085 0.000000 -2.257029
vn -1.425164 0.000000 -2.102500
vn -1.665027 0.000000 -1.918146
vn -1.881271 0.000000 -1.706582
vn -1.881271 0.000000 -1.706582
vn -1.413182 0.000000 -2.110573
vn -0.861349 0.000000 -2.389493
vn -0.258474 0.000000 -2.526814
vn 0.359718 0.000000 -2.514399
vn 0.956594 0.000000 -2.352983
vn 1.496783 0.000000 -2.052131
vn 1.948274 0.000000 -1.629671
vn 2.284312 0.000000 -1.110639
vn 2.484984 0.000000 -0.525792
vn 2.538397 0.000000 0.090214
vn 2.441388 0.000000 0.700874
vn 2.199704 0.000000 1.270000
vn 1.827668 0.000000 1.763867
vn 1.347326 0.000000 2.153210
vn 0.787143 0.000000 2.414955
vn 0.180314 0.000000 2.533592
vn -0.437200 0.000000 2.502090
vn -1.028806 0.000000 2.322318
vn -1.559446 0.000000 2.004926
vn -1.997674 0.000000 1.568725
vn -2.317522 0.000000 1.039562
vn -2.500036 0.000000 0.448796
vn -2.534400 0.000000 -0.168565
vn -2.418578 0.000000 -0.775937
vn -2.418578 0.000000 -0.775937
vn -2.492533 0.000000 -0.488752
vn -2.532511 0.000000 -0.194904
vn -2.537967 0.000000 0.101600
vn -2.537967 0.000000 0.101600
vn -2.537261 0.000000 0.117926
vn -2.535404 0.000000 0.152726
vn -2.531859 0.000000 0.203200
vn -2.493291 0.000000 0.484873
vn -2.423486 0.000000 0.760471
vn -2.323319 0.000000 1.026542
vn -2.194045 0.000000 1.279752
vn -2.037284 0.000000 1.516929
vn -1.855000 0.000000 1.735101
vn -1.423285 0.000000 2.103773
vn -0.920470 0.000000 2.367348
vn -0.371671 0.000000 2.512660
vn 0.195694 0.000000 2.532450
vn 0.753284 0.000000 2.425729
vn 0.753284 0.000000 2.425729
vn 1.172835 0.000000 2.253011
vn 1.554963 0.000000 2.008405
vn 1.887477 0.000000 1.699715
vn 2.017214 0.000000 1.543518
vn 0.000000 2.540000 0.000000
vn 0.000000 2.540000 0.000000
vn 0.000000 2.540000 0.000000
vn 0.000000 2.540000 0.000000
vn 0.000000 2.540000 0.000000
vn 0.000000 2.540000 0.000000
vn 0.000000 2.540000 0.000000
vn 0.000000 2.540000 0.000000
vn 0.000000 2.540000 0.000000
vn 0.000000 2.540000 0.000000
vn 0.000000 2.540000 0.000000
vn 0.000000 2.540000 0.000000
vn 0.000000 2.540000 0.000000
vn -0.738898 0.000000 2.430150
vn -0.898387 0.000000 2.375816
vn -1.023630 0.000000 2.324604
vn -1.206094 0.000000 2.235383
vn -1.454581 0.000000 2.082257
vn -1.772875 0.000000 1.818932
vn -2.197964 0.000000 1.273011
vn -2.540000 0.000000 -0.000634
vn -2.540000 0.000000 -0.000634
vn -2.326688 0.000000 1.018883
vn -1.870646 0.000000 1.718221
vn -0.738898 0.000000 2.430150
vn -1.723159 0.000000 -1.866098
vn -1.613423 0.000000 -1.961751
vn -1.521842 0.000000 -2.033617
vn -1.375561 0.000000 -2.135282
vn -1.149318 0.000000 -2.265098
vn -0.777226 0.000000 -2.418165
vn -0.115793 0.000000 -2.537359
vn 1.271352 0.000000 -2.198923
vn 1.271352 0.000000 -2.198923
vn 0.176537 0.000000 -2.533858
vn -0.644827 0.000000 -2.456786
vn -1.723159 0.000000 -1.866098
vn 1.270032 0.000000 -2.199686
vn 1.270032 0.000000 -2.199686
vn 1.270032 0.000000 -2.199686
vn 1.270032 0.000000 -2.199686
vn 1.268296 0.000000 -2.200687
vn 2.418300 0.000000 -0.776803
vn 2.477625 0.000000 0.559441
vn 2.477625 0.000000 0.559441
vn 2.439826 0.000000 -0.706291
vn 2.069814 0.000000 -1.472233
vn 1.268296 0.000000 -2.200687
vn 2.540000 0.000000 0.001524
vn 2.282638 0.000000 -1.114076
vn 1.805200 0.000000 -1.786856
vn 0.754473 0.000000 -2.425360
vn 0.754473 0.000000 -2.425360
vn 1.831571 0.000000 -1.759815
vn 2.309908 0.000000 -1.056373
vn 2.540000 0.000000 0.001524
vn 2.540000 0.000000 0.000000
vn 2.540000 0.000000 0.000000
vn 2.540000 0.000000 0.000000
vn 2.540000 0.000000 0.000000
vn 0.754284 0.000000 2.425419
vn 2.024473 0.000000 1.533985
vn 2.539999 0.000000 -0.002004
vn 2.539999 0.000000 -0.002004
vn 2.309903 0.000000 1.056385
vn 1.831571 0.000000 1.759815
vn 0.754284 0.000000 2.425419
vn 2.477669 0.000000 -0.559248
vn 2.418291 0.000000 0.776834
vn 1.268712 0.000000 2.200448
vn 1.268712 0.000000 2.200448
vn 2.106142 0.000000 1.419776
vn 2.450059 0.000000 0.669933
vn 2.477669 0.000000 -0.559248
vn 1.270032 0.000000 2.199686
vn 1.270032 0.000000 2.199686
vn 1.270032 0.000000 2.199686
vn 1.270032 0.000000 2.199686
vn 1.271767 0.000000 2.198683
vn -0.115856 0.000000 2.537356
vn -0.777173 0.000000 2.418182
vn -1.149253 0.000000 2.265131
vn -1.375459 0.000000 2.135348
vn -1.521846 0.000000 2.033614
vn -1.613420 0.000000 1.961753
vn -1.723305 0.000000 1.865963
vn -1.723305 0.000000 1.865963
vn -0.316058 0.000000 2.520259
vn 1.271767 0.000000 2.198683
vn 0.898048 1.796051 -1.555413
vn 1.614481 1.581550 -1.159203
vn 2.159446 1.179151 -0.630869
vn 2.476953 0.002664 0.562404
vn 2.291467 -0.001897 1.095800
vn 1.993823 -0.002173 1.573616
vn 1.594613 -0.000225 1.977071
vn 1.117896 0.000186 2.280770
vn 0.585920 -0.000762 2.471497
vn 0.307133 -0.000109 2.521363
vn 0.022515 0.003256 2.539898
vn -0.258588 0.005235 2.526797
vn -0.535670 0.004192 2.482869
vn -0.807680 0.001475 2.408163
vn -1.073612 -0.000032 2.301947
vn -0.782126 1.404545 1.966502
vn -0.228397 2.335973 0.970909
vn 0.402197 2.483350 -0.350443
vn 0.898048 1.796051 -1.555413
vn 0.898048 1.796051 -1.555413
vn 0.898048 1.796051 -1.555413
vn 0.898048 1.796051 -1.555413
vn 0.898048 1.796051 -1.555413
vn 0.898048 1.796051 -1.555413
vn 0.898048 1.796051 -1.555413
vn 0.898048 1.796051 -1.555413
vn 0.898048 1.796051 -1.555413
vn 0.898048 1.796051 -1.555413
vn 2.278948 0.410884 1.043634
vn 1.472884 1.832854 -0.960654
vn 2.137755 0.440077 1.299207
vn 1.361952 2.004746 -0.760053
vn 1.762011 0.504825 1.758428
vn 2.461606 0.370677 0.504674
vn 2.408545 0.805995 0.029757
vn 2.191693 1.198511 -0.460056
vn 1.914719 1.450788 -0.825026
vn 1.462021 1.676705 -1.225870
vn 2.386338 0.388368 0.778564
vn 2.381242 0.842450 0.267517
vn 2.195523 1.246279 -0.279403
vn 1.929248 1.497910 -0.697041
vn 1.476844 1.708326 -1.162821
vn 2.241148 0.938406 0.740440
vn 2.138518 1.367511 0.090852
vn 1.912211 1.615298 -0.431118
vn 1.483718 1.786190 -1.029420
vn 1.484705 1.744420 -1.097384
vn 1.929429 1.552036 -0.565765
vn 2.178958 1.301757 -0.095769
vn 2.326479 0.885760 0.504503
vn 1.978492 1.061097 1.187957
vn 1.981132 1.522648 0.456352
vn 1.819906 1.764266 -0.164028
vn 1.450860 1.884349 -0.892096
vn 1.876375 1.686097 -0.296471
vn 2.073264 1.441174 0.276029
vn 2.125401 0.996797 0.969879
vn 1.964733 0.471212 1.539280
vn 1.263535 0.587592 2.123632
vn 1.576216 1.215949 1.577534
vn 1.696672 1.716558 0.791412
vn 1.627328 1.948338 0.085907
vn 1.414691 1.941795 -0.824426
vn 1.738038 1.851915 -0.035148
vn 1.856729 1.614748 0.629878
vn 1.796050 1.134615 1.392284
vn 1.528008 0.544230 1.954637
vn 0.787735 0.663320 2.321870
vn 1.148792 1.357600 1.813505
vn 1.362430 1.893169 1.005632
vn 1.384862 2.114703 0.248571
vn 1.238865 2.113086 -0.672073
vn 0.243192 0.748249 2.415074
vn 0.615301 1.509661 1.947801
vn 0.913789 2.079414 1.136938
vn 1.044728 2.288585 0.350032
vn 1.056878 2.226029 -0.615959
vn -0.341032 0.818038 2.380359
vn 0.003175 1.639291 1.940185
vn 0.371707 2.239742 1.138854
vn 0.621291 2.437918 0.349503
vn 0.822606 2.322606 -0.616784
vn 1.796051 1.796051 0.000000
vn 1.720347 1.353985 1.287918
vn 0.751348 0.002708 2.426328
vn 0.194463 -0.001933 2.532544
vn -0.370184 -0.002263 2.512879
vn -0.921007 -0.000217 2.367139
vn -1.423500 0.000187 2.103627
vn -1.854877 -0.000758 1.735232
vn -2.037204 -0.000085 1.517036
vn -2.194960 0.003353 1.278178
vn -2.323290 0.005311 1.026595
vn -2.422663 0.004198 0.763076
vn -2.492569 0.001426 0.488566
vn -2.531829 -0.000022 0.203571
vn -2.096739 1.405684 0.281673
vn -0.957633 2.337597 0.264911
vn 0.503036 2.484581 0.159404
vn 1.796051 1.796051 0.000000
vn 1.796051 1.796051 0.000000
vn 1.796051 1.796051 0.000000
vn 1.796051 1.796051 0.000000
vn 1.796051 1.796051 0.000000
vn 1.796051 1.796051 0.000000
vn 1.796051 1.796051 0.000000
vn 1.796051 1.796051 0.000000
vn 1.796051 1.796051 0.000000
vn 1.796051 1.796051 0.000000
vn 0.238483 0.416456 2.494251
vn 1.568980 1.833934 0.791575
vn -0.053914 0.446068 2.499943
vn 1.339983 2.005993 0.795007
vn -0.640889 0.512011 2.403894
vn 0.797300 0.375651 2.382184
vn 1.179648 0.808358 2.099188
vn 1.493758 1.198690 1.668362
vn 1.673427 1.453944 1.239875
vn 1.792833 1.677750 0.650002
vn 0.522134 0.393613 2.454393
vn 0.959688 0.845003 2.194668
vn 1.338704 1.246618 1.762219
vn 1.570159 1.501144 1.316345
vn 1.745762 1.709357 0.694271
vn 0.479113 0.941491 2.309902
vn 0.988337 1.368300 1.898037
vn 1.331929 1.618740 1.434310
vn 1.633897 1.787210 0.766721
vn 1.693139 1.745441 0.733700
vn 1.456861 1.555362 1.382030
vn 1.170816 1.302291 1.839790
vn 0.726618 0.888544 2.265859
vn -0.041186 1.065137 2.305512
vn 0.591491 1.524281 1.943787
vn 1.054838 1.768176 1.487437
vn 1.498661 1.885478 0.806589
vn 1.197575 1.689779 1.470395
vn 0.794522 1.442388 1.933870
vn 0.221821 1.000371 2.324146
vn -0.349043 0.477816 2.470114
vn -1.207823 0.596176 2.153448
vn -0.581061 1.221102 2.150088
vn 0.157471 1.719189 1.863113
vn 0.742469 1.952766 1.444662
vn 1.422040 1.942979 0.808848
vn 0.902482 1.856069 1.480586
vn 0.378203 1.616846 1.922075
vn -0.310042 1.139171 2.248947
vn -0.928517 0.552065 2.298843
vn -1.619017 0.673314 1.837671
vn -1.000640 1.363975 1.894701
vn -0.196835 1.896953 1.677625
vn 0.480302 2.119803 1.314285
vn 1.202172 2.114578 0.731397
vn -1.972656 0.759561 1.408296
vn -1.384122 1.516947 1.494885
vn -0.535600 2.083926 1.349809
vn 0.222843 2.293929 1.067629
vn 1.062808 2.227502 0.600229
vn -2.233775 0.829895 0.879275
vn -1.682096 1.646437 0.954672
vn -0.807075 2.243805 0.874970
vn 0.013395 2.442459 0.697004
vn 0.947396 2.323388 0.394849
vn 0.804400 0.000000 -2.409261
vn 0.747669 0.978235 -2.221631
vn 0.581808 1.802396 -1.692474
vn 0.322344 2.348861 -0.911343
vn 0.000000 2.540000 0.000000
vn 0.000000 2.540000 0.000000
vn 0.000000 2.540000 0.000000
vn 0.000000 2.540000 0.000000
vn 0.000000 2.540000 0.000000
vn 0.000000 2.540000 0.000000
vn 0.000000 2.540000 0.000000
vn 0.000000 2.540000 0.000000
vn 0.000000 2.540000 0.000000
vn 0.000000 2.540000 0.000000
vn 0.000000 2.540000 0.000000
vn 0.000000 2.540000 0.000000
vn 0.000000 2.540000 0.000000
vn 0.000000 2.540000 0.000000
vn 0.000000 2.540000 0.000000
vn 0.000000 2.540000 0.000000
vn 0.000000 2.540000 0.000000
vn 0.000000 2.540000 0.000000
vn 0.000000 2.540000 0.000000
vn 0.000000 2.540000 0.000000
vn 0.000000 2.540000 0.000000
vn 0.000000 2.540000 0.000000
vn 0.628074 2.348861 -0.734830
vn 1.174822 1.802396 -1.350097
vn 1.550155 0.978235 -1.758316
vn 1.684282 0.000000 -1.901261
vn 2.162998 0.000000 -1.331556
vn 2.456066 0.000000 -0.647565
vn 2.538333 0.000000 0.092006
vn 2.402738 0.000000 0.823680
vn 2.060919 0.000000 1.484659
vn 1.542214 0.000000 2.018211
vn 0.891142 0.000000 2.378543
vn 0.163585 0.000000 2.534727
vn -0.578013 0.000000 2.473358
vn -1.270000 0.000000 2.199704
vn -1.852985 0.000000 1.737253
vn -2.276930 0.000000 1.125695
vn -2.505450 0.000000 0.417519
vn -2.518929 0.000000 -0.326491
vn -2.316212 0.000000 -1.042479
vn -1.914697 0.000000 -1.668992
vn -1.348846 0.000000 -2.152258
vn -0.667225 0.000000 -2.450798
vn 0.071663 0.000000 -2.538989
vn 0.814928 1.270000 2.043182
vn -0.771228 2.199704 1.009013
vn -2.176911 1.270000 0.315843
vn 0.115856 2.199704 -1.264704
vn 0.200669 1.270000 -2.190532
vn -0.210705 2.199704 -1.252399
vn -0.364952 1.270000 -2.169219
vn -0.523316 2.199704 -1.157169
vn -0.906410 1.270000 -2.004276
vn -0.801276 2.199704 -0.985320
vn -1.387851 1.270000 -1.706625
vn -1.026182 2.199704 -0.748231
vn -1.777400 1.270000 -1.295974
vn -1.183142 2.199704 -0.461600
vn -2.049262 1.270000 -0.799514
vn -1.261764 2.199704 -0.144405
vn -2.185439 1.270000 -0.250116
vn -1.256840 2.199704 0.182352
vn -1.168699 2.199704 0.497034
vn -2.024246 1.270000 0.860889
vn -1.003175 2.199704 0.778807
vn -1.737550 1.270000 1.348933
vn -1.335806 1.270000 1.747662
vn -0.172879 2.199704 1.258178
vn -0.299436 1.270000 2.179229
vn -0.845616 1.270000 2.030673
vn -0.488217 2.199704 1.172410
vn 0.153905 2.199704 1.260640
vn 0.266571 1.270000 2.183493
vn 0.470499 2.199704 1.179632
vn 0.755940 2.199704 1.020517
vn 1.309326 1.270000 1.767587
vn 0.991328 2.199704 0.793831
vn 1.717031 1.270000 1.374956
vn 1.161078 2.199704 0.514584
vn 2.011047 1.270000 0.891286
vn 1.253951 2.199704 0.201265
vn 2.171906 1.270000 0.348602
vn 1.263796 2.199704 -0.125380
vn 2.188959 1.270000 -0.217164
vn 1.189962 2.199704 -0.443723
vn 2.061075 1.270000 -0.768551
vn 1.037338 2.199704 -0.732687
vn 1.796722 1.270000 -1.269051
vn 0.000000 2.540000 0.000000
vn 0.000000 2.540000 0.000000
vn 0.000000 2.540000 0.000000
vn 0.000000 2.540000 0.000000
vn 0.000000 2.540000 0.000000
vn 0.000000 2.540000 0.000000
vn 0.000000 2.540000 0.000000
vn 0.000000 2.540000 0.000000
vn 0.000000 2.540000 0.000000
vn 0.000000 2.540000 0.000000
vn 0.000000 2.540000 0.000000
vn 0.000000 2.540000 0.000000
vn 0.000000 2.540000 0.000000
vn 0.000000 2.540000 0.000000
vn 0.000000 2.540000 0.000000
vn 0.000000 2.540000 0.000000
vn 0.000000 2.540000 0.000000
vn 0.000000 2.540000 0.000000
vn 0.000000 2.540000 0.000000
vn 0.000000 2.540000 0.000000
vn 0.000000 2.540000 0.000000
vn 0.000000 2.540000 0.000000
vn 0.000000 2.540000 0.000000
vn 0.000000 2.540000 0.000000
vn 0.000000 2.540000 0.000000
vn 0.000000 2.540000 0.000000
vn 0.000000 2.540000 0.000000
vn 0.000000 2.540000 0.000000
vn 0.000000 2.540000 0.000000
vn 0.000000 2.540000 0.000000
vn 0.000000 2.540000 0.000000
vn 0.000000 2.540000 0.000000
vn 0.000000 2.540000 0.000000
vn 0.000000 2.540000 0.000000
vn 0.000000 2.540000 0.000000
vn 0.000000 2.540000 0.000000
vn 0.000000 2.540000 0.000000
vn 0.000000 2.540000 0.000000
vn 0.000000 2.540000 0.000000
vn 0.000000 2.540000 0.000000
vn 0.000000 2.540000 0.000000
vn 0.000000 2.540000 0.000000
vn 0.000000 2.540000 0.000000
vn 0.000000 2.540000 0.000000
vn 0.000000 2.540000 0.000000
vn 0.000000 2.540000 0.000000
vn 0.000000 2.540000 0.000000
vn 0.000000 2.540000 0.000000
vn 0.000000 2.540000 0.000000
vn 0.000000 2.540000 0.000000
vn 0.000000 2.540000 0.000000
vn 0.000000 2.540000 0.000000
vn 0.000000 2.540000 0.000000
vn 0.000000 2.540000 0.000000
vn 0.000000 2.540000 0.000000
vn 0.000000 2.540000 0.000000
vn 0.000000 2.540000 0.000000
vn 0.000000 2.540000 0.000000
vn 0.000000 2.540000 0.000000
vn 0.000000 2.540000 0.000000
vn 0.000000 2.540000 0.000000
vn 0.000000 2.540000 0.000000
vn 0.000000 2.540000 0.000000
vn 0.000000 2.540000 0.000000
vn 0.000000 2.540000 0.000000
vn 0.000000 2.540000 0.000000
vn 0.000000 2.540000 0.000000
vn -2.199704 0.000000 -1.270000
vn -2.199704 0.000000 -1.270000
vn -2.199704 0.000000 -1.270000
vn -2.199704 0.000000 -1.270000
vn -2.199704 0.000000 -1.270000
vn -2.199704 0.000000 -1.270000
vn -2.199704 0.000000 -1.270000
vn -2.199704 0.000000 -1.270000
vn -2.409261 0.000000 -0.804400
vn -2.221631 0.978235 -0.747669
vn -1.692474 1.802396 -0.581808
vn -0.911343 2.348861 -0.322344
vn 0.000000 2.540000 0.000000
vn 0.000000 2.540000 0.000000
vn 0.000000 2.540000 0.000000
vn 0.000000 2.540000 0.000000
vn 0.000000 2.540000 0.000000
vn 0.000000 2.540000 0.000000
vn 0.000000 2.540000 0.000000
vn 0.000000 2.540000 0.000000
vn 0.000000 2.540000 0.000000
vn 0.000000 2.540000 0.000000
vn 0.000000 2.540000 0.000000
vn 0.000000 2.540000 0.000000
vn 0.000000 2.540000 0.000000
vn 0.000000 2.540000 0.000000
vn 0.000000 2.540000 0.000000
vn 0.000000 2.540000 0.000000
vn 0.000000 2.540000 0.000000
vn 0.000000 2.540000 0.000000
vn 0.000000 2.540000 0.000000
vn 0.000000 2.540000 0.000000
vn 0.000000 2.540000 0.000000
vn 0.000000 2.540000 0.000000
vn -0.734830 2.348861 -0.628074
vn -1.350097 1.802396 -1.174822
vn -1.758316 0.978235 -1.550155
vn -1.901261 0.000000 -1.684282
vn -1.331556 0.000000 -2.162998
vn -0.647565 0.000000 -2.456066
vn 0.092006 0.000000 -2.538333
vn 0.823680 0.000000 -2.402738
vn 1.484659 0.000000 -2.060919
vn 2.018211 0.000000 -1.542214
vn 2.378543 0.000000 -0.891142
vn 2.534727 0.000000 -0.163585
vn 2.473358 0.000000 0.578013
vn 2.199704 0.000000 1.270000
vn 1.737253 0.000000 1.852985
vn 1.125695 0.000000 2.276930
vn 0.417519 0.000000 2.505450
vn -0.326491 0.000000 2.518929
vn -1.042479 0.000000 2.316212
vn -1.668992 0.000000 1.914697
vn -2.152258 0.000000 1.348846
vn -2.450798 0.000000 0.667225
vn -2.538989 0.000000 -0.071663
vn 2.043182 1.270000 -0.814928
vn 1.009013 2.199704 0.771228
vn 0.315843 1.270000 2.176911
vn -1.264704 2.199704 -0.115856
vn -2.190532 1.270000 -0.200669
vn -1.252399 2.199704 0.210705
vn -2.169219 1.270000 0.364952
vn -1.157169 2.199704 0.523316
vn -2.004276 1.270000 0.906410
vn -0.985320 2.199704 0.801276
vn -1.706625 1.270000 1.387851
vn -0.748231 2.199704 1.026182
vn -1.295974 1.270000 1.777400
vn -0.461600 2.199704 1.183142
vn -0.799514 1.270000 2.049262
vn -0.144405 2.199704 1.261764
vn -0.250116 1.270000 2.185439
vn 0.182352 2.199704 1.256840
vn 0.497034 2.199704 1.168699
vn 0.860889 1.270000 2.024246
vn 0.778807 2.199704 1.003175
vn 1.348933 1.270000 1.737550
vn 1.747662 1.270000 1.335806
vn 1.258178 2.199704 0.172879
vn 2.179229 1.270000 0.299436
vn 2.030673 1.270000 0.845616
vn 1.172410 2.199704 0.488217
vn 1.260640 2.199704 -0.153905
vn 2.183493 1.270000 -0.266571
vn 1.179632 2.199704 -0.470499
vn 1.020517 2.199704 -0.755940
vn 1.767587 1.270000 -1.309326
vn 0.793831 2.199704 -0.991328
vn 1.374956 1.270000 -1.717031
vn 0.514584 2.199704 -1.161078
vn 0.891286 1.270000 -2.011047
vn 0.201265 2.199704 -1.253951
vn 0.348602 1.270000 -2.171906
vn -0.125380 2.199704 -1.263796
vn -0.217164 1.270000 -2.188959
vn -0.443723 2.199704 -1.189962
vn -0.768551 1.270000 -2.061075
vn -0.732687 2.199704 -1.037338
vn -1.269051 1.270000 -1.796722
vn 0.000000 2.540000 0.000000
vn 0.000000 2.540000 0.000000
vn 0.000000 2.540000 0.000000
vn 0.000000 2.540000 0.000000
vn 0.000000 2.540000 0.000000
vn 0.000000 2.540000 0.000000
vn 0.000000 2.540000 0.000000
vn 0.000000 2.540000 0.000000
vn 0.000000 2.540000 0.000000
vn 0.000000 2.540000 0.000000
vn 0.000000 2.540000 0.000000
vn 0.000000 2.540000 0.000000
vn 0.000000 2.540000 0.000000
vn 0.000000 2.540000 0.000000
vn 0.000000 2.540000 0.000000
vn 0.000000 2.540000 0.000000
vn 0.000000 2.540000 0.000000
vn 0.000000 2.540000 0.000000
vn 0.000000 2.540000 0.000000
vn 0.000000 2.540000 0.000000
vn 0.000000 2.540000 0.000000
vn 0.000000 2.540000 0.000000
vn 0.000000 2.540000 0.000000
vn 0.000000 2.540000 0.000000
vn 0.000000 2.540000 0.000000
vn 0.000000 2.540000 0.000000
vn 0.000000 2.540000 0.000000
vn 0.000000 2.540000 0.000000
vn 0.000000 2.540000 0.000000
vn 0.000000 2.540000 0.000000
vn 0.000000 2.540000 0.000000
vn 0.000000 2.540000 0.000000
vn 0.000000 2.540000 0.000000
vn 0.000000 2.540000 0.000000
vn 0.000000 2.540000 0.000000
vn 0.000000 2.540000 0.000000
vn 0.000000 2.540000 0.000000
vn 0.000000 2.540000 0.000000
vn 0.000000 2.540000 0.000000
vn 0.000000 2.540000 0.000000
vn 0.000000 2.540000 0.000000
vn 0.000000 2.540000 0.000000
vn 0.000000 2.540000 0.000000
vn 0.000000 2.540000 0.000000
vn 0.000000 2.540000 0.000000
vn 0.000000 2.540000 0.000000
vn 0.000000 2.540000 0.000000
vn 0.000000 2.540000 0.000000
vn 0.000000 2.540000 0.000000
vn 0.000000 2.540000 0.000000
vn 0.000000 2.540000 0.000000
vn 0.000000 2.540000 0.000000
vn 0.000000 2.540000 0.000000
vn 0.000000 2.540000 0.000000
vn 0.000000 2.540000 0.000000
vn 0.000000 2.540000 0.000000
vn 0.000000 2.540000 0.000000
vn 0.000000 2.540000 0.000000
vn 0.000000 2.540000 0.000000
vn 0.000000 2.540000 0.000000
vn 0.000000 2.540000 0.000000
vn 0.000000 2.540000 0.000000
vn 0.000000 2.540000 0.000000
vn 0.000000 2.540000 0.000000
vn 0.000000 2.540000 0.000000
vn 0.000000 2.540000 0.000000
vn 0.000000 2.540000 0.000000
vn -1.270000 0.000000 2.199704
vn -1.270000 0.000000 2.199704
vn -1.270000 0.000000 2.199704
vn -1.270000 0.000000 2.199704
vn -1.270000 0.000000 2.199704
vn -1.270000 0.000000 2.199704
vn -1.270000 0.000000 2.199704
vn -1.270000 0.000000 2.199704
vn -1.901261 0.000000 1.684282
vn -1.758316 0.978235 1.550155
vn -1.350097 1.802396 1.174822
vn -0.734830 2.348861 0.628074
vn 0.000000 2.540000 0.000000
vn 0.000000 2.540000 0.000000
vn 0.000000 2.540000 0.000000
vn 0.000000 2.540000 0.000000
vn 0.000000 2.540000 0.000000
vn 0.000000 2.540000 0.000000
vn 0.000000 2.540000 0.000000
vn 0.000000 2.540000 0.000000
vn 0.000000 2.540000 0.000000
vn 0.000000 2.540000 0.000000
vn 0.000000 2.540000 0.000000
vn 0.000000 2.540000 0.000000
vn 0.000000 2.540000 0.000000
vn 0.000000 2.540000 0.000000
vn 0.000000 2.540000 0.000000
vn 0.000000 2.540000 0.000000
vn 0.000000 2.540000 0.000000
vn 0.000000 2.540000 0.000000
vn 0.000000 2.540000 0.000000
vn 0.000000 2.540000 0.000000
vn 0.000000 2.540000 0.000000
vn 0.000000 2.540000 0.000000
vn -0.911343 2.348861 0.322344
vn -1.692474 1.802396 0.581808
vn -2.221631 0.978235 0.747669
vn -2.409261 0.000000 0.804400
vn -2.538989 0.000000 0.071663
vn -2.450798 0.000000 -0.667225
vn -2.152258 0.000000 -1.348846
vn -1.668992 0.000000 -1.914697
vn -1.042479 0.000000 -2.316212
vn -0.326491 0.000000 -2.518929
vn 0.417519 0.000000 -2.505450
vn 1.125695 0.000000 -2.276930
vn 1.737253 0.000000 -1.852985
vn 2.199704 0.000000 -1.270000
vn 2.473358 0.000000 -0.578013
vn 2.534727 0.000000 0.163585
vn 2.378543 0.000000 0.891142
vn 2.018211 0.000000 1.542214
vn 1.484659 0.000000 2.060919
vn 0.823680 0.000000 2.402738
vn 0.092006 0.000000 2.538333
vn -0.647565 0.000000 2.456066
vn -1.331556 0.000000 2.162998
vn 0.315843 1.270000 -2.176911
vn 1.172410 2.199704 -0.488217
vn 2.043182 1.270000 0.814928
vn -0.732687 2.199704 1.037338
vn -1.269051 1.270000 1.796722
vn -0.443723 2.199704 1.189962
vn -0.768551 1.270000 2.061075
vn -0.125380 2.199704 1.263796
vn -0.217164 1.270000 2.188959
vn 0.201265 2.199704 1.253951
vn 0.348602 1.270000 2.171906
vn 0.514584 2.199704 1.161078
vn 0.891286 1.270000 2.011047
vn 0.793831 2.199704 0.991328
vn 1.374956 1.270000 1.717031
vn 1.020517 2.199704 0.755940
vn 1.767587 1.270000 1.309326
vn 1.179632 2.199704 0.470499
vn 1.260640 2.199704 0.153905
vn 2.183493 1.270000 0.266571
vn 1.258178 2.199704 -0.172879
vn 2.179229 1.270000 -0.299436
vn 2.030673 1.270000 -0.845616
vn 0.778807 2.199704 -1.003175
vn 1.348933 1.270000 -1.737550
vn 1.747662 1.270000 -1.335806
vn 1.009013 2.199704 -0.771228
vn 0.497034 2.199704 -1.168699
vn 0.860889 1.270000 -2.024246
vn 0.182352 2.199704 -1.256840
vn -0.144405 2.199704 -1.261764
vn -0.250116 1.270000 -2.185439
vn -0.461600 2.199704 -1.183142
vn -0.799514 1.270000 -2.049262
vn -0.748231 2.199704 -1.026182
vn -1.295974 1.270000 -1.777400
vn -0.985320 2.199704 -0.801276
vn -1.706625 1.270000 -1.387851
vn -1.157169 2.199704 -0.523316
vn -2.004276 1.270000 -0.906410
vn -1.252399 2.199704 -0.210705
vn -2.169219 1.270000 -0.364952
vn -1.264704 2.199704 0.115856
vn -2.190532 1.270000 0.200669
vn 0.000000 2.540000 0.000000
vn 0.000000 2.540000 0.000000
vn 0.000000 2.540000 0.000000
vn 0.000000 2.540000 0.000000
vn 0.000000 2.540000 0.000000
vn 0.000000 2.540000 0.000000
vn 0.000000 2.540000 0.000000
vn 0.000000 2.540000 0.000000
vn 0.000000 2.540000 0.000000
vn 0.000000 2.540000 0.000000
vn 0.000000 2.540000 0.000000
vn 0.000000 2.540000 0.000000
vn 0.000000 2.540000 0.000000
vn 0.000000 2.540000 0.000000
vn 0.000000 2.540000 0.000000
vn 0.000000 2.540000 0.000000
vn 0.000000 2.540000 0.000000
vn 0.000000 2.540000 0.000000
vn 0.000000 2.540000 0.000000
vn 0.000000 2.540000 0.000000
vn 0.000000 2.540000 0.000000
vn 0.000000 2.540000 0.000000
vn 0.000000 2.540000 0.000000
vn 0.000000 2.540000 0.000000
vn 0.000000 2.540000 0.000000
vn 0.000000 2.540000 0.000000
vn 0.000000 2.540000 0.000000
vn 0.000000 2.540000 0.000000
vn 0.000000 2.540000 0.000000
vn 0.000000 2.540000 0.000000
vn 0.000000 2.540000 0.000000
vn 0.000000 2.540000 0.000000
vn 0.000000 2.540000 0.000000
vn 0.000000 2.540000 0.000000
vn 0.000000 2.540000 0.000000
vn 0.000000 2.540000 0.000000
vn 0.000000 2.540000 0.000000
vn 0.000000 2.540000 0.000000
vn 0.000000 2.540000 0.000000
vn 0.000000 2.540000 0.000000
vn 0.000000 2.540000 0.000000
vn 0.000000 2.540000 0.000000
vn 0.000000 2.540000 0.000000
vn 0.000000 2.540000 0.000000
vn 0.000000 2.540000 0.000000
vn 0.000000 2.540000 0.000000
vn 0.000000 2.540000 0.000000
vn 0.000000 2.540000 0.000000
vn 0.000000 2.540000 0.000000
vn 0.000000 2.540000 0.000000
vn 0.000000 2.540000 0.000000
vn 0.000000 2.540000 0.000000
vn 0.000000 2.540000 0.000000
vn 0.000000 2.540000 0.000000
vn 0.000000 2.540000 0.000000
vn 0.000000 2.540000 0.000000
vn 0.000000 2.540000 0.000000
vn 0.000000 2.540000 0.000000
vn 0.000000 2.540000 0.000000
vn 0.000000 2.540000 0.000000
vn 0.000000 2.540000 0.000000
vn 0.000000 2.540000 0.000000
vn 0.000000 2.540000 0.000000
vn 0.000000 2.540000 0.000000
vn 0.000000 2.540000 0.000000
vn 0.000000 2.540000 0.000000
vn 0.000000 2.540000 0.000000
vn 1.270000 0.000000 2.199704
vn 1.270000 0.000000 2.199704
vn 1.270000 0.000000 2.199704
vn 1.270000 0.000000 2.199704
vn 1.270000 0.000000 2.199704
vn 1.270000 0.000000 2.199704
vn 1.270000 0.000000 2.199704
vn 1.270000 0.000000 2.199704
vn 1.684282 0.000000 1.901261
vn 1.550155 0.978235 1.758316
vn 1.174822 1.802396 1.350097
vn 0.628074 2.348861 0.734830
vn 0.000000 2.540000 0.000000
vn 0.000000 2.540000 0.000000
vn 0.000000 2.540000 0.000000
vn 0.000000 2.540000 0.000000
vn 0.000000 2.540000 0.000000
vn 0.000000 2.540000 0.000000
vn 0.000000 2.540000 0.000000
vn 0.000000 2.540000 0.000000
vn 0.000000 2.540000 0.000000
vn 0.000000 2.540000 0.000000
vn 0.000000 2.540000 0.000000
vn 0.000000 2.540000 0.000000
vn 0.000000 2.540000 0.000000
vn 0.000000 2.540000 0.000000
vn 0.000000 2.540000 0.000000
vn 0.000000 2.540000 0.000000
vn 0.000000 2.540000 0.000000
vn 0.000000 2.540000 0.000000
vn 0.000000 2.540000 0.000000
vn 0.000000 2.540000 0.000000
vn 0.000000 2.540000 0.000000
vn 0.000000 2.540000 0.000000
vn 0.322344 2.348861 0.911343
vn 0.581808 1.802396 1.692474
vn 0.747669 0.978235 2.221631
vn 0.804400 0.000000 2.409261
vn 0.071663 0.000000 2.538989
vn -0.667225 0.000000 2.450798
vn -1.348846 0.000000 2.152258
vn -1.914697 0.000000 1.668992
vn -2.316212 0.000000 1.042479
vn -2.518929 0.000000 0.326491
vn -2.505450 0.000000 -0.417519
vn -2.276930 0.000000 -1.125695
vn -1.852985 0.000000 -1.737253
vn -1.270000 0.000000 -2.199704
vn -0.578013 0.000000 -2.473358
vn 0.163585 0.000000 -2.534727
vn 0.891142 0.000000 -2.378543
vn 1.542214 0.000000 -2.018211
vn 2.060919 0.000000 -1.484659
vn 2.402738 0.000000 -0.823680
vn 2.538333 0.000000 -0.092006
vn 2.456066 0.000000 0.647565
vn 2.162998 0.000000 1.331556
vn -2.176911 1.270000 -0.315843
vn -0.488217 2.199704 -1.172410
vn 0.814928 1.270000 -2.043182
vn 1.037338 2.199704 0.732687
vn 1.796722 1.270000 1.269051
vn 1.189962 2.199704 0.443723
vn 2.061075 1.270000 0.768551
vn 1.263796 2.199704 0.125380
vn 2.188959 1.270000 0.217164
vn 1.253951 2.199704 -0.201265
vn 2.171906 1.270000 -0.348602
vn 1.161078 2.199704 -0.514584
vn 2.011047 1.270000 -0.891286
vn 0.991328 2.199704 -0.793831
vn 1.717031 1.270000 -1.374956
vn 0.755940 2.199704 -1.020517
vn 1.309326 1.270000 -1.767587
vn 0.470499 2.199704 -1.179632
vn 0.153905 2.199704 -1.260640
vn 0.266571 1.270000 -2.183493
vn -0.172879 2.199704 -1.258178
vn -0.299436 1.270000 -2.179229
vn -0.845616 1.270000 -2.030673
vn -1.003175 2.199704 -0.778807
vn -1.737550 1.270000 -1.348933
vn -1.335806 1.270000 -1.747662
vn -0.771228 2.199704 -1.009013
vn -1.168699 2.199704 -0.497034
vn -2.024246 1.270000 -0.860889
vn -1.256840 2.199704 -0.182352
vn -1.261764 2.199704 0.144405
vn -2.185439 1.270000 0.250116
vn -1.183142 2.199704 0.461600
vn -2.049262 1.270000 0.799514
vn -1.026182 2.199704 0.748231
vn -1.777400 1.270000 1.295974
vn -0.801276 2.199704 0.985320
vn -1.387851 1.270000 1.706625
vn -0.523316 2.199704 1.157169
vn -0.906410 1.270000 2.004276
vn -0.210705 2.199704 1.252399
vn -0.364952 1.270000 2.169219
vn 0.115856 2.199704 1.264704
vn 0.200669 1.270000 2.190532
vn 0.000000 2.540000 0.000000
vn 0.000000 2.540000 0.000000
vn 0.000000 2.540000 0.000000
vn 0.000000 2.540000 0.000000
vn 0.000000 2.540000 0.000000
vn 0.000000 2.540000 0.000000
vn 0.000000 2.540000 0.000000
vn 0.000000 2.540000 0.000000
vn 0.000000 2.540000 0.000000
vn 0.000000 2.540000 0.000000
vn 0.000000 2.540000 0.000000
vn 0.000000 2.540000 0.000000
vn 0.000000 2.540000 0.000000
vn 0.000000 2.540000 0.000000
vn 0.000000 2.540000 0.000000
vn 0.000000 2.540000 0.000000
vn 0.000000 2.540000 0.000000
vn 0.000000 2.540000 0.000000
vn 0.000000 2.540000 0.000000
vn 0.000000 2.540000 0.000000
vn 0.000000 2.540000 0.000000
vn 0.000000 2.540000 0.000000
vn 0.000000 2.540000 0.000000
vn 0.000000 2.540000 0.000000
vn 0.000000 2.540000 0.000000
vn 0.000000 2.540000 0.000000
vn 0.000000 2.540000 0.000000
vn 0.000000 2.540000 0.000000
vn 0.000000 2.540000 0.000000
vn 0.000000 2.540000 0.000000
vn 0.000000 2.540000 0.000000
vn 0.000000 2.540000 0.000000
vn 0.000000 2.540000 0.000000
vn 0.000000 2.540000 0.000000
vn 0.000000 2.540000 0.000000
vn 0.000000 2.540000 0.000000
vn 0.000000 2.540000 0.000000
vn 0.000000 2.540000 0.000000
vn 0.000000 2.540000 0.000000
vn 0.000000 2.540000 0.000000
vn 0.000000 2.540000 0.000000
vn 0.000000 2.540000 0.000000
vn 0.000000 2.540000 0.000000
vn 0.000000 2.540000 0.000000
vn 0.000000 2.540000 0.000000
vn 0.000000 2.540000 0.000000
vn 0.000000 2.540000 0.000000
vn 0.000000 2.540000 0.000000
vn 0.000000 2.540000 0.000000
vn 0.000000 2.540000 0.000000
vn 0.000000 2.540000 0.000000
vn 0.000000 2.540000 0.000000
vn 0.000000 2.540000 0.000000
vn 0.000000 2.540000 0.000000
vn 0.000000 2.540000 0.000000
vn 0.000000 2.540000 0.000000
vn 0.000000 2.540000 0.000000
vn 0.000000 2.540000 0.000000
vn 0.000000 2.540000 0.000000
vn 0.000000 2.540000 0.000000
vn 0.000000 2.540000 0.000000
vn 0.000000 2.540000 0.000000
vn 0.000000 2.540000 0.000000
vn 0.000000 2.540000 0.000000
vn 0.000000 2.540000 0.000000
vn 0.000000 2.540000 0.000000
vn 0.000000 2.540000 0.000000
vn 2.199704 0.000000 -1.270000
vn 2.199704 0.000000 -1.270000
vn 2.199704 0.000000 -1.270000
vn 2.199704 0.000000 -1.270000
vn 2.199704 0.000000 -1.270000
vn 2.199704 0.000000 -1.270000
vn 2.199704 0.000000 -1.270000
vn 2.199704 0.000000 -1.270000
vn 2.488682 0.000000 -0.508000
vn 2.297824 0.978235 -0.463315
vn 1.756629 1.802396 -0.342377
vn 0.950419 2.348861 -0.176513
vn 0.000000 2.540000 0.000000
vn 0.000000 2.540000 0.000000
vn 0.000000 2.540000 0.000000
vn 0.000000 2.540000 0.000000
vn 0.000000 2.540000 0.000000
vn 0.000000 2.540000 0.000000
vn 0.000000 2.540000 0.000000
vn 0.000000 2.540000 0.000000
vn 0.000000 2.540000 0.000000
vn 0.000000 2.540000 0.000000
vn 0.000000 2.540000 0.000000
vn 0.000000 2.540000 0.000000
vn 0.000000 2.540000 0.000000
vn 0.000000 2.540000 0.000000
vn 0.000000 2.540000 0.000000
vn 0.000000 2.540000 0.000000
vn 0.000000 2.540000 0.000000
vn 0.000000 2.540000 0.000000
vn 0.000000 2.540000 0.000000
vn 0.000000 2.540000 0.000000
vn 0.000000 2.540000 0.000000
vn 0.000000 2.540000 0.000000
vn 0.950419 2.348861 0.176513
vn 1.756629 1.802396 0.342377
vn 2.297824 0.978235 0.463315
vn 2.488682 0.000000 0.508000
vn 2.234660 0.000000 1.207433
vn 1.788841 0.000000 1.803233
vn 1.189487 0.000000 2.244264
vn 0.488041 0.000000 2.492672
vn -0.255293 0.000000 2.527138
vn -0.976715 0.000000 2.344702
vn -1.614307 0.000000 1.961023
vn -2.113345 0.000000 1.409032
vn -2.430997 0.000000 0.736106
vn -2.540000 0.000000 0.000000
vn -2.430997 0.000000 -0.736106
vn -2.113345 0.000000 -1.409032
vn -1.614307 0.000000 -1.961023
vn -0.976715 0.000000 -2.344702
vn -0.255293 0.000000 -2.527138
vn 0.488041 0.000000 -2.492672
vn 1.189487 0.000000 -2.244264
vn 1.788841 0.000000 -1.803233
vn 2.234660 0.000000 -1.207433
vn -1.361983 1.270000 1.727339
vn -1.259445 2.199704 -0.163397
vn -1.361983 1.270000 -1.727339
vn 1.153194 2.199704 -0.532018
vn 1.997391 1.270000 -0.921481
vn 0.979257 2.199704 -0.808676
vn 1.696122 1.270000 -1.400667
vn 0.740480 2.199704 -1.031789
vn 1.282549 1.270000 -1.787112
vn 0.452674 2.199704 -1.186586
vn 0.784055 1.270000 -2.055227
vn 0.134896 2.199704 -1.262816
vn 0.233647 1.270000 -2.187261
vn -0.191814 2.199704 -1.255431
vn -0.332232 1.270000 -2.174471
vn -0.505824 2.199704 -1.164922
vn -0.876112 1.270000 -2.017703
vn -0.786341 2.199704 -0.997280
vn -1.014794 2.199704 -0.763606
vn -1.757674 1.270000 -1.322604
vn -1.176054 2.199704 -0.479371
vn -2.036985 1.270000 -0.830296
vn -2.181423 1.270000 -0.283012
vn -1.176054 2.199704 0.479371
vn -2.036985 1.270000 0.830296
vn -2.181423 1.270000 0.283012
vn -1.259445 2.199704 0.163397
vn -1.014794 2.199704 0.763606
vn -1.757674 1.270000 1.322604
vn -0.786341 2.199704 0.997280
vn -0.505824 2.199704 1.164922
vn -0.876112 1.270000 2.017703
vn -0.191814 2.199704 1.255431
vn -0.332232 1.270000 2.174471
vn 0.134896 2.199704 1.262816
vn 0.233647 1.270000 2.187261
vn 0.452674 2.199704 1.186586
vn 0.784055 1.270000 2.055227
vn 0.740480 2.199704 1.031789
vn 1.282549 1.270000 1.787112
vn 0.979257 2.199704 0.808676
vn 1.696122 1.270000 1.400667
vn 1.153194 2.199704 0.532018
vn 1.997391 1.270000 0.921481
vn 0.000000 2.540000 0.000000
vn 0.000000 2.540000 0.000000
vn 0.000000 2.540000 0.000000
vn 0.000000 2.540000 0.000000
vn 0.000000 2.540000 0.000000
vn 0.000000 2.540000 0.000000
vn 0.000000 2.540000 0.000000
vn 0.000000 2.540000 0.000000
vn 0.000000 2.540000 0.000000
vn 0.000000 2.540000 0.000000
vn 0.000000 2.540000 0.000000
vn 0.000000 2.540000 0.000000
vn 0.000000 2.540000 0.000000
vn 0.000000 2.540000 0.000000
vn 0.000000 2.540000 0.000000
vn 0.000000 2.540000 0.000000
vn 0.000000 2.540000 0.000000
vn 0.000000 2.540000 0.000000
vn 0.000000 2.540000 0.000000
vn 0.000000 2.540000 0.000000
vn 0.000000 2.540000 0.000000
vn 0.000000 2.540000 0.000000
vn 0.000000 2.540000 0.000000
vn 0.000000 2.540000 0.000000
vn 0.000000 2.540000 0.000000
vn 0.000000 2.540000 0.000000
vn 0.000000 2.540000 0.000000
vn 0.000000 2.540000 0.000000
vn 0.000000 2.540000 0.000000
vn 0.000000 2.540000 0.000000
vn 0.000000 2.540000 0.000000
vn 0.000000 2.540000 0.000000
vn 0.000000 2.540000 0.000000
vn 0.000000 2.540000 0.000000
vn 0.000000 2.540000 0.000000
vn 0.000000 2.540000 0.000000
vn 0.000000 2.540000 0.000000
vn 0.000000 2.540000 0.000000
vn 0.000000 2.540000 0.000000
vn 0.000000 2.540000 0.000000
vn 0.000000 2.540000 0.000000
vn 0.000000 2.540000 0.000000
vn 0.000000 2.540000 0.000000
vn 0.000000 2.540000 0.000000
vn 0.000000 2.540000 0.000000
vn 0.000000 2.540000 0.000000
vn 0.000000 2.540000 0.000000
vn 0.000000 2.540000 0.000000
vn 0.000000 2.540000 0.000000
vn 0.000000 2.540000 0.000000
vn 0.000000 2.540000 0.000000
vn 0.000000 2.540000 0.000000
vn 0.000000 2.540000 0.000000
vn 0.000000 2.540000 0.000000
vn 0.000000 2.540000 0.000000
vn 0.000000 2.540000 0.000000
vn 0.000000 2.540000 0.000000
vn 0.000000 2.540000 0.000000
vn 0.000000 2.540000 0.000000
vn 0.000000 2.540000 0.000000
vn 0.000000 2.540000 0.000000
vn 0.000000 2.540000 0.000000
vn 0.000000 2.540000 0.000000
vn 0.000000 0.000000 -2.540000
vn 0.000000 0.000000 -2.540000
vn 0.000000 0.000000 -2.540000
vn 0.000000 0.000000 -2.540000
vn 0.000000 0.000000 -2.540000
vn 0.000000 0.000000 -2.540000
vn 0.000000 0.000000 -2.540000
vn 0.000000 0.000000 -2.540000
vn 0.804400 0.000000 -2.409261
vn 0.071663 0.000000 -2.538989
vn -0.667225 0.000000 -2.450798
vn -1.348846 0.000000 -2.152258
vn -1.914697 0.000000 -1.668992
vn -2.316212 0.000000 -1.042479
vn -2.518929 0.000000 -0.326491
vn -2.505450 0.000000 0.417519
vn -2.276930 0.000000 1.125695
vn -1.852985 0.000000 1.737253
vn -1.270000 0.000000 2.199704
vn -0.578013 0.000000 2.473358
vn 0.163585 0.000000 2.534727
vn 0.891142 0.000000 2.378543
vn 1.542214 0.000000 2.018211
vn 2.060919 0.000000 1.484659
vn 2.402738 0.000000 0.823680
vn 2.538333 0.000000 0.092006
vn 2.456066 0.000000 -0.647565
vn 2.162998 0.000000 -1.331556
vn 1.684282 0.000000 -1.901261
vn 1.684282 0.000000 -1.901261
vn 2.162998 0.000000 -1.331556
vn 2.456066 0.000000 -0.647565
vn 2.538333 0.000000 0.092006
vn 2.402738 0.000000 0.823680
vn 2.060919 0.000000 1.484659
vn 1.542214 0.000000 2.018211
vn 0.891142 0.000000 2.378543
vn 0.163585 0.000000 2.534727
vn -0.578013 0.000000 2.473358
vn -1.270000 0.000000 2.199704
vn -1.852985 0.000000 1.737253
vn -2.276930 0.000000 1.125695
vn -2.505450 0.000000 0.417519
vn -2.518929 0.000000 -0.326491
vn -2.316212 0.000000 -1.042479
vn -1.914697 0.000000 -1.668992
vn -1.348846 0.000000 -2.152258
vn -0.667225 0.000000 -2.450798
vn 0.071663 0.000000 -2.538989
vn 0.804400 0.000000 -2.409261
vn 2.199704 0.000000 1.270000
vn 2.199704 0.000000 1.270000
vn 2.199704 0.000000 1.270000
vn 2.199704 0.000000 1.270000
vn 2.199704 0.000000 1.270000
vn 2.199704 0.000000 1.270000
vn 2.199704 0.000000 1.270000
vn 2.199704 0.000000 1.270000
vn 1.270000 0.000000 -2.199704
vn 1.270000 0.000000 -2.199704
vn 1.270000 0.000000 -2.199704
vn 1.270000 0.000000 -2.199704
vn 1.270000 0.000000 -2.199704
vn 1.270000 0.000000 -2.199704
vn 1.270000 0.000000 -2.199704
vn 1.270000 0.000000 -2.199704
vn -2.409261 0.000000 -0.804400
vn -2.538989 0.000000 -0.071663
vn -2.450798 0.000000 0.667225
vn -2.152258 0.000000 1.348846
vn -1.668992 0.000000 1.914697
vn -1.042479 0.000000 2.316212
vn -0.326491 0.000000 2.518929
vn 0.417519 0.000000 2.505450
vn 1.125695 0.000000 2.276930
vn 1.737253 0.000000 1.852985
vn 2.199704 0.000000 1.270000
vn 2.473358 0.000000 0.578013
vn 2.534727 0.000000 -0.163585
vn 2.378543 0.000000 -0.891142
vn 2.018211 0.000000 -1.542214
vn 1.484659 0.000000 -2.060919
vn 0.823680 0.000000 -2.402738
vn 0.092006 0.000000 -2.538333
vn -0.647565 0.000000 -2.456066
vn -1.331556 0.000000 -2.162998
vn -1.901261 0.000000 -1.684282
vn -1.901261 0.000000 -1.684282
vn -1.331556 0.000000 -2.162998
vn -0.647565 0.000000 -2.456066
vn 0.092006 0.000000 -2.538333
vn 0.823680 0.000000 -2.402738
vn 1.484659 0.000000 -2.060919
vn 2.018211 0.000000 -1.542214
vn 2.378543 0.000000 -0.891142
vn 2.534727 0.000000 -0.163585
vn 2.473358 0.000000 0.578013
vn 2.199704 0.000000 1.270000
vn 1.737253 0.000000 1.852985
vn 1.125695 0.000000 2.276930
vn 0.417519 0.000000 2.505450
vn -0.326491 0.000000 2.518929
vn -1.042479 0.000000 2.316212
vn -1.668992 0.000000 1.914697
vn -2.152258 0.000000 1.348846
vn -2.450798 0.000000 0.667225
vn -2.538989 0.000000 -0.071663
vn -2.409261 0.000000 -0.804400
vn 1.684282 0.000000 1.901261
vn 2.162998 0.000000 1.331556
vn 2.456066 0.000000 0.647565
vn 2.538333 0.000000 -0.092006
vn 2.402738 0.000000 -0.823680
vn 2.060919 0.000000 -1.484659
vn 1.542214 0.000000 -2.018211
vn 0.891142 0.000000 -2.378543
vn 0.163585 0.000000 -2.534727
vn -0.578013 0.000000 -2.473358
vn -1.270000 0.000000 -2.199704
vn -1.852985 0.000000 -1.737253
vn -2.276930 0.000000 -1.125695
vn -2.505450 0.000000 -0.417519
vn -2.518929 0.000000 0.326491
vn -2.316212 0.000000 1.042479
vn -1.914697 0.000000 1.668992
vn -1.348846 0.000000 2.152258
vn -0.667225 0.000000 2.450798
vn 0.071663 0.000000 2.538989
vn 0.804400 0.000000 2.409261
vn 0.804400 0.000000 2.409261
vn 0.071663 0.000000 2.538989
vn -0.667225 0.000000 2.450798
vn -1.348846 0.000000 2.152258
vn -1.914697 0.000000 1.668992
vn -2.316212 0.000000 1.042479
vn -2.518929 0.000000 0.326491
vn -2.505450 0.000000 -0.417519
vn -2.276930 0.000000 -1.125695
vn -1.852985 0.000000 -1.737253
vn -1.270000 0.000000 -2.199704
vn -0.578013 0.000000 -2.473358
vn 0.163585 0.000000 -2.534727
vn 0.891142 0.000000 -2.378543
vn 1.542214 0.000000 -2.018211
vn 2.060919 0.000000 -1.484659
vn 2.402738 0.000000 -0.823680
vn 2.538333 0.000000 -0.092006
vn 2.456066 0.000000 0.647565
vn 2.162998 0.000000 1.331556
vn 1.684282 0.000000 1.901261
vn -2.199704 0.000000 1.270000
vn -2.199704 0.000000 1.270000
vn -2.199704 0.000000 1.270000
vn -2.199704 0.000000 1.270000
vn -2.199704 0.000000 1.270000
vn -2.199704 0.000000 1.270000
vn -2.199704 0.000000 1.270000
vn -2.199704 0.000000 1.270000
vn -1.270000 0.000000 -2.199704
vn -1.270000 0.000000 -2.199704
vn -1.270000 0.000000 -2.199704
vn -1.270000 0.000000 -2.199704
vn -1.270000 0.000000 -2.199704
vn -1.270000 0.000000 -2.199704
vn -1.270000 0.000000 -2.199704
vn -1.270000 0.000000 -2.199704
vn -1.901261 0.000000 1.684282
vn -1.331556 0.000000 2.162998
vn -0.647565 0.000000 2.456066
vn 0.092006 0.000000 2.538333
vn 0.823680 0.000000 2.402738
vn 1.484659 0.000000 2.060919
vn 2.018211 0.000000 1.542214
vn 2.378543 0.000000 0.891142
vn 2.534727 0.000000 0.163585
vn 2.473358 0.000000 -0.578013
vn 2.199704 0.000000 -1.270000
vn 1.737253 0.000000 -1.852985
vn 1.125695 0.000000 -2.276930
vn 0.417519 0.000000 -2.505450
vn -0.326491 0.000000 -2.518929
vn -1.042479 0.000000 -2.316212
vn -1.668992 0.000000 -1.914697
vn -2.152258 0.000000 -1.348846
vn -2.450798 0.000000 -0.667225
vn -2.538989 0.000000 0.071663
vn -2.409261 0.000000 0.804400
vn -2.409261 0.000000 0.804400
vn -2.538989 0.000000 0.071663
vn -2.450798 0.000000 -0.667225
vn -2.152258 0.000000 -1.348846
vn -1.668992 0.000000 -1.914697
vn -1.042479 0.000000 -2.316212
vn -0.326491 0.000000 -2.518929
vn 0.417519 0.000000 -2.505450
vn 1.125695 0.000000 -2.276930
vn 1.737253 0.000000 -1.852985
vn 2.199704 0.000000 -1.270000
vn 2.473358 0.000000 -0.578013
vn 2.534727 0.000000 0.163585
vn 2.378543 0.000000 0.891142
vn 2.018211 0.000000 1.542214
vn 1.484659 0.000000 2.060919
vn 0.823680 0.000000 2.402738
vn 0.092006 0.000000 2.538333
vn -0.647565 0.000000 2.456066
vn -1.331556 0.000000 2.162998
vn -1.901261 0.000000 1.684282
vn 2.488682 0.000000 -0.508000
vn 2.234660 0.000000 -1.207433
vn 1.788841 0.000000 -1.803233
vn 1.189487 0.000000 -2.244264
vn 0.488041 0.000000 -2.492672
vn -0.255293 0.000000 -2.527138
vn -0.976715 0.000000 -2.344702
vn -1.614307 0.000000 -1.961023
vn -2.113345 0.000000 -1.409032
vn -2.430997 0.000000 -0.736106
vn -2.540000 0.000000 0.000000
vn -2.430997 0.000000 0.736106
vn -2.113345 0.000000 1.409032
vn -1.614307 0.000000 1.961023
vn -0.976715 0.000000 2.344702
vn -0.255293 0.000000 2.527138
vn 0.488041 0.000000 2.492672
vn 1.189487 0.000000 2.244264
vn 1.788841 0.000000 1.803233
vn 2.234660 0.000000 1.207433
vn 2.488682 0.000000 0.508000
vn 2.488682 0.000000 0.508000
vn 2.234660 0.000000 1.207433
vn 1.788841 0.000000 1.803233
vn 1.189487 0.000000 2.244264
vn 0.488041 0.000000 2.492672
vn -0.255293 0.000000 2.527138
vn -0.976715 0.000000 2.344702
vn -1.614307 0.000000 1.961023
vn -2.113345 0.000000 1.409032
vn -2.430997 0.000000 0.736106
vn -2.540000 0.000000 0.000000
vn -2.430997 0.000000 -0.736106
vn -2.113345 0.000000 -1.409032
vn -1.614307 0.000000 -1.961023
vn -0.976715 0.000000 -2.344702
vn -0.255293 0.000000 -2.527138
vn 0.488041 0.000000 -2.492672
vn 1.189487 0.000000 -2.244264
vn 1.788841 0.000000 -1.803233
vn 2.234660 0.000000 -1.207433
vn 2.488682 0.000000 -0.508000
vn 0.000000 0.000000 2.540000
vn 0.000000 0.000000 2.540000
vn 0.000000 0.000000 2.540000
vn 0.000000 0.000000 2.540000
vn 0.000000 0.000000 2.540000
vn 0.000000 0.000000 2.540000
vn 0.000000 0.000000 2.540000
vn 0.000000 0.000000 2.540000
vn -1.015481 0.000000 2.328175
vn -1.015481 0.000000 2.328175
vn -0.564988 0.000000 2.476366
vn -0.094799 0.000000 2.538230
vn 0.378695 0.000000 2.511611
vn 0.838987 0.000000 2.397436
vn 1.270032 0.000000 2.199686
vn 1.270032 0.000000 2.199686
vn 0.782332 0.000000 2.416517
vn 0.260089 0.000000 2.526649
vn -0.273638 0.000000 2.525217
vn -0.795283 0.000000 2.412286
vn -0.795283 0.000000 2.412286
vn -0.869539 0.000000 2.386525
vn -0.942961 0.000000 2.358479
vn 2.043520 0.000000 1.508518
vn 2.043520 0.000000 1.508518
vn 1.995868 0.000000 1.571022
vn 1.946305 0.000000 1.632022
vn 1.894879 0.000000 1.691459
vn 1.894879 0.000000 1.691459
vn 1.669106 0.000000 1.914598
vn 1.417264 0.000000 2.107834
vn 1.143286 0.000000 2.268148
vn 1.192682 0.000000 2.242568
vn 1.235715 0.000000 2.219146
vn 1.254433 0.000000 2.208619
vn 1.254433 0.000000 2.208619
vn 1.549255 0.000000 2.012811
vn 1.813997 0.000000 1.777924
vn 2.328175 0.000000 1.015481
vn 2.328175 0.000000 1.015481
vn 2.445114 0.000000 0.687763
vn 2.516167 0.000000 0.347139
vn 2.540000 0.000000 0.000000
vn 2.540000 0.000000 0.000000
vn 2.525702 0.000000 0.269123
vn 2.482971 0.000000 0.535216
vn 2.412286 0.000000 0.795283
vn 2.412286 0.000000 0.795283
vn 2.386525 0.000000 0.869539
vn 2.358479 0.000000 0.942961
vn -1.508518 0.000000 -2.043520
vn -1.508518 0.000000 -2.043520
vn -1.862097 0.000000 -1.727482
vn -2.150765 0.000000 -1.351226
vn -2.364458 0.000000 -0.927867
vn -2.495729 0.000000 -0.472163
vn -2.540000 0.000000 0.000000
vn -2.540000 0.000000 0.000000
vn -2.528851 0.000000 -0.237724
vn -2.495502 0.000000 -0.473362
vn -2.440245 0.000000 -0.704844
vn -2.363566 0.000000 -0.930138
vn -2.266137 0.000000 -1.147267
vn -2.148815 0.000000 -1.354324
vn -1.858774 0.000000 -1.731057
vn -1.804690 0.000000 -1.787371
vn -1.748901 0.000000 -1.841995
vn -1.691459 0.000000 -1.894879
vn -1.691459 0.000000 -1.894879
vn -1.632022 0.000000 -1.946305
vn -1.571022 0.000000 -1.995868
vn 2.328175 0.000000 -1.015481
vn 2.328175 0.000000 -1.015481
vn 2.358479 0.000000 -0.942961
vn 2.386525 0.000000 -0.869539
vn 2.412286 0.000000 -0.795283
vn 2.412286 0.000000 -0.795283
vn 2.482971 0.000000 -0.535216
vn 2.525702 0.000000 -0.269123
vn 2.540000 0.000000 0.000000
vn 2.540000 0.000000 0.000000
vn 2.516167 0.000000 -0.347139
vn 2.445114 0.000000 -0.687763
vn 2.043520 0.000000 -1.508518
vn 2.043520 0.000000 -1.508518
vn 1.813997 0.000000 -1.777924
vn 1.549255 0.000000 -2.012811
vn 1.254434 0.000000 -2.208619
vn 1.254434 0.000000 -2.208619
vn 1.486237 0.000000 -2.059781
vn 1.700559 0.000000 -1.886716
vn 1.894879 0.000000 -1.691459
vn 1.894879 0.000000 -1.691459
vn 1.946305 0.000000 -1.632022
vn 1.995868 0.000000 -1.571022
vn -2.540000 0.000000 0.000000
vn -2.540000 0.000000 0.000000
vn -2.540000 0.000000 0.000000
vn -2.540000 0.000000 0.000000
vn -2.540000 0.000000 0.000000
vn -2.540000 0.000000 0.000000
vn -2.004955 1.559409 0.000000
vn -2.006781 1.556938 0.019338
vn -1.417227 1.149178 1.767047
vn -2.002544 1.562388 0.018943
vn -2.004955 1.559409 0.000000
vn -2.004955 1.559409 0.000000
vn -2.004955 1.559409 0.000000
vn -2.004955 1.559409 0.000000
vn -2.004955 1.559409 0.000000
vn -2.004955 1.559409 0.000000
vn -2.004955 1.559409 0.000000
vn -2.004955 1.559409 0.000000
vn -2.004955 1.559409 0.000000
vn -2.004955 1.559409 0.000000
vn -2.004955 1.559409 0.000000
vn -2.004955 1.559409 0.000000
vn -2.004955 1.559409 0.000000
vn -2.004955 1.559409 0.000000
vn -2.004955 1.559409 0.000000
vn -2.004955 1.559409 0.000000
vn 0.291985 1.920708 -1.636222
vn 2.259965 0.018300 -1.159234
vn 2.264953 0.002058 -1.149602
vn 2.407371 0.001066 -0.810040
vn 2.499537 -0.000201 -0.451572
vn 2.538745 0.004251 -0.079714
vn 2.523391 0.009771 0.289834
vn 2.454902 0.003175 0.651957
vn 2.333539 -0.000314 1.003093
vn 2.163151 0.000133 1.331307
vn 1.946195 -0.000435 1.632153
vn 1.688393 0.000099 1.897611
vn 1.393798 -0.001396 2.123423
vn 1.071757 -0.001126 2.302811
vn 0.725086 0.000535 2.434307
vn 0.361376 -0.001500 2.514161
vn -0.006589 -0.001973 2.539991
vn -0.375706 0.000914 2.512060
vn -0.737709 0.000883 2.430511
vn -1.724021 0.984630 1.584252
vn -1.974548 1.345086 0.862268
vn -2.004955 1.559409 0.000000
vn 2.208929 0.845942 0.925535
vn 1.481921 0.617116 1.968420
vn -1.711736 1.676899 0.842359
vn -1.973434 1.457579 0.657738
vn -1.812654 1.262493 1.253794
vn -1.594818 1.043298 1.679192
vn -1.221986 0.702357 2.113065
vn -0.778466 0.323920 2.395969
vn -1.283739 1.150424 1.865513
vn -0.770162 0.785492 2.289422
vn -0.209070 0.366327 2.504734
vn -0.497757 0.342647 2.467069
vn -1.002619 0.740127 2.213271
vn -1.445607 1.092453 1.779990
vn -1.774090 1.621878 0.820803
vn -1.367039 1.510590 1.516879
vn -0.920187 1.299758 1.978759
vn -0.267341 0.904030 2.358571
vn 0.385274 0.429783 2.473550
vn 0.087244 0.396925 2.507277
vn -0.523664 0.841272 2.338725
vn -1.107686 1.220230 1.932788
vn -1.493444 1.434269 1.471087
vn -1.832562 1.571650 0.789450
vn -1.642565 1.739914 0.852221
vn -1.093735 1.690640 1.548251
vn -0.525842 1.489005 1.989461
vn 0.247585 1.054578 2.297426
vn 0.949376 0.509513 2.300148
vn 0.669897 0.465760 2.405391
vn -0.012971 0.973158 2.346145
vn -0.728611 1.387314 1.999022
vn -1.235626 1.594296 1.543712
vn -1.566388 1.811787 0.845848
vn -0.941488 1.801218 1.523422
vn -0.312250 1.606650 1.942363
vn 0.513565 1.149388 2.206073
vn 1.222489 0.560886 2.154652
vn -1.484623 1.891185 0.819092
vn -0.782113 1.923559 1.462812
vn -0.092827 1.737218 1.850691
vn 0.778050 1.254410 2.067049
vn -1.350423 2.026508 0.721959
vn -0.528316 2.133118 1.273692
vn 0.248017 1.962629 1.593166
vn 1.171674 1.437162 1.735899
vn 1.845465 0.716206 1.591511
vn -1.264493 2.115959 0.612680
vn -0.369994 2.272036 1.073572
vn 0.455940 2.112769 1.334139
vn 1.402531 1.559182 1.432990
vn 2.046692 0.782350 1.284749
vn -1.187101 2.197913 0.459966
vn -0.230306 2.399109 0.801769
vn 0.635685 2.250623 0.991061
vn 1.596000 1.672680 1.051916
vn -1.128519 2.259692 0.268021
vn -0.126921 2.493850 0.464977
vn 0.764721 2.353585 0.572226
vn 1.729507 1.759923 0.602557
vn 2.317327 0.898336 0.524012
vn -1.103422 2.287298 0.048233
vn -0.081920 2.537321 0.083011
vn 0.822575 2.400962 0.101749
vn 1.790823 1.798086 0.106956
vn 2.366382 0.918240 0.093114
vn -1.125128 2.265201 -0.233557
vn -0.118813 2.504639 -0.405301
vn 0.779187 2.365485 -0.498946
vn 1.748867 1.765655 -0.524907
vn 2.332986 0.895203 -0.455400
vn -1.194294 2.190272 -0.477462
vn -0.242861 2.387452 -0.832280
vn 0.620106 2.237861 -1.029100
vn 1.579712 1.661463 -1.093458
vn 2.195207 0.838694 -0.963980
vn -1.292936 2.085847 -0.655102
vn -0.422456 2.224903 -1.150190
vn 0.386674 2.061805 -1.432146
vn 1.325512 1.518533 -1.545534
vn 1.980322 0.761710 -1.396325
vn 2.264531 0.000000 -1.150434
vn 2.264103 0.013011 -1.151203
vn 1.782755 1.501094 -1.010000
vn 0.951640 2.271176 -0.622688
vn 0.000000 2.540000 0.000000
vn 0.000000 2.540000 0.000000
vn 0.000000 2.540000 0.000000
vn 0.000000 2.540000 0.000000
vn 0.173047 2.524075 -0.225173
vn 0.700432 2.268937 -0.901622
vn 1.401372 1.263232 -1.700588
vn 1.705857 0.009806 -1.881903
vn 1.706582 0.000000 -1.881271
vn 1.921738 0.000000 -1.660880
vn 2.108637 0.000000 -1.416068
vn 0.976974 2.199704 -0.811432
vn 1.692169 1.270000 -1.405441
vn -2.004955 1.559409 0.000000
vn -2.004955 1.559409 0.000000
vn -2.004955 1.559409 0.000000
vn -2.004955 1.559409 0.000000
vn -2.004955 1.559409 0.000000
vn -2.004955 1.559409 0.000000
vn -2.004955 1.559409 0.000000
vn -2.004955 1.559409 0.000000
vn -2.004955 1.559409 0.000000
vn -2.004955 1.559409 0.000000
vn -2.004955 1.559409 0.000000
vn -2.004955 1.559409 0.000000
vn -2.004955 1.559409 0.000000
vn -2.004955 1.559409 0.000000
vn -2.004955 1.559409 0.000000
vn -2.004955 1.559409 0.000000
vn -2.004955 1.559409 0.000000
vn -2.004955 1.559409 0.000000
vn -2.004955 1.559409 0.000000
vn -2.004955 1.559409 0.000000
vn -2.004955 1.559409 0.000000
vn -2.004955 1.559409 0.000000
vn -2.004955 1.559409 0.000000
vn -2.004955 1.559409 0.000000
vn -2.004955 1.559409 0.000000
vn -2.004955 1.559409 0.000000
vn -2.004955 1.559409 0.000000
vn -2.004955 1.559409 0.000000
vn -2.004955 1.559409 0.000000
vn -2.004955 1.559409 0.000000
vn -2.004955 1.559409 0.000000
vn -2.004955 1.559409 0.000000
vn -2.004955 1.559409 0.000000
vn -2.004955 1.559409 0.000000
vn -2.004955 1.559409 0.000000
vn -2.003979 1.560626 -0.010739
vn -1.826244 1.398007 -1.077965
vn -2.005528 1.558663 -0.005020
vn -2.004955 1.559409 0.000000
vn -2.004955 1.559409 0.000000
vn -1.991009 1.325277 -0.855059
vn -1.766286 0.948472 -1.559562
vn -0.920768 0.000260 -2.367232
vn -0.393820 -0.002486 -2.509283
vn 0.155397 0.000487 -2.535242
vn 0.694618 -0.001164 -2.443175
vn 1.203488 0.000323 -2.236787
vn 1.654581 -0.001715 -1.927163
vn 1.852125 -0.000591 -1.738169
vn 2.030243 0.002037 -1.526339
vn 2.183087 0.002593 -1.298355
vn 2.309563 0.000975 -1.057127
vn 2.409235 -0.000855 -0.804480
vn 2.481778 -0.001020 -0.540720
vn 2.481294 0.009962 -0.542844
vn 2.102877 1.254769 -0.674583
vn 1.051526 2.225818 -0.625801
vn 0.755172 2.349979 -0.599095
vn 0.000439 2.486967 -0.516330
vn -0.777557 2.385137 -0.397650
vn -1.998437 1.567749 -0.003608
vn -2.004955 1.559409 0.000000
vn -2.004955 1.559409 0.000000
vn -2.004955 1.559409 0.000000
vn -2.004955 1.559409 0.000000
vn -2.004955 1.559409 0.000000
vn -2.004955 1.559409 0.000000
vn -2.004955 1.559409 0.000000
vn -2.004955 1.559409 0.000000
vn -1.905088 1.401718 -0.925973
vn -0.745141 0.372471 -2.399506
vn -0.195993 0.423502 -2.496765
vn -1.308550 1.864347 -1.124058
vn 0.762067 0.548562 -2.360071
vn -0.907848 2.243224 -0.771593
vn 0.085650 0.453045 -2.497802
vn -0.800455 1.071536 -2.159325
vn -1.522266 1.475145 -1.399376
vn -1.698694 1.546532 -1.083641
vn -1.773738 1.492255 -1.038570
vn -1.627894 1.412173 -1.344369
vn -1.003057 1.008517 -2.104369
vn -1.814656 1.307472 -1.203803
vn -1.376683 0.903631 -1.933855
vn -0.473914 0.397653 -2.463509
vn -1.195124 0.953422 -2.028365
vn -1.725024 1.356859 -1.278603
vn -1.842237 1.444434 -0.985582
vn -1.003052 0.352548 -2.306772
vn -1.543830 0.862554 -1.823236
vn -1.894979 1.265873 -1.121705
vn -1.961006 1.365486 -0.861107
vn 0.423943 0.497151 -2.454529
vn -0.544411 1.161721 -2.192172
vn -1.383611 1.563574 -1.446533
vn -1.599236 1.622253 -1.123538
vn -0.273667 1.268647 -2.183401
vn -1.231248 1.667674 -1.467819
vn -1.488888 1.710898 -1.143522
vn 1.236348 0.639114 -2.124753
vn 0.138532 1.455905 -2.076716
vn -0.985742 1.848627 -1.436137
vn -1.401843 1.783553 -1.142530
vn -1.112196 1.753178 -1.463211
vn -0.070025 1.356576 -2.146252
vn 1.002728 0.590433 -2.257770
vn 1.463160 0.695818 -1.956170
vn 0.352158 1.568778 -1.966347
vn -0.851823 1.955551 -1.379064
vn -1.208916 1.954365 -1.081934
vn 1.676282 0.756221 -1.752087
vn 0.563949 1.689340 -1.810992
vn -0.714524 2.069630 -1.287512
vn -1.105905 2.050276 -1.012395
vn 1.870127 0.816403 -1.512519
vn 0.766756 1.812641 -1.605621
vn -0.579542 2.186249 -1.155875
vn -1.003999 2.148056 -0.910738
vn 2.039875 0.874676 -1.235091
vn 0.952838 1.933564 -1.343513
vn -0.452911 2.300140 -0.977665
vn 2.178845 0.928528 -0.917642
vn 1.111741 2.043872 -1.018930
vn -0.342284 2.403130 -0.747937
vn -0.823338 2.329031 -0.591039
vn 2.264953 0.002058 1.149602
vn 2.259965 0.018300 1.159234
vn 0.291992 1.920706 1.636224
vn -2.004955 1.559409 0.000000
vn -2.004955 1.559409 0.000000
vn -2.004955 1.559409 0.000000
vn -2.004955 1.559409 0.000000
vn -2.004955 1.559409 0.000000
vn -2.004955 1.559409 0.000000
vn -2.004955 1.559409 0.000000
vn -2.004955 1.559409 0.000000
vn -2.004955 1.559409 0.000000
vn -2.004955 1.559409 0.000000
vn -2.004955 1.559409 0.000000
vn -2.004955 1.559409 0.000000
vn -2.004955 1.559409 0.000000
vn -2.004955 1.559409 0.000000
vn -2.004955 1.559409 0.000000
vn -2.004955 1.559409 0.000000
vn -2.002544 1.562388 -0.018943
vn -1.417227 1.149178 -1.767047
vn -2.006781 1.556938 -0.019338
vn -2.004955 1.559409 0.000000
vn -2.004955 1.559409 0.000000
vn -1.966712 1.329874 -0.902817
vn -1.694885 0.949717 -1.636155
vn -0.737709 0.000883 -2.430511
vn -0.375706 0.000914 -2.512060
vn -0.006589 -0.001973 -2.539991
vn 0.361376 -0.001500 -2.514161
vn 0.725086 0.000535 -2.434307
vn 1.071757 -0.001126 -2.302811
vn 1.393798 -0.001396 -2.123423
vn 1.688393 0.000099 -1.897611
vn 1.946195 -0.000435 -1.632153
vn 2.163151 0.000133 -1.331307
vn 2.333539 -0.000314 -1.003093
vn 2.454902 0.003175 -0.651957
vn 2.523391 0.009771 -0.289834
vn 2.538745 0.004251 0.079714
vn 2.499537 -0.000201 0.451572
vn 2.407371 0.001066 0.810040
vn -1.715010 1.673929 -0.841607
vn 1.218130 0.559830 -2.157395
vn -1.303788 2.074491 0.669496
vn -0.442343 2.207223 1.176478
vn 0.360338 2.042716 1.465970
vn 1.296508 1.502922 1.584895
vn 1.955224 0.753042 1.435837
vn -1.212470 2.170724 0.519106
vn -0.275679 2.356862 0.905980
vn 0.577356 2.204655 1.121497
vn 1.533746 1.634424 1.194941
vn 2.157099 0.824014 1.058075
vn -1.141805 2.246972 0.314640
vn -0.148605 2.475940 0.547026
vn 0.740772 2.334079 0.674486
vn 1.708339 1.739691 0.711796
vn 2.300261 0.880673 0.620336
vn -1.105447 2.285826 0.067739
vn -0.084615 2.535847 0.117988
vn 0.820582 2.399401 0.145321
vn 1.790618 1.795020 0.152290
vn 2.366329 0.913755 0.130925
vn -1.114297 2.274918 -0.186257
vn -0.101687 2.517379 -0.322584
vn 0.796142 2.379194 -0.396475
vn 1.762242 1.781124 -0.416775
vn 2.343570 0.910224 -0.361626
vn -1.169610 2.216252 -0.414537
vn -0.199265 2.427156 -0.721670
vn 0.674294 2.281076 -0.890852
vn 1.636337 1.698335 -0.943218
vn 2.242002 0.861113 -0.826747
vn -1.253892 2.127070 -0.595759
vn -0.350611 2.289247 -1.043081
vn 0.480835 2.131429 -1.295148
vn 1.429805 1.574327 -1.388795
vn 2.069943 0.790448 -1.241825
vn -1.350332 2.026541 -0.722036
vn -0.528094 2.133103 -1.273809
vn 0.248017 1.962629 -1.593166
vn 1.171770 1.437086 -1.735898
vn 1.845603 0.716005 -1.591442
vn -1.418085 1.957475 -0.780338
vn -0.655162 2.026008 -1.384794
vn 0.078533 1.847246 -1.741584
vn 0.978410 1.343513 -1.920752
vn 1.670297 0.665343 -1.794164
vn -1.484548 1.891206 -0.819181
vn -0.781919 1.923533 -1.462950
vn -0.092827 1.737218 -1.850691
vn 0.778145 1.254341 -2.067055
vn 1.482076 0.616941 -1.968359
vn -1.567657 1.810523 -0.846202
vn -0.943949 1.799219 -1.524261
vn -0.315918 1.604557 -1.943500
vn 0.509158 1.147644 -2.208001
vn -1.644972 1.737638 -0.852221
vn -1.098566 1.687099 -1.548693
vn -0.532903 1.485290 -1.990359
vn 0.238744 1.051522 -2.299761
vn 0.940162 0.507733 -2.304323
vn -1.242400 1.589726 -1.542989
vn -0.738594 1.382561 -1.998651
vn -0.025943 0.969328 -2.347622
vn 0.655734 0.463636 -2.409700
vn 0.366004 0.427421 -2.476884
vn -0.284262 0.899645 -2.358269
vn -0.932780 1.294249 -1.976472
vn -1.375472 1.505258 -1.514554
vn -1.778052 1.618396 -0.819099
vn -1.835266 1.569323 -0.787798
vn -1.499329 1.430691 -1.468583
vn -1.116631 1.216551 -1.929959
vn -0.535978 0.838289 -2.337006
vn 0.072733 0.395222 -2.508009
vn -1.448147 1.091586 -1.778457
vn -1.006255 0.739410 -2.211860
vn -0.502288 0.342205 -2.466212
vn -0.218499 0.365338 -2.504074
vn -0.777923 0.783806 -2.287375
vn -1.289255 1.148354 -1.862983
vn -0.778349 0.323823 -2.396020
vn -1.221936 0.702313 -2.113109
vn -1.594818 1.043298 -1.679192
vn -1.812599 1.262434 -1.253932
vn -1.973422 1.457561 -0.657815
vn -2.004955 1.559409 0.000000
vn -2.004955 1.559409 0.000000
vn -2.004955 1.559409 0.000000
vn -2.004955 1.559409 0.000000
vn -2.005528 1.558663 0.005020
vn -1.826244 1.398007 1.077965
vn -2.003979 1.560626 0.010739
vn -2.004955 1.559409 0.000000
vn -2.004955 1.559409 0.000000
vn -2.004955 1.559409 0.000000
vn -2.004955 1.559409 0.000000
vn -2.004955 1.559409 0.000000
vn -2.004955 1.559409 0.000000
vn -2.004955 1.559409 0.000000
vn -2.004955 1.559409 0.000000
vn -2.004955 1.559409 0.000000
vn -1.998437 1.567749 0.003608
vn -0.829849 2.369137 0.387484
vn -0.035509 2.487627 0.511909
vn 0.755172 2.349979 0.599095
vn 1.051526 2.225818 0.625801
vn 2.102877 1.254769 0.674583
vn 2.481294 0.009962 0.542844
vn 2.481778 -0.001020 0.540720
vn 2.409235 -0.000855 0.804480
vn 2.309563 0.000975 1.057127
vn 2.183087 0.002593 1.298355
vn 2.030243 0.002037 1.526339
vn 1.852125 -0.000591 1.738169
vn 1.654581 -0.001715 1.927163
vn 1.203488 0.000323 2.236787
vn 0.694618 -0.001164 2.443175
vn 0.155397 0.000487 2.535242
vn -0.393820 -0.002486 2.509283
vn -0.920768 0.000260 2.367232
vn -1.766722 0.949076 1.558700
vn -1.990945 1.325122 0.855447
vn -2.004955 1.559409 0.000000
vn -1.280988 1.889585 1.113614
vn 0.759691 0.550561 2.360371
vn 0.493424 0.509657 2.438930
vn -1.919812 1.392379 0.909508
vn -1.835460 1.296437 1.184035
vn -1.420184 0.893207 1.907055
vn -0.812131 0.368349 2.378311
vn -1.800381 1.473918 1.018722
vn -1.665119 1.390723 1.320934
vn -1.076913 0.987797 2.077527
vn -0.302432 0.415126 2.487530
vn -1.658749 1.576896 1.101613
vn -1.465712 1.510352 1.422014
vn -0.695803 1.107846 2.177185
vn 0.225447 0.471951 2.485565
vn -1.577297 1.640137 1.128576
vn -1.352401 1.584451 1.453315
vn -0.489321 1.183960 2.193263
vn -1.489559 1.710955 1.142562
vn -1.231248 1.667674 1.467819
vn -0.274952 1.269366 2.182822
vn -1.389409 1.794805 1.140096
vn -1.094226 1.766437 1.460812
vn -0.041299 1.371041 2.137789
vn 1.034881 0.599229 2.240881
vn -0.947399 1.878615 1.422969
vn 0.198918 1.488214 2.048720
vn 1.300911 0.657196 2.080222
vn -1.047132 2.107150 0.956573
vn -0.635122 2.137647 1.216013
vn 0.682228 1.762096 1.697405
vn 1.789939 0.794284 1.617662
vn 1.557546 0.725066 1.870810
vn 0.444822 1.622253 1.903163
vn -0.791501 2.005168 1.343289
vn -1.164791 1.995931 1.054097
vn -0.882933 2.269292 0.722732
vn -0.418585 2.331761 0.916120
vn 1.000900 1.968247 1.255309
vn 2.082143 0.894168 1.147496
vn -1.357003 0.000000 2.147124
vn -2.232811 0.000000 1.210848
vn -2.539774 0.000000 -0.033912
vn -2.199686 0.000000 -1.270032
vn -2.199686 0.000000 -1.270032
vn -2.448954 0.000000 0.673960
vn -1.369139 0.000000 2.139406
vn -1.357003 0.000000 2.147124
vn -1.441936 0.000000 2.091033
vn -1.291938 1.405724 1.675242
vn -0.707891 2.337627 0.697130
vn 0.113690 2.484608 -0.515166
vn 0.898048 1.796051 -1.555413
vn 0.124353 1.689567 -1.892485
vn -1.176546 1.091914 -1.968518
vn -2.028314 0.313993 -1.496313
vn -2.199686 0.000000 -1.270032
vn -2.539657 0.000000 -0.041741
vn -2.229068 0.000000 1.217726
vn -1.357003 0.000000 2.147124
vn -1.370777 0.000112 2.138357
vn -1.399945 -0.000027 2.119376
vn -2.225239 0.600552 -1.067356
vn -1.815625 0.074416 1.774702
vn -0.964212 1.942843 -1.321837
vn -1.836296 0.368418 1.715776
vn 0.358601 2.383900 -0.800017
vn -0.217300 2.530565 0.024962
vn -0.681257 2.338630 0.719929
vn -1.157208 1.710898 1.478275
vn -1.404960 0.843936 1.940479
vn -1.516124 1.965108 -0.539740
vn -1.806916 1.776092 0.179305
vn -1.912403 1.283746 1.070660
vn -1.735934 0.623254 1.746335
vn -2.460049 0.548113 -0.315166
vn -2.475305 0.471926 0.318981
vn -2.263673 0.332534 1.103089
vn -1.838672 0.154994 1.745526
vn -2.195245 0.771742 1.018289
vn -2.291778 1.085292 0.146618
vn -2.151157 1.233841 -0.549327
vn -1.738724 1.289026 -1.329229
vn -2.463091 0.004890 -0.620288
vn -2.539240 0.004072 0.061994
vn -2.467049 0.003789 0.604361
vn -2.204506 0.003317 1.261642
vn -1.786037 0.001633 1.806010
vn -2.243331 0.164356 1.179853
vn -2.486886 0.238269 0.458504
vn -2.520523 0.285366 -0.130877
vn -2.369867 0.331740 -0.851634
vn -1.724684 0.001191 -1.864689
vn -0.573507 1.150212 -2.190822
vn 0.144547 1.558073 -2.000779
vn 0.898048 1.796051 -1.555413
vn 0.898048 1.796051 -1.555413
vn 0.898048 1.796051 -1.555413
vn 0.898048 1.796051 -1.555413
vn 0.898048 1.796051 -1.555413
vn 0.898048 1.796051 -1.555413
vn 0.898048 1.796051 -1.555413
vn 0.898048 1.796051 -1.555413
vn 0.898048 1.796051 -1.555413
vn 0.898048 1.796051 -1.555413
vn 0.898048 1.796051 -1.555413
vn 0.113690 2.484608 -0.515166
vn -0.707891 2.337627 0.697130
vn -1.291938 1.405724 1.675242
vn -1.441936 0.000000 2.091033
vn -1.666593 0.000235 1.916786
vn -1.870543 -0.000080 1.718334
vn -2.050942 -0.000016 1.498412
vn -2.205091 0.000410 1.260623
vn -2.332512 -0.000270 1.005480
vn -2.430267 -0.001459 0.738512
vn -2.533473 0.000440 0.181979
vn -2.510389 -0.001482 -0.386710
vn -2.362337 0.000573 -0.933254
vn -2.094964 -0.001200 -1.436219
vn -2.052799 0.419654 -1.435795
vn 0.331307 1.677580 -1.878180
vn -0.241250 1.452953 -2.069378
vn -0.700247 1.198726 -2.127043
vn -1.231542 0.807494 -2.069507
vn -1.668298 0.373771 -1.878477
vn 0.267801 1.710381 -1.858623
vn -0.362096 1.502076 -2.016000
vn -0.862613 1.248885 -2.036611
vn -1.428305 0.846489 -1.922239
vn -1.872363 0.393940 -1.670530
vn 0.205772 1.748381 -1.830962
vn -0.478581 1.559481 -1.946941
vn -1.017463 1.308229 -1.924813
vn -1.610917 0.893609 -1.748716
vn 0.146899 1.791016 -1.795071
vn -0.587612 1.623961 -1.862542
vn -1.160852 1.374920 -1.792657
vn -1.774804 0.946006 -1.551368
vn -2.205047 0.447129 -1.178746
vn 0.054700 1.878573 -1.708676
vn -0.754117 1.756750 -1.672345
vn -1.375139 1.513122 -1.507001
vn -2.005508 1.055046 -1.147351
vn -2.394296 0.504457 -0.681520
vn -0.012136 1.985194 -1.584443
vn -0.869920 1.919976 -1.417227
vn -1.519040 1.685249 -1.141952
vn -2.141728 1.192702 -0.664880
vn -2.469741 0.578628 -0.131027
vn -0.035262 2.097429 -1.432182
vn -0.904611 2.092279 -1.120557
vn -1.556426 1.868083 -0.734441
vn -2.152432 1.339180 -0.158851
vn -2.419873 0.657046 0.405102
vn 0.002444 2.216069 -1.241222
vn -0.830790 2.275583 -0.763617
vn -1.456393 2.064528 -0.261235
vn -2.012300 1.498388 0.396335
vn -2.233674 0.744151 0.953175
vn 0.123709 2.319762 -1.027132
vn -0.612207 2.436339 -0.375572
vn -1.177945 2.237613 0.239025
vn -1.688124 1.638707 0.957328
vn -1.897436 0.820368 1.475918
vn -2.199686 0.000000 -1.270032
vn -2.199686 0.000000 -1.270032
vn -2.199686 0.000000 -1.270032
vn -2.199686 0.000000 -1.270032
vn -2.199686 0.000000 -1.270032
vn -2.199686 0.000000 -1.270032
vn -2.199686 0.000000 -1.270032
vn -2.043587 0.264297 -1.485092
vn -1.166977 1.114989 -1.961266
vn 0.144863 1.701109 -1.880649
vn 0.898048 1.796051 -1.555413
vn 0.898048 1.796051 -1.555413
vn -0.317382 1.557226 -1.981392
vn -1.190453 1.098893 -1.956235
vn -1.995713 0.332083 -1.535725
vn -2.199686 0.000000 -1.270032
vn -2.199686 0.000000 -1.270032
vn 0.898048 1.796051 -1.555413
vn 0.898048 1.796051 -1.555413
vn 0.898048 1.796051 -1.555413
vn 0.898048 1.796051 -1.555413
vn 0.898048 1.796051 -1.555413
vn 0.898048 1.796051 -1.555413
vn 0.898048 1.796051 -1.555413
vn 0.898048 1.796051 -1.555413
vn 0.898048 1.796051 -1.555413
vn 0.898048 1.796051 -1.555413
vn 0.898048 1.796051 -1.555413
vn 0.898048 1.796051 -1.555413
vn 0.898048 1.796051 -1.555413
vn 0.898048 1.796051 -1.555413
vn 0.898048 1.796051 -1.555413
vn 0.898048 1.796051 -1.555413
vn 0.898048 1.796051 -1.555413
vn 0.898048 1.796051 -1.555413
vn 0.898048 1.796051 -1.555413
vn 0.898048 1.796051 -1.555413
vn 0.898048 1.796051 -1.555413
vn 0.898048 1.796051 -1.555413
vn 0.898048 1.796051 -1.555413
vn 0.898048 1.796051 -1.555413
vn -1.165085 0.000000 2.257028
vn 0.077847 0.000000 2.538807
vn 1.321298 0.000000 2.169279
vn 2.208619 0.000000 1.254434
vn 2.311523 0.269829 1.017670
vn 2.291793 1.094763 0.027859
vn 1.521475 1.734027 -1.062950
vn 0.898048 1.796051 -1.555413
vn 0.401743 2.483405 -0.350572
vn -0.229092 2.336023 0.970626
vn -0.782856 1.404623 1.966156
vn -1.074186 0.000000 2.301679
vn -1.119658 -0.000729 2.279905
vn -1.150582 -0.000071 2.264456
vn 0.550042 2.382799 -0.686530
vn -0.953292 0.839537 2.199548
vn -0.642735 0.025406 2.457203
vn 1.842310 0.100269 1.745691
vn 1.288826 0.086583 2.187014
vn 0.779110 0.074164 2.416420
vn 0.059155 0.053935 2.538738
vn 2.057694 1.087682 1.017075
vn 1.568469 1.022653 1.716300
vn 1.036919 0.893404 2.139680
vn 0.232968 0.632306 2.448983
vn -0.556606 0.298128 2.460266
vn 1.900205 1.598741 0.533712
vn 1.469961 1.569692 1.351622
vn 0.964701 1.399145 1.887683
vn 0.184295 1.000857 2.327213
vn -0.571487 0.478751 2.428127
vn 1.289573 2.183971 -0.137373
vn 0.898027 2.252647 0.755467
vn 0.464991 2.059079 1.412650
vn -0.165860 1.498976 2.043811
vn -0.727555 0.730132 2.321459
vn -0.663144 1.709291 1.757886
vn -0.233283 2.335967 0.969761
vn 0.133084 2.526142 0.229114
vn -1.165085 0.000000 2.257028
vn -1.150989 0.000000 2.264249
vn 0.547871 0.000000 2.480209
vn 2.208619 0.000000 1.254434
vn 2.208619 0.000000 1.254434
vn 1.314604 0.000000 2.173342
vn 0.085673 0.000000 2.538555
vn -1.165085 0.000000 2.257028
vn -2.537967 0.000000 -0.101600
vn -2.165050 0.000000 -1.328216
vn -1.240551 0.000000 -2.216446
vn 0.000000 0.000000 -2.540000
vn 0.000000 0.000000 -2.540000
vn -1.854219 0.000000 -1.735935
vn -2.537519 0.000000 -0.112242
vn -2.537967 0.000000 -0.101600
vn -2.531859 0.000000 -0.203200
vn -2.096775 1.405724 -0.281199
vn -0.957681 2.337627 -0.264472
vn 0.502989 2.484608 -0.159132
vn 1.796051 1.796051 0.000000
vn 1.701104 1.689567 -0.838575
vn 1.116485 1.091914 -2.003194
vn 0.281651 0.313993 -2.504732
vn 0.000000 0.000000 -2.540000
vn -1.233712 0.000000 -2.220260
vn -2.169135 0.000000 -1.321535
vn -2.537967 0.000000 -0.101600
vn -2.537262 0.000112 -0.117912
vn -2.535408 -0.000027 -0.152663
vn -0.188298 0.600552 -2.460789
vn -2.444760 0.074416 -0.684991
vn 0.662617 1.942843 -1.495961
vn -2.404064 0.368418 -0.732356
vn 0.872134 2.383900 -0.089463
vn -0.130270 2.530565 -0.175705
vn -0.964109 2.338630 -0.230007
vn -1.858832 1.710898 -0.263007
vn -2.382988 0.843936 -0.246456
vn -0.290657 1.965108 -1.582868
vn -1.058763 1.776092 -1.475167
vn -1.883437 1.283746 -1.120832
vn -2.380347 0.623254 -0.630161
vn -0.957117 0.548113 -2.288034
vn -1.513928 0.471926 -1.984164
vn -2.087160 0.332534 -1.408823
vn -2.431017 0.154994 -0.719539
vn -1.979507 0.771742 -1.391964
vn -1.272891 1.085292 -1.911410
vn -0.599878 1.233841 -2.137611
vn 0.281752 1.289026 -2.170398
vn -0.694397 0.004890 -2.443233
vn -1.323340 0.004072 -2.168030
vn -1.756944 0.003789 -1.834321
vn -2.194886 0.003317 -1.278305
vn -2.457078 0.001633 -0.643712
vn -2.143468 0.164356 -1.352824
vn -1.640547 0.238269 -1.924430
vn -1.146952 0.285366 -2.248259
vn -0.447433 0.331740 -2.478175
vn 0.752491 0.001191 -2.425975
vn 1.610531 1.150213 -1.592106
vn 1.804986 1.558073 -0.875234
vn 1.796051 1.796051 0.000000
vn 1.796051 1.796051 0.000000
vn 1.796051 1.796051 0.000000
vn 1.796051 1.796051 0.000000
vn 1.796051 1.796051 0.000000
vn 1.796051 1.796051 0.000000
vn 1.796051 1.796051 0.000000
vn 1.796051 1.796051 0.000000
vn 1.796051 1.796051 0.000000
vn 1.796051 1.796051 0.000000
vn 1.796051 1.796051 0.000000
vn 0.502989 2.484608 -0.159132
vn -0.957681 2.337627 -0.264472
vn -2.096775 1.405724 -0.281199
vn -2.531859 0.000000 -0.203200
vn -2.493289 0.000235 -0.484883
vn -2.423403 -0.000080 -0.760735
vn -2.323148 -0.000016 -1.026928
vn -2.194296 0.000410 -1.279321
vn -2.037049 -0.000270 -1.517245
vn -1.854729 -0.001459 -1.735389
vn -1.424366 0.000440 -2.103041
vn -0.920328 -0.001482 -2.367402
vn -0.372983 0.000573 -2.512466
vn 0.196284 -0.001200 -2.532404
vn 0.217390 0.420037 -2.495578
vn 1.792220 1.677646 -0.651960
vn 1.671626 1.453164 -1.243214
vn 1.491925 1.198726 -1.669975
vn 1.176577 0.807651 -2.101182
vn 0.792943 0.374117 -2.383879
vn 1.743550 1.710438 -0.697164
vn 1.565023 1.502280 -1.321158
vn 1.332425 1.248885 -1.765370
vn 0.950679 0.846652 -2.197951
vn 0.510861 0.394303 -2.456653
vn 1.688602 1.748427 -0.737038
vn 1.447024 1.559677 -1.387491
vn 1.158179 1.308229 -1.843572
vn 0.709120 0.893779 -2.269341
vn 1.628107 1.791050 -0.770068
vn 1.319470 1.624148 -1.439703
vn 0.972032 1.374920 -1.901670
vn 0.456289 0.946183 -2.312604
vn -0.081317 0.447535 -2.498940
vn 1.507234 1.878582 -0.806706
vn 1.071600 1.756917 -1.488796
vn 0.617503 1.513123 -1.944415
vn -0.008921 1.055239 -2.310409
vn -0.606523 0.504912 -2.414290
vn 1.366281 1.985173 -0.802475
vn 0.792864 1.920118 -1.461545
vn 0.229411 1.685249 -1.886507
vn -0.494838 1.192913 -2.187165
vn -1.120985 0.579143 -2.204447
vn 1.222909 2.097377 -0.746394
vn 0.518694 2.092393 -1.343298
vn -0.142193 1.868083 -1.715123
vn -0.938408 1.339412 -1.943442
vn -1.560378 0.657625 -1.893238
vn 1.076439 2.215983 -0.618303
vn 0.246578 2.275666 -1.100975
vn -0.501980 2.064528 -1.391883
vn -1.349139 1.498641 -1.544506
vn -1.941968 0.744799 -1.457956
vn 0.951710 2.319647 -0.406310
vn 0.019888 2.436394 -0.717767
vn -0.795987 2.237613 -0.900606
vn -1.672880 1.638979 -0.983271
vn -2.226604 0.821078 -0.905355
vn 0.000000 0.000000 -2.540000
vn 0.000000 0.000000 -2.540000
vn 0.000000 0.000000 -2.540000
vn 0.000000 0.000000 -2.540000
vn 0.000000 0.000000 -2.540000
vn 0.000000 0.000000 -2.540000
vn 0.000000 0.000000 -2.540000
vn 0.264297 0.264297 -2.512348
vn 1.114989 1.114989 -1.991281
vn 1.701109 1.701109 -0.814895
vn 1.796051 1.796051 0.000000
vn 1.796051 1.796051 0.000000
vn 1.556986 1.556986 -1.266172
vn 1.098501 1.098501 -2.009525
vn 0.332083 0.332083 -2.496205
vn 0.000000 0.000000 -2.540000
vn 0.000000 0.000000 -2.540000
vn 1.796051 1.796051 0.000000
vn 1.796051 1.796051 0.000000
vn 1.796051 1.796051 0.000000
vn 1.796051 1.796051 0.000000
vn 1.796051 1.796051 0.000000
vn 1.796051 1.796051 0.000000
vn 1.796051 1.796051 0.000000
vn 1.796051 1.796051 0.000000
vn 1.796051 1.796051 0.000000
vn 1.796051 1.796051 0.000000
vn 1.796051 1.796051 0.000000
vn 1.796051 1.796051 0.000000
vn 1.796051 1.796051 0.000000
vn 1.796051 1.796051 0.000000
vn 1.796051 1.796051 0.000000
vn 1.796051 1.796051 0.000000
vn 1.796051 1.796051 0.000000
vn 1.796051 1.796051 0.000000
vn 1.796051 1.796051 0.000000
vn 1.796051 1.796051 0.000000
vn 1.796051 1.796051 0.000000
vn 1.796051 1.796051 0.000000
vn 1.796051 1.796051 0.000000
vn 1.796051 1.796051 0.000000
vn -2.537967 0.000000 0.101600
vn -2.169135 0.000000 1.321535
vn -1.233712 0.000000 2.220260
vn 0.000000 0.000000 2.540000
vn 0.258562 0.270717 2.512262
vn 1.110825 1.099460 2.002212
vn 1.676997 1.736068 0.790789
vn 1.796051 1.796051 0.000000
vn 0.502989 2.484608 0.159132
vn -0.957681 2.337627 0.264472
vn -2.096775 1.405724 0.281199
vn -2.531859 0.000000 0.203200
vn -2.535405 -0.000738 0.152713
vn -2.537257 -0.000068 0.118007
vn 0.868442 2.383767 0.122734
vn -2.383731 0.840153 0.252134
vn -2.453948 0.026091 0.655025
vn -0.605590 0.103304 2.464587
vn -1.263451 0.089177 2.201667
vn -1.715217 0.076334 1.871845
vn -2.177813 0.055437 1.306008
vn 0.137315 1.096492 2.287018
vn -0.713621 1.031479 2.208709
vn -1.345561 0.901312 1.956707
vn -2.013164 0.637897 1.411331
vn -2.413883 0.300773 0.730960
vn 0.478002 1.604517 1.910141
vn -0.446427 1.576180 1.941123
vn -1.162910 1.405296 1.767593
vn -1.931669 1.005390 1.307458
vn -2.393368 0.480975 0.701466
vn 0.758041 2.188435 1.042940
vn -0.211946 2.258079 1.143573
vn -0.997585 2.064480 1.092862
vn -1.858616 1.503133 0.858917
vn -2.377855 0.732223 0.511133
vn -1.856617 1.710559 0.280290
vn -0.958957 2.337569 0.260335
vn -0.133924 2.527624 0.211617
vn -2.537967 0.000000 0.101600
vn -2.537519 0.000000 0.112242
vn -1.854219 0.000000 1.735935
vn 0.000000 0.000000 2.540000
vn 0.000000 0.000000 2.540000
vn -1.240551 0.000000 2.216446
vn -2.165050 0.000000 1.328216
vn -2.537967 0.000000 0.101600
vn -1.165085 0.000000 -2.257029
vn 0.085674 0.000000 -2.538555
vn 1.314605 0.000000 -2.173342
vn 2.208619 0.000000 -1.254433
vn 2.208619 0.000000 -1.254433
vn 0.547871 0.000000 -2.480209
vn -1.150988 0.000000 -2.264250
vn -1.165085 0.000000 -2.257029
vn -1.074185 0.000000 -2.301679
vn -0.782855 1.404623 -1.966156
vn -0.229092 2.336023 -0.970626
vn 0.401743 2.483405 0.350572
vn 0.898048 1.796051 1.555413
vn 1.559852 1.699254 1.063484
vn 2.291855 1.094784 -0.021138
vn 2.311015 0.269121 -1.019011
vn 2.208619 0.000000 -1.254433
vn 1.321299 0.000000 -2.169279
vn 0.077847 0.000000 -2.538807
vn -1.165085 0.000000 -2.257029
vn -1.150688 0.000089 -2.264402
vn -1.119749 -0.000096 -2.279860
vn 1.841704 0.101408 -1.746265
vn -0.642697 0.025453 -2.457212
vn 0.817814 2.345857 0.528902
vn -0.931002 0.833183 -2.211479
vn 0.562834 2.381771 0.679695
vn 0.146855 2.524743 -0.236026
vn -0.221357 2.334678 -0.975644
vn -0.656131 1.708608 -1.761179
vn -0.951369 0.839424 -2.200424
vn 2.005707 1.369094 -0.744528
vn 1.550298 1.319504 -1.518910
vn 1.028261 1.166080 -2.008616
vn 0.226289 0.830795 -2.389597
vn -0.556332 0.396265 -2.446440
vn -0.734885 0.737923 -2.316682
vn -0.175078 1.510646 -2.034428
vn 0.459989 2.074007 -1.392303
vn 0.896011 2.264541 -0.721539
vn 1.284922 2.183127 0.185827
vn 2.067143 0.923496 -1.151379
vn 1.561326 0.856712 -1.811051
vn 1.026370 0.743854 -2.201101
vn 0.225323 0.525022 -2.474910
vn -0.561923 0.246293 -2.464788
vn 1.288385 0.087555 -2.187235
vn 0.778736 0.074880 -2.416519
vn 0.059026 0.054255 -2.538734
vn -0.658415 0.000910 -2.453179
vn 0.024254 0.001985 -2.539883
vn 0.725503 0.002367 -2.434181
vn 1.225718 0.002680 -2.224682
vn 1.777772 0.003474 -1.814143
vn 0.647562 2.373958 0.629750
vn 0.233206 2.513001 -0.286428
vn -0.144489 2.321814 -1.019755
vn -0.604099 1.697667 -1.790137
vn -0.883554 0.819147 -2.236052
vn 0.411425 2.476109 -0.388865
vn 0.016511 2.284842 -1.109424
vn -0.493389 1.669742 -1.849359
vn 2.477222 0.001126 -0.561224
vn 2.184173 1.150055 0.598633
vn 1.660663 1.557950 1.125430
vn 0.898048 1.796051 1.555413
vn 0.898048 1.796051 1.555413
vn 0.898048 1.796051 1.555413
vn 0.898048 1.796051 1.555413
vn 0.898048 1.796051 1.555413
vn 0.898048 1.796051 1.555413
vn 0.898048 1.796051 1.555413
vn 0.898048 1.796051 1.555413
vn 0.898048 1.796051 1.555413
vn 0.898048 1.796051 1.555413
vn 0.898048 1.796051 1.555413
vn 0.401743 2.483405 0.350572
vn -0.229092 2.336023 -0.970626
vn -0.782855 1.404623 -1.966157
vn -1.074185 0.000000 -2.301679
vn -0.811252 0.000231 -2.406963
vn -0.538005 -0.000077 -2.482368
vn -0.258134 -0.000048 -2.526849
vn 0.023860 0.000393 -2.539888
vn 0.307298 -0.000225 -2.521342
vn 0.586179 -0.001458 -2.471435
vn 1.116919 0.000414 -2.281248
vn 1.595231 -0.001484 -1.976572
vn 1.992062 0.000539 -1.575846
vn 2.292229 -0.001137 -1.094205
vn 2.276177 0.418391 -1.046693
vn 1.460641 1.677053 1.227037
vn 1.912444 1.452159 0.827885
vn 2.191996 1.197924 0.460145
vn 2.408275 0.806872 -0.027724
vn 2.461980 0.373455 -0.500788
vn 1.475372 1.709223 1.163372
vn 1.926737 1.500339 0.698761
vn 2.195295 1.247122 0.277426
vn 2.380262 0.845133 -0.267779
vn 2.386015 0.393265 -0.777094
vn 1.482639 1.746405 1.097018
vn 1.925853 1.556500 0.565683
vn 2.177138 1.305166 0.090624
vn 2.323469 0.891206 -0.508765
vn 1.481568 1.788034 1.029314
vn 1.908640 1.619442 0.431394
vn 2.136525 1.370239 -0.096482
vn 2.237770 0.942309 -0.745681
vn 2.134027 0.445165 -1.303593
vn 1.454195 1.875049 0.906150
vn 1.829631 1.751377 0.191650
vn 1.999452 1.507499 -0.425720
vn 2.006830 1.050572 -1.149144
vn 1.801367 0.502060 -1.718898
vn 1.381770 1.981160 0.785695
vn 1.669619 1.913788 -0.037266
vn 1.758988 1.678707 -0.734509
vn 1.660939 1.187460 -1.510901
vn 1.365328 0.575800 -2.062991
vn 1.263449 2.093118 0.688590
vn 1.433329 2.085629 -0.217535
vn 1.428649 1.860993 -0.973276
vn 1.231693 1.333461 -1.776630
vn 0.878439 0.653939 -2.291792
vn 1.081359 2.211975 0.624044
vn 1.090746 2.269244 -0.335265
vn 0.972747 2.057723 -1.127448
vn 0.684187 1.492863 -1.937743
vn 0.312453 0.741121 -2.409297
vn 0.836958 2.316764 0.619439
vn 0.647922 2.431678 -0.344582
vn 0.403000 2.232585 -1.142259
vn 0.038281 1.634613 -1.943753
vn -0.307774 0.818118 -2.384860
vn 2.208619 0.000000 -1.254433
vn 2.208619 0.000000 -1.254433
vn 2.208619 0.000000 -1.254433
vn 2.208619 0.000000 -1.254433
vn 2.208619 0.000000 -1.254433
vn 2.208619 0.000000 -1.254433
vn 2.208619 0.000000 -1.254433
vn 2.312018 0.254492 -1.020492
vn 2.283252 1.112684 -0.017223
vn 1.555292 1.699014 1.070522
vn 0.898048 1.796051 1.555413
vn 0.898048 1.796051 1.555413
vn 1.241487 1.771132 1.331692
vn 1.895253 1.541195 0.695941
vn 2.363836 0.859183 -0.354522
vn 2.208619 0.000000 -1.254433
vn 2.350999 0.920926 -0.276226
vn 1.952745 1.502044 0.618263
vn 1.252090 1.769547 1.323847
vn 1.911375 1.530692 0.674706
vn 2.212948 1.235894 0.164399
vn 2.332011 0.322570 -0.953557
vn 2.208619 0.000000 -1.254433
vn 2.208619 0.000000 -1.254433
vn 0.898048 1.796051 1.555413
vn 0.898048 1.796051 1.555413
vn 0.898048 1.796051 1.555413
vn 0.898048 1.796051 1.555413
vn 0.898048 1.796051 1.555413
vn 0.898048 1.796051 1.555413
vn 0.898048 1.796051 1.555413
vn 0.898048 1.796051 1.555413
vn 0.898048 1.796051 1.555413
vn 0.898048 1.796051 1.555413
vn 0.898048 1.796051 1.555413
vn 0.898048 1.796051 1.555413
vn 0.898048 1.796051 1.555413
vn 0.898048 1.796051 1.555413
vn 0.898048 1.796051 1.555413
vn 0.898048 1.796051 1.555413
vn 0.898048 1.796051 1.555413
vn 0.898048 1.796051 1.555413
vn 0.898048 1.796051 1.555413
vn 0.898048 1.796051 1.555413
vn 0.898048 1.796051 1.555413
vn 0.898048 1.796051 1.555413
vn 0.898048 1.796051 1.555413
vn 0.898048 1.796051 1.555413
vn 0.898048 1.796051 1.555413
vn -0.255041 1.354057 2.133796
vn -1.725561 0.002708 1.863875
vn -2.095995 -0.001933 1.434712
vn -2.361295 -0.002263 0.935885
vn -2.510500 -0.000217 0.385990
vn -2.533547 0.000187 -0.180936
vn -2.430204 -0.000758 -0.738720
vn -2.332409 -0.000085 -1.005719
vn -2.204433 0.003353 -1.261770
vn -2.050724 0.005311 -1.498700
vn -1.872200 0.004198 -1.716523
vn -1.669423 0.001426 -1.914321
vn -1.442243 -0.000022 -2.090822
vn -1.292330 1.405684 -1.674974
vn -0.708246 2.337597 -0.696869
vn 0.113478 2.484581 0.515343
vn 0.898048 1.796051 1.555413
vn 0.898048 1.796051 1.555413
vn 0.898048 1.796051 1.555413
vn 0.898048 1.796051 1.555413
vn 0.898048 1.796051 1.555413
vn 0.898048 1.796051 1.555413
vn 0.898048 1.796051 1.555413
vn 0.898048 1.796051 1.555413
vn 0.898048 1.796051 1.555413
vn 0.898048 1.796051 1.555413
vn -2.044822 0.411025 1.449607
vn 0.094744 1.833621 1.755124
vn -2.195678 0.440325 1.198629
vn -0.023278 2.006369 1.557415
vn -2.405165 0.505501 0.641290
vn -1.668581 0.370735 1.878828
vn -1.230700 0.806129 2.070540
vn -0.697934 1.198690 2.127823
vn -0.243237 1.450954 2.070548
vn 0.330457 1.676816 1.879012
vn -1.868645 0.388454 1.675969
vn -1.423478 0.842692 1.927480
vn -0.856744 1.246618 2.040474
vn -0.361676 1.498239 2.018928
vn 0.268265 1.708548 1.860242
vn -1.763649 0.938990 1.568260
vn -1.149554 1.368300 1.804960
vn -0.583990 1.616068 1.870529
vn 0.148991 1.786710 1.799186
vn 0.207500 1.744774 1.834205
vn -0.475750 1.552560 1.953157
vn -1.007869 1.302291 1.933866
vn -1.601732 0.886143 1.760911
vn -2.019915 1.062389 1.114843
vn -1.387602 1.524281 1.484160
vn -0.769353 1.765819 1.655772
vn 0.046350 1.885371 1.701419
vn -0.682857 1.687255 1.771574
vn -1.277495 1.442388 1.655030
vn -1.904610 0.997754 1.352237
vn -2.317039 0.471713 0.927587
vn -2.470714 0.588701 0.024611
vn -2.155025 1.218048 0.569056
vn -1.534753 1.719189 1.067953
vn -0.888955 1.950820 1.362226
vn 0.005894 1.943102 1.635824
vn -0.839880 1.853905 1.519618
vn -1.475445 1.616846 1.288592
vn -2.105257 1.136279 0.853443
vn -2.457500 0.545098 0.339358
vn -2.402091 0.664949 -0.489285
vn -2.143411 1.360644 0.077701
vn -1.551274 1.896953 0.668371
vn -0.907147 2.118246 1.068512
vn -0.037144 2.115390 1.405470
vn -2.206633 0.750277 -1.009681
vn -1.988685 1.513338 -0.454466
vn -1.436766 2.083926 0.211082
vn -0.821852 2.292790 0.720607
vn 0.006995 2.228766 1.218258
vn -1.879147 0.819801 -1.499444
vn -1.669704 1.642581 -0.982658
vn -1.161287 2.243805 -0.261446
vn -0.604693 2.441685 0.352307
vn 0.127730 2.325039 1.014632
vn -1.357003 0.000000 -2.147124
vn -2.229068 0.000000 -1.217726
vn -2.539657 0.000000 0.041741
vn -2.199686 0.000000 1.270032
vn -2.046380 0.270717 1.480082
vn -1.178526 1.099460 1.963126
vn 0.153682 1.736068 1.847715
vn 0.898048 1.796051 1.555413
vn 0.113690 2.484608 0.515166
vn -0.707890 2.337627 -0.697130
vn -1.291938 1.405724 -1.675242
vn -1.441936 0.000000 -2.091033
vn -1.399987 -0.000738 -2.119348
vn -1.370857 -0.000068 -2.138306
vn 0.327942 2.383767 0.813455
vn -1.410248 0.840153 -1.938284
vn -1.794268 0.026091 -1.797643
vn -2.437180 0.103304 0.707873
vn -2.538425 0.089177 0.006690
vn -2.478682 0.076334 -0.549463
vn -2.219960 0.055437 -1.233005
vn -1.911940 1.096492 1.262455
vn -2.269602 1.031479 0.486373
vn -2.367341 0.901312 -0.186902
vn -2.228846 0.637897 -1.037753
vn -1.839997 0.300773 -1.724977
vn -1.415210 1.604517 1.369053
vn -1.904267 1.576180 0.583972
vn -2.112237 1.405296 -0.123283
vn -2.098141 1.005390 -1.019114
vn -1.804196 0.480975 -1.721958
vn -0.524175 2.188435 1.177961
vn -1.096331 2.258079 0.388252
vn -1.445244 2.064480 -0.317482
vn -1.673169 1.503133 -1.180126
vn -1.631608 0.732223 -1.803692
vn -1.171068 1.710559 -1.467715
vn -0.704945 2.337569 -0.700304
vn -0.250227 2.527624 -0.010170
vn -1.357003 0.000000 -2.147124
vn -1.369139 0.000000 -2.139406
vn -2.448954 0.000000 -0.673961
vn -2.199686 0.000000 1.270032
vn -2.199686 0.000000 1.270032
vn -2.539774 0.000000 0.033912
vn -2.232811 0.000000 -1.210848
vn -1.357003 0.000000 -2.147124
vn -1.724074 0.000000 1.865253
vn -1.425166 0.000000 2.102499
vn -1.094088 0.000000 2.292285
vn -0.738313 0.000000 2.430328
vn -0.738313 0.000000 2.430328
vn -0.376925 0.000000 2.511877
vn -0.007518 0.000000 2.539989
vn 0.362048 0.000000 2.514065
vn 0.723913 0.000000 2.434656
vn 1.070377 0.000000 2.303453
vn 1.394069 0.000000 2.123245
vn 1.688104 0.000000 1.897868
vn 1.946227 0.000000 1.632115
vn 2.162945 0.000000 1.331641
vn 2.333649 0.000000 1.002838
vn 2.454706 0.000000 0.652699
vn 2.523542 0.000000 0.288676
vn 2.538693 0.000000 -0.081489
vn 2.499834 0.000000 -0.449920
vn 2.407795 0.000000 -0.808780
vn 2.264531 0.000000 -1.150434
vn 2.108637 0.000000 -1.416068
vn 1.921738 0.000000 -1.660880
vn 1.706582 0.000000 -1.881271
vn 1.706582 0.000000 -1.881271
vn 2.110573 0.000000 -1.413182
vn 2.389493 0.000000 -0.861349
vn 2.526814 0.000000 -0.258474
vn 2.514399 0.000000 0.359718
vn 2.352983 0.000000 0.956594
vn 2.052131 0.000000 1.496783
vn 1.629671 0.000000 1.948274
vn 1.110639 0.000000 2.284312
vn 0.525792 0.000000 2.484984
vn -0.090214 0.000000 2.538397
vn -0.700874 0.000000 2.441388
vn -1.270000 0.000000 2.199704
vn -1.763867 0.000000 1.827668
vn -2.153210 0.000000 1.347326
vn -2.414955 0.000000 0.787143
vn -2.533592 0.000000 0.180314
vn -2.502090 0.000000 -0.437200
vn -2.322318 0.000000 -1.028806
vn -2.004926 0.000000 -1.559446
vn -1.568725 0.000000 -1.997674
vn -1.039562 0.000000 -2.317522
vn -0.448796 0.000000 -2.500036
vn 0.168565 0.000000 -2.534400
vn 0.775937 0.000000 -2.418578
vn 0.775937 0.000000 -2.418578
vn 0.233177 0.000000 -2.529274
vn -0.320673 0.000000 -2.519676
vn -0.859272 0.000000 -2.390241
vn -1.357003 0.000000 -2.147124
vn -1.357003 0.000000 -2.147124
vn -1.370788 0.000000 -2.138350
vn -1.399997 0.000000 -2.119341
vn -1.441936 0.000000 -2.091033
vn -1.666585 0.000000 -1.916793
vn -1.870355 0.000000 -1.718538
vn -2.050693 0.000000 -1.498753
vn -2.205339 0.000000 -1.260191
vn -2.332356 0.000000 -1.005842
vn -2.430152 0.000000 -0.738891
vn -2.533566 0.000000 -0.180678
vn -2.510413 0.000000 0.386560
vn -2.361850 0.000000 0.934488
vn -2.095298 0.000000 1.435732
vn -1.724074 0.000000 1.865253
vn -0.311832 2.462247 0.540091
vn 0.000000 2.540000 0.000000
vn 0.000000 2.540000 0.000000
vn 0.000000 2.540000 0.000000
vn 0.000000 2.540000 0.000000
vn 0.000000 2.540000 0.000000
vn 0.108483 2.524075 0.262449
vn 0.430611 2.268937 1.057403
vn 0.765468 1.312287 2.035574
vn 0.777022 0.011708 2.418202
vn 0.775937 0.000000 2.418578
vn 0.233177 0.000000 2.529274
vn -0.320673 0.000000 2.519676
vn -0.859272 0.000000 2.390241
vn -1.357003 0.000000 2.147124
vn -1.356489 0.008475 2.147432
vn -1.180226 1.052974 1.987439
vn -0.855158 1.877915 1.481128
vn -0.690862 2.131322 1.196568
vn -0.508128 2.327848 0.880073
vn -0.462079 2.199704 1.182955
vn -0.800345 1.270000 2.048938
vn -0.228810 2.199704 1.249218
vn -0.396310 1.270000 2.163709
vn 0.012802 2.199704 1.269936
vn 0.022174 1.270000 2.199593
vn 0.253947 2.199704 1.244352
vn 0.439849 1.270000 2.155280
vn 0.775937 0.000000 2.418578
vn 0.762808 0.000000 2.422751
vn -0.834029 0.000000 2.399166
vn -2.199704 0.000000 1.270000
vn -2.199704 0.000000 1.270000
vn -1.422952 0.000000 2.103998
vn -0.359718 0.000000 2.514399
vn 0.775937 0.000000 2.418578
vn -2.199704 0.000000 1.270000
vn -2.199704 0.000000 1.270000
vn -2.199704 0.000000 1.270000
vn -2.199704 0.000000 1.270000
vn -2.199704 0.000000 1.270000
vn -2.381176 0.000000 0.884082
vn -2.498762 0.000000 -0.455841
vn -1.915621 0.000000 -1.667932
vn -0.795283 0.000000 -2.412286
vn -0.795283 0.000000 -2.412286
vn -2.006022 0.000000 -1.558036
vn -2.534064 0.000000 -0.173549
vn -2.199704 0.000000 1.270000
vn 0.951640 2.271176 0.622688
vn 1.782757 1.501091 1.010001
vn 2.264103 0.013011 1.151203
vn 2.264531 0.000000 1.150434
vn 2.108637 0.000000 1.416068
vn 1.921738 0.000000 1.660880
vn 1.706582 0.000000 1.881271
vn 1.705857 0.009806 1.881903
vn 1.401372 1.263232 1.700588
vn 0.700432 2.268937 0.901622
vn 0.173047 2.524075 0.225173
vn 0.000000 2.540000 0.000000
vn 0.000000 2.540000 0.000000
vn 0.000000 2.540000 0.000000
vn 0.000000 2.540000 0.000000
vn 1.692169 1.270000 1.405441
vn 0.976974 2.199704 0.811432
vn 1.956225 0.000000 -1.620118
vn 2.199704 0.000000 -1.270000
vn 2.199704 0.000000 -1.270000
vn 1.116734 0.000000 -2.281339
vn -0.346288 0.000000 -2.516284
vn -1.691459 0.000000 -1.894879
vn -1.691459 0.000000 -1.894879
vn -0.486661 0.000000 -2.492942
vn 0.854611 0.000000 -2.391911
vn 2.199704 0.000000 -1.270000
vn 2.199704 0.000000 -1.270000
vn 2.199704 0.000000 -1.270000
vn 2.199704 0.000000 -1.270000
vn 2.199704 0.000000 -1.270000
vn 2.480912 0.000000 0.544679
vn 1.715110 0.000000 1.873498
vn 1.706582 0.000000 1.881271
vn 1.706582 0.000000 1.881271
vn 2.357393 0.000000 0.945674
vn 2.533592 0.000000 -0.180314
vn 2.199704 0.000000 -1.270000
vn 2.482519 0.000000 0.537308
vn 2.479235 0.000000 0.552260
vn 1.673991 0.000000 1.910329
vn 0.000000 0.000000 2.540000
vn 0.000000 0.000000 2.540000
vn 1.110639 0.000000 2.284312
vn 1.997674 0.000000 1.568725
vn 2.482519 0.000000 0.537308
vn 0.000000 0.000000 2.540000
vn 0.000000 0.000000 2.540000
vn 0.000000 0.000000 2.540000
vn 0.000000 0.000000 2.540000
vn 0.000000 0.000000 2.540000
vn -2.004955 1.559409 0.000000
vn -2.004955 1.559409 0.000000
vn -2.004955 1.559409 0.000000
vn -2.004955 1.559409 0.000000
vn -2.004955 1.559409 0.000000
vn -2.004955 1.559409 0.000000
vn -2.004955 1.559409 0.000000
vn -2.004955 1.559409 0.000000
vn -2.004955 1.559409 0.000000
vn -2.004955 1.559409 0.000000
vn -2.004955 1.559409 0.000000
vn -2.004955 1.559409 0.000000
vn -2.004955 1.559409 0.000000
vn -2.004955 1.559409 0.000000
vn -2.004955 1.559409 0.000000
vn -2.004955 1.559409 0.000000
vn -2.004955 1.559409 0.000000
vn -2.004955 1.559409 0.000000
vn -2.004955 1.559409 0.000000
vn -2.004955 1.559409 0.000000
vn -2.004955 1.559409 0.000000
vn -2.004955 1.559409 0.000000
vn -2.004955 1.559409 0.000000
vn -2.004955 1.559409 0.000000
vn -2.004955 1.559409 0.000000
vn -2.004955 1.559409 0.000000
vn -2.004955 1.559409 0.000000
vn -2.004955 1.559409 0.000000
vn -2.004955 1.559409 0.000000
vn -2.004955 1.559409 0.000000
vn -2.004955 1.559409 0.000000
vn -2.004955 1.559409 0.000000
vn -2.004955 1.559409 0.000000
vn -2.004955 1.559409 0.000000
vn 0.000000 0.000000 2.540000
vn -0.849589 0.660791 2.300685
vn -1.487072 1.156611 1.703663
vn -2.004915 1.559379 0.015936
vn -2.004955 1.559409 0.000000
vn -2.004955 1.559409 0.000000
vn -1.736342 1.350488 1.270000
vn -1.002477 0.779705 2.199704
vn 0.000000 0.000000 2.540000
vn 0.000000 0.000000 -2.540000
vn 1.673991 0.000000 -1.910329
vn 2.479235 0.000000 -0.552260
vn 2.482519 0.000000 -0.537308
vn 2.482519 0.000000 -0.537308
vn 1.997674 0.000000 -1.568725
vn 1.110639 0.000000 -2.284312
vn 0.000000 0.000000 -2.540000
vn -2.004955 1.559409 0.000000
vn -2.004955 1.559409 0.000000
vn -2.004955 1.559409 0.000000
vn -0.225173 2.524075 0.173047
vn 0.000000 2.540000 0.000000
vn 0.000000 2.540000 0.000000
vn 0.000000 2.540000 0.000000
vn 0.000000 2.540000 0.000000
vn -0.303312 2.464634 0.534026
vn -0.498930 2.330452 0.878442
vn -0.681024 2.133096 1.199044
vn -0.844656 1.877915 1.487142
vn -1.126449 0.994727 2.047738
vn -1.165664 0.009333 2.256710
vn -1.165085 0.000000 2.257028
vn -1.425165 0.000000 2.102500
vn -1.665028 0.000000 1.918146
vn -1.881271 0.000000 1.706582
vn -1.881903 0.009806 1.705857
vn -1.700588 1.263232 1.401372
vn -0.901622 2.268937 0.700432
vn -0.814593 2.199704 0.974340
vn -1.410917 1.270000 1.687605
vn 0.000000 2.540000 0.000000
vn 0.000000 2.540000 0.000000
vn 0.000000 2.540000 0.000000
vn 0.000000 2.540000 0.000000
vn 0.000000 2.540000 0.000000
vn 0.000000 2.540000 0.000000
vn 0.000000 2.540000 0.000000
vn 0.000000 2.540000 0.000000
vn 0.000000 2.540000 0.000000
vn 0.000000 2.540000 0.000000
vn 0.000000 2.540000 0.000000
vn 0.000000 2.540000 0.000000
vn 0.000000 2.540000 0.000000
vn 1.620118 0.000000 1.956225
vn 1.270000 0.000000 2.199704
vn 1.270000 0.000000 2.199704
vn 2.281339 0.000000 1.116734
vn 2.516284 0.000000 -0.346288
vn 1.894879 0.000000 -1.691459
vn 1.894879 0.000000 -1.691459
vn 2.492942 0.000000 -0.486661
vn 2.391911 0.000000 0.854611
vn -0.623649 2.462247 0.000000
vn 0.000000 2.540000 0.000000
vn 0.000000 2.540000 0.000000
vn 0.000000 2.540000 0.000000
vn 0.000000 2.540000 0.000000
vn -0.262449 2.524075 0.108483
vn -1.057403 2.268937 0.430611
vn -2.035574 1.312287 0.765468
vn -2.418202 0.011708 0.777022
vn -2.418578 0.000000 0.775937
vn -2.492533 0.000000 0.488752
vn -2.532511 0.000000 0.194904
vn -2.537967 0.000000 -0.101600
vn -2.537977 0.006276 -0.101156
vn -2.326403 1.019081 -0.030369
vn -1.710274 1.877915 0.000000
vn -1.381689 2.131322 0.000000
vn -1.016230 2.327848 0.000000
vn -1.250321 2.199704 0.222705
vn -2.165619 1.270000 0.385737
vn -2.418578 0.000000 0.775937
vn -2.422751 0.000000 0.762808
vn -2.399166 0.000000 -0.834029
vn -1.270000 0.000000 -2.199704
vn -1.270000 0.000000 -2.199704
vn -2.103998 0.000000 -1.422952
vn -2.514399 0.000000 -0.359718
vn -2.418578 0.000000 0.775937
vn -0.262449 2.524075 -0.108483
vn 0.000000 2.540000 0.000000
vn 0.000000 2.540000 0.000000
vn 0.000000 2.540000 0.000000
vn 0.000000 2.540000 0.000000
vn -0.623679 2.462240 0.000000
vn -1.016249 2.327840 0.000000
vn -1.381698 2.131317 0.000000
vn -1.710274 1.877915 0.000000
vn -2.326403 1.019081 0.030369
vn -2.537977 0.006276 0.101156
vn -2.537967 0.000000 0.101600
vn -2.532511 0.000000 -0.194904
vn -2.492533 0.000000 -0.488752
vn -2.418578 0.000000 -0.775937
vn -2.418202 0.011708 -0.777022
vn -2.035574 1.312287 -0.765468
vn -1.057403 2.268937 -0.430611
vn -1.250321 2.199704 -0.222705
vn -2.165619 1.270000 -0.385737
vn -1.270000 0.000000 2.199704
vn -1.270000 0.000000 2.199704
vn -1.270000 0.000000 2.199704
vn -1.270000 0.000000 2.199704
vn -1.270000 0.000000 2.199704
vn -2.399166 0.000000 0.834029
vn -2.422751 0.000000 -0.762808
vn -2.418578 0.000000 -0.775937
vn -2.418578 0.000000 -0.775937
vn -2.514399 0.000000 0.359718
vn -2.103998 0.000000 1.422952
vn -1.270000 0.000000 2.199704
vn -0.303295 2.464642 -0.533997
vn 0.000000 2.540000 0.000000
vn 0.000000 2.540000 0.000000
vn 0.000000 2.540000 0.000000
vn 0.000000 2.540000 0.000000
vn -0.225173 2.524075 -0.173047
vn -0.901622 2.268937 -0.700432
vn -1.700588 1.263232 -1.401372
vn -1.881903 0.009806 -1.705857
vn -1.881271 0.000000 -1.706582
vn -1.665027 0.000000 -1.918146
vn -1.425164 0.000000 -2.102500
vn -1.165085 0.000000 -2.257029
vn -1.165663 0.009333 -2.256710
vn -1.126449 0.994727 -2.047738
vn -0.844655 1.877915 -1.487143
vn -0.681019 2.133102 -1.199036
vn -0.498920 2.330462 -0.878423
vn -0.814593 2.199704 -0.974340
vn -1.410917 1.270000 -1.687606
vn -1.881271 0.000000 -1.706582
vn -1.873498 0.000000 -1.715110
vn -0.544679 0.000000 -2.480912
vn 1.270000 0.000000 -2.199704
vn 1.270000 0.000000 -2.199704
vn 0.180314 0.000000 -2.533592
vn -0.945674 0.000000 -2.357393
vn -1.881271 0.000000 -1.706582
vn 1.270000 0.000000 -2.199704
vn 1.270000 0.000000 -2.199704
vn 1.270000 0.000000 -2.199704
vn 1.270000 0.000000 -2.199704
vn 1.270000 0.000000 -2.199704
vn 1.620118 0.000000 -1.956225
vn 2.391911 0.000000 -0.854611
vn 2.492942 0.000000 0.486661
vn 1.894879 0.000000 1.691459
vn 1.894879 0.000000 1.691459
vn 2.516284 0.000000 0.346288
vn 2.281339 0.000000 -1.116734
vn 1.270000 0.000000 -2.199704
vn 0.108483 2.524075 -0.262449
vn 0.000000 2.540000 0.000000
vn 0.000000 2.540000 0.000000
vn 0.000000 2.540000 0.000000
vn 0.000000 2.540000 0.000000
vn 0.000000 2.540000 0.000000
vn -0.311847 2.462240 -0.540117
vn -0.508137 2.327840 -0.880090
vn -0.690866 2.131317 -1.196575
vn -0.855158 1.877915 -1.481128
vn -1.180225 1.052974 -1.987439
vn -1.356489 0.008475 -2.147433
vn -1.357003 0.000000 -2.147124
vn -0.859272 0.000000 -2.390241
vn -0.320673 0.000000 -2.519676
vn 0.233177 0.000000 -2.529274
vn 0.775937 0.000000 -2.418578
vn 0.777022 0.011708 -2.418202
vn 0.765468 1.312287 -2.035574
vn 0.430611 2.268937 -1.057403
vn -0.462079 2.199704 -1.182955
vn 0.253947 2.199704 -1.244352
vn 0.439849 1.270000 -2.155280
vn 0.012802 2.199704 -1.269935
vn 0.022174 1.270000 -2.199593
vn -0.228810 2.199704 -1.249218
vn -0.396310 1.270000 -2.163709
vn -0.800344 1.270000 -2.048938
vn 0.000000 2.540000 0.000000
vn 0.000000 2.540000 0.000000
vn 0.000000 2.540000 0.000000
vn 0.000000 2.540000 0.000000
vn 0.000000 2.540000 0.000000
vn 0.000000 2.540000 0.000000
vn 0.000000 2.540000 0.000000
vn 0.000000 2.540000 0.000000
vn 0.000000 2.540000 0.000000
vn 0.000000 2.540000 0.000000
vn 0.000000 2.540000 0.000000
vn 0.000000 2.540000 0.000000
vn 0.000000 2.540000 0.000000
vn 0.000000 2.540000 0.000000
vn 0.000000 2.540000 0.000000
vn -2.381176 0.000000 -0.884082
vn -2.199704 0.000000 -1.270000
vn -2.199704 0.000000 -1.270000
vn -2.534064 0.000000 0.173549
vn -2.006022 0.000000 1.558036
vn -0.795283 0.000000 2.412286
vn -0.795283 0.000000 2.412286
vn -1.915621 0.000000 1.667932
vn -2.498762 0.000000 0.455841
vn 2.199704 0.000000 1.270000
vn 2.199704 0.000000 1.270000
vn 2.199704 0.000000 1.270000
vn 2.199704 0.000000 1.270000
vn 2.199704 0.000000 1.270000
vn 1.956225 0.000000 1.620118
vn 0.854611 0.000000 2.391911
vn -0.486661 0.000000 2.492942
vn -1.691459 0.000000 1.894879
vn -1.691459 0.000000 1.894879
vn -0.346288 0.000000 2.516284
vn 1.116734 0.000000 2.281339
vn 2.199704 0.000000 1.270000
vn 0.000000 2.540000 0.000000
vn 0.000000 2.540000 0.000000
vn 0.000000 2.540000 0.000000
vn 0.000000 2.540000 0.000000
vn 0.000000 2.540000 0.000000
vn 0.000000 2.540000 0.000000
vn 0.000000 2.540000 0.000000
vn 0.000000 2.540000 0.000000
vn 0.000000 2.540000 0.000000
vn 0.000000 2.540000 0.000000
vn -1.015481 0.000000 -2.328175
vn -1.015481 0.000000 -2.328175
vn -0.942961 0.000000 -2.358479
vn -0.869539 0.000000 -2.386525
vn -0.795283 0.000000 -2.412286
vn -0.795283 0.000000 -2.412286
vn -0.273638 0.000000 -2.525217
vn 0.260089 0.000000 -2.526649
vn 0.782332 0.000000 -2.416517
vn 1.270032 0.000000 -2.199686
vn 1.270032 0.000000 -2.199686
vn 0.838987 0.000000 -2.397436
vn 0.378695 0.000000 -2.511611
vn -0.094799 0.000000 -2.538230
vn -0.564988 0.000000 -2.476366
vn 0.000000 2.540000 0.000000
vn 0.000000 2.540000 0.000000
vn 0.000000 2.540000 0.000000
vn 0.000000 2.540000 0.000000
vn 0.000000 2.540000 0.000000
vn 0.000000 2.540000 0.000000
vn 0.000000 2.540000 0.000000
vn 0.000000 2.540000 0.000000
vn 0.000000 2.540000 0.000000
vn 0.000000 2.540000 0.000000
vn 0.000000 2.540000 0.000000
vn 0.000000 2.540000 0.000000
vn 0.000000 2.540000 0.000000
vn 0.000000 2.540000 0.000000
vn 0.000000 2.540000 0.000000
vn -1.270000 0.000000 -2.199704
vn -1.270000 0.000000 -2.199704
vn -1.270000 0.000000 -2.199704
vn -1.270000 0.000000 -2.199704
vn 0.000000 2.540000 0.000000
vn 0.000000 2.540000 0.000000
vn 0.000000 2.540000 0.000000
vn 0.000000 2.540000 0.000000
vn 0.000000 2.540000 0.000000
vn 0.000000 2.540000 0.000000
vn 0.000000 2.540000 0.000000
vn 0.000000 2.540000 0.000000
vn 0.000000 2.540000 0.000000
vn 0.000000 2.540000 0.000000
vn 0.000000 2.540000 0.000000
vn 0.000000 2.540000 0.000000
vn 0.000000 2.540000 0.000000
vn -0.884082 0.000000 2.381176
vn -1.270000 0.000000 2.199704
vn -1.270000 0.000000 2.199704
vn 0.173549 0.000000 2.534064
vn 1.558036 0.000000 2.006022
vn 2.412286 0.000000 0.795283
vn 2.412286 0.000000 0.795283
vn 1.667932 0.000000 1.915621
vn 0.455841 0.000000 2.498762
vn -1.270000 0.000000 -2.199704
vn -0.884082 0.000000 -2.381176
vn 0.455841 0.000000 -2.498762
vn 1.667932 0.000000 -1.915621
vn 2.412286 0.000000 -0.795283
vn 2.412286 0.000000 -0.795283
vn 1.558036 0.000000 -2.006022
vn 0.173549 0.000000 -2.534064
vn -1.270000 0.000000 -2.199704
vn 1.270000 0.000000 2.199704
vn 1.270000 0.000000 2.199704
vn 1.270000 0.000000 2.199704
vn 1.270000 0.000000 2.199704
vn 1.270000 0.000000 2.199704
vn -0.544679 0.000000 2.480912
vn -1.873498 0.000000 1.715110
vn -1.881271 0.000000 1.706582
vn -1.881271 0.000000 1.706582
vn -0.945674 0.000000 2.357393
vn 0.180314 0.000000 2.533592
vn 1.270000 0.000000 2.199704
vn 0.000000 2.540000 0.000000
vn 0.000000 2.540000 0.000000
vn 0.000000 2.540000 0.000000
vn 0.000000 2.540000 0.000000
vn 0.000000 2.540000 0.000000
vn 0.000000 2.540000 0.000000
vn 0.000000 2.540000 0.000000
vn 0.000000 2.540000 0.000000
vn 0.000000 2.540000 0.000000
vn 0.000000 2.540000 0.000000
vn 0.000000 2.540000 0.000000
vn 0.000000 2.540000 0.000000
vn -2.004955 1.559409 0.000000
vn -2.004915 1.559379 -0.015936
vn -1.449329 1.127256 -1.755089
vn -0.816479 0.635039 -2.319846
vn 0.000000 0.000000 -2.540000
vn 0.000000 0.000000 -2.540000
vn -1.002477 0.779705 -2.199704
vn -1.736342 1.350488 -1.270000
vn -2.004955 1.559409 0.000000
vn 0.000000 0.000000 -2.540000
vn 0.000000 0.000000 -2.540000
vn -1.270000 0.000000 -2.199704
vn -2.199704 0.000000 -1.270000
vn -2.540000 0.000000 0.000000
vn -2.540000 0.000000 0.000000
vn -2.199704 0.000000 -1.270000
vn -1.270000 0.000000 -2.199704
vn 0.000000 0.000000 -2.540000
vn 0.000000 0.000000 -2.540000
vn 0.000000 0.000000 -2.540000
vn 0.000000 0.000000 -2.540000
vn 0.000000 0.000000 -2.540000
vn -2.540000 0.000000 0.000000
vn -2.540000 0.000000 0.000000
vn -2.199704 0.000000 1.270000
vn -1.270000 0.000000 2.199704
vn 0.000000 0.000000 2.540000
vn 0.000000 0.000000 2.540000
vn -1.270000 0.000000 2.199704
vn -2.199704 0.000000 1.270000
vn -2.199704 0.000000 -1.270000
vn -2.199704 0.000000 -1.270000
vn -2.199704 0.000000 -1.270000
vn -2.199704 0.000000 -1.270000
vn -2.199704 0.000000 -1.270000
vn -0.834029 0.000000 -2.399166
vn 0.762808 0.000000 -2.422751
vn 0.775937 0.000000 -2.418578
vn 0.775937 0.000000 -2.418578
vn -0.359718 0.000000 -2.514399
vn -1.422952 0.000000 -2.103998
vn -2.199704 0.000000 -1.270000
vn 1.706582 0.000000 -1.881271
vn 1.715110 0.000000 -1.873498
vn 2.480912 0.000000 -0.544679
vn 2.199704 0.000000 1.270000
vn 2.199704 0.000000 1.270000
vn 2.533592 0.000000 0.180314
vn 2.357393 0.000000 -0.945674
vn 1.706582 0.000000 -1.881271
vn 0.000000 2.540000 0.000000
vn 0.000000 2.540000 0.000000
vn 0.000000 2.540000 0.000000
vn 0.000000 2.540000 0.000000
vn 0.000000 2.540000 0.000000
vn 0.000000 2.540000 0.000000
vn 0.000000 2.540000 0.000000
vn 0.000000 2.540000 0.000000
vn 0.000000 2.540000 0.000000
vn 0.000000 2.540000 0.000000
vn 0.000000 2.540000 0.000000
vn 0.000000 2.540000 0.000000
vn 0.000000 2.540000 0.000000
vn 0.000000 2.540000 0.000000
vn 0.000000 2.540000 0.000000
vn 0.000000 2.540000 0.000000
vn 0.000000 2.540000 0.000000
vn 0.000000 2.540000 0.000000
vn 0.000000 2.540000 0.000000
vn 0.000000 2.540000 0.000000
vn 0.000000 2.540000 0.000000
vn 0.000000 2.540000 0.000000
vn 0.000000 2.540000 0.000000
vn 0.898048 1.796051 -1.555413
vn 1.564067 1.696151 -1.062246
vn 2.284705 1.109621 0.021572
vn 2.312278 0.255310 1.019700
vn 2.208619 0.000000 1.254434
vn 2.208619 0.000000 1.254434
vn 2.208619 0.000000 1.254434
vn 2.332012 0.322573 0.953555
vn 2.320720 1.022573 0.142134
vn 1.730270 1.631055 -0.892986
vn 0.898048 1.796051 -1.555413
vn 1.796051 1.796051 0.000000
vn 1.697655 1.697655 0.829179
vn 1.112927 1.112927 1.993587
vn 0.256946 0.256946 2.513873
vn 0.000000 0.000000 2.540000
vn 0.000000 0.000000 2.540000
vn 0.000000 0.000000 2.540000
vn 0.332084 0.332084 2.496205
vn 1.016245 1.016245 2.094300
vn 1.626595 1.626595 1.077023
vn 1.796051 1.796051 0.000000
vn 0.898048 1.796051 1.555413
vn 0.130764 1.697655 1.884800
vn -1.170005 1.112927 1.960633
vn -2.048583 0.256946 1.479488
vn -2.199686 0.000000 1.270032
vn -2.199686 0.000000 1.270032
vn -2.199686 0.000000 1.270032
vn -1.995713 0.332084 1.535724
vn -1.305434 1.016344 1.927301
vn -0.119318 1.626622 1.947168
vn 0.898048 1.796051 1.555413
vn 1.270032 0.000000 2.199686
vn 1.270032 0.000000 2.199686
vn 1.270032 0.000000 2.199686
vn 1.270032 0.000000 2.199686
vn 1.270032 0.000000 2.199686
vn 1.270032 0.000000 2.199686
vn 1.270032 0.000000 2.199686
vn 1.270032 0.000000 2.199686
vn 1.270032 0.000000 2.199686
vn -2.199686 0.000000 1.270032
vn -2.199686 0.000000 1.270032
vn -2.199686 0.000000 1.270032
vn -2.199686 0.000000 1.270032
vn -2.199686 0.000000 1.270032
vn -2.199686 0.000000 1.270032
vn 2.540000 0.000000 0.000000
vn 2.540000 0.000000 0.000000
vn 2.540000 0.000000 0.000000
vn 2.540000 0.000000 0.000000
vn 2.540000 0.000000 0.000000
vn 2.540000 0.000000 0.000000
vn 0.000000 0.000000 2.540000
vn 0.000000 0.000000 2.540000
vn 0.000000 0.000000 2.540000
vn 0.000000 0.000000 2.540000
vn 0.000000 0.000000 2.540000
vn 0.000000 0.000000 2.540000
vn 2.208619 0.000000 1.254434
vn 2.208619 0.000000 1.254434
vn 2.208619 0.000000 1.254434
vn 2.208619 0.000000 1.254434
vn 2.208619 0.000000 1.254434
vn 2.208619 0.000000 1.254434
vn -1.508518 0.000000 2.043520
vn -1.508518 0.000000 2.043520
vn -1.571022 0.000000 1.995868
vn -1.632022 0.000000 1.946305
vn -1.691459 0.000000 1.894879
vn -1.691459 0.000000 1.894879
vn -1.748901 0.000000 1.841995
vn -1.804690 0.000000 1.787371
vn -1.858774 0.000000 1.731057
vn -2.148815 0.000000 1.354324
vn -2.266137 0.000000 1.147267
vn -2.363566 0.000000 0.930138
vn -2.440245 0.000000 0.704844
vn -2.495502 0.000000 0.473362
vn -2.528851 0.000000 0.237724
vn -2.540000 0.000000 0.000000
vn -2.540000 0.000000 0.000000
vn -2.495729 0.000000 0.472163
vn -2.364458 0.000000 0.927867
vn -2.150765 0.000000 1.351226
vn -1.862097 0.000000 1.727482
vn -2.540000 0.000000 0.000000
vn -2.540000 0.000000 0.000000
vn -2.540000 0.000000 0.000000
vn -2.540000 0.000000 0.000000
vn -2.540000 0.000000 0.000000
vn -2.540000 0.000000 0.000000
vn 1.270032 0.000000 -2.199686
vn 1.270032 0.000000 -2.199686
vn 1.270032 0.000000 -2.199686
vn 1.270032 0.000000 -2.199686
vn 1.270032 0.000000 -2.199686
vn 1.270032 0.000000 -2.199686
vn 0.000000 -2.540000 0.000000
vn 0.000000 -2.540000 0.000000
vn 0.000000 -2.540000 0.000000
vn 0.000000 -2.540000 0.000000
vn 0.000000 -2.540000 0.000000
vn 0.000000 -2.540000 0.000000
vn 0.000000 -2.540000 0.000000
vn 0.000000 -2.540000 0.000000
vn 0.000000 -2.540000 0.000000
vn 0.000000 -2.540000 0.000000
vn 0.000000 -2.540000 0.000000
vn 0.000000 -2.540000 0.000000
vn 0.000000 -2.540000 0.000000
vn 0.000000 -2.540000 0.000000
vn 0.000000 -2.540000 0.000000
vn 0.000000 -2.540000 0.000000
vn 0.000000 -2.540000 0.000000
vn 0.000000 -2.540000 0.000000
vn 0.000000 -2.540000 0.000000
vn 0.000000 -2.540000 0.000000
vn 0.000000 -2.540000 0.000000
vn 0.000000 -2.540000 0.000000
vn 0.000000 -2.540000 0.000000
vn 0.000000 -2.540000 0.000000
vn 0.000000 -2.540000 0.000000
vn 0.000000 -2.540000 0.000000
vn 0.000000 -2.540000 0.000000
vn 0.000000 -2.540000 0.000000
vn 0.000000 -2.540000 0.000000
vn 0.000000 -2.540000 0.000000
vn 0.000000 -2.540000 0.000000
vn 0.000000 -2.540000 0.000000
vn 0.000000 -2.540000 0.000000
vn 0.000000 -2.540000 0.000000
vn 0.000000 -2.540000 0.000000
vn 0.000000 -2.540000 0.000000
vn 0.000000 -2.540000 0.000000
vn 0.000000 -2.540000 0.000000
vn 0.000000 -2.540000 0.000000
vn 0.000000 -2.540000 0.000000
vn 0.000000 -2.540000 0.000000
vn 0.000000 -2.540000 0.000000
vn 0.000000 -2.540000 0.000000
vn 0.000000 -2.540000 0.000000
vn 0.000000 -2.540000 0.000000
vn 0.000000 -2.540000 0.000000
vn 0.000000 -2.540000 0.000000
vn 0.000000 -2.540000 0.000000
vn 0.000000 -2.540000 0.000000
vn 0.000000 -2.540000 0.000000
vn 0.000000 -2.540000 0.000000
vn 0.000000 -2.540000 0.000000
vn 0.000000 -2.540000 0.000000
vn 0.000000 -2.540000 0.000000
vn 0.000000 -2.540000 0.000000
vn 0.000000 -2.540000 0.000000
vn 0.000000 -2.540000 0.000000
vn 0.000000 -2.540000 0.000000
vn 0.000000 -2.540000 0.000000
vn 0.000000 -2.540000 0.000000
vn 0.000000 -2.540000 0.000000
vn 0.000000 -2.540000 0.000000
vn 0.000000 -2.540000 0.000000
vn 0.000000 -2.540000 0.000000
vn 0.000000 -2.540000 0.000000
vn 0.000000 -2.540000 0.000000
vn 0.000000 -2.540000 0.000000
vn 0.000000 -2.540000 0.000000
vn 0.000000 -2.540000 0.000000
vn 0.000000 -2.540000 0.000000
vn 0.000000 -2.540000 0.000000
vn 0.000000 -2.540000 0.000000
vn 0.000000 -2.540000 0.000000
vn 0.000000 -2.540000 0.000000
vn 0.000000 -2.540000 0.000000
vn 0.000000 -2.540000 0.000000
vn 0.000000 -2.540000 0.000000
vn 0.000000 -2.540000 0.000000
vn 0.000000 -2.540000 0.000000
vn 0.000000 -2.540000 0.000000
vn 0.000000 -2.540000 0.000000
vn 0.000000 -2.540000 0.000000
vn 0.000000 -2.540000 0.000000
vn 0.000000 -2.540000 0.000000
vn 0.000000 -2.540000 0.000000
vn 0.000000 -2.540000 0.000000
vn 0.000000 -2.540000 0.000000
vn 0.000000 -2.540000 0.000000
vn 0.000000 -2.540000 0.000000
vn 0.000000 -2.540000 0.000000
vn 0.000000 -2.540000 0.000000
vn 0.000000 -2.540000 0.000000
vn 0.000000 -2.540000 0.000000
vn 0.000000 -2.540000 0.000000
vn 0.000000 -2.540000 0.000000
vn 0.000000 -2.540000 0.000000
vn 0.000000 -2.540000 0.000000
vn 0.000000 -2.540000 0.000000
vn 0.000000 -2.540000 0.000000
vn 0.000000 -2.540000 0.000000
vn 0.000000 -2.540000 0.000000
vn 0.000000 -2.540000 0.000000
vn 0.000000 -2.540000 0.000000
vn 0.000000 -2.540000 0.000000
vn 0.000000 -2.540000 0.000000
vn 0.000000 -2.540000 0.000000
vn 0.000000 -2.540000 0.000000
vn 0.000000 -2.540000 0.000000
vn 0.000000 -2.540000 0.000000
vn 0.000000 -2.540000 0.000000
vn 0.000000 -2.540000 0.000000
vn 0.000000 -2.540000 0.000000
vn 0.000000 -2.540000 0.000000
vn 0.000000 -2.540000 0.000000
vn 0.000000 -2.540000 0.000000
vn 0.000000 -2.540000 0.000000
vn 0.000000 -2.540000 0.000000
vn 0.000000 -2.540000 0.000000
vn 0.000000 -2.540000 0.000000
vn 0.000000 -2.540000 0.000000
vn 0.000000 -2.540000 0.000000
vn 0.000000 -2.540000 0.000000
vn 0.000000 -2.540000 0.000000
vn 0.000000 -2.540000 0.000000
vn 0.000000 -2.540000 0.000000
vn 0.000000 -2.540000 0.000000
vn 0.000000 -2.540000 0.000000
vn 0.000000 -2.540000 0.000000
vn 0.000000 -2.540000 0.000000
vn 0.000000 -2.540000 0.000000
vn 0.000000 -2.540000 0.000000
vn 0.000000 -2.540000 0.000000
vn 0.000000 -2.540000 0.000000
vn 0.000000 -2.540000 0.000000
vn 0.000000 -2.540000 0.000000
vn 0.000000 -2.540000 0.000000
vn 0.000000 -2.540000 0.000000
vn 0.000000 -2.540000 0.000000
vn 0.000000 -2.540000 0.000000
vn 0.000000 -2.540000 0.000000
vn 0.000000 -2.540000 0.000000
vn 0.000000 -2.540000 0.000000
vn 0.000000 -2.540000 0.000000
vn 0.000000 -2.540000 0.000000
vn 0.000000 -2.540000 0.000000
vn 0.000000 -2.540000 0.000000
vn 0.000000 -2.540000 0.000000
vn 0.000000 -2.540000 0.000000
vn 0.000000 -2.540000 0.000000
vn 0.000000 -2.540000 0.000000
vn 0.000000 -2.540000 0.000000
vn 0.000000 -2.540000 0.000000
vn 0.000000 -2.540000 0.000000
vn 0.000000 -2.540000 0.000000
vn 0.000000 -2.540000 0.000000
vn 0.000000 -2.540000 0.000000
vn 0.000000 -2.540000 0.000000
vn 0.000000 -2.540000 0.000000
vn 0.000000 -2.540000 0.000000
vn 0.000000 -2.540000 0.000000
vn 0.000000 -2.540000 0.000000
vn 0.000000 -2.540000 0.000000
vn 0.000000 -2.540000 0.000000
vn 0.000000 -2.540000 0.000000
vn 0.000000 -2.540000 0.000000
vn 0.000000 -2.540000 0.000000
vn 0.000000 -2.540000 0.000000
vn 0.000000 -2.540000 0.000000
vn 0.000000 -2.540000 0.000000
vn 0.000000 -2.540000 0.000000
vn 0.000000 -2.540000 0.000000
vn 0.000000 -2.540000 0.000000
vn 0.000000 -2.540000 0.000000
vn 0.000000 -2.540000 0.000000
vn 0.000000 -2.540000 0.000000
vn 0.000000 -2.540000 0.000000
vn 0.000000 -2.540000 0.000000
vn 0.000000 -2.540000 0.000000
vn 0.000000 -2.540000 0.000000
vn 0.000000 -2.540000 0.000000
vn 0.000000 -2.540000 0.000000
vn 0.000000 -2.540000 0.000000
vn 0.000000 -2.540000 0.000000
vn 0.000000 -2.540000 0.000000
vn 0.000000 -2.540000 0.000000
vn 0.000000 -2.540000 0.000000
vn 0.000000 -2.540000 0.000000
vn 0.000000 -2.540000 0.000000
vn 0.000000 -2.540000 0.000000
vn 0.000000 -2.540000 0.000000
vn 0.000000 -2.540000 0.000000
vn 0.000000 -2.540000 0.000000
vn 0.000000 -2.540000 0.000000
vn 0.000000 -2.540000 0.000000
vn 0.000000 -2.540000 0.000000
vn 0.000000 -2.540000 0.000000
vn 0.000000 -2.540000 0.000000
vn 0.000000 -2.540000 0.000000
vn 0.000000 -2.540000 0.000000
vn 0.000000 -2.540000 0.000000
vn 0.000000 -2.540000 0.000000
vn 0.000000 -2.540000 0.000000
vn 0.000000 -2.540000 0.000000
vn 0.000000 -2.540000 0.000000
vn 0.000000 -2.540000 0.000000
vn 0.000000 -2.540000 0.000000
vn 0.000000 -2.540000 0.000000
vn 0.000000 -2.540000 0.000000
vn 0.000000 -2.540000 0.000000
vn 0.000000 -2.540000 0.000000
vn 0.000000 -2.540000 0.000000
vn 0.000000 -2.540000 0.000000
vn 0.000000 -2.540000 0.000000
vn 0.000000 -2.540000 0.000000
vn 0.000000 -2.540000 0.000000
vn 0.000000 -2.540000 0.000000
vn 0.000000 -2.540000 0.000000
vn 0.000000 -2.540000 0.000000
vn 0.000000 -2.540000 0.000000
vn 0.000000 -2.540000 0.000000
vn 0.000000 -2.540000 0.000000
vn 0.000000 -2.540000 0.000000
vn 0.000000 -2.540000 0.000000
vn 0.000000 -2.540000 0.000000
vn 0.000000 -2.540000 0.000000
vn 0.000000 -2.540000 0.000000
vn 0.000000 -2.540000 0.000000
vn 0.000000 -2.540000 0.000000
vn 0.000000 -2.540000 0.000000
vn 0.000000 -2.540000 0.000000
vn 0.000000 -2.540000 0.000000
vn 0.000000 -2.540000 0.000000
vn 0.000000 -2.540000 0.000000
vn 0.000000 -2.540000 0.000000
vn 0.000000 -2.540000 0.000000
vn 0.000000 -2.540000 0.000000
vn 0.000000 -2.540000 0.000000
vn 0.000000 -2.540000 0.000000
vn 0.000000 -2.540000 0.000000
vn 0.000000 -2.540000 0.000000
vn 0.000000 -2.540000 0.000000
vn 0.000000 -2.540000 0.000000
vn 0.000000 -2.540000 0.000000
vn 0.000000 -2.540000 0.000000
vn 0.000000 -2.540000 0.000000
vn 0.000000 -2.540000 0.000000
vn 0.000000 -2.540000 0.000000
vn 0.000000 -2.540000 0.000000
vn 0.000000 -2.540000 0.000000
vn 0.000000 -2.540000 0.000000
vn 0.000000 -2.540000 0.000000
vn 0.000000 -2.540000 0.000000
vn 0.000000 -2.540000 0.000000
vn 0.000000 -2.540000 0.000000
vn 0.000000 -2.540000 0.000000
vn 0.000000 -2.540000 0.000000
vn 0.000000 -2.540000 0.000000
vn 0.000000 -2.540000 0.000000
vn 0.000000 2.540000 0.000000
vn 0.000000 2.540000 0.000000
vn 0.000000 2.540000 0.000000
vn 0.000000 2.540000 0.000000
vn 0.000000 2.540000 0.000000
vn 0.000000 2.540000 0.000000
vn 0.000000 2.540000 0.000000
vn 0.000000 2.540000 0.000000
vn 0.000000 2.540000 0.000000
vn 0.000000 2.540000 0.000000
vn 0.000000 2.540000 0.000000
vn 0.000000 2.540000 0.000000
vn 0.000000 2.540000 0.000000
vn 0.000000 2.540000 0.000000
vn 0.000000 2.540000 0.000000
vn 0.000000 2.540000 0.000000
vn 0.000000 2.540000 0.000000
vn 0.000000 2.540000 0.000000
vn 0.000000 2.540000 0.000000
vn 0.000000 2.540000 0.000000
vn 0.000000 2.540000 0.000000
vn 0.000000 2.540000 0.000000
vn 0.000000 2.540000 0.000000
vn 0.000000 2.540000 0.000000
vn 0.000000 2.540000 0.000000
vn 0.000000 2.540000 0.000000
vn 0.000000 2.540000 0.000000
vn 0.000000 2.540000 0.000000
vn 0.000000 2.540000 0.000000
vn 0.000000 2.540000 0.000000
vn 0.000000 2.540000 0.000000
vn 0.000000 2.540000 0.000000
vn 0.000000 2.540000 0.000000
vn 0.000000 2.540000 0.000000
vn 0.000000 2.540000 0.000000
vn 0.000000 2.540000 0.000000
vn 0.000000 2.540000 0.000000
vn 0.000000 2.540000 0.000000
vn 0.000000 2.540000 0.000000
vn 0.000000 2.540000 0.000000
vn 0.000000 2.540000 0.000000
vn 0.000000 2.540000 0.000000
vn 0.000000 2.540000 0.000000
vn 0.000000 2.540000 0.000000
vn 0.000000 2.540000 0.000000
vn 0.000000 2.540000 0.000000
vn 0.000000 2.540000 0.000000
vn 0.000000 2.540000 0.000000
vn 0.000000 2.540000 0.000000
vn 0.000000 2.540000 0.000000
vn 0.000000 2.540000 0.000000
vn 0.000000 2.540000 0.000000
vn 0.000000 2.540000 0.000000
vn 0.000000 2.540000 0.000000
vn 0.000000 2.540000 0.000000
vn 0.000000 2.540000 0.000000
vn 0.000000 2.540000 0.000000
vn 0.000000 2.540000 0.000000
vn 0.000000 2.540000 0.000000
vn 0.000000 2.540000 0.000000
vn 0.000000 2.540000 0.000000
vn 0.000000 2.540000 0.000000
vn 0.000000 2.540000 0.000000
vn 0.000000 2.540000 0.000000
vn 0.000000 2.540000 0.000000
vn 0.000000 2.540000 0.000000
vn 0.000000 2.540000 0.000000
vn 0.000000 2.540000 0.000000
vn 0.000000 2.540000 0.000000
vn 0.000000 2.540000 0.000000
vn 0.000000 2.540000 0.000000
vn 0.000000 2.540000 0.000000
vn 0.000000 2.540000 0.000000
vn 0.000000 2.540000 0.000000
vn 0.000000 2.540000 0.000000
vn 0.000000 2.540000 0.000000
vn 0.000000 2.540000 0.000000
vn 0.000000 2.540000 0.000000
vn 0.000000 2.540000 0.000000
vn 0.000000 2.540000 0.000000
vn 0.000000 2.540000 0.000000
vn 0.000000 2.540000 0.000000
vn 0.000000 2.540000 0.000000
vn 0.000000 2.540000 0.000000
vn 0.000000 2.540000 0.000000
vn 0.000000 2.540000 0.000000
vn 0.000000 2.540000 0.000000
vn 0.000000 2.540000 0.000000
vn 0.000000 2.540000 0.000000
vn 0.000000 2.540000 0.000000
vn 0.000000 2.540000 0.000000
vn 0.000000 2.540000 0.000000
vn 0.000000 2.540000 0.000000
vn 0.000000 2.540000 0.000000
vn 0.000000 2.540000 0.000000
vn 0.000000 2.540000 0.000000
vn 0.000000 2.540000 0.000000
vn 0.000000 2.540000 0.000000
vn 0.000000 2.540000 0.000000
vn 0.000000 2.540000 0.000000
vn 0.000000 2.540000 0.000000
vn 0.000000 2.540000 0.000000
vn 0.000000 2.540000 0.000000
vn 0.000000 2.540000 0.000000
vn 0.000000 2.540000 0.000000
vn 0.000000 2.540000 0.000000
vn 0.000000 2.540000 0.000000
vn 0.000000 2.540000 0.000000
vn 0.000000 2.540000 0.000000
vn 0.000000 2.540000 0.000000
vn 0.000000 2.540000 0.000000
vn 0.000000 2.540000 0.000000
vn 0.000000 2.540000 0.000000
vn 0.000000 2.540000 0.000000
vn 0.000000 2.540000 0.000000
vn 0.000000 2.540000 0.000000
vn 0.000000 2.540000 0.000000
vn 0.000000 2.540000 0.000000
vn 0.000000 2.540000 0.000000
vn 0.000000 2.540000 0.000000
vn 0.000000 2.540000 0.000000
vn 0.000000 2.540000 0.000000
vn 0.000000 2.540000 0.000000
vn 0.000000 2.540000 0.000000
vn 0.000000 2.540000 0.000000
vn 0.000000 2.540000 0.000000
vn 0.000000 2.540000 0.000000
vn 0.000000 2.540000 0.000000
vn 0.000000 2.540000 0.000000
vn 0.000000 2.540000 0.000000
vn 0.000000 2.540000 0.000000
vn 0.000000 2.540000 0.000000
vn 0.000000 2.540000 0.000000
vn 0.000000 2.540000 0.000000
vn 0.000000 2.540000 0.000000
vn 0.000000 2.540000 0.000000
vn 0.000000 2.540000 0.000000
vn 0.000000 2.540000 0.000000
vn 0.000000 2.540000 0.000000
vn 0.000000 2.540000 0.000000
vn 0.000000 2.540000 0.000000
vn 0.000000 2.540000 0.000000
vn 0.000000 2.540000 0.000000
vn 0.000000 2.540000 0.000000
vn 0.000000 2.540000 0.000000
vn 0.000000 2.540000 0.000000
vn 0.000000 2.540000 0.000000
vn 0.000000 2.540000 0.000000
vn 0.000000 2.540000 0.000000
vn 0.000000 2.540000 0.000000
vn 0.000000 2.540000 0.000000
vn 0.000000 2.540000 0.000000
vn 0.000000 2.540000 0.000000
vn 0.000000 2.540000 0.000000
vn 0.000000 2.540000 0.000000
vn 0.000000 2.540000 0.000000
vn 0.000000 2.540000 0.000000
vn 0.000000 2.540000 0.000000
vn 0.000000 2.540000 0.000000
vn 0.000000 2.540000 0.000000
vn 0.000000 2.540000 0.000000
vn 0.000000 2.540000 0.000000
vn 0.000000 2.540000 0.000000
vn 0.000000 2.540000 0.000000
vn 0.000000 2.540000 0.000000
vn 0.000000 2.540000 0.000000
vn 0.000000 2.540000 0.000000
vn 0.000000 2.540000 0.000000
vn 0.000000 2.540000 0.000000
vn 0.000000 2.540000 0.000000
vn 0.000000 2.540000 0.000000
vn 0.000000 2.540000 0.000000
vn 0.000000 2.540000 0.000000
vn 0.000000 2.540000 0.000000
vn 0.000000 2.540000 0.000000
vn 0.000000 2.540000 0.000000
vn 0.000000 2.540000 0.000000
vn 0.000000 2.540000 0.000000
vn 0.000000 2.540000 0.000000
vn 0.000000 2.540000 0.000000
vn 0.000000 2.540000 0.000000
vn 0.000000 2.540000 0.000000
vn 0.000000 2.540000 0.000000
vn 0.000000 2.540000 0.000000
vn 0.000000 2.540000 0.000000
vn 0.000000 2.540000 0.000000
vn 0.000000 2.540000 0.000000
vn 1.270000 0.000000 -2.199704
vn 1.270000 0.000000 -2.199704
vn 1.270000 0.000000 -2.199704
vn 1.270000 0.000000 -2.199704
vn -0.635000 0.000000 -2.459344
vn -1.066448 0.000000 -2.305274
vn -1.463202 0.000000 -2.076208
vn -1.812355 0.000000 -1.779598
vn -1.812355 0.000000 -1.779598
vn -1.463202 0.000000 -2.076208
vn -1.066448 0.000000 -2.305274
vn -0.635000 0.000000 -2.459344
vn -2.540000 0.000000 0.000000
vn -2.540000 0.000000 0.000000
vn -2.540000 0.000000 0.000000
vn -2.540000 0.000000 0.000000
vn 2.055446 0.000000 1.492227
vn 1.699935 0.000000 1.887279
vn 1.270000 0.000000 2.199704
vn 0.784464 0.000000 2.415826
vn 0.264583 0.000000 2.526182
vn 0.264583 0.000000 2.526182
vn 0.784464 0.000000 2.415826
vn 1.270000 0.000000 2.199704
vn 1.699935 0.000000 1.887279
vn 2.055446 0.000000 1.492227
vn 2.540000 0.000000 0.000000
vn 2.540000 0.000000 0.000000
vn 2.540000 0.000000 0.000000
vn 2.540000 0.000000 0.000000
vn 1.812355 0.000000 -1.779598
vn 1.463202 0.000000 -2.076208
vn 1.066448 0.000000 -2.305274
vn 0.635000 0.000000 -2.459344
vn 0.635000 0.000000 -2.459344
vn 1.066448 0.000000 -2.305274
vn 1.463202 0.000000 -2.076208
vn 1.812355 0.000000 -1.779598
vn -1.270000 0.000000 -2.199704
vn -1.270000 0.000000 -2.199704
vn -1.270000 0.000000 -2.199704
vn -1.270000 0.000000 -2.199704
vn -0.264583 0.000000 2.526182
vn -0.784464 0.000000 2.415826
vn -1.270000 0.000000 2.199704
vn -1.699935 0.000000 1.887279
vn -2.055446 0.000000 1.492227
vn -2.055446 0.000000 1.492227
vn -1.699935 0.000000 1.887279
vn -1.270000 0.000000 2.199704
vn -0.784464 0.000000 2.415826
vn -0.264583 0.000000 2.526182
vn -2.320029 0.000000 1.033955
vn -2.484399 0.000000 0.528548
vn -2.540000 0.000000 0.000000
vn -2.484399 0.000000 -0.528548
vn -2.320029 0.000000 -1.033955
vn -2.320029 0.000000 -1.033955
vn -2.484399 0.000000 -0.528548
vn -2.540000 0.000000 0.000000
vn -2.484399 0.000000 0.528548
vn -2.320029 0.000000 1.033955
vn 1.270000 0.000000 2.199704
vn 1.270000 0.000000 2.199704
vn 1.270000 0.000000 2.199704
vn 1.270000 0.000000 2.199704
vn 2.447355 0.000000 0.679746
vn 2.529650 0.000000 0.229066
vn 2.529650 0.000000 -0.229066
vn 2.447355 0.000000 -0.679746
vn 2.447355 0.000000 -0.679746
vn 2.529650 0.000000 -0.229066
vn 2.529650 0.000000 0.229066
vn 2.447355 0.000000 0.679746
vn 1.270000 0.000000 -2.199704
vn 1.270000 0.000000 -2.199704
vn 1.270000 0.000000 -2.199704
vn 1.270000 0.000000 -2.199704
vn -2.447355 0.000000 -0.679746
vn -2.529650 0.000000 -0.229066
vn -2.529650 0.000000 0.229066
vn -2.447355 0.000000 0.679746
vn -2.447355 0.000000 0.679746
vn -2.529650 0.000000 0.229066
vn -2.529650 0.000000 -0.229066
vn -2.447355 0.000000 -0.679746
vn -1.270000 0.000000 2.199704
vn -1.270000 0.000000 2.199704
vn -1.270000 0.000000 2.199704
vn -1.270000 0.000000 2.199704
vn 2.320029 0.000000 -1.033955
vn 2.484399 0.000000 -0.528548
vn 2.540000 0.000000 0.000000
vn 2.484399 0.000000 0.528548
vn 2.320029 0.000000 1.033955
vn 2.320029 0.000000 1.033955
vn 2.484399 0.000000 0.528548
vn 2.540000 0.000000 0.000000
vn 2.484399 0.000000 -0.528548
vn 2.320029 0.000000 -1.033955
vn -1.270000 0.000000 -2.199704
vn -1.270000 0.000000 -2.199704
vn -1.270000 0.000000 -2.199704
vn -1.270000 0.000000 -2.199704
vn 1.270000 0.000000 -2.199704
vn 1.270000 0.000000 -2.199704
vn 1.270000 0.000000 -2.199704
vn 1.270000 0.000000 -2.199704
vn -2.320029 0.000000 1.033955
vn -2.484399 0.000000 0.528548
vn -2.540000 0.000000 0.000000
vn -2.484399 0.000000 -0.528548
vn -2.320029 0.000000 -1.033955
vn -2.320029 0.000000 -1.033955
vn -2.484399 0.000000 -0.528548
vn -2.540000 0.000000 0.000000
vn -2.484399 0.000000 0.528548
vn -2.320029 0.000000 1.033955
vn 1.270000 0.000000 2.199704
vn 1.270000 0.000000 2.199704
vn 1.270000 0.000000 2.199704
vn 1.270000 0.000000 2.199704
vn 2.447355 0.000000 0.679746
vn 2.529650 0.000000 0.229066
vn 2.529650 0.000000 -0.229066
vn 2.447355 0.000000 -0.679746
vn 2.447355 0.000000 -0.679746
vn 2.529650 0.000000 -0.229066
vn 2.529650 0.000000 0.229066
vn 2.447355 0.000000 0.679746
vn 2.320029 0.000000 -1.033955
vn 2.484399 0.000000 -0.528548
vn 2.540000 0.000000 0.000000
vn 2.484399 0.000000 0.528548
vn 2.320029 0.000000 1.033955
vn 2.320029 0.000000 1.033955
vn 2.484399 0.000000 0.528548
vn 2.540000 0.000000 0.000000
vn 2.484399 0.000000 -0.528548
vn 2.320029 0.000000 -1.033955
vn -1.270000 0.000000 -2.199704
vn -1.270000 0.000000 -2.199704
vn -1.270000 0.000000 -2.199704
vn -1.270000 0.000000 -2.199704
vn -2.447355 0.000000 -0.679746
vn -2.529650 0.000000 -0.229066
vn -2.529650 0.000000 0.229066
vn -2.447355 0.000000 0.679746
vn -2.447355 0.000000 0.679746
vn -2.529650 0.000000 0.229066
vn -2.529650 0.000000 -0.229066
vn -2.447355 0.000000 -0.679746
vn -1.270000 0.000000 2.199704
vn -1.270000 0.000000 2.199704
vn -1.270000 0.000000 2.199704
vn -1.270000 0.000000 2.199704
vn -1.270000 0.000000 -2.199704
vn -1.270000 0.000000 -2.199704
vn -1.270000 0.000000 -2.199704
vn -1.270000 0.000000 -2.199704
vn 2.055446 0.000000 1.492227
vn 1.650125 0.000000 1.930981
vn 1.153547 0.000000 2.262947
vn 0.593176 0.000000 2.469766
vn 0.000000 0.000000 2.540000
vn -0.593176 0.000000 2.469766
vn -1.153547 0.000000 2.262947
vn -1.650125 0.000000 1.930981
vn -2.055446 0.000000 1.492227
vn -2.055446 0.000000 1.492227
vn -1.650125 0.000000 1.930981
vn -1.153547 0.000000 2.262947
vn -0.593176 0.000000 2.469766
vn 0.000000 0.000000 2.540000
vn 0.593176 0.000000 2.469766
vn 1.153547 0.000000 2.262947
vn 1.650125 0.000000 1.930981
vn 2.055446 0.000000 1.492227
vn 1.270000 0.000000 -2.199704
vn 1.270000 0.000000 -2.199704
vn 1.270000 0.000000 -2.199704
vn 1.270000 0.000000 -2.199704
vn 1.812355 0.000000 -1.779598
vn 1.165501 0.000000 -2.256813
vn 0.401918 0.000000 -2.507999
vn -0.401918 0.000000 -2.507999
vn -1.165501 0.000000 -2.256813
vn -1.812355 0.000000 -1.779598
vn -1.812355 0.000000 -1.779598
vn -1.165501 0.000000 -2.256813
vn -0.401918 0.000000 -2.507999
vn 0.401918 0.000000 -2.507999
vn 1.165501 0.000000 -2.256813
vn 1.812355 0.000000 -1.779598
vn 2.055446 0.000000 1.492227
vn 1.650125 0.000000 1.930981
vn 1.153547 0.000000 2.262947
vn 0.593176 0.000000 2.469766
vn 0.000000 0.000000 2.540000
vn -0.593176 0.000000 2.469766
vn -1.153547 0.000000 2.262947
vn -1.650125 0.000000 1.930981
vn -2.055446 0.000000 1.492227
vn -2.055446 0.000000 1.492227
vn -1.650125 0.000000 1.930981
vn -1.153547 0.000000 2.262947
vn -0.593176 0.000000 2.469766
vn 0.000000 0.000000 2.540000
vn 0.593176 0.000000 2.469766
vn 1.153547 0.000000 2.262947
vn 1.650125 0.000000 1.930981
vn 2.055446 0.000000 1.492227
vn 1.270000 0.000000 -2.199704
vn 1.270000 0.000000 -2.199704
vn 1.270000 0.000000 -2.199704
vn 1.270000 0.000000 -2.199704
vn 1.812355 0.000000 -1.779598
vn 1.165501 0.000000 -2.256813
vn 0.401918 0.000000 -2.507999
vn -0.401918 0.000000 -2.507999
vn -1.165501 0.000000 -2.256813
vn -1.812355 0.000000 -1.779598
vn -1.812355 0.000000 -1.779598
vn -1.165501 0.000000 -2.256813
vn -0.401918 0.000000 -2.507999
vn 0.401918 0.000000 -2.507999
vn 1.165501 0.000000 -2.256813
vn 1.812355 0.000000 -1.779598
vn -1.270000 0.000000 -2.199704
vn -1.270000 0.000000 -2.199704
vn -1.270000 0.000000 -2.199704
vn -1.270000 0.000000 -2.199704
vn -1.812355 0.000000 1.779598
vn -1.463202 0.000000 2.076208
vn -1.066448 0.000000 2.305274
vn -0.635000 0.000000 2.459344
vn -0.635000 0.000000 2.459344
vn -1.066448 0.000000 2.305274
vn -1.463202 0.000000 2.076208
vn -1.812355 0.000000 1.779598
vn 1.270000 0.000000 2.199704
vn 1.270000 0.000000 2.199704
vn 1.270000 0.000000 2.199704
vn 1.270000 0.000000 2.199704
vn 0.264583 0.000000 -2.526182
vn 0.784464 0.000000 -2.415826
vn 1.270000 0.000000 -2.199704
vn 1.699935 0.000000 -1.887279
vn 2.055446 0.000000 -1.492227
vn 2.055446 0.000000 -1.492227
vn 1.699935 0.000000 -1.887279
vn 1.270000 0.000000 -2.199704
vn 0.784464 0.000000 -2.415826
vn 0.264583 0.000000 -2.526182
vn -2.540000 0.000000 0.000000
vn -2.540000 0.000000 0.000000
vn -2.540000 0.000000 0.000000
vn -2.540000 0.000000 0.000000
vn -1.270000 0.000000 -2.199704
vn -1.270000 0.000000 -2.199704
vn -1.270000 0.000000 -2.199704
vn -1.270000 0.000000 -2.199704
vn -2.447355 0.000000 -0.679746
vn -2.529650 0.000000 -0.229066
vn -2.529650 0.000000 0.229066
vn -2.447355 0.000000 0.679746
vn -2.447355 0.000000 0.679746
vn -2.529650 0.000000 0.229066
vn -2.529650 0.000000 -0.229066
vn -2.447355 0.000000 -0.679746
vn -1.270000 0.000000 2.199704
vn -1.270000 0.000000 2.199704
vn -1.270000 0.000000 2.199704
vn -1.270000 0.000000 2.199704
vn 2.320029 0.000000 -1.033955
vn 2.484399 0.000000 -0.528548
vn 2.540000 0.000000 0.000000
vn 2.484399 0.000000 0.528548
vn 2.320029 0.000000 1.033955
vn 2.320029 0.000000 1.033955
vn 2.484399 0.000000 0.528548
vn 2.540000 0.000000 0.000000
vn 2.484399 0.000000 -0.528548
vn 2.320029 0.000000 -1.033955
vn -1.812355 0.000000 1.779598
vn -1.463202 0.000000 2.076208
vn -1.066448 0.000000 2.305274
vn -0.635000 0.000000 2.459344
vn -0.635000 0.000000 2.459344
vn -1.066448 0.000000 2.305274
vn -1.463202 0.000000 2.076208
vn -1.812355 0.000000 1.779598
vn 1.270000 0.000000 2.199704
vn 1.270000 0.000000 2.199704
vn 1.270000 0.000000 2.199704
vn 1.270000 0.000000 2.199704
vn 0.264583 0.000000 -2.526182
vn 0.784464 0.000000 -2.415826
vn 1.270000 0.000000 -2.199704
vn 1.699935 0.000000 -1.887279
vn 2.055446 0.000000 -1.492227
vn 2.055446 0.000000 -1.492227
vn 1.699935 0.000000 -1.887279
vn 1.270000 0.000000 -2.199704
vn 0.784464 0.000000 -2.415826
vn 0.264583 0.000000 -2.526182
vn -2.540000 0.000000 0.000000
vn -2.540000 0.000000 0.000000
vn -2.540000 0.000000 0.000000
vn -2.540000 0.000000 0.000000
vn 2.320029 0.000000 -1.033955
vn 2.484399 0.000000 -0.528548
vn 2.540000 0.000000 0.000000
vn 2.484399 0.000000 0.528548
vn 2.320029 0.000000 1.033955
vn 2.320029 0.000000 1.033955
vn 2.484399 0.000000 0.528548
vn 2.540000 0.000000 0.000000
vn 2.484399 0.000000 -0.528548
vn 2.320029 0.000000 -1.033955
vn -1.270000 0.000000 -2.199704
vn -1.270000 0.000000 -2.199704
vn -1.270000 0.000000 -2.199704
vn -1.270000 0.000000 -2.199704
vn -2.447355 0.000000 -0.679746
vn -2.529650 0.000000 -0.229066
vn -2.529650 0.000000 0.229066
vn -2.447355 0.000000 0.679746
vn -2.447355 0.000000 0.679746
vn -2.529650 0.000000 0.229066
vn -2.529650 0.000000 -0.229066
vn -2.447355 0.000000 -0.679746
vn -1.270000 0.000000 2.199704
vn -1.270000 0.000000 2.199704
vn -1.270000 0.000000 2.199704
vn -1.270000 0.000000 2.199704
vn -1.812355 0.000000 1.779598
vn -1.165501 0.000000 2.256813
vn -0.401918 0.000000 2.507999
vn 0.401918 0.000000 2.507999
vn 1.165501 0.000000 2.256813
vn 1.812355 0.000000 1.779598
vn 1.812355 0.000000 1.779598
vn 1.165501 0.000000 2.256813
vn 0.401918 0.000000 2.507999
vn -0.401918 0.000000 2.507999
vn -1.165501 0.000000 2.256813
vn -1.812355 0.000000 1.779598
vn 1.270000 0.000000 2.199704
vn 1.270000 0.000000 2.199704
vn 1.270000 0.000000 2.199704
vn 1.270000 0.000000 2.199704
vn -2.055446 0.000000 -1.492227
vn -1.650125 0.000000 -1.930981
vn -1.153547 0.000000 -2.262947
vn -0.593176 0.000000 -2.469766
vn 0.000000 0.000000 -2.540000
vn 0.593176 0.000000 -2.469766
vn 1.153547 0.000000 -2.262947
vn 1.650125 0.000000 -1.930981
vn 2.055446 0.000000 -1.492227
vn 2.055446 0.000000 -1.492227
vn 1.650125 0.000000 -1.930981
vn 1.153547 0.000000 -2.262947
vn 0.593176 0.000000 -2.469766
vn 0.000000 0.000000 -2.540000
vn -0.593176 0.000000 -2.469766
vn -1.153547 0.000000 -2.262947
vn -1.650125 0.000000 -1.930981
vn -2.055446 0.000000 -1.492227
vn -1.270000 0.000000 2.199704
vn -1.270000 0.000000 2.199704
vn -1.270000 0.000000 2.199704
vn -1.270000 0.000000 2.199704
vn -0.264583 0.000000 2.526182
vn -0.784464 0.000000 2.415826
vn -1.270000 0.000000 2.199704
vn -1.699935 0.000000 1.887279
vn -2.055446 0.000000 1.492227
vn -2.055446 0.000000 1.492227
vn -1.699935 0.000000 1.887279
vn -1.270000 0.000000 2.199704
vn -0.784464 0.000000 2.415826
vn -0.264583 0.000000 2.526182
vn 2.540000 0.000000 0.000000
vn 2.540000 0.000000 0.000000
vn 2.540000 0.000000 0.000000
vn 2.540000 0.000000 0.000000
vn 1.812355 0.000000 -1.779598
vn 1.463202 0.000000 -2.076208
vn 1.066448 0.000000 -2.305274
vn 0.635000 0.000000 -2.459344
vn 0.635000 0.000000 -2.459344
vn 1.066448 0.000000 -2.305274
vn 1.463202 0.000000 -2.076208
vn 1.812355 0.000000 -1.779598
vn -1.270000 0.000000 -2.199704
vn -1.270000 0.000000 -2.199704
vn -1.270000 0.000000 -2.199704
vn -1.270000 0.000000 -2.199704
vn 1.270000 0.000000 -2.199704
vn 1.270000 0.000000 -2.199704
vn 1.270000 0.000000 -2.199704
vn 1.270000 0.000000 -2.199704
vn -2.320029 0.000000 1.033955
vn -2.484399 0.000000 0.528548
vn -2.540000 0.000000 0.000000
vn -2.484399 0.000000 -0.528548
vn -2.320029 0.000000 -1.033955
vn -2.320029 0.000000 -1.033955
vn -2.484399 0.000000 -0.528548
vn -2.540000 0.000000 0.000000
vn -2.484399 0.000000 0.528548
vn -2.320029 0.000000 1.033955
vn 1.270000 0.000000 2.199704
vn 1.270000 0.000000 2.199704
vn 1.270000 0.000000 2.199704
vn 1.270000 0.000000 2.199704
vn 2.447355 0.000000 0.679746
vn 2.529650 0.000000 0.229066
vn 2.529650 0.000000 -0.229066
vn 2.447355 0.000000 -0.679746
vn 2.447355 0.000000 -0.679746
vn 2.529650 0.000000 -0.229066
vn 2.529650 0.000000 0.229066
vn 2.447355 0.000000 0.679746
vn 1.270000 0.000000 2.199704
vn 1.270000 0.000000 2.199704
vn 1.270000 0.000000 2.199704
vn 1.270000 0.000000 2.199704
vn 2.447355 0.000000 0.679746
vn 2.529650 0.000000 0.229066
vn 2.529650 0.000000 -0.229066
vn 2.447355 0.000000 -0.679746
vn 2.447355 0.000000 -0.679746
vn 2.529650 0.000000 -0.229066
vn 2.529650 0.000000 0.229066
vn 2.447355 0.000000 0.679746
vn 1.270000 0.000000 -2.199704
vn 1.270000 0.000000 -2.199704
vn 1.270000 0.000000 -2.199704
vn 1.270000 0.000000 -2.199704
vn -2.320029 0.000000 1.033955
vn -2.484399 0.000000 0.528548
vn -2.540000 0.000000 0.000000
vn -2.484399 0.000000 -0.528548
vn -2.320029 0.000000 -1.033955
vn -2.320029 0.000000 -1.033955
vn -2.484399 0.000000 -0.528548
vn -2.540000 0.000000 0.000000
vn -2.484399 0.000000 0.528548
vn -2.320029 0.000000 1.033955
vn -2.540000 0.000000 0.000000
vn -2.540000 0.000000 0.000000
vn -2.540000 0.000000 0.000000
vn -2.540000 0.000000 0.000000
vn 2.055446 0.000000 1.492227
vn 1.699935 0.000000 1.887279
vn 1.270000 0.000000 2.199704
vn 0.784464 0.000000 2.415826
vn 0.264583 0.000000 2.526182
vn 0.264583 0.000000 2.526182
vn 0.784464 0.000000 2.415826
vn 1.270000 0.000000 2.199704
vn 1.699935 0.000000 1.887279
vn 2.055446 0.000000 1.492227
vn 1.270000 0.000000 -2.199704
vn 1.270000 0.000000 -2.199704
vn 1.270000 0.000000 -2.199704
vn 1.270000 0.000000 -2.199704
vn -0.635000 0.000000 -2.459344
vn -1.066448 0.000000 -2.305274
vn -1.463202 0.000000 -2.076208
vn -1.812355 0.000000 -1.779598
vn -1.812355 0.000000 -1.779598
vn -1.463202 0.000000 -2.076208
vn -1.066448 0.000000 -2.305274
vn -0.635000 0.000000 -2.459344
vn 0.635000 0.000000 2.459344
vn 1.066448 0.000000 2.305274
vn 1.463202 0.000000 2.076208
vn 1.812355 0.000000 1.779598
vn 1.812355 0.000000 1.779598
vn 1.463202 0.000000 2.076208
vn 1.066448 0.000000 2.305274
vn 0.635000 0.000000 2.459344
vn 2.540000 0.000000 0.000000
vn 2.540000 0.000000 0.000000
vn 2.540000 0.000000 0.000000
vn 2.540000 0.000000 0.000000
vn -2.055446 0.000000 -1.492227
vn -1.699935 0.000000 -1.887279
vn -1.270000 0.000000 -2.199704
vn -0.784464 0.000000 -2.415826
vn -0.264583 0.000000 -2.526182
vn -0.264583 0.000000 -2.526182
vn -0.784464 0.000000 -2.415826
vn -1.270000 0.000000 -2.199704
vn -1.699935 0.000000 -1.887279
vn -2.055446 0.000000 -1.492227
vn -1.270000 0.000000 2.199704
vn -1.270000 0.000000 2.199704
vn -1.270000 0.000000 2.199704
vn -1.270000 0.000000 2.199704
vn -1.270000 0.000000 2.199704
vn -1.270000 0.000000 2.199704
vn -1.270000 0.000000 2.199704
vn -1.270000 0.000000 2.199704
vn 2.320029 0.000000 -1.033955
vn 2.484399 0.000000 -0.528548
vn 2.540000 0.000000 0.000000
vn 2.484399 0.000000 0.528548
vn 2.320029 0.000000 1.033955
vn 2.320029 0.000000 1.033955
vn 2.484399 0.000000 0.528548
vn 2.540000 0.000000 0.000000
vn 2.484399 0.000000 -0.528548
vn 2.320029 0.000000 -1.033955
vn -1.270000 0.000000 -2.199704
vn -1.270000 0.000000 -2.199704
vn -1.270000 0.000000 -2.199704
vn -1.270000 0.000000 -2.199704
vn -2.447355 0.000000 -0.679746
vn -2.529650 0.000000 -0.229066
vn -2.529650 0.000000 0.229066
vn -2.447355 0.000000 0.679746
vn -2.447355 0.000000 0.679746
vn -2.529650 0.000000 0.229066
vn -2.529650 0.000000 -0.229066
vn -2.447355 0.000000 -0.679746
vn 2.055446 0.000000 1.492227
vn 1.699935 0.000000 1.887279
vn 1.270000 0.000000 2.199704
vn 0.784464 0.000000 2.415826
vn 0.264583 0.000000 2.526182
vn 0.264583 0.000000 2.526182
vn 0.784464 0.000000 2.415826
vn 1.270000 0.000000 2.199704
vn 1.699935 0.000000 1.887279
vn 2.055446 0.000000 1.492227
vn 1.270000 0.000000 -2.199704
vn 1.270000 0.000000 -2.199704
vn 1.270000 0.000000 -2.199704
vn 1.270000 0.000000 -2.199704
vn -0.635000 0.000000 -2.459344
vn -1.066448 0.000000 -2.305274
vn -1.463202 0.000000 -2.076208
vn -1.812355 0.000000 -1.779598
vn -1.812355 0.000000 -1.779598
vn -1.463202 0.000000 -2.076208
vn -1.066448 0.000000 -2.305274
vn -0.635000 0.000000 -2.459344
vn -2.540000 0.000000 0.000000
vn -2.540000 0.000000 0.000000
vn -2.540000 0.000000 0.000000
vn -2.540000 0.000000 0.000000
vn 0.635000 0.000000 2.459344
vn 1.066448 0.000000 2.305274
vn 1.463202 0.000000 2.076208
vn 1.812355 0.000000 1.779598
vn 1.812355 0.000000 1.779598
vn 1.463202 0.000000 2.076208
vn 1.066448 0.000000 2.305274
vn 0.635000 0.000000 2.459344
vn 2.540000 0.000000 0.000000
vn 2.540000 0.000000 0.000000
vn 2.540000 0.000000 0.000000
vn 2.540000 0.000000 0.000000
vn -2.055446 0.000000 -1.492227
vn -1.699935 0.000000 -1.887279
vn -1.270000 0.000000 -2.199704
vn -0.784464 0.000000 -2.415826
vn -0.264583 0.000000 -2.526182
vn -0.264583 0.000000 -2.526182
vn -0.784464 0.000000 -2.415826
vn -1.270000 0.000000 -2.199704
vn -1.699935 0.000000 -1.887279
vn -2.055446 0.000000 -1.492227
vn -1.270000 0.000000 2.199704
vn -1.270000 0.000000 2.199704
vn -1.270000 0.000000 2.199704
vn -1.270000 0.000000 2.199704
vn -2.055446 0.000000 -1.492227
vn -1.699935 0.000000 -1.887279
vn -1.270000 0.000000 -2.199704
vn -0.784464 0.000000 -2.415826
vn -0.264583 0.000000 -2.526182
vn -0.264583 0.000000 -2.526182
vn -0.784464 0.000000 -2.415826
vn -1.270000 0.000000 -2.199704
vn -1.699935 0.000000 -1.887279
vn -2.055446 0.000000 -1.492227
vn -1.270000 0.000000 2.199704
vn -1.270000 0.000000 2.199704
vn -1.270000 0.000000 2.199704
vn -1.270000 0.000000 2.199704
vn 0.635000 0.000000 2.459344
vn 1.066448 0.000000 2.305274
vn 1.463202 0.000000 2.076208
vn 1.812355 0.000000 1.779598
vn 1.812355 0.000000 1.779598
vn 1.463202 0.000000 2.076208
vn 1.066448 0.000000 2.305274
vn 0.635000 0.000000 2.459344
vn 2.540000 0.000000 0.000000
vn 2.540000 0.000000 0.000000
vn 2.540000 0.000000 0.000000
vn 2.540000 0.000000 0.000000
vn -2.320029 0.000000 1.033955
vn -2.484399 0.000000 0.528548
vn -2.540000 0.000000 0.000000
vn -2.484399 0.000000 -0.528548
vn -2.320029 0.000000 -1.033955
vn -2.320029 0.000000 -1.033955
vn -2.484399 0.000000 -0.528548
vn -2.540000 0.000000 0.000000
vn -2.484399 0.000000 0.528548
vn -2.320029 0.000000 1.033955
vn 1.270000 0.000000 2.199704
vn 1.270000 0.000000 2.199704
vn 1.270000 0.000000 2.199704
vn 1.270000 0.000000 2.199704
vn 2.447355 0.000000 0.679746
vn 2.529650 0.000000 0.229066
vn 2.529650 0.000000 -0.229066
vn 2.447355 0.000000 -0.679746
vn 2.447355 0.000000 -0.679746
vn 2.529650 0.000000 -0.229066
vn 2.529650 0.000000 0.229066
vn 2.447355 0.000000 0.679746
vn 1.270000 0.000000 -2.199704
vn 1.270000 0.000000 -2.199704
vn 1.270000 0.000000 -2.199704
vn 1.270000 0.000000 -2.199704
vn 0.264583 0.000000 -2.526182
vn 0.784464 0.000000 -2.415826
vn 1.270000 0.000000 -2.199704
vn 1.699935 0.000000 -1.887279
vn 2.055446 0.000000 -1.492227
vn 2.055446 0.000000 -1.492227
vn 1.699935 0.000000 -1.887279
vn 1.270000 0.000000 -2.199704
vn 0.784464 0.000000 -2.415826
vn 0.264583 0.000000 -2.526182
vn -2.540000 0.000000 0.000000
vn -2.540000 0.000000 0.000000
vn -2.540000 0.000000 0.000000
vn -2.540000 0.000000 0.000000
vn -1.812355 0.000000 1.779598
vn -1.463202 0.000000 2.076208
vn -1.066448 0.000000 2.305274
vn -0.635000 0.000000 2.459344
vn -0.635000 0.000000 2.459344
vn -1.066448 0.000000 2.305274
vn -1.463202 0.000000 2.076208
vn -1.812355 0.000000 1.779598
vn 1.270000 0.000000 2.199704
vn 1.270000 0.000000 2.199704
vn 1.270000 0.000000 2.199704
vn 1.270000 0.000000 2.199704
vn 1.270000 0.000000 2.199704
vn 1.270000 0.000000 2.199704
vn 1.270000 0.000000 2.199704
vn 1.270000 0.000000 2.199704
vn -2.055446 0.000000 -1.492227
vn -1.650125 0.000000 -1.930981
vn -1.153547 0.000000 -2.262947
vn -0.593176 0.000000 -2.469766
vn 0.000000 0.000000 -2.540000
vn 0.593176 0.000000 -2.469766
vn 1.153547 0.000000 -2.262947
vn 1.650125 0.000000 -1.930981
vn 2.055446 0.000000 -1.492227
vn 2.055446 0.000000 -1.492227
vn 1.650125 0.000000 -1.930981
vn 1.153547 0.000000 -2.262947
vn 0.593176 0.000000 -2.469766
vn 0.000000 0.000000 -2.540000
vn -0.593176 0.000000 -2.469766
vn -1.153547 0.000000 -2.262947
vn -1.650125 0.000000 -1.930981
vn -2.055446 0.000000 -1.492227
vn -1.270000 0.000000 2.199704
vn -1.270000 0.000000 2.199704
vn -1.270000 0.000000 2.199704
vn -1.270000 0.000000 2.199704
vn -1.812355 0.000000 1.779598
vn -1.165501 0.000000 2.256813
vn -0.401918 0.000000 2.507999
vn 0.401918 0.000000 2.507999
vn 1.165501 0.000000 2.256813
vn 1.812355 0.000000 1.779598
vn 1.812355 0.000000 1.779598
vn 1.165501 0.000000 2.256813
vn 0.401918 0.000000 2.507999
vn -0.401918 0.000000 2.507999
vn -1.165501 0.000000 2.256813
vn -1.812355 0.000000 1.779598
vn -0.264583 0.000000 2.526182
vn -0.784464 0.000000 2.415826
vn -1.270000 0.000000 2.199704
vn -1.699935 0.000000 1.887279
vn -2.055446 0.000000 1.492227
vn -2.055446 0.000000 1.492227
vn -1.699935 0.000000 1.887279
vn -1.270000 0.000000 2.199704
vn -0.784464 0.000000 2.415826
vn -0.264583 0.000000 2.526182
vn 2.540000 0.000000 0.000000
vn 2.540000 0.000000 0.000000
vn 2.540000 0.000000 0.000000
vn 2.540000 0.000000 0.000000
vn 1.812355 0.000000 -1.779598
vn 1.463202 0.000000 -2.076208
vn 1.066448 0.000000 -2.305274
vn 0.635000 0.000000 -2.459344
vn 0.635000 0.000000 -2.459344
vn 1.066448 0.000000 -2.305274
vn 1.463202 0.000000 -2.076208
vn 1.812355 0.000000 -1.779598
vn -1.270000 0.000000 -2.199704
vn -1.270000 0.000000 -2.199704
vn -1.270000 0.000000 -2.199704
vn -1.270000 0.000000 -2.199704
vn -2.540000 0.000000 0.000000
vn -2.540000 0.000000 0.000000
vn -2.540000 0.000000 0.000000
vn -2.540000 0.000000 0.000000
vn 1.270032 0.000000 -2.199686
vn 0.868763 0.000000 -2.386808
vn 0.441097 0.000000 -2.501406
vn 0.000028 0.000000 -2.540000
vn -0.441042 0.000000 -2.501416
vn -0.868711 0.000000 -2.386827
vn -1.269984 0.000000 -2.199714
vn -1.632669 0.000000 -1.945763
vn -1.945745 0.000000 -1.632690
vn -2.199700 0.000000 -1.270008
vn -2.386817 0.000000 -0.868737
vn -2.501411 0.000000 -0.441069
vn -2.540000 0.000000 0.000000
vn -2.540000 0.000000 0.000000
vn -2.501411 0.000000 -0.441069
vn -2.386817 0.000000 -0.868737
vn -2.199700 0.000000 -1.270008
vn -1.945745 0.000000 -1.632690
vn -1.632669 0.000000 -1.945763
vn -1.269984 0.000000 -2.199714
vn -0.868711 0.000000 -2.386827
vn -0.441042 0.000000 -2.501416
vn 0.000028 0.000000 -2.540000
vn 0.441097 0.000000 -2.501406
vn 0.868763 0.000000 -2.386808
vn 1.270032 0.000000 -2.199686
vn 1.270032 0.000000 -2.199686
vn 1.270032 0.000000 -2.199686
vn 1.270032 0.000000 -2.199686
vn 1.270032 0.000000 -2.199686
vn 2.540000 0.000000 0.000000
vn 2.500987 0.000000 -0.443466
vn 2.385148 0.000000 -0.873309
vn 2.196041 0.000000 -1.276325
vn 1.939474 0.000000 -1.640134
vn 1.623329 0.000000 -1.953561
vn 1.257319 0.000000 -2.206978
vn 1.257319 0.000000 -2.206978
vn 1.623329 0.000000 -1.953561
vn 1.939474 0.000000 -1.640134
vn 2.196041 0.000000 -1.276325
vn 2.385148 0.000000 -0.873309
vn 2.500987 0.000000 -0.443466
vn 2.540000 0.000000 0.000000
vn 2.540000 0.000000 0.000000
vn 2.540000 0.000000 0.000000
vn 2.540000 0.000000 0.000000
vn 2.540000 0.000000 0.000000
vn 1.259740 0.000000 2.205596
vn 1.625116 0.000000 1.952076
vn 1.940674 0.000000 1.638715
vn 2.196741 0.000000 1.275120
vn 2.385468 0.000000 0.872436
vn 2.501069 0.000000 0.443008
vn 2.540000 0.000000 0.000000
vn 2.540000 0.000000 0.000000
vn 2.501069 0.000000 0.443008
vn 2.385468 0.000000 0.872436
vn 2.196741 0.000000 1.275120
vn 1.940674 0.000000 1.638715
vn 1.625116 0.000000 1.952076
vn 1.259740 0.000000 2.205596
vn 1.270021 0.000000 2.199692
vn 1.270021 0.000000 2.199692
vn 1.270021 0.000000 2.199692
vn 1.270021 0.000000 2.199692
vn -2.540000 0.000000 0.000000
vn -2.501411 0.000000 0.441068
vn -2.386818 0.000000 0.868735
vn -2.199701 0.000000 1.270005
vn -1.945748 0.000000 1.632687
vn -1.632673 0.000000 1.945759
vn -1.269989 0.000000 2.199711
vn -0.868718 0.000000 2.386824
vn -0.441050 0.000000 2.501415
vn 0.000018 0.000000 2.540000
vn 0.441086 0.000000 2.501408
vn 0.868752 0.000000 2.386812
vn 1.270021 0.000000 2.199692
vn 1.270021 0.000000 2.199692
vn 0.868752 0.000000 2.386812
vn 0.441086 0.000000 2.501408
vn 0.000018 0.000000 2.540000
vn -0.441050 0.000000 2.501415
vn -0.868718 0.000000 2.386824
vn -1.269989 0.000000 2.199711
vn -1.632673 0.000000 1.945759
vn -1.945748 0.000000 1.632687
vn -2.199701 0.000000 1.270005
vn -2.386818 0.000000 0.868735
vn -2.501411 0.000000 0.441068
vn -2.540000 0.000000 0.000000
vn 0.000000 -2.540000 0.000000
vn 0.000000 -2.540000 0.000000
vn 0.000000 -2.540000 0.000000
vn 0.000000 -2.540000 0.000000
vn 0.000000 -2.540000 0.000000
vn 0.000000 -2.540000 0.000000
vn 0.000000 -2.540000 0.000000
vn 0.000000 -2.540000 0.000000
vn 0.000000 -2.540000 0.000000
vn 0.000000 -2.540000 0.000000
vn 0.000000 -2.540000 0.000000
vn 0.000000 -2.540000 0.000000
vn 0.000000 -2.540000 0.000000
vn 0.000000 -2.540000 0.000000
vn 0.000000 -2.540000 0.000000
vn 0.000000 -2.540000 0.000000
vn 0.000000 -2.540000 0.000000
vn 0.000000 -2.540000 0.000000
vn 0.000000 -2.540000 0.000000
vn 0.000000 -2.540000 0.000000
vn 0.000000 -2.540000 0.000000
vn 0.000000 -2.540000 0.000000
vn 0.000000 -2.540000 0.000000
vn 0.000000 -2.540000 0.000000
vn 0.000000 -2.540000 0.000000
vn 0.000000 -2.540000 0.000000
vn 0.000000 -2.540000 0.000000
vn 0.000000 -2.540000 0.000000
vn 0.000000 -2.540000 0.000000
vn 0.000000 -2.540000 0.000000
vn 0.000000 -2.540000 0.000000
vn 0.000000 -2.540000 0.000000
vn 0.000000 -2.540000 0.000000
vn 0.000000 -2.540000 0.000000
vn 0.000000 -2.540000 0.000000
vn 0.000000 -2.540000 0.000000
vn 0.000000 -2.540000 0.000000
vn 0.000000 -2.540000 0.000000
vn 0.000000 -2.540000 0.000000
vn 0.000000 -2.540000 0.000000
vn 0.000000 -2.540000 0.000000
vn 0.000000 -2.540000 0.000000
vn 0.000000 -2.540000 0.000000
vn 0.000000 -2.540000 0.000000
vn 0.000000 -2.540000 0.000000
vn 0.000000 -2.540000 0.000000
vn 0.000000 -2.540000 0.000000
vn 0.000000 -2.540000 0.000000
vn 0.000000 -2.540000 0.000000
vn 0.000000 -2.540000 0.000000
vn 0.000000 -2.540000 0.000000
vn 0.000000 -2.540000 0.000000
vn 0.000000 -2.540000 0.000000
vn 0.000000 -2.540000 0.000000
vn 0.000000 -2.540000 0.000000
vn 0.000000 -2.540000 0.000000
vn 0.000000 -2.540000 0.000000
vn 0.000000 -2.540000 0.000000
vn 0.000000 -2.540000 0.000000
vn 0.000000 -2.540000 0.000000
vn 0.000000 -2.540000 0.000000
vn 0.000000 -2.540000 0.000000
vn 0.000000 -2.540000 0.000000
vn 0.000000 -2.540000 0.000000
vn 0.000000 -2.540000 0.000000
vn 0.000000 -2.540000 0.000000
vn 0.000000 -2.540000 0.000000
vn 0.000000 -2.540000 0.000000
vn 0.000000 -2.540000 0.000000
vn 0.000000 -2.540000 0.000000
vn 0.000000 -2.540000 0.000000
vn 0.000000 -2.540000 0.000000
vn 0.000000 -2.540000 0.000000
vn 0.000000 -2.540000 0.000000
vn 0.000000 -2.540000 0.000000
vn 0.000000 -2.540000 0.000000
vn 0.000000 -2.540000 0.000000
vn 0.000000 -2.540000 0.000000
vn 0.000000 -2.540000 0.000000
vn 0.000000 -2.540000 0.000000
vn 0.000000 -2.540000 0.000000
vn 0.000000 -2.540000 0.000000
vn 0.000000 -2.540000 0.000000
vn 0.000000 -2.540000 0.000000
vn 0.000000 -2.540000 0.000000
vn 0.000000 -2.540000 0.000000
vn 0.000000 -2.540000 0.000000
vn 0.000000 -2.540000 0.000000
vn 0.000000 -2.540000 0.000000
vn 0.000000 -2.540000 0.000000
vn 0.000000 -2.540000 0.000000
vn 0.000000 -2.540000 0.000000
vn 0.000000 -2.540000 0.000000
vn 0.000000 -2.540000 0.000000
vn 0.000000 -2.540000 0.000000
vn 0.000000 -2.540000 0.000000
vn 0.000000 -2.540000 0.000000
vn 0.000000 -2.540000 0.000000
vn 0.000000 -2.540000 0.000000
vn 0.000000 -2.540000 0.000000
vn 0.000000 -2.540000 0.000000
vn 0.000000 -2.540000 0.000000
vn 0.000000 -2.540000 0.000000
vn 0.000000 -2.540000 0.000000
vn 0.000000 -2.540000 0.000000
vn 0.000000 -2.540000 0.000000
vn 0.000000 -2.540000 0.000000
vn 0.000000 -2.540000 0.000000
vn 0.000000 -2.540000 0.000000
vn 0.000000 -2.540000 0.000000
vn 0.000000 -2.540000 0.000000
vn 0.000000 -2.540000 0.000000
vn 0.000000 -2.540000 0.000000
vn 0.000000 -2.540000 0.000000
vn 0.000000 -2.540000 0.000000
vn 0.000000 -2.540000 0.000000
vn 0.000000 -2.540000 0.000000
vn 0.000000 -2.540000 0.000000
vn 0.000000 -2.540000 0.000000
vn 0.000000 -2.540000 0.000000
vn 0.000000 -2.540000 0.000000
vn 0.000000 -2.540000 0.000000
vn 0.000000 -2.540000 0.000000
vn 0.000000 -2.540000 0.000000
vn 0.000000 -2.540000 0.000000
vn 0.000000 -2.540000 0.000000
vn 0.000000 -2.540000 0.000000
vn 0.000000 -2.540000 0.000000
vn 0.000000 -2.540000 0.000000
vn 0.000000 -2.540000 0.000000
vn 0.000000 -2.540000 0.000000
vn 0.000000 -2.540000 0.000000
vn 0.000000 -2.540000 0.000000
vn 0.000000 -2.540000 0.000000
vn 0.000000 -2.540000 0.000000
vn 0.000000 -2.540000 0.000000
vn 0.000000 -2.540000 0.000000
vn 0.000000 -2.540000 0.000000
vn 0.000000 -2.540000 0.000000
vn 0.000000 -2.540000 0.000000
vn 0.000000 -2.540000 0.000000
vn 0.000000 -2.540000 0.000000
vn 0.000000 -2.540000 0.000000
vn 0.000000 -2.540000 0.000000
vn 0.000000 -2.540000 0.000000
vn 0.000000 -2.540000 0.000000
vn 0.000000 -2.540000 0.000000
vn 0.000000 -2.540000 0.000000
vn 0.000000 -2.540000 0.000000
vn 0.000000 -2.540000 0.000000
vn 0.000000 -2.540000 0.000000
vn 0.000000 -2.540000 0.000000
vn 0.000000 -2.540000 0.000000
vn 0.000000 -2.540000 0.000000
vn 0.000000 -2.540000 0.000000
vn 0.000000 -2.540000 0.000000
vn 0.000000 -2.540000 0.000000
vn 0.000000 -2.540000 0.000000
vn 0.000000 -2.540000 0.000000
vn 0.000000 -2.540000 0.000000
vn 0.000000 -2.540000 0.000000
vn 0.000000 -2.540000 0.000000
vn 0.000000 -2.540000 0.000000
vn 0.000000 -2.540000 0.000000
vn 0.000000 -2.540000 0.000000
vn 0.000000 -2.540000 0.000000
vn 0.000000 -2.540000 0.000000
vn 0.000000 -2.540000 0.000000
vn 0.000000 -2.540000 0.000000
vn 0.000000 -2.540000 0.000000
vn 0.000000 -2.540000 0.000000
vn 0.000000 -2.540000 0.000000
vn 0.000000 -2.540000 0.000000
vn 0.000000 -2.540000 0.000000
vn 0.000000 -2.540000 0.000000
vn 0.000000 -2.540000 0.000000
vn 0.000000 -2.540000 0.000000
vn 0.000000 -2.540000 0.000000
vn 0.000000 -2.540000 0.000000
vn 0.000000 -2.540000 0.000000
vn 0.000000 -2.540000 0.000000
vn 0.000000 -2.540000 0.000000
vn 0.000000 -2.540000 0.000000
vn 0.000000 -2.540000 0.000000
vn 0.000000 -2.540000 0.000000
vn 0.000000 -2.540000 0.000000
vn 0.000000 -2.540000 0.000000
vn 0.000000 -2.540000 0.000000
vn 0.000000 -2.540000 0.000000
vn 0.000000 -2.540000 0.000000
vn 0.000000 -2.540000 0.000000
vn 0.000000 -2.540000 0.000000
vn 0.000000 -2.540000 0.000000
vn 0.000000 -2.540000 0.000000
vn 0.000000 -2.540000 0.000000
vn 0.000000 -2.540000 0.000000
vn 0.000000 -2.540000 0.000000
vn 0.000000 -2.540000 0.000000
vn 0.000000 -2.540000 0.000000
vn 0.000000 -2.540000 0.000000
vn 0.000000 -2.540000 0.000000
vn 0.000000 -2.540000 0.000000
vn 0.000000 -2.540000 0.000000
vn 0.000000 -2.540000 0.000000
vn 0.000000 -2.540000 0.000000
vn 0.000000 -2.540000 0.000000
vn 0.000000 -2.540000 0.000000
vn 0.000000 -2.540000 0.000000
vn 0.000000 -2.540000 0.000000
vn 0.000000 -2.540000 0.000000
vn 0.000000 -2.540000 0.000000
vn 0.000000 -2.540000 0.000000
vn 0.000000 -2.540000 0.000000
vn 0.000000 -2.540000 0.000000
vn 0.000000 -2.540000 0.000000
vn 0.000000 -2.540000 0.000000
vn 0.000000 -2.540000 0.000000
vn 0.000000 -2.540000 0.000000
vn 0.000000 -2.540000 0.000000
vn 0.000000 -2.540000 0.000000
vn 0.000000 -2.540000 0.000000
vn 0.000000 -2.540000 0.000000
vn 0.000000 -2.540000 0.000000
vn 0.000000 -2.540000 0.000000
vn 0.000000 -2.540000 0.000000
vn 0.000000 -2.540000 0.000000
vn 0.000000 -2.540000 0.000000
vn 0.000000 -2.540000 0.000000
vn 0.000000 -2.540000 0.000000
vn 0.000000 -2.540000 0.000000
vn 0.000000 -2.540000 0.000000
vn 0.000000 -2.540000 0.000000
vn 0.000000 -2.540000 0.000000
vn 0.000000 -2.540000 0.000000
vn 0.000000 -2.540000 0.000000
vn 0.000000 -2.540000 0.000000
vn 0.000000 -2.540000 0.000000
vn 0.000000 -2.540000 0.000000
vn 0.000000 -2.540000 0.000000
vn 0.000000 -2.540000 0.000000
vn 0.000000 -2.540000 0.000000
vn 0.000000 -2.540000 0.000000
vn 0.000000 -2.540000 0.000000
vn 0.000000 -2.540000 0.000000
vn 0.000000 -2.540000 0.000000
vn 0.000000 -2.540000 0.000000
vn 0.000000 -2.540000 0.000000
vn 0.000000 -2.540000 0.000000
vn 0.000000 -2.540000 0.000000
vn 0.000000 -2.540000 0.000000
vn 0.000000 -2.540000 0.000000
vn 0.000000 -2.540000 0.000000
vn 0.000000 -2.540000 0.000000
vn 0.000000 -2.540000 0.000000
vn 0.000000 -2.540000 0.000000
vn 0.000000 -2.540000 0.000000
vn 0.000000 -2.540000 0.000000
vn 0.000000 -2.540000 0.000000
vn 0.000000 -2.540000 0.000000
vn 0.000000 -2.540000 0.000000
vn 0.000000 -2.540000 0.000000
vn 0.000000 -2.540000 0.000000
vn 0.000000 -2.540000 0.000000
vn 0.000000 -2.540000 0.000000
vn 0.000000 -2.540000 0.000000
vn 0.000000 -2.540000 0.000000
vn 0.000000 -2.540000 0.000000
vn 0.000000 -2.540000 0.000000
vn 0.000000 -2.540000 0.000000
vn 0.000000 -2.540000 0.000000
vn 0.000000 -2.540000 0.000000
vn 0.000000 -2.540000 0.000000
vn 0.000000 -2.540000 0.000000
vn 0.000000 -2.540000 0.000000
vn 0.000000 -2.540000 0.000000
vn 0.000000 -2.540000 0.000000
vn 0.000000 -2.540000 0.000000
vn 0.000000 -2.540000 0.000000
vn 0.000000 -2.540000 0.000000
vn 0.000000 -2.540000 0.000000
vn 0.000000 -2.540000 0.000000
vn 0.000000 -2.540000 0.000000
vn 0.000000 -2.540000 0.000000
vn 0.000000 -2.540000 0.000000
vn 0.000000 -2.540000 0.000000
vn 0.000000 -2.540000 0.000000
vn 0.000000 -2.540000 0.000000
vn 0.000000 -2.540000 0.000000
vn 0.000000 -2.540000 0.000000
vn 0.000000 -2.540000 0.000000
vn 0.000000 -2.540000 0.000000
vn 0.000000 -2.540000 0.000000
vn 0.000000 -2.540000 0.000000
vn 0.000000 -2.540000 0.000000
vn 0.000000 -2.540000 0.000000
vn 0.000000 -2.540000 0.000000
vn 0.000000 -2.540000 0.000000
vn 0.000000 -2.540000 0.000000
usemtl 191,191,191
f 1811/10/10 1857/1/1 1814/13/13
f 1814/13/13 1857/1/1 1831/2/2
f 1814/13/13 1831/2/2 1766/12/12
f 1766/12/12 1831/2/2 1740/11/11
f 1766/12/12 1740/11/11 1698/8/8
f 1698/8/8 1740/11/11 1640/7/7
f 1640/7/7 1740/11/11 1666/6/6
f 1666/6/6 1740/11/11 1686/5/5
f 1686/5/5 1740/11/11 1707/4/4
f 1707/4/4 1740/11/11 1785/3/3
f 1785/3/3 1740/11/11 1831/2/2
f 1766/12/12 1698/8/8 1814/13/13
f 1814/13/13 1698/8/8 1723/9/9
f 1814/13/13 1723/9/9 1811/10/10
f 1623/23/23 1640/14/14 1694/24/24
f 1694/24/24 1640/14/14 1666/15/15
f 1694/24/24 1666/15/15 1686/16/16
f 1686/16/16 1707/17/17 1694/24/24
f 1694/24/24 1707/17/17 1736/18/18
f 1694/24/24 1736/18/18 1714/19/19
f 1712/20/20 1684/26/26 1714/19/19
f 1714/19/19 1684/26/26 1688/25/25
f 1714/19/19 1688/25/25 1694/24/24
f 1694/24/24 1688/25/25 1623/23/23
f 1712/20/20 1681/21/21 1684/26/26
f 1684/26/26 1681/21/21 1626/22/22
f 1684/26/26 1626/22/22 1623/23/23
f 1684/26/26 1623/23/23 1688/25/25
f 1707/27/27 1785/28/28 1736/29/29
f 1736/55/55 1785/30/30 1712/53/53
f 1712/53/53 1785/30/30 1831/31/31
f 1712/53/53 1831/31/31 1857/32/32
f 1712/53/53 1857/32/32 1775/52/52
f 1775/52/52 1857/32/32 1912/33/33
f 1775/52/52 1912/33/33 1911/44/44
f 1911/44/44 1912/33/33 1955/43/43
f 1955/43/43 1912/33/33 1956/34/34
f 1955/43/43 1956/34/34 2034/42/42
f 2034/42/42 1956/34/34 2035/35/35
f 2034/42/42 2035/35/35 2056/38/38
f 2056/38/38 2035/35/35 2046/36/36
f 2056/38/38 2046/36/36 2052/37/37
f 2056/38/38 2055/39/39 2034/42/42
f 2034/42/42 2055/39/39 2045/41/41
f 2045/41/41 2055/39/39 2051/40/40
f 1775/52/52 1911/44/44 1774/51/51
f 1774/51/51 1911/44/44 1856/45/45
f 1774/51/51 1856/45/45 1711/50/50
f 1711/50/50 1856/45/45 1830/46/46
f 1711/50/50 1830/46/46 1784/47/47
f 1784/47/47 1735/48/48 1711/50/50
f 1711/50/50 1735/48/48 1713/49/49
f 1712/53/53 1714/54/54 1736/55/55
f 1357/57/57 1334/99/99 1162/56/56
f 1162/56/56 1334/99/99 1158/119/119
f 1162/56/56 1158/119/119 1160/120/120
f 1334/99/99 1357/57/57 1497/98/98
f 1497/98/98 1357/57/57 1507/58/58
f 1497/98/98 1507/58/58 1621/97/97
f 1621/97/97 1507/58/58 1626/59/59
f 1621/97/97 1626/59/59 1681/60/60
f 1621/97/97 1681/60/60 1730/96/96
f 1730/96/96 1681/60/60 1712/61/61
f 1730/96/96 1712/61/61 1775/62/62
f 1730/96/96 1775/62/62 1802/95/95
f 1802/95/95 1775/62/62 1774/63/63
f 1802/95/95 1774/63/63 1729/94/94
f 1729/94/94 1774/63/63 1711/64/64
f 1729/94/94 1711/64/64 1680/65/65
f 1729/94/94 1680/65/65 1620/93/93
f 1620/93/93 1680/65/65 1625/66/66
f 1620/93/93 1625/66/66 1506/67/67
f 1620/93/93 1506/67/67 1496/92/92
f 1496/92/92 1506/67/67 1356/68/68
f 1496/92/92 1356/68/68 1333/91/91
f 1333/91/91 1356/68/68 1161/69/69
f 1333/91/91 1161/69/69 1157/71/71
f 1157/71/71 1161/69/69 1159/70/70
f 1333/91/91 1157/71/71 1151/90/90
f 1151/90/90 1157/71/71 1012/72/72
f 1151/90/90 1012/72/72 983/89/89
f 983/89/89 1012/72/72 901/73/73
f 983/89/89 901/73/73 847/88/88
f 847/88/88 901/73/73 764/74/74
f 847/88/88 764/74/74 709/87/87
f 709/87/87 764/74/74 611/75/75
f 709/87/87 611/75/75 542/86/86
f 542/86/86 611/75/75 495/76/76
f 542/86/86 495/76/76 381/85/85
f 381/85/85 495/76/76 401/77/77
f 381/85/85 401/77/77 355/78/78
f 355/78/78 306/79/79 381/85/85
f 381/85/85 306/79/79 281/84/84
f 281/84/84 306/79/79 270/80/80
f 281/84/84 270/80/80 224/81/81
f 199/82/82 197/83/83 224/81/81
f 224/81/81 197/83/83 281/84/84
f 1334/99/99 1152/100/100 1158/119/119
f 1158/119/119 1152/100/100 1013/118/118
f 1013/118/118 1152/100/100 984/101/101
f 1013/118/118 984/101/101 902/117/117
f 902/117/117 984/101/101 848/102/102
f 902/117/117 848/102/102 765/116/116
f 765/116/116 848/102/102 710/103/103
f 765/116/116 710/103/103 612/115/115
f 612/115/115 710/103/103 543/104/104
f 612/115/115 543/104/104 496/114/114
f 496/114/114 543/104/104 382/105/105
f 496/114/114 382/105/105 402/113/113
f 402/113/113 382/105/105 356/112/112
f 356/112/112 382/105/105 307/111/111
f 307/111/111 382/105/105 282/106/106
f 307/111/111 282/106/106 271/110/110
f 271/110/110 282/106/106 225/109/109
f 225/109/109 282/106/106 198/107/107
f 225/109/109 198/107/107 200/108/108
f 1680/130/130 1711/121/121 1683/133/133
f 1683/133/133 1711/121/121 1713/122/122
f 1683/133/133 1713/122/122 1687/132/132
f 1687/132/132 1713/122/122 1693/131/131
f 1687/132/132 1693/131/131 1622/128/128
f 1622/128/128 1693/131/131 1639/127/127
f 1639/127/127 1693/131/131 1665/126/126
f 1665/126/126 1693/131/131 1685/125/125
f 1685/125/125 1693/131/131 1706/124/124
f 1706/124/124 1693/131/131 1735/123/123
f 1735/123/123 1693/131/131 1713/122/122
f 1687/132/132 1622/128/128 1683/133/133
f 1683/133/133 1622/128/128 1625/129/129
f 1683/133/133 1625/129/129 1680/130/130
f 1697/143/143 1639/134/134 1739/144/144
f 1739/144/144 1639/134/134 1665/135/135
f 1739/144/144 1665/135/135 1685/136/136
f 1685/136/136 1706/137/137 1739/144/144
f 1739/144/144 1706/137/137 1784/138/138
f 1739/144/144 1784/138/138 1830/139/139
f 1856/140/140 1813/146/146 1830/139/139
f 1830/139/139 1813/146/146 1765/145/145
f 1830/139/139 1765/145/145 1739/144/144
f 1739/144/144 1765/145/145 1697/143/143
f 1856/140/140 1810/141/141 1813/146/146
f 1813/146/146 1810/141/141 1722/142/142
f 1813/146/146 1722/142/142 1697/143/143
f 1813/146/146 1697/143/143 1765/145/145
f 1706/147/147 1735/148/148 1784/149/149
f 1535/151/151 1531/192/192 1553/150/150
f 1553/150/150 1531/192/192 1559/193/193
f 1553/150/150 1559/193/193 1575/222/222
f 1575/222/222 1559/193/193 1573/221/221
f 1573/221/221 1559/193/193 1642/194/194
f 1573/221/221 1642/194/194 1637/220/220
f 1637/220/220 1642/194/194 1819/219/219
f 1819/219/219 1642/194/194 1837/195/195
f 1819/219/219 1837/195/195 1907/218/218
f 1907/218/218 1837/195/195 1913/196/196
f 1907/218/218 1913/196/196 1972/217/217
f 1972/217/217 1913/196/196 2004/197/197
f 1972/217/217 2004/197/197 2065/216/216
f 2065/216/216 2004/197/197 2098/198/198
f 2065/216/216 2098/198/198 2103/215/215
f 2103/215/215 2098/198/198 2153/214/214
f 2153/214/214 2098/198/198 2196/199/199
f 2153/214/214 2196/199/199 2198/213/213
f 2198/213/213 2196/199/199 2231/212/212
f 2231/212/212 2196/199/199 2294/200/200
f 2231/212/212 2294/200/200 2290/211/211
f 2290/211/211 2294/200/200 2333/210/210
f 2333/210/210 2294/200/200 2355/209/209
f 2355/209/209 2294/200/200 2388/206/206
f 2355/209/209 2388/206/206 2374/208/208
f 2374/208/208 2388/206/206 2390/207/207
f 1531/192/192 1535/151/151 1580/191/191
f 1580/191/191 1535/151/151 1598/152/152
f 1580/191/191 1598/152/152 1699/190/190
f 1699/190/190 1598/152/152 1722/153/153
f 1699/190/190 1722/153/153 1810/154/154
f 1699/190/190 1810/154/154 1864/189/189
f 1864/189/189 1810/154/154 1856/155/155
f 1864/189/189 1856/155/155 1911/156/156
f 1864/189/189 1911/156/156 1943/188/188
f 1943/188/188 1911/156/156 1955/157/157
f 1943/188/188 1955/157/157 2012/187/187
f 2012/187/187 1955/157/157 2034/158/158
f 2012/187/187 2034/158/158 2032/159/159
f 2012/187/187 2032/159/159 2131/186/186
f 2131/186/186 2032/159/159 2129/160/160
f 2131/186/186 2129/160/160 2212/161/161
f 2131/186/186 2212/161/161 2214/185/185
f 2214/185/185 2212/161/161 2303/162/162
f 2214/185/185 2303/162/162 2317/184/184
f 2317/184/184 2303/162/162 2492/163/163
f 2317/184/184 2492/163/163 2521/183/183
f 2521/183/183 2492/163/163 2583/164/164
f 2521/183/183 2583/164/164 2608/182/182
f 2608/182/182 2583/164/164 2616/165/165
f 2608/182/182 2616/165/165 2639/166/166
f 2608/182/182 2639/166/166 2662/181/181
f 2662/181/181 2639/166/166 2674/167/167
f 2662/181/181 2674/167/167 2701/168/168
f 2662/181/181 2701/168/168 2727/180/180
f 2727/180/180 2701/168/168 2725/169/169
f 2727/180/180 2725/169/169 2735/170/170
f 2735/170/170 2742/171/171 2727/180/180
f 2727/180/180 2742/171/171 2746/174/174
f 2727/180/180 2746/174/174 2739/179/179
f 2739/179/179 2746/174/174 2737/175/175
f 2739/179/179 2737/175/175 2723/176/176
f 2742/171/171 2744/172/172 2746/174/174
f 2746/174/174 2744/172/172 2750/173/173
f 2697/177/177 2695/178/178 2723/176/176
f 2723/176/176 2695/178/178 2739/179/179
f 2294/200/200 2488/201/201 2388/206/206
f 2388/206/206 2488/201/201 2494/205/205
f 2494/205/205 2488/201/201 2546/204/204
f 2546/204/204 2488/201/201 2591/202/202
f 2546/204/204 2591/202/202 2593/203/203
f 1159/223/223 1161/224/224 1137/252/252
f 1137/252/252 1161/224/224 1225/253/253
f 1137/252/252 1225/253/253 1215/254/254
f 1215/254/254 1225/253/253 1392/256/256
f 1215/254/254 1392/256/256 1335/239/239
f 1335/239/239 1392/256/256 1448/238/238
f 1448/238/238 1392/256/256 1482/232/232
f 1448/238/238 1482/232/232 1470/233/233
f 1161/224/224 1280/225/225 1225/253/253
f 1225/253/253 1280/225/225 1444/226/226
f 1225/253/253 1444/226/226 1418/255/255
f 1418/255/255 1444/226/226 1553/227/227
f 1418/255/255 1553/227/227 1575/228/228
f 1575/228/228 1569/229/229 1418/255/255
f 1418/255/255 1569/229/229 1500/231/231
f 1418/255/255 1500/231/231 1392/256/256
f 1392/256/256 1500/231/231 1482/232/232
f 1569/229/229 1551/230/230 1500/231/231
f 1470/233/233 1468/234/234 1448/238/238
f 1448/238/238 1468/234/234 1452/237/237
f 1452/237/237 1468/234/234 1464/235/235
f 1452/237/237 1464/235/235 1460/236/236
f 1335/239/239 1209/240/240 1215/254/254
f 1215/254/254 1209/240/240 1111/241/241
f 1215/254/254 1111/241/241 1074/250/250
f 1074/250/250 1111/241/241 1083/246/246
f 1074/250/250 1083/246/246 1072/247/247
f 1105/242/242 1099/243/243 1111/241/241
f 1111/241/241 1099/243/243 1093/244/244
f 1111/241/241 1093/244/244 1087/245/245
f 1087/245/245 1083/246/246 1111/241/241
f 1072/247/247 1066/248/248 1074/250/250
f 1074/250/250 1066/248/248 1068/249/249
f 1096/251/251 1137/252/252 1074/250/250
f 1074/250/250 1137/252/252 1215/254/254
f 1418/255/255 1392/256/256 1225/253/253
f 1159/257/257 1137/258/258 1157/265/265
f 1157/265/265 1137/258/258 1103/264/264
f 1103/264/264 1137/258/258 1096/259/259
f 1103/264/264 1096/259/259 1075/263/263
f 1075/263/263 1096/259/259 1074/260/260
f 1075/263/263 1074/260/260 1068/261/261
f 1068/261/261 1063/262/262 1075/263/263
f 1068/266/266 1066/267/267 1063/269/269
f 1063/269/269 1066/267/267 1062/268/268
f 1062/281/281 1066/270/270 1071/280/280
f 1071/280/280 1066/270/270 1072/271/271
f 1071/280/280 1072/271/271 1082/279/279
f 1082/279/279 1072/271/271 1083/272/272
f 1082/279/279 1083/272/272 1087/273/273
f 1087/273/273 1093/274/274 1082/279/279
f 1082/279/279 1093/274/274 1109/278/278
f 1109/278/278 1093/274/274 1099/275/275
f 1109/278/278 1099/275/275 1105/276/276
f 1105/276/276 1111/277/277 1109/278/278
f 1111/282/282 1209/283/283 1109/350/350
f 1109/350/350 1209/283/283 1091/319/319
f 1109/350/350 1091/319/319 1006/349/349
f 1006/349/349 1091/319/319 942/320/320
f 1006/349/349 942/320/320 932/348/348
f 932/348/348 942/320/320 843/347/347
f 843/347/347 942/320/320 818/321/321
f 843/347/347 818/321/321 762/346/346
f 762/346/346 818/321/321 630/322/322
f 762/346/346 630/322/322 648/345/345
f 648/345/345 630/322/322 567/344/344
f 567/344/344 630/322/322 512/323/323
f 567/344/344 512/323/323 474/343/343
f 474/343/343 512/323/323 377/342/342
f 377/342/342 512/323/323 347/324/324
f 377/342/342 347/324/324 312/341/341
f 312/341/341 347/324/324 241/325/325
f 312/341/341 241/325/325 247/340/340
f 247/340/340 241/325/325 209/339/339
f 209/339/339 241/325/325 172/326/326
f 209/339/339 172/326/326 164/338/338
f 164/338/338 172/326/326 157/337/337
f 157/337/337 172/326/326 161/327/327
f 157/337/337 161/327/327 178/336/336
f 178/336/336 161/327/327 232/328/328
f 178/336/336 232/328/328 227/335/335
f 227/335/335 232/328/328 285/334/334
f 285/334/334 232/328/328 323/329/329
f 285/334/334 323/329/329 325/333/333
f 325/333/333 323/329/329 391/332/332
f 391/332/332 323/329/329 452/330/330
f 391/332/332 452/330/330 454/331/331
f 1091/319/319 1209/283/283 1241/318/318
f 1241/318/318 1209/283/283 1335/284/284
f 1241/318/318 1335/284/284 1446/286/286
f 1446/286/286 1335/284/284 1448/285/285
f 1241/318/318 1446/286/286 1466/317/317
f 1466/317/317 1446/286/286 1557/287/287
f 1466/317/317 1557/287/287 1585/316/316
f 1585/316/316 1557/287/287 1690/288/288
f 1585/316/316 1690/288/288 1708/315/315
f 1708/315/315 1690/288/288 1767/289/289
f 1708/315/315 1767/289/289 1786/314/314
f 1786/314/314 1767/289/289 1789/290/290
f 1786/314/314 1789/290/290 1762/313/313
f 1762/313/313 1789/290/290 1718/291/291
f 1762/313/313 1718/291/291 1662/312/312
f 1662/312/312 1718/291/291 1677/292/292
f 1662/312/312 1677/292/292 1611/293/293
f 1662/312/312 1611/293/293 1521/311/311
f 1521/311/311 1611/293/293 1533/294/294
f 1521/311/311 1533/294/294 1492/295/295
f 1521/311/311 1492/295/295 1390/310/310
f 1390/310/310 1492/295/295 1416/296/296
f 1390/310/310 1416/296/296 1347/297/297
f 1390/310/310 1347/297/297 1296/301/301
f 1296/301/301 1347/297/297 1326/298/298
f 1296/301/301 1326/298/298 1306/299/299
f 1306/299/299 1298/300/300 1296/301/301
f 1390/310/310 1296/301/301 1185/309/309
f 1185/309/309 1296/301/301 1145/302/302
f 1185/309/309 1145/302/302 1026/308/308
f 1026/308/308 1145/302/302 996/303/303
f 1026/308/308 996/303/303 893/307/307
f 893/307/307 996/303/303 880/304/304
f 893/307/307 880/304/304 745/306/306
f 745/306/306 880/304/304 747/305/305
f 1554/352/352 1423/380/380 1576/351/351
f 1576/351/351 1423/380/380 1397/381/381
f 1576/351/351 1397/381/381 1552/378/378
f 1552/378/378 1397/381/381 1449/370/370
f 1552/378/378 1449/370/370 1471/375/375
f 1471/375/375 1449/370/370 1469/374/374
f 1469/374/374 1449/370/370 1465/373/373
f 1465/373/373 1449/370/370 1461/372/372
f 1461/372/372 1449/370/370 1453/371/371
f 1554/352/352 1445/353/353 1423/380/380
f 1423/380/380 1445/353/353 1226/382/382
f 1423/380/380 1226/382/382 1216/383/383
f 1216/383/383 1226/382/382 1095/358/358
f 1216/383/383 1095/358/358 1069/359/359
f 1445/353/353 1281/354/354 1226/382/382
f 1226/382/382 1281/354/354 1162/355/355
f 1226/382/382 1162/355/355 1160/356/356
f 1160/356/356 1138/357/357 1226/382/382
f 1226/382/382 1138/357/357 1095/358/358
f 1069/359/359 1067/360/360 1216/383/383
f 1216/383/383 1067/360/360 1073/361/361
f 1216/383/383 1073/361/361 1112/367/367
f 1112/367/367 1073/361/361 1084/362/362
f 1112/367/367 1084/362/362 1088/363/363
f 1094/364/364 1100/365/365 1088/363/363
f 1088/363/363 1100/365/365 1106/366/366
f 1088/363/363 1106/366/366 1112/367/367
f 1112/367/367 1210/368/368 1216/383/383
f 1216/383/383 1210/368/368 1336/369/369
f 1216/383/383 1336/369/369 1397/381/381
f 1397/381/381 1336/369/369 1449/370/370
f 1483/376/376 1501/377/377 1471/375/375
f 1471/375/375 1501/377/377 1552/378/378
f 1552/378/378 1570/379/379 1576/351/351
f 1216/383/383 1397/381/381 1423/380/380
f 1069/385/385 1064/386/386 1067/384/384
f 1067/384/384 1064/386/386 1065/387/387
f 1064/395/395 1069/388/388 1076/394/394
f 1076/394/394 1069/388/388 1095/389/389
f 1076/394/394 1095/389/389 1104/393/393
f 1104/393/393 1095/389/389 1138/390/390
f 1104/393/393 1138/390/390 1158/392/392
f 1158/392/392 1138/390/390 1160/391/391
f 1162/396/396 1281/397/397 1357/408/408
f 1357/408/408 1281/397/397 1445/398/398
f 1357/408/408 1445/398/398 1536/400/400
f 1536/400/400 1445/398/398 1554/399/399
f 1357/408/408 1536/400/400 1507/407/407
f 1507/407/407 1536/400/400 1599/401/401
f 1507/407/407 1599/401/401 1640/404/404
f 1640/404/404 1599/401/401 1698/403/403
f 1698/403/403 1599/401/401 1723/402/402
f 1640/404/404 1623/405/405 1507/407/407
f 1507/407/407 1623/405/405 1626/406/406
f 1599/410/410 1700/445/445 1723/409/409
f 1723/409/409 1700/445/445 1865/446/446
f 1723/409/409 1865/446/446 1811/481/481
f 1811/481/481 1865/446/446 1857/480/480
f 1857/480/480 1865/446/446 1912/479/479
f 1912/479/479 1865/446/446 1944/447/447
f 1912/479/479 1944/447/447 1956/478/478
f 1956/478/478 1944/447/447 2013/448/448
f 1956/478/478 2013/448/448 2035/477/477
f 2035/477/477 2013/448/448 2033/476/476
f 2033/476/476 2013/448/448 2132/449/449
f 2033/476/476 2132/449/449 2130/475/475
f 2130/475/475 2132/449/449 2213/474/474
f 2213/474/474 2132/449/449 2215/450/450
f 2213/474/474 2215/450/450 2304/473/473
f 2304/473/473 2215/450/450 2318/451/451
f 2304/473/473 2318/451/451 2493/472/472
f 2493/472/472 2318/451/451 2522/452/452
f 2493/472/472 2522/452/452 2584/471/471
f 2584/471/471 2522/452/452 2609/453/453
f 2584/471/471 2609/453/453 2617/470/470
f 2617/470/470 2609/453/453 2640/469/469
f 2640/469/469 2609/453/453 2663/454/454
f 2640/469/469 2663/454/454 2675/468/468
f 2675/468/468 2663/454/454 2702/467/467
f 2702/467/467 2663/454/454 2728/455/455
f 2702/467/467 2728/455/455 2726/466/466
f 2726/466/466 2728/455/455 2736/465/465
f 2736/465/465 2728/455/455 2741/464/464
f 2741/464/464 2728/455/455 2740/456/456
f 2741/464/464 2740/456/456 2747/461/461
f 2747/461/461 2740/456/456 2738/460/460
f 2738/460/460 2740/456/456 2724/459/459
f 2724/459/459 2740/456/456 2696/457/457
f 2724/459/459 2696/457/457 2698/458/458
f 1700/445/445 1599/410/410 1581/444/444
f 1581/444/444 1599/410/410 1536/411/411
f 1581/444/444 1536/411/411 1532/443/443
f 1532/443/443 1536/411/411 1554/412/412
f 1532/443/443 1554/412/412 1560/442/442
f 1560/442/442 1554/412/412 1576/413/413
f 1560/442/442 1576/413/413 1574/414/414
f 1560/442/442 1574/414/414 1643/441/441
f 1643/441/441 1574/414/414 1638/415/415
f 1643/441/441 1638/415/415 1820/416/416
f 1643/441/441 1820/416/416 1838/440/440
f 1838/440/440 1820/416/416 1908/417/417
f 1838/440/440 1908/417/417 1914/439/439
f 1914/439/439 1908/417/417 1973/418/418
f 1914/439/439 1973/418/418 2005/438/438
f 2005/438/438 1973/418/418 2066/419/419
f 2005/438/438 2066/419/419 2099/437/437
f 2099/437/437 2066/419/419 2104/420/420
f 2099/437/437 2104/420/420 2154/421/421
f 2099/437/437 2154/421/421 2197/436/436
f 2197/436/436 2154/421/421 2199/422/422
f 2197/436/436 2199/422/422 2232/423/423
f 2197/436/436 2232/423/423 2295/435/435
f 2295/435/435 2232/423/423 2291/424/424
f 2295/435/435 2291/424/424 2334/425/425
f 2334/425/425 2356/426/426 2295/435/435
f 2295/435/435 2356/426/426 2389/429/429
f 2295/435/435 2389/429/429 2489/434/434
f 2489/434/434 2389/429/429 2495/430/430
f 2489/434/434 2495/430/430 2547/431/431
f 2356/426/426 2375/427/427 2389/429/429
f 2389/429/429 2375/427/427 2391/428/428
f 2594/432/432 2592/433/433 2547/431/431
f 2547/431/431 2592/433/433 2489/434/434
f 2751/462/462 2745/463/463 2747/461/461
f 2747/461/461 2745/463/463 2741/464/464
f 1553/482/482 1444/483/483 1535/494/494
f 1535/494/494 1444/483/483 1356/486/486
f 1535/494/494 1356/486/486 1506/487/487
f 1444/483/483 1280/484/484 1356/486/486
f 1356/486/486 1280/484/484 1161/485/485
f 1625/488/488 1622/489/489 1506/487/487
f 1506/487/487 1622/489/489 1639/490/490
f 1506/487/487 1639/490/490 1598/493/493
f 1598/493/493 1639/490/490 1697/491/491
f 1598/493/493 1697/491/491 1722/492/492
f 1598/493/493 1535/494/494 1506/487/487
f 1112/495/495 1106/496/496 1110/506/506
f 1110/506/506 1106/496/496 1100/497/497
f 1110/506/506 1100/497/497 1094/498/498
f 1110/506/506 1094/498/498 1081/505/505
f 1081/505/505 1094/498/498 1088/499/499
f 1081/505/505 1088/499/499 1084/500/500
f 1084/500/500 1073/501/501 1081/505/505
f 1081/505/505 1073/501/501 1070/504/504
f 1070/504/504 1073/501/501 1067/502/502
f 1070/504/504 1067/502/502 1065/503/503
f 1448/507/507 1452/508/508 1446/518/518
f 1446/518/518 1452/508/508 1460/509/509
f 1446/518/518 1460/509/509 1464/510/510
f 1464/510/510 1468/511/511 1446/518/518
f 1446/518/518 1468/511/511 1472/517/517
f 1472/517/517 1468/511/511 1470/512/512
f 1472/517/517 1470/512/512 1482/513/513
f 1472/517/517 1482/513/513 1488/516/516
f 1488/516/516 1482/513/513 1500/514/514
f 1488/516/516 1500/514/514 1498/515/515
f 1551/520/520 1549/521/521 1500/519/519
f 1500/519/519 1549/521/521 1498/522/522
f 1549/529/529 1551/523/523 1555/528/528
f 1555/528/528 1551/523/523 1569/524/524
f 1555/528/528 1569/524/524 1571/527/527
f 1571/527/527 1569/524/524 1575/525/525
f 1571/527/527 1575/525/525 1573/526/526
f 2055/537/537 2053/530/530 2051/536/536
f 2051/536/536 2053/530/530 2050/531/531
f 2051/536/536 2050/531/531 2045/535/535
f 2045/535/535 2050/531/531 2044/532/532
f 2045/535/535 2044/532/532 2034/534/534
f 2034/534/534 2044/532/532 2032/533/533
f 2054/538/538 2053/539/539 2056/541/541
f 2056/541/541 2053/539/539 2055/540/540
f 2035/548/548 2033/542/542 2046/547/547
f 2046/547/547 2033/542/542 2049/543/543
f 2046/547/547 2049/543/543 2052/546/546
f 2052/546/546 2049/543/543 2054/544/544
f 2052/546/546 2054/544/544 2056/545/545
f 1574/555/555 1576/549/549 1572/554/554
f 1572/554/554 1576/549/549 1570/550/550
f 1572/554/554 1570/550/550 1556/553/553
f 1556/553/553 1570/550/550 1552/551/551
f 1556/553/553 1552/551/551 1550/552/552
f 1552/556/556 1501/557/557 1550/559/559
f 1550/559/559 1501/557/557 1499/558/558
f 1501/560/560 1483/561/561 1499/570/570
f 1499/570/570 1483/561/561 1476/569/569
f 1476/569/569 1483/561/561 1471/562/562
f 1476/569/569 1471/562/562 1469/563/563
f 1476/569/569 1469/563/563 1447/568/568
f 1447/568/568 1469/563/563 1465/564/564
f 1447/568/568 1465/564/564 1461/565/565
f 1461/565/565 1453/566/566 1447/568/568
f 1447/568/568 1453/566/566 1449/567/567
f 1593/598/598 1549/571/571 1587/608/608
f 1587/608/608 1549/571/571 1555/572/572
f 1587/608/608 1555/572/572 1597/607/607
f 1597/607/607 1555/572/572 1571/573/573
f 1597/607/607 1571/573/573 1602/606/606
f 1602/606/606 1571/573/573 1606/605/605
f 1602/606/606 1606/605/605 1648/611/611
f 1648/611/611 1606/605/605 1668/610/610
f 1648/611/611 1668/610/610 1741/620/620
f 1741/620/620 1668/610/610 1757/621/621
f 1741/620/620 1757/621/621 1851/615/615
f 1851/615/615 1757/621/621 1852/614/614
f 1851/615/615 1852/614/614 1891/627/627
f 1891/627/627 1852/614/614 1892/628/628
f 1891/627/627 1892/628/628 1934/623/623
f 1934/623/623 1892/628/628 1933/622/622
f 1934/623/623 1933/622/622 1969/636/636
f 1969/636/636 1933/622/622 1968/637/637
f 1969/636/636 1968/637/637 2011/632/632
f 2011/632/632 1968/637/637 2009/631/631
f 2011/632/632 2009/631/631 2101/641/641
f 2101/641/641 2009/631/631 2097/640/640
f 2101/641/641 2097/640/640 2169/646/646
f 2169/646/646 2097/640/640 2168/645/645
f 2169/646/646 2168/645/645 2265/651/651
f 2265/651/651 2168/645/645 2261/650/650
f 2265/651/651 2261/650/650 2348/587/587
f 2348/587/587 2261/650/650 2336/586/586
f 2336/586/586 2261/650/650 2255/649/649
f 2336/586/586 2255/649/649 2290/584/584
f 2290/584/584 2255/649/649 2231/583/583
f 2231/583/583 2255/649/649 2198/582/582
f 2198/582/582 2255/649/649 2167/644/644
f 2198/582/582 2167/644/644 2153/581/581
f 2153/581/581 2167/644/644 2096/639/639
f 2153/581/581 2096/639/639 2103/580/580
f 2103/580/580 2096/639/639 2065/579/579
f 2065/579/579 2096/639/639 2007/630/630
f 2065/579/579 2007/630/630 1972/578/578
f 1972/578/578 2007/630/630 1966/638/638
f 1972/578/578 1966/638/638 1931/603/603
f 1931/603/603 1966/638/638 1968/637/637
f 1931/603/603 1968/637/637 1933/622/622
f 1571/573/573 1573/574/574 1606/605/605
f 1606/605/605 1573/574/574 1609/604/604
f 1606/605/605 1609/604/604 1668/610/610
f 1668/610/610 1609/604/604 1667/609/609
f 1668/610/610 1667/609/609 1757/621/621
f 1757/621/621 1667/609/609 1755/599/599
f 1757/621/621 1755/599/599 1852/614/614
f 1852/614/614 1755/599/599 1850/601/601
f 1852/614/614 1850/601/601 1892/628/628
f 1892/628/628 1850/601/601 1886/629/629
f 1892/628/628 1886/629/629 1933/622/622
f 1933/622/622 1886/629/629 1931/603/603
f 1573/574/574 1637/575/575 1609/604/604
f 1609/604/604 1637/575/575 1667/609/609
f 1667/609/609 1637/575/575 1755/599/599
f 1755/599/599 1637/575/575 1819/576/576
f 1755/599/599 1819/576/576 1850/601/601
f 1850/601/601 1819/576/576 1907/577/577
f 1850/601/601 1907/577/577 1886/629/629
f 1886/629/629 1907/577/577 1931/603/603
f 1907/577/577 1972/578/578 1931/603/603
f 2290/584/584 2333/585/585 2336/586/586
f 2348/587/587 2368/588/588 2265/651/651
f 2265/651/651 2368/588/588 2268/652/652
f 2265/651/651 2268/652/652 2169/646/646
f 2169/646/646 2268/652/652 2170/647/647
f 2169/646/646 2170/647/647 2101/641/641
f 2101/641/641 2170/647/647 2102/642/642
f 2101/641/641 2102/642/642 2011/632/632
f 2011/632/632 2102/642/642 2010/633/633
f 2011/632/632 2010/633/633 1969/636/636
f 1969/636/636 2010/633/633 1967/635/635
f 1969/636/636 1967/635/635 1934/623/623
f 1934/623/623 1967/635/635 1932/624/624
f 1934/623/623 1932/624/624 1891/627/627
f 1891/627/627 1932/624/624 1885/626/626
f 1891/627/627 1885/626/626 1851/615/615
f 1851/615/615 1885/626/626 1846/616/616
f 1851/615/615 1846/616/616 1741/620/620
f 1741/620/620 1846/616/616 1734/619/619
f 1741/620/620 1734/619/619 1648/611/611
f 1648/611/611 1734/619/619 1645/612/612
f 1648/611/611 1645/612/612 1602/606/606
f 1602/606/606 1645/612/612 1597/607/607
f 2368/588/588 2382/589/589 2268/652/652
f 2268/652/652 2382/589/589 2269/653/653
f 2268/652/652 2269/653/653 2170/647/647
f 2170/647/647 2269/653/653 2171/648/648
f 2170/647/647 2171/648/648 2102/642/642
f 2102/642/642 2171/648/648 2100/643/643
f 2102/642/642 2100/643/643 2010/633/633
f 2010/633/633 2100/643/643 2008/602/602
f 2010/633/633 2008/602/602 1967/635/635
f 1967/635/635 2008/602/602 1961/634/634
f 1967/635/635 1961/634/634 1932/624/624
f 1932/624/624 1961/634/634 1930/625/625
f 1932/624/624 1930/625/625 1885/626/626
f 1885/626/626 1930/625/625 1884/600/600
f 1885/626/626 1884/600/600 1846/616/616
f 1846/616/616 1884/600/600 1844/617/617
f 1846/616/616 1844/617/617 1734/619/619
f 1734/619/619 1844/617/617 1725/618/618
f 1734/619/619 1725/618/618 1645/612/612
f 1645/612/612 1725/618/618 1635/613/613
f 1645/612/612 1635/613/613 1597/607/607
f 1597/607/607 1635/613/613 1587/608/608
f 2382/589/589 2272/590/590 2269/653/653
f 2269/653/653 2272/590/590 2185/591/591
f 2269/653/653 2185/591/591 2171/648/648
f 2171/648/648 2185/591/591 2113/592/592
f 2171/648/648 2113/592/592 2100/643/643
f 2100/643/643 2113/592/592 2022/593/593
f 2100/643/643 2022/593/593 2008/602/602
f 2008/602/602 2022/593/593 1949/594/594
f 2008/602/602 1949/594/594 1961/634/634
f 1961/634/634 1949/594/594 1930/625/625
f 1949/594/594 1901/595/595 1930/625/625
f 1930/625/625 1901/595/595 1884/600/600
f 1901/595/595 1828/596/596 1884/600/600
f 1884/600/600 1828/596/596 1844/617/617
f 1844/617/617 1828/596/596 1725/618/618
f 1725/618/618 1828/596/596 1675/597/597
f 1725/618/618 1675/597/597 1635/613/613
f 1635/613/613 1675/597/597 1593/598/598
f 1635/613/613 1593/598/598 1587/608/608
f 1968/637/637 1966/638/638 2009/631/631
f 2009/631/631 1966/638/638 2007/630/630
f 2009/631/631 2007/630/630 2097/640/640
f 2097/640/640 2007/630/630 2096/639/639
f 2097/640/640 2096/639/639 2168/645/645
f 2168/645/645 2096/639/639 2167/644/644
f 2168/645/645 2167/644/644 2261/650/650
f 2261/650/650 2167/644/644 2255/649/649
f 2108/680/680 2054/654/654 2093/690/690
f 2093/690/690 2054/654/654 2049/655/655
f 2093/690/690 2049/655/655 2092/689/689
f 2092/689/689 2049/655/655 2090/688/688
f 2092/689/689 2090/688/688 2144/694/694
f 2144/694/694 2090/688/688 2143/693/693
f 2144/694/694 2143/693/693 2195/701/701
f 2195/701/701 2143/693/693 2193/702/702
f 2195/701/701 2193/702/702 2239/698/698
f 2239/698/698 2193/702/702 2235/697/697
f 2239/698/698 2235/697/697 2297/708/708
f 2297/708/708 2235/697/697 2296/709/709
f 2297/708/708 2296/709/709 2406/706/706
f 2406/706/706 2296/709/709 2396/705/705
f 2406/706/706 2396/705/705 2509/717/717
f 2509/717/717 2396/705/705 2504/718/718
f 2509/717/717 2504/718/718 2566/715/715
f 2566/715/715 2504/718/718 2558/714/714
f 2566/715/715 2558/714/714 2631/724/724
f 2631/724/724 2558/714/714 2629/723/723
f 2631/724/724 2629/723/723 2686/729/729
f 2686/729/729 2629/723/723 2676/728/728
f 2686/729/729 2676/728/728 2769/734/734
f 2769/734/734 2676/728/728 2730/733/733
f 2769/734/734 2730/733/733 2838/670/670
f 2838/670/670 2730/733/733 2803/669/669
f 2803/669/669 2730/733/733 2714/732/732
f 2803/669/669 2714/732/732 2771/668/668
f 2771/668/668 2714/732/732 2706/731/731
f 2771/668/668 2706/731/731 2726/666/666
f 2726/666/666 2706/731/731 2702/665/665
f 2702/665/665 2706/731/731 2675/664/664
f 2675/664/664 2706/731/731 2650/726/726
f 2675/664/664 2650/726/726 2640/663/663
f 2640/663/663 2650/726/726 2607/721/721
f 2640/663/663 2607/721/721 2617/662/662
f 2617/662/662 2607/721/721 2584/661/661
f 2584/661/661 2607/721/721 2533/712/712
f 2584/661/661 2533/712/712 2493/660/660
f 2493/660/660 2533/712/712 2482/720/720
f 2493/660/660 2482/720/720 2353/685/685
f 2353/685/685 2482/720/720 2491/719/719
f 2353/685/685 2491/719/719 2370/704/704
f 2370/704/704 2491/719/719 2504/718/718
f 2370/704/704 2504/718/718 2396/705/705
f 2090/688/688 2049/655/655 2088/687/687
f 2088/687/687 2049/655/655 2033/656/656
f 2088/687/687 2033/656/656 2086/686/686
f 2086/686/686 2033/656/656 2130/657/657
f 2086/686/686 2130/657/657 2139/691/691
f 2139/691/691 2130/657/657 2182/681/681
f 2139/691/691 2182/681/681 2192/703/703
f 2192/703/703 2182/681/681 2233/696/696
f 2192/703/703 2233/696/696 2235/697/697
f 2235/697/697 2233/696/696 2296/709/709
f 2130/657/657 2213/658/658 2182/681/681
f 2182/681/681 2213/658/658 2230/683/683
f 2182/681/681 2230/683/683 2233/696/696
f 2233/696/696 2230/683/683 2293/710/710
f 2233/696/696 2293/710/710 2296/709/709
f 2296/709/709 2293/710/710 2396/705/705
f 2213/658/658 2304/659/659 2230/683/683
f 2230/683/683 2304/659/659 2292/711/711
f 2230/683/683 2292/711/711 2293/710/710
f 2293/710/710 2292/711/711 2370/704/704
f 2293/710/710 2370/704/704 2396/705/705
f 2292/711/711 2304/659/659 2353/685/685
f 2353/685/685 2304/659/659 2493/660/660
f 2726/666/666 2736/667/667 2771/668/668
f 2838/670/670 2851/671/671 2769/734/734
f 2769/734/734 2851/671/671 2792/735/735
f 2769/734/734 2792/735/735 2686/729/729
f 2686/729/729 2792/735/735 2688/730/730
f 2686/729/729 2688/730/730 2631/724/724
f 2631/724/724 2688/730/730 2632/725/725
f 2631/724/724 2632/725/725 2566/715/715
f 2566/715/715 2632/725/725 2575/684/684
f 2566/715/715 2575/684/684 2509/717/717
f 2509/717/717 2575/684/684 2512/716/716
f 2509/717/717 2512/716/716 2406/706/706
f 2406/706/706 2512/716/716 2411/707/707
f 2406/706/706 2411/707/707 2297/708/708
f 2297/708/708 2411/707/707 2302/682/682
f 2297/708/708 2302/682/682 2239/698/698
f 2239/698/698 2302/682/682 2242/699/699
f 2239/698/698 2242/699/699 2195/701/701
f 2195/701/701 2242/699/699 2201/700/700
f 2195/701/701 2201/700/700 2144/694/694
f 2144/694/694 2201/700/700 2146/695/695
f 2144/694/694 2146/695/695 2092/689/689
f 2092/689/689 2146/695/695 2093/690/690
f 2851/671/671 2819/672/672 2792/735/735
f 2792/735/735 2819/672/672 2708/673/673
f 2792/735/735 2708/673/673 2688/730/730
f 2688/730/730 2708/673/673 2642/674/674
f 2688/730/730 2642/674/674 2632/725/725
f 2632/725/725 2642/674/674 2588/675/675
f 2632/725/725 2588/675/675 2575/684/684
f 2575/684/684 2588/675/675 2511/676/676
f 2575/684/684 2511/676/676 2512/716/716
f 2512/716/716 2511/676/676 2411/707/707
f 2511/676/676 2322/677/677 2411/707/707
f 2411/707/707 2322/677/677 2302/682/682
f 2322/677/677 2237/678/678 2302/682/682
f 2302/682/682 2237/678/678 2242/699/699
f 2242/699/699 2237/678/678 2201/700/700
f 2201/700/700 2237/678/678 2162/679/679
f 2201/700/700 2162/679/679 2146/695/695
f 2146/695/695 2162/679/679 2108/680/680
f 2146/695/695 2108/680/680 2093/690/690
f 2143/693/693 2090/688/688 2088/687/687
f 2088/687/687 2086/686/686 2141/692/692
f 2141/692/692 2086/686/686 2139/691/691
f 2141/692/692 2139/691/691 2192/703/703
f 2193/702/702 2143/693/693 2141/692/692
f 2141/692/692 2143/693/693 2088/687/687
f 2193/702/702 2141/692/692 2192/703/703
f 2193/702/702 2192/703/703 2235/697/697
f 2353/685/685 2370/704/704 2292/711/711
f 2491/719/719 2482/720/720 2549/713/713
f 2549/713/713 2482/720/720 2533/712/712
f 2549/713/713 2533/712/712 2614/722/722
f 2614/722/722 2533/712/712 2607/721/721
f 2614/722/722 2607/721/721 2656/727/727
f 2656/727/727 2607/721/721 2650/726/726
f 2656/727/727 2650/726/726 2714/732/732
f 2714/732/732 2650/726/726 2706/731/731
f 2504/718/718 2491/719/719 2558/714/714
f 2558/714/714 2491/719/719 2549/713/713
f 2558/714/714 2549/713/713 2629/723/723
f 2629/723/723 2549/713/713 2614/722/722
f 2629/723/723 2614/722/722 2676/728/728
f 2676/728/728 2614/722/722 2656/727/727
f 2676/728/728 2656/727/727 2730/733/733
f 2730/733/733 2656/727/727 2714/732/732
f 917/784/784 815/736/736 900/789/789
f 900/789/789 815/736/736 811/737/737
f 900/789/789 811/737/737 809/738/738
f 900/789/789 809/738/738 892/788/788
f 892/788/788 809/738/738 784/739/739
f 892/788/788 784/739/739 906/741/741
f 906/741/741 784/739/739 772/740/740
f 892/788/788 906/741/741 991/790/790
f 991/790/790 906/741/741 1017/742/742
f 991/790/790 1017/742/742 1128/792/792
f 1128/792/792 1017/742/742 1168/743/743
f 1128/792/792 1168/743/743 1224/794/794
f 1224/794/794 1168/743/743 1324/744/744
f 1224/794/794 1324/744/744 1367/796/796
f 1367/796/796 1324/744/744 1455/745/745
f 1367/796/796 1455/745/745 1451/798/798
f 1451/798/798 1455/745/745 1510/746/746
f 1451/798/798 1510/746/746 1485/800/800
f 1485/800/800 1510/746/746 1518/747/747
f 1485/800/800 1518/747/747 1478/802/802
f 1478/802/802 1518/747/747 1491/748/748
f 1478/802/802 1491/748/748 1433/803/803
f 1433/803/803 1491/748/748 1400/749/749
f 1433/803/803 1400/749/749 1354/805/805
f 1354/805/805 1400/749/749 1228/750/750
f 1354/805/805 1228/750/750 1214/786/786
f 1214/786/786 1228/750/750 1114/751/751
f 1214/786/786 1114/751/751 1098/811/811
f 1098/811/811 1114/751/751 964/808/808
f 1098/811/811 964/808/808 962/809/809
f 962/809/809 964/808/808 885/813/813
f 962/809/809 885/813/813 912/773/773
f 912/773/773 885/813/813 801/772/772
f 801/772/772 885/813/813 780/785/785
f 801/772/772 780/785/785 673/771/771
f 673/771/771 780/785/785 669/816/816
f 673/771/771 669/816/816 571/818/818
f 571/818/818 669/816/816 637/815/815
f 571/818/818 637/815/815 555/817/817
f 555/817/817 637/815/815 575/755/755
f 555/817/817 575/755/755 461/756/756
f 1114/751/751 958/752/752 964/808/808
f 964/808/808 958/752/752 883/812/812
f 964/808/808 883/812/812 885/813/813
f 885/813/813 883/812/812 780/785/785
f 958/752/752 846/753/753 883/812/812
f 883/812/812 846/753/753 768/814/814
f 883/812/812 768/814/814 780/785/785
f 780/785/785 768/814/814 669/816/816
f 846/753/753 722/754/754 768/814/814
f 768/814/814 722/754/754 637/815/815
f 768/814/814 637/815/815 669/816/816
f 722/754/754 575/755/755 637/815/815
f 555/817/817 461/756/756 471/819/819
f 471/819/819 461/756/756 394/757/757
f 471/819/819 394/757/757 413/821/821
f 413/821/821 394/757/757 366/758/758
f 413/821/821 366/758/758 406/823/823
f 406/823/823 366/758/758 399/759/759
f 406/823/823 399/759/759 437/825/825
f 437/825/825 399/759/759 504/760/760
f 437/825/825 504/760/760 539/827/827
f 539/827/827 504/760/760 603/762/762
f 539/827/827 603/762/762 615/763/763
f 504/760/760 585/761/761 603/762/762
f 615/763/763 622/764/764 539/827/827
f 539/827/827 622/764/764 557/828/828
f 539/827/827 557/828/828 437/825/825
f 437/825/825 557/828/828 506/826/826
f 437/825/825 506/826/826 406/823/823
f 406/823/823 506/826/826 433/824/824
f 406/823/823 433/824/824 413/821/821
f 413/821/821 433/824/824 439/822/822
f 413/821/821 439/822/822 471/819/819
f 471/819/819 439/822/822 519/820/820
f 471/819/819 519/820/820 555/817/817
f 555/817/817 519/820/820 571/818/818
f 622/764/764 626/765/765 557/828/828
f 557/828/828 626/765/765 553/766/766
f 557/828/828 553/766/766 506/826/826
f 506/826/826 553/766/766 492/767/767
f 506/826/826 492/767/767 433/824/824
f 433/824/824 492/767/767 448/768/768
f 433/824/824 448/768/768 439/822/822
f 439/822/822 448/768/768 517/769/769
f 439/822/822 517/769/769 519/820/820
f 519/820/820 517/769/769 566/770/770
f 519/820/820 566/770/770 571/818/818
f 571/818/818 566/770/770 673/771/771
f 912/773/773 1011/774/774 962/809/809
f 962/809/809 1011/774/774 1086/810/810
f 962/809/809 1086/810/810 1098/811/811
f 1098/811/811 1086/810/810 1214/786/786
f 1011/774/774 1150/775/775 1086/810/810
f 1086/810/810 1150/775/775 1200/807/807
f 1086/810/810 1200/807/807 1214/786/786
f 1214/786/786 1200/807/807 1354/805/805
f 1150/775/775 1232/776/776 1200/807/807
f 1200/807/807 1232/776/776 1317/806/806
f 1200/807/807 1317/806/806 1354/805/805
f 1354/805/805 1317/806/806 1433/803/803
f 1232/776/776 1385/777/777 1317/806/806
f 1317/806/806 1385/777/777 1403/804/804
f 1317/806/806 1403/804/804 1433/803/803
f 1433/803/803 1403/804/804 1478/802/802
f 1385/777/777 1422/778/778 1403/804/804
f 1403/804/804 1422/778/778 1457/787/787
f 1403/804/804 1457/787/787 1478/802/802
f 1478/802/802 1457/787/787 1485/800/800
f 1422/778/778 1437/779/779 1457/787/787
f 1457/787/787 1437/779/779 1463/801/801
f 1457/787/787 1463/801/801 1485/800/800
f 1485/800/800 1463/801/801 1451/798/798
f 1463/801/801 1437/779/779 1407/799/799
f 1407/799/799 1437/779/779 1389/780/780
f 1407/799/799 1389/780/780 1332/797/797
f 1332/797/797 1389/780/780 1246/781/781
f 1332/797/797 1246/781/781 1212/795/795
f 1212/795/795 1246/781/781 1156/782/782
f 1212/795/795 1156/782/782 1102/793/793
f 1102/793/793 1156/782/782 1031/783/783
f 1102/793/793 1031/783/783 988/791/791
f 988/791/791 1031/783/783 917/784/784
f 988/791/791 917/784/784 900/789/789
f 988/791/791 900/789/789 892/788/788
f 1102/793/793 988/791/791 991/790/790
f 991/790/790 988/791/791 892/788/788
f 1212/795/795 1102/793/793 1128/792/792
f 1128/792/792 1102/793/793 991/790/790
f 1332/797/797 1212/795/795 1224/794/794
f 1224/794/794 1212/795/795 1128/792/792
f 1407/799/799 1332/797/797 1367/796/796
f 1367/796/796 1332/797/797 1224/794/794
f 1463/801/801 1407/799/799 1451/798/798
f 1451/798/798 1407/799/799 1367/796/796
f 504/830/830 453/885/885 585/829/829
f 585/829/829 453/885/885 498/886/886
f 585/829/829 498/886/886 510/887/887
f 399/831/831 233/883/883 504/830/830
f 504/830/830 233/883/883 324/884/884
f 504/830/830 324/884/884 453/885/885
f 233/883/883 399/831/831 162/882/882
f 162/882/882 399/831/831 366/832/832
f 162/882/882 366/832/832 173/881/881
f 173/881/881 366/832/832 394/833/833
f 173/881/881 394/833/833 242/880/880
f 242/880/880 394/833/833 461/834/834
f 242/880/880 461/834/834 348/879/879
f 348/879/879 461/834/834 575/835/835
f 348/879/879 575/835/835 513/878/878
f 513/878/878 575/835/835 722/836/836
f 513/878/878 722/836/836 631/877/877
f 631/877/877 722/836/836 819/876/876
f 819/876/876 722/836/836 846/837/837
f 819/876/876 846/837/837 943/875/875
f 943/875/875 846/837/837 958/838/838
f 943/875/875 958/838/838 1092/874/874
f 1092/874/874 958/838/838 1114/839/839
f 1092/874/874 1114/839/839 1242/873/873
f 1242/873/873 1114/839/839 1228/840/840
f 1242/873/873 1228/840/840 1467/872/872
f 1467/872/872 1228/840/840 1400/841/841
f 1467/872/872 1400/841/841 1586/871/871
f 1586/871/871 1400/841/841 1491/842/842
f 1586/871/871 1491/842/842 1709/870/870
f 1709/870/870 1491/842/842 1518/843/843
f 1709/870/870 1518/843/843 1787/869/869
f 1787/869/869 1518/843/843 1763/868/868
f 1763/868/868 1518/843/843 1510/844/844
f 1763/868/868 1510/844/844 1663/867/867
f 1663/867/867 1510/844/844 1455/845/845
f 1663/867/867 1455/845/845 1522/866/866
f 1522/866/866 1455/845/845 1324/846/846
f 1522/866/866 1324/846/846 1391/865/865
f 1391/865/865 1324/846/846 1168/847/847
f 1391/865/865 1168/847/847 1186/864/864
f 1186/864/864 1168/847/847 1017/848/848
f 1186/864/864 1017/848/848 1027/863/863
f 1027/863/863 1017/848/848 906/849/849
f 1027/863/863 906/849/849 894/862/862
f 894/862/862 906/849/849 746/861/861
f 746/861/861 906/849/849 772/850/850
f 746/861/861 772/850/850 725/860/860
f 725/860/860 772/850/850 705/859/859
f 705/859/859 772/850/850 677/858/858
f 677/858/858 772/850/850 601/851/851
f 677/858/858 601/851/851 645/857/857
f 645/857/857 601/851/851 633/856/856
f 633/856/856 601/851/851 628/852/852
f 633/856/856 628/852/852 651/855/855
f 651/855/855 628/852/852 667/853/853
f 651/855/855 667/853/853 701/854/854
f 510/887/887 483/888/888 585/829/829
f 585/829/829 483/888/888 417/895/895
f 417/895/895 483/888/888 442/889/889
f 417/895/895 442/889/889 420/890/890
f 417/895/895 420/890/890 396/894/894
f 396/894/894 420/890/890 387/891/891
f 396/894/894 387/891/891 368/893/893
f 368/893/893 387/891/891 350/892/892
f 784/897/897 809/898/898 772/896/896
f 772/896/896 809/898/898 811/899/899
f 772/896/896 811/899/899 815/900/900
f 813/901/901 599/902/902 815/900/900
f 815/900/900 599/902/902 772/896/896
f 599/902/902 601/903/903 772/896/896
f 2563/952/952 2531/904/904 2574/957/957
f 2574/957/957 2531/904/904 2535/905/905
f 2574/957/957 2535/905/905 2557/906/906
f 2574/957/957 2557/906/906 2582/956/956
f 2582/956/956 2557/906/906 2577/907/907
f 2582/956/956 2577/907/907 2604/909/909
f 2604/909/909 2577/907/907 2586/908/908
f 2582/956/956 2604/909/909 2580/958/958
f 2580/958/958 2604/909/909 2598/910/910
f 2580/958/958 2598/910/910 2551/960/960
f 2551/960/960 2598/910/910 2572/911/911
f 2551/960/960 2572/911/911 2502/962/962
f 2502/962/962 2572/911/911 2486/912/912
f 2502/962/962 2486/912/912 2341/964/964
f 2341/964/964 2486/912/912 2306/913/913
f 2341/964/964 2306/913/913 2271/966/966
f 2271/966/966 2306/913/913 2221/914/914
f 2271/966/966 2221/914/914 2184/968/968
f 2184/968/968 2221/914/914 2138/915/915
f 2184/968/968 2138/915/915 2118/970/970
f 2118/970/970 2138/915/915 2048/916/916
f 2118/970/970 2048/916/916 2039/971/971
f 2039/971/971 2048/916/916 1958/917/917
f 2039/971/971 1958/917/917 1971/973/973
f 1971/973/973 1958/917/917 1910/918/918
f 1971/973/973 1910/918/918 1923/954/954
f 1923/954/954 1910/918/918 1859/919/919
f 1923/954/954 1859/919/919 1879/979/979
f 1879/979/979 1859/919/919 1863/976/976
f 1879/979/979 1863/976/976 1871/977/977
f 1871/977/977 1863/976/976 1869/981/981
f 1871/977/977 1869/981/981 1877/941/941
f 1877/941/941 1869/981/981 1906/940/940
f 1906/940/940 1869/981/981 1898/953/953
f 1906/940/940 1898/953/953 1942/939/939
f 1942/939/939 1898/953/953 1936/984/984
f 1942/939/939 1936/984/984 1975/986/986
f 1975/986/986 1936/984/984 1920/983/983
f 1975/986/986 1920/983/983 1960/985/985
f 1960/985/985 1920/983/983 1929/923/923
f 1960/985/985 1929/923/923 1987/924/924
f 1859/919/919 1827/920/920 1863/976/976
f 1863/976/976 1827/920/920 1861/980/980
f 1863/976/976 1861/980/980 1869/981/981
f 1869/981/981 1861/980/980 1898/953/953
f 1827/920/920 1836/921/921 1861/980/980
f 1861/980/980 1836/921/921 1873/982/982
f 1861/980/980 1873/982/982 1898/953/953
f 1898/953/953 1873/982/982 1936/984/984
f 1836/921/921 1867/922/922 1873/982/982
f 1873/982/982 1867/922/922 1920/983/983
f 1873/982/982 1920/983/983 1936/984/984
f 1867/922/922 1929/923/923 1920/983/983
f 1960/985/985 1987/924/924 2037/987/987
f 2037/987/987 1987/924/924 2072/925/925
f 2037/987/987 2072/925/925 2106/989/989
f 2106/989/989 2072/925/925 2160/926/926
f 2106/989/989 2160/926/926 2179/991/991
f 2179/991/991 2160/926/926 2249/927/927
f 2179/991/991 2249/927/927 2267/993/993
f 2267/993/993 2249/927/927 2346/928/928
f 2267/993/993 2346/928/928 2332/995/995
f 2332/995/995 2346/928/928 2499/930/930
f 2332/995/995 2499/930/930 2473/931/931
f 2346/928/928 2520/929/929 2499/930/930
f 2473/931/931 2459/932/932 2332/995/995
f 2332/995/995 2459/932/932 2308/996/996
f 2332/995/995 2308/996/996 2267/993/993
f 2267/993/993 2308/996/996 2257/994/994
f 2267/993/993 2257/994/994 2179/991/991
f 2179/991/991 2257/994/994 2177/992/992
f 2179/991/991 2177/992/992 2106/989/989
f 2106/989/989 2177/992/992 2116/990/990
f 2106/989/989 2116/990/990 2037/987/987
f 2037/987/987 2116/990/990 2041/988/988
f 2037/987/987 2041/988/988 1960/985/985
f 1960/985/985 2041/988/988 1975/986/986
f 2459/932/932 2450/933/933 2308/996/996
f 2308/996/996 2450/933/933 2301/934/934
f 2308/996/996 2301/934/934 2257/994/994
f 2257/994/994 2301/934/934 2219/935/935
f 2257/994/994 2219/935/935 2177/992/992
f 2177/992/992 2219/935/935 2150/936/936
f 2177/992/992 2150/936/936 2116/990/990
f 2116/990/990 2150/936/936 2070/937/937
f 2116/990/990 2070/937/937 2041/988/988
f 2041/988/988 2070/937/937 1999/938/938
f 2041/988/988 1999/938/938 1975/986/986
f 1975/986/986 1999/938/938 1942/939/939
f 1877/941/941 1890/942/942 1871/977/977
f 1871/977/977 1890/942/942 1900/978/978
f 1871/977/977 1900/978/978 1879/979/979
f 1879/979/979 1900/978/978 1923/954/954
f 1890/942/942 1918/943/943 1900/978/978
f 1900/978/978 1918/943/943 1938/975/975
f 1900/978/978 1938/975/975 1923/954/954
f 1923/954/954 1938/975/975 1971/973/973
f 1918/943/943 1954/944/944 1938/975/975
f 1938/975/975 1954/944/944 1977/974/974
f 1938/975/975 1977/974/974 1971/973/973
f 1971/973/973 1977/974/974 2039/971/971
f 1954/944/944 2021/945/945 1977/974/974
f 1977/974/974 2021/945/945 2043/972/972
f 1977/974/974 2043/972/972 2039/971/971
f 2039/971/971 2043/972/972 2118/970/970
f 2021/945/945 2112/946/946 2043/972/972
f 2043/972/972 2112/946/946 2128/955/955
f 2043/972/972 2128/955/955 2118/970/970
f 2118/970/970 2128/955/955 2184/968/968
f 2112/946/946 2190/947/947 2128/955/955
f 2128/955/955 2190/947/947 2181/969/969
f 2128/955/955 2181/969/969 2184/968/968
f 2184/968/968 2181/969/969 2271/966/966
f 2181/969/969 2190/947/947 2264/967/967
f 2264/967/967 2190/947/947 2277/948/948
f 2264/967/967 2277/948/948 2320/965/965
f 2320/965/965 2277/948/948 2361/949/949
f 2320/965/965 2361/949/949 2475/963/963
f 2475/963/963 2361/949/949 2508/950/950
f 2475/963/963 2508/950/950 2526/961/961
f 2526/961/961 2508/950/950 2545/951/951
f 2526/961/961 2545/951/951 2568/959/959
f 2568/959/959 2545/951/951 2563/952/952
f 2568/959/959 2563/952/952 2574/957/957
f 2568/959/959 2574/957/957 2582/956/956
f 2526/961/961 2568/959/959 2580/958/958
f 2580/958/958 2568/959/959 2582/956/956
f 2475/963/963 2526/961/961 2551/960/960
f 2551/960/960 2526/961/961 2580/958/958
f 2320/965/965 2475/963/963 2502/962/962
f 2502/962/962 2475/963/963 2551/960/960
f 2264/967/967 2320/965/965 2341/964/964
f 2341/964/964 2320/965/965 2502/962/962
f 2181/969/969 2264/967/967 2271/966/966
f 2271/966/966 2264/967/967 2341/964/964
f 2346/998/998 2592/1053/1053 2520/997/997
f 2520/997/997 2592/1053/1053 2601/1054/1054
f 2520/997/997 2601/1054/1054 2619/1055/1055
f 2249/999/999 2295/1051/1051 2346/998/998
f 2346/998/998 2295/1051/1051 2489/1052/1052
f 2346/998/998 2489/1052/1052 2592/1053/1053
f 2295/1051/1051 2249/999/999 2197/1050/1050
f 2197/1050/1050 2249/999/999 2160/1000/1000
f 2197/1050/1050 2160/1000/1000 2099/1049/1049
f 2099/1049/1049 2160/1000/1000 2072/1001/1001
f 2099/1049/1049 2072/1001/1001 2005/1048/1048
f 2005/1048/1048 2072/1001/1001 1987/1002/1002
f 2005/1048/1048 1987/1002/1002 1914/1047/1047
f 1914/1047/1047 1987/1002/1002 1929/1003/1003
f 1914/1047/1047 1929/1003/1003 1838/1046/1046
f 1838/1046/1046 1929/1003/1003 1867/1004/1004
f 1838/1046/1046 1867/1004/1004 1643/1045/1045
f 1643/1045/1045 1867/1004/1004 1560/1044/1044
f 1560/1044/1044 1867/1004/1004 1836/1005/1005
f 1560/1044/1044 1836/1005/1005 1532/1043/1043
f 1532/1043/1043 1836/1005/1005 1827/1006/1006
f 1532/1043/1043 1827/1006/1006 1581/1042/1042
f 1581/1042/1042 1827/1006/1006 1859/1007/1007
f 1581/1042/1042 1859/1007/1007 1700/1041/1041
f 1700/1041/1041 1859/1007/1007 1910/1008/1008
f 1700/1041/1041 1910/1008/1008 1865/1040/1040
f 1865/1040/1040 1910/1008/1008 1958/1009/1009
f 1865/1040/1040 1958/1009/1009 1944/1039/1039
f 1944/1039/1039 1958/1009/1009 2048/1010/1010
f 1944/1039/1039 2048/1010/1010 2013/1038/1038
f 2013/1038/1038 2048/1010/1010 2138/1011/1011
f 2013/1038/1038 2138/1011/1011 2132/1037/1037
f 2132/1037/1037 2138/1011/1011 2215/1036/1036
f 2215/1036/1036 2138/1011/1011 2221/1012/1012
f 2215/1036/1036 2221/1012/1012 2318/1035/1035
f 2318/1035/1035 2221/1012/1012 2306/1013/1013
f 2318/1035/1035 2306/1013/1013 2522/1034/1034
f 2522/1034/1034 2306/1013/1013 2486/1014/1014
f 2522/1034/1034 2486/1014/1014 2609/1033/1033
f 2609/1033/1033 2486/1014/1014 2572/1015/1015
f 2609/1033/1033 2572/1015/1015 2663/1032/1032
f 2663/1032/1032 2572/1015/1015 2598/1016/1016
f 2663/1032/1032 2598/1016/1016 2728/1031/1031
f 2728/1031/1031 2598/1016/1016 2604/1017/1017
f 2728/1031/1031 2604/1017/1017 2740/1030/1030
f 2740/1030/1030 2604/1017/1017 2696/1029/1029
f 2696/1029/1029 2604/1017/1017 2586/1018/1018
f 2696/1029/1029 2586/1018/1018 2690/1028/1028
f 2690/1028/1028 2586/1018/1018 2705/1027/1027
f 2705/1027/1027 2586/1018/1018 2732/1026/1026
f 2732/1026/1026 2586/1018/1018 2867/1019/1019
f 2732/1026/1026 2867/1019/1019 2809/1025/1025
f 2809/1025/1025 2867/1019/1019 2853/1024/1024
f 2853/1024/1024 2867/1019/1019 2873/1020/1020
f 2853/1024/1024 2873/1020/1020 2871/1023/1023
f 2871/1023/1023 2873/1020/1020 2879/1021/1021
f 2871/1023/1023 2879/1021/1021 2881/1022/1022
f 2619/1055/1055 2634/1056/1056 2520/997/997
f 2520/997/997 2634/1056/1056 2713/1063/1063
f 2713/1063/1063 2634/1056/1056 2644/1057/1057
f 2713/1063/1063 2644/1057/1057 2673/1058/1058
f 2713/1063/1063 2673/1058/1058 2692/1062/1062
f 2692/1062/1062 2673/1058/1058 2683/1059/1059
f 2692/1062/1062 2683/1059/1059 2685/1061/1061
f 2685/1061/1061 2683/1059/1059 2653/1060/1060
f 2577/1065/1065 2557/1066/1066 2586/1064/1064
f 2586/1064/1064 2557/1066/1066 2535/1067/1067
f 2586/1064/1064 2535/1067/1067 2531/1068/1068
f 2529/1069/1069 2865/1070/1070 2531/1068/1068
f 2531/1068/1068 2865/1070/1070 2586/1064/1064
f 2865/1070/1070 2867/1071/1071 2586/1064/1064
f 2300/1120/1120 2449/1072/1072 2307/1125/1125
f 2307/1125/1125 2449/1072/1072 2458/1073/1073
f 2307/1125/1125 2458/1073/1073 2472/1074/1074
f 2307/1125/1125 2472/1074/1074 2331/1124/1124
f 2331/1124/1124 2472/1074/1074 2498/1075/1075
f 2331/1124/1124 2498/1075/1075 2345/1077/1077
f 2345/1077/1077 2498/1075/1075 2519/1076/1076
f 2331/1124/1124 2345/1077/1077 2266/1126/1126
f 2266/1126/1126 2345/1077/1077 2248/1078/1078
f 2266/1126/1126 2248/1078/1078 2178/1128/1128
f 2178/1128/1128 2248/1078/1078 2159/1079/1079
f 2178/1128/1128 2159/1079/1079 2105/1130/1130
f 2105/1130/1130 2159/1079/1079 2071/1080/1080
f 2105/1130/1130 2071/1080/1080 2036/1132/1132
f 2036/1132/1132 2071/1080/1080 1986/1081/1081
f 2036/1132/1132 1986/1081/1081 1959/1134/1134
f 1959/1134/1134 1986/1081/1081 1928/1082/1082
f 1959/1134/1134 1928/1082/1082 1919/1136/1136
f 1919/1136/1136 1928/1082/1082 1866/1083/1083
f 1919/1136/1136 1866/1083/1083 1872/1138/1138
f 1872/1138/1138 1866/1083/1083 1835/1084/1084
f 1872/1138/1138 1835/1084/1084 1860/1139/1139
f 1860/1139/1139 1835/1084/1084 1826/1085/1085
f 1860/1139/1139 1826/1085/1085 1862/1141/1141
f 1862/1141/1141 1826/1085/1085 1858/1086/1086
f 1862/1141/1141 1858/1086/1086 1878/1122/1122
f 1878/1122/1122 1858/1086/1086 1909/1087/1087
f 1878/1122/1122 1909/1087/1087 1922/1147/1147
f 1922/1147/1147 1909/1087/1087 1970/1144/1144
f 1922/1147/1147 1970/1144/1144 1976/1145/1145
f 1976/1145/1145 1970/1144/1144 2042/1149/1149
f 1976/1145/1145 2042/1149/1149 2020/1109/1109
f 2020/1109/1109 2042/1149/1149 2111/1108/1108
f 2111/1108/1108 2042/1149/1149 2127/1121/1121
f 2111/1108/1108 2127/1121/1121 2189/1107/1107
f 2189/1107/1107 2127/1121/1121 2180/1152/1152
f 2189/1107/1107 2180/1152/1152 2263/1154/1154
f 2263/1154/1154 2180/1152/1152 2183/1151/1151
f 2263/1154/1154 2183/1151/1151 2270/1153/1153
f 2270/1153/1153 2183/1151/1151 2220/1091/1091
f 2270/1153/1153 2220/1091/1091 2305/1092/1092
f 1909/1087/1087 1957/1088/1088 1970/1144/1144
f 1970/1144/1144 1957/1088/1088 2038/1148/1148
f 1970/1144/1144 2038/1148/1148 2042/1149/1149
f 2042/1149/1149 2038/1148/1148 2127/1121/1121
f 1957/1088/1088 2047/1089/1089 2038/1148/1148
f 2038/1148/1148 2047/1089/1089 2117/1150/1150
f 2038/1148/1148 2117/1150/1150 2127/1121/1121
f 2127/1121/1121 2117/1150/1150 2180/1152/1152
f 2047/1089/1089 2137/1090/1090 2117/1150/1150
f 2117/1150/1150 2137/1090/1090 2183/1151/1151
f 2117/1150/1150 2183/1151/1151 2180/1152/1152
f 2137/1090/1090 2220/1091/1091 2183/1151/1151
f 2270/1153/1153 2305/1092/1092 2340/1155/1155
f 2340/1155/1155 2305/1092/1092 2485/1093/1093
f 2340/1155/1155 2485/1093/1093 2501/1157/1157
f 2501/1157/1157 2485/1093/1093 2571/1094/1094
f 2501/1157/1157 2571/1094/1094 2550/1159/1159
f 2550/1159/1159 2571/1094/1094 2597/1095/1095
f 2550/1159/1159 2597/1095/1095 2579/1161/1161
f 2579/1161/1161 2597/1095/1095 2603/1096/1096
f 2579/1161/1161 2603/1096/1096 2581/1163/1163
f 2581/1163/1163 2603/1096/1096 2576/1098/1098
f 2581/1163/1163 2576/1098/1098 2556/1099/1099
f 2603/1096/1096 2585/1097/1097 2576/1098/1098
f 2556/1099/1099 2534/1100/1100 2581/1163/1163
f 2581/1163/1163 2534/1100/1100 2573/1164/1164
f 2581/1163/1163 2573/1164/1164 2579/1161/1161
f 2579/1161/1161 2573/1164/1164 2567/1162/1162
f 2579/1161/1161 2567/1162/1162 2550/1159/1159
f 2550/1159/1159 2567/1162/1162 2525/1160/1160
f 2550/1159/1159 2525/1160/1160 2501/1157/1157
f 2501/1157/1157 2525/1160/1160 2474/1158/1158
f 2501/1157/1157 2474/1158/1158 2340/1155/1155
f 2340/1155/1155 2474/1158/1158 2319/1156/1156
f 2340/1155/1155 2319/1156/1156 2270/1153/1153
f 2270/1153/1153 2319/1156/1156 2263/1154/1154
f 2534/1100/1100 2530/1101/1101 2573/1164/1164
f 2573/1164/1164 2530/1101/1101 2562/1102/1102
f 2573/1164/1164 2562/1102/1102 2567/1162/1162
f 2567/1162/1162 2562/1102/1102 2544/1103/1103
f 2567/1162/1162 2544/1103/1103 2525/1160/1160
f 2525/1160/1160 2544/1103/1103 2507/1104/1104
f 2525/1160/1160 2507/1104/1104 2474/1158/1158
f 2474/1158/1158 2507/1104/1104 2360/1105/1105
f 2474/1158/1158 2360/1105/1105 2319/1156/1156
f 2319/1156/1156 2360/1105/1105 2276/1106/1106
f 2319/1156/1156 2276/1106/1106 2263/1154/1154
f 2263/1154/1154 2276/1106/1106 2189/1107/1107
f 2020/1109/1109 1953/1110/1110 1976/1145/1145
f 1976/1145/1145 1953/1110/1110 1937/1146/1146
f 1976/1145/1145 1937/1146/1146 1922/1147/1147
f 1922/1147/1147 1937/1146/1146 1878/1122/1122
f 1953/1110/1110 1917/1111/1111 1937/1146/1146
f 1937/1146/1146 1917/1111/1111 1899/1143/1143
f 1937/1146/1146 1899/1143/1143 1878/1122/1122
f 1878/1122/1122 1899/1143/1143 1862/1141/1141
f 1917/1111/1111 1889/1112/1112 1899/1143/1143
f 1899/1143/1143 1889/1112/1112 1870/1142/1142
f 1899/1143/1143 1870/1142/1142 1862/1141/1141
f 1862/1141/1141 1870/1142/1142 1860/1139/1139
f 1889/1112/1112 1876/1113/1113 1870/1142/1142
f 1870/1142/1142 1876/1113/1113 1868/1140/1140
f 1870/1142/1142 1868/1140/1140 1860/1139/1139
f 1860/1139/1139 1868/1140/1140 1872/1138/1138
f 1876/1113/1113 1905/1114/1114 1868/1140/1140
f 1868/1140/1140 1905/1114/1114 1897/1123/1123
f 1868/1140/1140 1897/1123/1123 1872/1138/1138
f 1872/1138/1138 1897/1123/1123 1919/1136/1136
f 1905/1114/1114 1941/1115/1115 1897/1123/1123
f 1897/1123/1123 1941/1115/1115 1935/1137/1137
f 1897/1123/1123 1935/1137/1137 1919/1136/1136
f 1919/1136/1136 1935/1137/1137 1959/1134/1134
f 1935/1137/1137 1941/1115/1115 1974/1135/1135
f 1974/1135/1135 1941/1115/1115 1998/1116/1116
f 1974/1135/1135 1998/1116/1116 2040/1133/1133
f 2040/1133/1133 1998/1116/1116 2069/1117/1117
f 2040/1133/1133 2069/1117/1117 2115/1131/1131
f 2115/1131/1131 2069/1117/1117 2149/1118/1118
f 2115/1131/1131 2149/1118/1118 2176/1129/1129
f 2176/1129/1129 2149/1118/1118 2218/1119/1119
f 2176/1129/1129 2218/1119/1119 2256/1127/1127
f 2256/1127/1127 2218/1119/1119 2300/1120/1120
f 2256/1127/1127 2300/1120/1120 2307/1125/1125
f 2256/1127/1127 2307/1125/1125 2331/1124/1124
f 2176/1129/1129 2256/1127/1127 2266/1126/1126
f 2266/1126/1126 2256/1127/1127 2331/1124/1124
f 2115/1131/1131 2176/1129/1129 2178/1128/1128
f 2178/1128/1128 2176/1129/1129 2266/1126/1126
f 2040/1133/1133 2115/1131/1131 2105/1130/1130
f 2105/1130/1130 2115/1131/1131 2178/1128/1128
f 1974/1135/1135 2040/1133/1133 2036/1132/1132
f 2036/1132/1132 2040/1133/1133 2105/1130/1130
f 1935/1137/1137 1974/1135/1135 1959/1134/1134
f 1959/1134/1134 1974/1135/1135 2036/1132/1132
f 2603/1166/1166 2695/1221/1221 2585/1165/1165
f 2585/1165/1165 2695/1221/1221 2689/1222/1222
f 2585/1165/1165 2689/1222/1222 2704/1223/1223
f 2597/1167/1167 2727/1219/1219 2603/1166/1166
f 2603/1166/1166 2727/1219/1219 2739/1220/1220
f 2603/1166/1166 2739/1220/1220 2695/1221/1221
f 2727/1219/1219 2597/1167/1167 2662/1218/1218
f 2662/1218/1218 2597/1167/1167 2571/1168/1168
f 2662/1218/1218 2571/1168/1168 2608/1217/1217
f 2608/1217/1217 2571/1168/1168 2485/1169/1169
f 2608/1217/1217 2485/1169/1169 2521/1216/1216
f 2521/1216/1216 2485/1169/1169 2305/1170/1170
f 2521/1216/1216 2305/1170/1170 2317/1215/1215
f 2317/1215/1215 2305/1170/1170 2220/1171/1171
f 2317/1215/1215 2220/1171/1171 2214/1214/1214
f 2214/1214/1214 2220/1171/1171 2137/1172/1172
f 2214/1214/1214 2137/1172/1172 2131/1213/1213
f 2131/1213/1213 2137/1172/1172 2012/1212/1212
f 2012/1212/1212 2137/1172/1172 2047/1173/1173
f 2012/1212/1212 2047/1173/1173 1943/1211/1211
f 1943/1211/1211 2047/1173/1173 1957/1174/1174
f 1943/1211/1211 1957/1174/1174 1864/1210/1210
f 1864/1210/1210 1957/1174/1174 1909/1175/1175
f 1864/1210/1210 1909/1175/1175 1699/1209/1209
f 1699/1209/1209 1909/1175/1175 1858/1176/1176
f 1699/1209/1209 1858/1176/1176 1580/1208/1208
f 1580/1208/1208 1858/1176/1176 1826/1177/1177
f 1580/1208/1208 1826/1177/1177 1531/1207/1207
f 1531/1207/1207 1826/1177/1177 1835/1178/1178
f 1531/1207/1207 1835/1178/1178 1559/1206/1206
f 1559/1206/1206 1835/1178/1178 1866/1179/1179
f 1559/1206/1206 1866/1179/1179 1642/1205/1205
f 1642/1205/1205 1866/1179/1179 1837/1204/1204
f 1837/1204/1204 1866/1179/1179 1928/1180/1180
f 1837/1204/1204 1928/1180/1180 1913/1203/1203
f 1913/1203/1203 1928/1180/1180 1986/1181/1181
f 1913/1203/1203 1986/1181/1181 2004/1202/1202
f 2004/1202/1202 1986/1181/1181 2071/1182/1182
f 2004/1202/1202 2071/1182/1182 2098/1201/1201
f 2098/1201/1201 2071/1182/1182 2159/1183/1183
f 2098/1201/1201 2159/1183/1183 2196/1200/1200
f 2196/1200/1200 2159/1183/1183 2248/1184/1184
f 2196/1200/1200 2248/1184/1184 2294/1199/1199
f 2294/1199/1199 2248/1184/1184 2345/1185/1185
f 2294/1199/1199 2345/1185/1185 2488/1198/1198
f 2488/1198/1198 2345/1185/1185 2591/1197/1197
f 2591/1197/1197 2345/1185/1185 2519/1186/1186
f 2591/1197/1197 2519/1186/1186 2600/1196/1196
f 2600/1196/1196 2519/1186/1186 2618/1195/1195
f 2618/1195/1195 2519/1186/1186 2633/1194/1194
f 2633/1194/1194 2519/1186/1186 2712/1187/1187
f 2633/1194/1194 2712/1187/1187 2643/1193/1193
f 2643/1193/1193 2712/1187/1187 2672/1192/1192
f 2672/1192/1192 2712/1187/1187 2691/1188/1188
f 2672/1192/1192 2691/1188/1188 2682/1191/1191
f 2682/1191/1191 2691/1188/1188 2684/1189/1189
f 2682/1191/1191 2684/1189/1189 2652/1190/1190
f 2704/1223/1223 2731/1224/1224 2585/1165/1165
f 2585/1165/1165 2731/1224/1224 2866/1231/1231
f 2866/1231/1231 2731/1224/1224 2808/1225/1225
f 2866/1231/1231 2808/1225/1225 2852/1226/1226
f 2866/1231/1231 2852/1226/1226 2872/1230/1230
f 2872/1230/1230 2852/1226/1226 2870/1227/1227
f 2872/1230/1230 2870/1227/1227 2878/1229/1229
f 2878/1229/1229 2870/1227/1227 2880/1228/1228
f 2498/1233/1233 2472/1234/1234 2519/1232/1232
f 2519/1232/1232 2472/1234/1234 2458/1235/1235
f 2519/1232/1232 2458/1235/1235 2449/1236/1236
f 2447/1237/1237 2710/1238/1238 2449/1236/1236
f 2449/1236/1236 2710/1238/1238 2519/1232/1232
f 2710/1238/1238 2712/1239/1239 2519/1232/1232
f 552/1288/1288 625/1240/1240 556/1293/1293
f 556/1293/1293 625/1240/1240 621/1241/1241
f 556/1293/1293 621/1241/1241 614/1242/1242
f 556/1293/1293 614/1242/1242 538/1292/1292
f 538/1292/1292 614/1242/1242 602/1243/1243
f 538/1292/1292 602/1243/1243 503/1245/1245
f 503/1245/1245 602/1243/1243 584/1244/1244
f 538/1292/1292 503/1245/1245 436/1294/1294
f 436/1294/1294 503/1245/1245 398/1246/1246
f 436/1294/1294 398/1246/1246 405/1296/1296
f 405/1296/1296 398/1246/1246 365/1247/1247
f 405/1296/1296 365/1247/1247 412/1298/1298
f 412/1298/1298 365/1247/1247 393/1248/1248
f 412/1298/1298 393/1248/1248 470/1300/1300
f 470/1300/1300 393/1248/1248 460/1249/1249
f 470/1300/1300 460/1249/1249 554/1302/1302
f 554/1302/1302 460/1249/1249 574/1250/1250
f 554/1302/1302 574/1250/1250 636/1304/1304
f 636/1304/1304 574/1250/1250 721/1251/1251
f 636/1304/1304 721/1251/1251 767/1306/1306
f 767/1306/1306 721/1251/1251 845/1252/1252
f 767/1306/1306 845/1252/1252 882/1307/1307
f 882/1307/1307 845/1252/1252 957/1253/1253
f 882/1307/1307 957/1253/1253 963/1309/1309
f 963/1309/1309 957/1253/1253 1113/1254/1254
f 963/1309/1309 1113/1254/1254 1097/1290/1290
f 1097/1290/1290 1113/1254/1254 1227/1255/1255
f 1097/1290/1290 1227/1255/1255 1213/1315/1315
f 1213/1315/1315 1227/1255/1255 1353/1312/1312
f 1213/1315/1315 1353/1312/1312 1316/1313/1313
f 1316/1313/1313 1353/1312/1312 1402/1317/1317
f 1316/1313/1313 1402/1317/1317 1384/1277/1277
f 1384/1277/1277 1402/1317/1317 1421/1276/1276
f 1421/1276/1276 1402/1317/1317 1456/1289/1289
f 1421/1276/1276 1456/1289/1289 1436/1275/1275
f 1436/1275/1275 1456/1289/1289 1462/1320/1320
f 1436/1275/1275 1462/1320/1320 1406/1322/1322
f 1406/1322/1322 1462/1320/1320 1484/1319/1319
f 1406/1322/1322 1484/1319/1319 1450/1321/1321
f 1450/1321/1321 1484/1319/1319 1509/1259/1259
f 1450/1321/1321 1509/1259/1259 1454/1260/1260
f 1227/1255/1255 1399/1256/1256 1353/1312/1312
f 1353/1312/1312 1399/1256/1256 1432/1316/1316
f 1353/1312/1312 1432/1316/1316 1402/1317/1317
f 1402/1317/1317 1432/1316/1316 1456/1289/1289
f 1399/1256/1256 1490/1257/1257 1432/1316/1316
f 1432/1316/1316 1490/1257/1257 1477/1318/1318
f 1432/1316/1316 1477/1318/1318 1456/1289/1289
f 1456/1289/1289 1477/1318/1318 1462/1320/1320
f 1490/1257/1257 1517/1258/1258 1477/1318/1318
f 1477/1318/1318 1517/1258/1258 1484/1319/1319
f 1477/1318/1318 1484/1319/1319 1462/1320/1320
f 1517/1258/1258 1509/1259/1259 1484/1319/1319
f 1450/1321/1321 1454/1260/1260 1366/1323/1323
f 1366/1323/1323 1454/1260/1260 1323/1261/1261
f 1366/1323/1323 1323/1261/1261 1223/1325/1325
f 1223/1325/1325 1323/1261/1261 1167/1262/1262
f 1223/1325/1325 1167/1262/1262 1127/1327/1327
f 1127/1327/1327 1167/1262/1262 1016/1263/1263
f 1127/1327/1327 1016/1263/1263 990/1329/1329
f 990/1329/1329 1016/1263/1263 905/1264/1264
f 990/1329/1329 905/1264/1264 891/1331/1331
f 891/1331/1331 905/1264/1264 783/1266/1266
f 891/1331/1331 783/1266/1266 808/1267/1267
f 905/1264/1264 771/1265/1265 783/1266/1266
f 808/1267/1267 810/1268/1268 891/1331/1331
f 891/1331/1331 810/1268/1268 899/1332/1332
f 891/1331/1331 899/1332/1332 990/1329/1329
f 990/1329/1329 899/1332/1332 987/1330/1330
f 990/1329/1329 987/1330/1330 1127/1327/1327
f 1127/1327/1327 987/1330/1330 1101/1328/1328
f 1127/1327/1327 1101/1328/1328 1223/1325/1325
f 1223/1325/1325 1101/1328/1328 1211/1326/1326
f 1223/1325/1325 1211/1326/1326 1366/1323/1323
f 1366/1323/1323 1211/1326/1326 1331/1324/1324
f 1366/1323/1323 1331/1324/1324 1450/1321/1321
f 1450/1321/1321 1331/1324/1324 1406/1322/1322
f 810/1268/1268 814/1269/1269 899/1332/1332
f 899/1332/1332 814/1269/1269 916/1270/1270
f 899/1332/1332 916/1270/1270 987/1330/1330
f 987/1330/1330 916/1270/1270 1030/1271/1271
f 987/1330/1330 1030/1271/1271 1101/1328/1328
f 1101/1328/1328 1030/1271/1271 1155/1272/1272
f 1101/1328/1328 1155/1272/1272 1211/1326/1326
f 1211/1326/1326 1155/1272/1272 1245/1273/1273
f 1211/1326/1326 1245/1273/1273 1331/1324/1324
f 1331/1324/1324 1245/1273/1273 1388/1274/1274
f 1331/1324/1324 1388/1274/1274 1406/1322/1322
f 1406/1322/1322 1388/1274/1274 1436/1275/1275
f 1384/1277/1277 1231/1278/1278 1316/1313/1313
f 1316/1313/1313 1231/1278/1278 1199/1314/1314
f 1316/1313/1313 1199/1314/1314 1213/1315/1315
f 1213/1315/1315 1199/1314/1314 1097/1290/1290
f 1231/1278/1278 1149/1279/1279 1199/1314/1314
f 1199/1314/1314 1149/1279/1279 1085/1311/1311
f 1199/1314/1314 1085/1311/1311 1097/1290/1290
f 1097/1290/1290 1085/1311/1311 963/1309/1309
f 1149/1279/1279 1010/1280/1280 1085/1311/1311
f 1085/1311/1311 1010/1280/1280 961/1310/1310
f 1085/1311/1311 961/1310/1310 963/1309/1309
f 963/1309/1309 961/1310/1310 882/1307/1307
f 1010/1280/1280 911/1281/1281 961/1310/1310
f 961/1310/1310 911/1281/1281 884/1308/1308
f 961/1310/1310 884/1308/1308 882/1307/1307
f 882/1307/1307 884/1308/1308 767/1306/1306
f 911/1281/1281 800/1282/1282 884/1308/1308
f 884/1308/1308 800/1282/1282 779/1291/1291
f 884/1308/1308 779/1291/1291 767/1306/1306
f 767/1306/1306 779/1291/1291 636/1304/1304
f 800/1282/1282 672/1283/1283 779/1291/1291
f 779/1291/1291 672/1283/1283 668/1305/1305
f 779/1291/1291 668/1305/1305 636/1304/1304
f 636/1304/1304 668/1305/1305 554/1302/1302
f 668/1305/1305 672/1283/1283 570/1303/1303
f 570/1303/1303 672/1283/1283 565/1284/1284
f 570/1303/1303 565/1284/1284 518/1301/1301
f 518/1301/1301 565/1284/1284 516/1285/1285
f 518/1301/1301 516/1285/1285 438/1299/1299
f 438/1299/1299 516/1285/1285 447/1286/1286
f 438/1299/1299 447/1286/1286 432/1297/1297
f 432/1297/1297 447/1286/1286 491/1287/1287
f 432/1297/1297 491/1287/1287 505/1295/1295
f 505/1295/1295 491/1287/1287 552/1288/1288
f 505/1295/1295 552/1288/1288 556/1293/1293
f 505/1295/1295 556/1293/1293 538/1292/1292
f 432/1297/1297 505/1295/1295 436/1294/1294
f 436/1294/1294 505/1295/1295 538/1292/1292
f 438/1299/1299 432/1297/1297 405/1296/1296
f 405/1296/1296 432/1297/1297 436/1294/1294
f 518/1301/1301 438/1299/1299 412/1298/1298
f 412/1298/1298 438/1299/1299 405/1296/1296
f 570/1303/1303 518/1301/1301 470/1300/1300
f 470/1300/1300 518/1301/1301 412/1298/1298
f 668/1305/1305 570/1303/1303 554/1302/1302
f 554/1302/1302 570/1303/1303 470/1300/1300
f 905/1334/1334 745/1389/1389 771/1333/1333
f 771/1333/1333 745/1389/1389 724/1390/1390
f 771/1333/1333 724/1390/1390 704/1391/1391
f 1016/1335/1335 1026/1387/1387 905/1334/1334
f 905/1334/1334 1026/1387/1387 893/1388/1388
f 905/1334/1334 893/1388/1388 745/1389/1389
f 1026/1387/1387 1016/1335/1335 1185/1386/1386
f 1185/1386/1386 1016/1335/1335 1167/1336/1336
f 1185/1386/1386 1167/1336/1336 1390/1385/1385
f 1390/1385/1385 1167/1336/1336 1323/1337/1337
f 1390/1385/1385 1323/1337/1337 1521/1384/1384
f 1521/1384/1384 1323/1337/1337 1454/1338/1338
f 1521/1384/1384 1454/1338/1338 1662/1383/1383
f 1662/1383/1383 1454/1338/1338 1509/1339/1339
f 1662/1383/1383 1509/1339/1339 1762/1382/1382
f 1762/1382/1382 1509/1339/1339 1517/1340/1340
f 1762/1382/1382 1517/1340/1340 1786/1381/1381
f 1786/1381/1381 1517/1340/1340 1708/1380/1380
f 1708/1380/1380 1517/1340/1340 1490/1341/1341
f 1708/1380/1380 1490/1341/1341 1585/1379/1379
f 1585/1379/1379 1490/1341/1341 1399/1342/1342
f 1585/1379/1379 1399/1342/1342 1466/1378/1378
f 1466/1378/1378 1399/1342/1342 1227/1343/1343
f 1466/1378/1378 1227/1343/1343 1241/1377/1377
f 1241/1377/1377 1227/1343/1343 1113/1344/1344
f 1241/1377/1377 1113/1344/1344 1091/1376/1376
f 1091/1376/1376 1113/1344/1344 957/1345/1345
f 1091/1376/1376 957/1345/1345 942/1375/1375
f 942/1375/1375 957/1345/1345 845/1346/1346
f 942/1375/1375 845/1346/1346 818/1374/1374
f 818/1374/1374 845/1346/1346 721/1347/1347
f 818/1374/1374 721/1347/1347 630/1373/1373
f 630/1373/1373 721/1347/1347 512/1372/1372
f 512/1372/1372 721/1347/1347 574/1348/1348
f 512/1372/1372 574/1348/1348 347/1371/1371
f 347/1371/1371 574/1348/1348 460/1349/1349
f 347/1371/1371 460/1349/1349 241/1370/1370
f 241/1370/1370 460/1349/1349 393/1350/1350
f 241/1370/1370 393/1350/1350 172/1369/1369
f 172/1369/1369 393/1350/1350 365/1351/1351
f 172/1369/1369 365/1351/1351 161/1368/1368
f 161/1368/1368 365/1351/1351 398/1352/1352
f 161/1368/1368 398/1352/1352 232/1367/1367
f 232/1367/1367 398/1352/1352 503/1353/1353
f 232/1367/1367 503/1353/1353 323/1366/1366
f 323/1366/1366 503/1353/1353 452/1365/1365
f 452/1365/1365 503/1353/1353 584/1354/1354
f 452/1365/1365 584/1354/1354 497/1364/1364
f 497/1364/1364 584/1354/1354 509/1363/1363
f 509/1363/1363 584/1354/1354 482/1362/1362
f 482/1362/1362 584/1354/1354 416/1355/1355
f 482/1362/1362 416/1355/1355 441/1361/1361
f 441/1361/1361 416/1355/1355 419/1360/1360
f 419/1360/1360 416/1355/1355 395/1356/1356
f 419/1360/1360 395/1356/1356 386/1359/1359
f 386/1359/1359 395/1356/1356 367/1357/1357
f 386/1359/1359 367/1357/1357 349/1358/1358
f 704/1391/1391 676/1392/1392 771/1333/1333
f 771/1333/1333 676/1392/1392 600/1399/1399
f 600/1399/1399 676/1392/1392 644/1393/1393
f 600/1399/1399 644/1393/1393 632/1394/1394
f 600/1399/1399 632/1394/1394 627/1398/1398
f 627/1398/1398 632/1394/1394 650/1395/1395
f 627/1398/1398 650/1395/1395 666/1397/1397
f 666/1397/1397 650/1395/1395 700/1396/1396
f 602/1401/1401 614/1402/1402 584/1400/1400
f 584/1400/1400 614/1402/1402 621/1403/1403
f 584/1400/1400 621/1403/1403 625/1404/1404
f 623/1405/1405 414/1406/1406 625/1404/1404
f 625/1404/1404 414/1406/1406 584/1400/1400
f 414/1406/1406 416/1407/1407 584/1400/1400
f 537/1456/1456 479/1408/1408 521/1461/1461
f 521/1461/1461 479/1408/1408 457/1409/1409
f 521/1461/1461 457/1409/1409 429/1410/1410
f 521/1461/1461 429/1410/1410 481/1460/1460
f 481/1460/1460 429/1410/1410 404/1411/1411
f 481/1460/1460 404/1411/1411 426/1413/1413
f 426/1413/1413 404/1411/1411 374/1412/1412
f 481/1460/1460 426/1413/1413 559/1462/1462
f 559/1462/1462 426/1413/1413 549/1414/1414
f 559/1462/1462 549/1414/1414 643/1464/1464
f 643/1464/1464 549/1414/1414 675/1415/1415
f 643/1464/1464 675/1415/1415 776/1466/1466
f 776/1466/1466 675/1415/1415 821/1416/1416
f 776/1466/1466 821/1416/1416 887/1468/1468
f 887/1468/1468 821/1416/1416 937/1417/1417
f 887/1468/1468 937/1417/1417 986/1470/1470
f 986/1470/1470 937/1417/1417 1047/1418/1418
f 986/1470/1470 1047/1418/1418 1108/1472/1472
f 1108/1472/1472 1047/1418/1418 1204/1419/1419
f 1108/1472/1472 1204/1419/1419 1218/1474/1474
f 1218/1474/1474 1204/1419/1419 1374/1420/1420
f 1218/1474/1474 1374/1420/1420 1364/1475/1475
f 1364/1475/1475 1374/1420/1420 1474/1421/1421
f 1364/1475/1475 1474/1421/1421 1439/1477/1477
f 1439/1477/1477 1474/1421/1421 1514/1422/1422
f 1439/1477/1477 1514/1422/1422 1481/1458/1458
f 1481/1458/1458 1514/1422/1422 1513/1423/1423
f 1481/1458/1458 1513/1423/1423 1480/1483/1483
f 1480/1483/1483 1513/1423/1423 1438/1480/1480
f 1480/1483/1483 1438/1480/1480 1404/1481/1481
f 1404/1481/1481 1438/1480/1480 1327/1485/1485
f 1404/1481/1481 1327/1485/1485 1340/1445/1445
f 1340/1445/1445 1327/1485/1485 1207/1444/1444
f 1207/1444/1444 1327/1485/1485 1201/1457/1457
f 1207/1444/1444 1201/1457/1457 1079/1443/1443
f 1079/1443/1443 1201/1457/1457 1089/1488/1488
f 1079/1443/1443 1089/1488/1488 981/1490/1490
f 981/1490/1490 1089/1488/1488 1107/1487/1487
f 981/1490/1490 1107/1487/1487 985/1489/1489
f 985/1489/1489 1107/1487/1487 1046/1427/1427
f 985/1489/1489 1046/1427/1427 936/1428/1428
f 1513/1423/1423 1473/1424/1424 1438/1480/1480
f 1438/1480/1480 1473/1424/1424 1363/1484/1484
f 1438/1480/1480 1363/1484/1484 1327/1485/1485
f 1327/1485/1485 1363/1484/1484 1201/1457/1457
f 1473/1424/1424 1373/1425/1425 1363/1484/1484
f 1363/1484/1484 1373/1425/1425 1217/1486/1486
f 1363/1484/1484 1217/1486/1486 1201/1457/1457
f 1201/1457/1457 1217/1486/1486 1089/1488/1488
f 1373/1425/1425 1203/1426/1426 1217/1486/1486
f 1217/1486/1486 1203/1426/1426 1107/1487/1487
f 1217/1486/1486 1107/1487/1487 1089/1488/1488
f 1203/1426/1426 1046/1427/1427 1107/1487/1487
f 985/1489/1489 936/1428/1428 886/1491/1491
f 886/1491/1491 936/1428/1428 820/1429/1429
f 886/1491/1491 820/1429/1429 775/1493/1493
f 775/1493/1493 820/1429/1429 674/1430/1430
f 775/1493/1493 674/1430/1430 642/1495/1495
f 642/1495/1495 674/1430/1430 548/1431/1431
f 642/1495/1495 548/1431/1431 558/1497/1497
f 558/1497/1497 548/1431/1431 425/1432/1432
f 558/1497/1497 425/1432/1432 480/1499/1499
f 480/1499/1499 425/1432/1432 403/1434/1434
f 480/1499/1499 403/1434/1434 428/1435/1435
f 425/1432/1432 373/1433/1433 403/1434/1434
f 428/1435/1435 456/1436/1436 480/1499/1499
f 480/1499/1499 456/1436/1436 520/1500/1500
f 480/1499/1499 520/1500/1500 558/1497/1497
f 558/1497/1497 520/1500/1500 572/1498/1498
f 558/1497/1497 572/1498/1498 642/1495/1495
f 642/1495/1495 572/1498/1498 680/1496/1496
f 642/1495/1495 680/1496/1496 775/1493/1493
f 775/1493/1493 680/1496/1496 785/1494/1494
f 775/1493/1493 785/1494/1494 886/1491/1491
f 886/1491/1491 785/1494/1494 889/1492/1492
f 886/1491/1491 889/1492/1492 985/1489/1489
f 985/1489/1489 889/1492/1492 981/1490/1490
f 456/1436/1436 478/1437/1437 520/1500/1500
f 520/1500/1500 478/1437/1437 536/1438/1438
f 520/1500/1500 536/1438/1438 572/1498/1498
f 572/1498/1498 536/1438/1438 607/1439/1439
f 572/1498/1498 607/1439/1439 680/1496/1496
f 680/1496/1496 607/1439/1439 733/1440/1440
f 680/1496/1496 733/1440/1440 785/1494/1494
f 785/1494/1494 733/1440/1440 854/1441/1441
f 785/1494/1494 854/1441/1441 889/1492/1492
f 889/1492/1492 854/1441/1441 953/1442/1442
f 889/1492/1492 953/1442/1442 981/1490/1490
f 981/1490/1490 953/1442/1442 1079/1443/1443
f 1340/1445/1445 1410/1446/1446 1404/1481/1481
f 1404/1481/1481 1410/1446/1446 1458/1482/1482
f 1404/1481/1481 1458/1482/1482 1480/1483/1483
f 1480/1483/1483 1458/1482/1482 1481/1458/1458
f 1410/1446/1446 1443/1447/1447 1458/1482/1482
f 1458/1482/1482 1443/1447/1447 1459/1479/1479
f 1458/1482/1482 1459/1479/1479 1481/1458/1458
f 1481/1458/1458 1459/1479/1479 1439/1477/1477
f 1443/1447/1447 1411/1448/1448 1459/1479/1479
f 1459/1479/1479 1411/1448/1448 1405/1478/1478
f 1459/1479/1479 1405/1478/1478 1439/1477/1477
f 1439/1477/1477 1405/1478/1478 1364/1475/1475
f 1411/1448/1448 1341/1449/1449 1405/1478/1478
f 1405/1478/1478 1341/1449/1449 1328/1476/1476
f 1405/1478/1478 1328/1476/1476 1364/1475/1475
f 1364/1475/1475 1328/1476/1476 1218/1474/1474
f 1341/1449/1449 1208/1450/1450 1328/1476/1476
f 1328/1476/1476 1208/1450/1450 1202/1459/1459
f 1328/1476/1476 1202/1459/1459 1218/1474/1474
f 1218/1474/1474 1202/1459/1459 1108/1472/1472
f 1208/1450/1450 1080/1451/1451 1202/1459/1459
f 1202/1459/1459 1080/1451/1451 1090/1473/1473
f 1202/1459/1459 1090/1473/1473 1108/1472/1472
f 1108/1472/1472 1090/1473/1473 986/1470/1470
f 1090/1473/1473 1080/1451/1451 982/1471/1471
f 982/1471/1471 1080/1451/1451 954/1452/1452
f 982/1471/1471 954/1452/1452 890/1469/1469
f 890/1469/1469 954/1452/1452 855/1453/1453
f 890/1469/1469 855/1453/1453 786/1467/1467
f 786/1467/1467 855/1453/1453 734/1454/1454
f 786/1467/1467 734/1454/1454 681/1465/1465
f 681/1465/1465 734/1454/1454 608/1455/1455
f 681/1465/1465 608/1455/1455 573/1463/1463
f 573/1463/1463 608/1455/1455 537/1456/1456
f 573/1463/1463 537/1456/1456 521/1461/1461
f 573/1463/1463 521/1461/1461 481/1460/1460
f 681/1465/1465 573/1463/1463 559/1462/1462
f 559/1462/1462 573/1463/1463 481/1460/1460
f 786/1467/1467 681/1465/1465 643/1464/1464
f 643/1464/1464 681/1465/1465 559/1462/1462
f 890/1469/1469 786/1467/1467 776/1466/1466
f 776/1466/1466 786/1467/1467 643/1464/1464
f 982/1471/1471 890/1469/1469 887/1468/1468
f 887/1468/1468 890/1469/1469 776/1466/1466
f 1090/1473/1473 982/1471/1471 986/1470/1470
f 986/1470/1470 982/1471/1471 887/1468/1468
f 425/1502/1502 197/1555/1555 373/1501/1501
f 373/1501/1501 197/1555/1555 167/1556/1556
f 373/1501/1501 167/1556/1556 120/1557/1557
f 197/1555/1555 425/1502/1502 281/1554/1554
f 281/1554/1554 425/1502/1502 548/1503/1503
f 281/1554/1554 548/1503/1503 381/1553/1553
f 381/1553/1553 548/1503/1503 542/1552/1552
f 542/1552/1552 548/1503/1503 674/1504/1504
f 542/1552/1552 674/1504/1504 709/1551/1551
f 709/1551/1551 674/1504/1504 820/1505/1505
f 709/1551/1551 820/1505/1505 847/1550/1550
f 847/1550/1550 820/1505/1505 936/1506/1506
f 847/1550/1550 936/1506/1506 983/1549/1549
f 983/1549/1549 936/1506/1506 1046/1507/1507
f 983/1549/1549 1046/1507/1507 1151/1548/1548
f 1151/1548/1548 1046/1507/1507 1203/1508/1508
f 1151/1548/1548 1203/1508/1508 1333/1547/1547
f 1333/1547/1547 1203/1508/1508 1496/1546/1546
f 1496/1546/1546 1203/1508/1508 1373/1509/1509
f 1496/1546/1546 1373/1509/1509 1620/1545/1545
f 1620/1545/1545 1373/1509/1509 1473/1510/1510
f 1620/1545/1545 1473/1510/1510 1729/1544/1544
f 1729/1544/1544 1473/1510/1510 1513/1511/1511
f 1729/1544/1544 1513/1511/1511 1802/1543/1543
f 1802/1543/1543 1513/1511/1511 1514/1512/1512
f 1802/1543/1543 1514/1512/1512 1730/1542/1542
f 1730/1542/1542 1514/1512/1512 1474/1513/1513
f 1730/1542/1542 1474/1513/1513 1621/1541/1541
f 1621/1541/1541 1474/1513/1513 1374/1514/1514
f 1621/1541/1541 1374/1514/1514 1497/1540/1540
f 1497/1540/1540 1374/1514/1514 1204/1515/1515
f 1497/1540/1540 1204/1515/1515 1334/1539/1539
f 1334/1539/1539 1204/1515/1515 1152/1538/1538
f 1152/1538/1538 1204/1515/1515 1047/1516/1516
f 1152/1538/1538 1047/1516/1516 984/1537/1537
f 984/1537/1537 1047/1516/1516 937/1517/1517
f 984/1537/1537 937/1517/1517 848/1536/1536
f 848/1536/1536 937/1517/1517 821/1518/1518
f 848/1536/1536 821/1518/1518 710/1535/1535
f 710/1535/1535 821/1518/1518 675/1519/1519
f 710/1535/1535 675/1519/1519 543/1534/1534
f 543/1534/1534 675/1519/1519 549/1520/1520
f 543/1534/1534 549/1520/1520 382/1533/1533
f 382/1533/1533 549/1520/1520 282/1532/1532
f 282/1532/1532 549/1520/1520 426/1521/1521
f 282/1532/1532 426/1521/1521 198/1531/1531
f 198/1531/1531 426/1521/1521 374/1522/1522
f 198/1531/1531 374/1522/1522 168/1530/1530
f 168/1530/1530 374/1522/1522 121/1529/1529
f 121/1529/1529 374/1522/1522 92/1528/1528
f 92/1528/1528 374/1522/1522 27/1523/1523
f 92/1528/1528 27/1523/1523 63/1527/1527
f 63/1527/1527 27/1523/1523 52/1526/1526
f 52/1526/1526 27/1523/1523 40/1525/1525
f 40/1525/1525 27/1523/1523 28/1524/1524
f 120/1557/1557 91/1558/1558 373/1501/1501
f 373/1501/1501 91/1558/1558 26/1563/1563
f 26/1563/1563 91/1558/1558 62/1559/1559
f 26/1563/1563 62/1559/1559 51/1560/1560
f 51/1560/1560 39/1561/1561 26/1563/1563
f 26/1563/1563 39/1561/1561 25/1562/1562
f 404/1565/1565 429/1566/1566 374/1564/1564
f 374/1564/1564 429/1566/1566 457/1567/1567
f 374/1564/1564 457/1567/1567 479/1568/1568
f 477/1569/1569 23/1570/1570 479/1568/1568
f 479/1568/1568 23/1570/1570 374/1564/1564
f 23/1570/1570 27/1571/1571 374/1564/1564
f 813/1613/1613 815/1572/1572 915/1612/1612
f 915/1612/1612 815/1572/1572 917/1573/1573
f 915/1612/1612 917/1573/1573 1029/1611/1611
f 1029/1611/1611 917/1573/1573 1031/1574/1574
f 1029/1611/1611 1031/1574/1574 1154/1610/1610
f 1154/1610/1610 1031/1574/1574 1156/1575/1575
f 1154/1610/1610 1156/1575/1575 1244/1609/1609
f 1244/1609/1609 1156/1575/1575 1246/1576/1576
f 1244/1609/1609 1246/1576/1576 1387/1608/1608
f 1387/1608/1608 1246/1576/1576 1389/1577/1577
f 1387/1608/1608 1389/1577/1577 1435/1607/1607
f 1435/1607/1607 1389/1577/1577 1437/1578/1578
f 1435/1607/1607 1437/1578/1578 1420/1606/1606
f 1420/1606/1606 1437/1578/1578 1422/1579/1579
f 1420/1606/1606 1422/1579/1579 1383/1605/1605
f 1383/1605/1605 1422/1579/1579 1385/1580/1580
f 1383/1605/1605 1385/1580/1580 1230/1604/1604
f 1230/1604/1604 1385/1580/1580 1232/1581/1581
f 1230/1604/1604 1232/1581/1581 1148/1603/1603
f 1148/1603/1603 1232/1581/1581 1150/1582/1582
f 1148/1603/1603 1150/1582/1582 1009/1602/1602
f 1009/1602/1602 1150/1582/1582 1011/1583/1583
f 1009/1602/1602 1011/1583/1583 910/1601/1601
f 910/1601/1601 1011/1583/1583 912/1584/1584
f 910/1601/1601 912/1584/1584 799/1600/1600
f 799/1600/1600 912/1584/1584 801/1585/1585
f 799/1600/1600 801/1585/1585 671/1599/1599
f 671/1599/1599 801/1585/1585 673/1586/1586
f 671/1599/1599 673/1586/1586 564/1598/1598
f 564/1598/1598 673/1586/1586 566/1587/1587
f 564/1598/1598 566/1587/1587 515/1597/1597
f 515/1597/1597 566/1587/1587 517/1588/1588
f 515/1597/1597 517/1588/1588 446/1596/1596
f 446/1596/1596 517/1588/1588 448/1589/1589
f 446/1596/1596 448/1589/1589 490/1595/1595
f 490/1595/1595 448/1589/1589 492/1590/1590
f 490/1595/1595 492/1590/1590 551/1594/1594
f 551/1594/1594 492/1590/1590 553/1591/1591
f 551/1594/1594 553/1591/1591 624/1593/1593
f 624/1593/1593 553/1591/1591 626/1592/1592
f 622/1615/1615 585/1618/1618 626/1614/1614
f 626/1614/1614 585/1618/1618 415/1620/1620
f 626/1614/1614 415/1620/1620 624/1621/1621
f 622/1615/1615 615/1616/1616 585/1618/1618
f 585/1618/1618 615/1616/1616 603/1617/1617
f 585/1618/1618 417/1619/1619 415/1620/1620
f 2459/1623/1623 2520/1626/1626 2450/1622/1622
f 2450/1622/1622 2520/1626/1626 2711/1628/1628
f 2450/1622/1622 2711/1628/1628 2448/1629/1629
f 2459/1623/1623 2473/1624/1624 2520/1626/1626
f 2520/1626/1626 2473/1624/1624 2499/1625/1625
f 2520/1626/1626 2713/1627/1627 2711/1628/1628
f 2529/1671/1671 2531/1630/1630 2561/1670/1670
f 2561/1670/1670 2531/1630/1630 2563/1631/1631
f 2561/1670/1670 2563/1631/1631 2543/1669/1669
f 2543/1669/1669 2563/1631/1631 2545/1632/1632
f 2543/1669/1669 2545/1632/1632 2506/1668/1668
f 2506/1668/1668 2545/1632/1632 2508/1633/1633
f 2506/1668/1668 2508/1633/1633 2359/1667/1667
f 2359/1667/1667 2508/1633/1633 2361/1634/1634
f 2359/1667/1667 2361/1634/1634 2275/1666/1666
f 2275/1666/1666 2361/1634/1634 2277/1635/1635
f 2275/1666/1666 2277/1635/1635 2188/1665/1665
f 2188/1665/1665 2277/1635/1635 2190/1636/1636
f 2188/1665/1665 2190/1636/1636 2110/1664/1664
f 2110/1664/1664 2190/1636/1636 2112/1637/1637
f 2110/1664/1664 2112/1637/1637 2019/1663/1663
f 2019/1663/1663 2112/1637/1637 2021/1638/1638
f 2019/1663/1663 2021/1638/1638 1952/1662/1662
f 1952/1662/1662 2021/1638/1638 1954/1639/1639
f 1952/1662/1662 1954/1639/1639 1916/1661/1661
f 1916/1661/1661 1954/1639/1639 1918/1640/1640
f 1916/1661/1661 1918/1640/1640 1888/1660/1660
f 1888/1660/1660 1918/1640/1640 1890/1641/1641
f 1888/1660/1660 1890/1641/1641 1875/1659/1659
f 1875/1659/1659 1890/1641/1641 1877/1642/1642
f 1875/1659/1659 1877/1642/1642 1904/1658/1658
f 1904/1658/1658 1877/1642/1642 1906/1643/1643
f 1904/1658/1658 1906/1643/1643 1940/1657/1657
f 1940/1657/1657 1906/1643/1643 1942/1644/1644
f 1940/1657/1657 1942/1644/1644 1997/1656/1656
f 1997/1656/1656 1942/1644/1644 1999/1645/1645
f 1997/1656/1656 1999/1645/1645 2068/1655/1655
f 2068/1655/1655 1999/1645/1645 2070/1646/1646
f 2068/1655/1655 2070/1646/1646 2148/1654/1654
f 2148/1654/1654 2070/1646/1646 2150/1647/1647
f 2148/1654/1654 2150/1647/1647 2217/1653/1653
f 2217/1653/1653 2150/1647/1647 2219/1648/1648
f 2217/1653/1653 2219/1648/1648 2299/1652/1652
f 2299/1652/1652 2219/1648/1648 2301/1649/1649
f 2299/1652/1652 2301/1649/1649 2448/1651/1651
f 2448/1651/1651 2301/1649/1649 2450/1650/1650
f 623/1713/1713 625/1672/1672 550/1712/1712
f 550/1712/1712 625/1672/1672 552/1673/1673
f 550/1712/1712 552/1673/1673 489/1711/1711
f 489/1711/1711 552/1673/1673 491/1674/1674
f 489/1711/1711 491/1674/1674 445/1710/1710
f 445/1710/1710 491/1674/1674 447/1675/1675
f 445/1710/1710 447/1675/1675 514/1709/1709
f 514/1709/1709 447/1675/1675 516/1676/1676
f 514/1709/1709 516/1676/1676 563/1708/1708
f 563/1708/1708 516/1676/1676 565/1677/1677
f 563/1708/1708 565/1677/1677 670/1707/1707
f 670/1707/1707 565/1677/1677 672/1678/1678
f 670/1707/1707 672/1678/1678 798/1706/1706
f 798/1706/1706 672/1678/1678 800/1679/1679
f 798/1706/1706 800/1679/1679 909/1705/1705
f 909/1705/1705 800/1679/1679 911/1680/1680
f 909/1705/1705 911/1680/1680 1008/1704/1704
f 1008/1704/1704 911/1680/1680 1010/1681/1681
f 1008/1704/1704 1010/1681/1681 1147/1703/1703
f 1147/1703/1703 1010/1681/1681 1149/1682/1682
f 1147/1703/1703 1149/1682/1682 1229/1702/1702
f 1229/1702/1702 1149/1682/1682 1231/1683/1683
f 1229/1702/1702 1231/1683/1683 1382/1701/1701
f 1382/1701/1701 1231/1683/1683 1384/1684/1684
f 1382/1701/1701 1384/1684/1684 1419/1700/1700
f 1419/1700/1700 1384/1684/1684 1421/1685/1685
f 1419/1700/1700 1421/1685/1685 1434/1699/1699
f 1434/1699/1699 1421/1685/1685 1436/1686/1686
f 1434/1699/1699 1436/1686/1686 1386/1698/1698
f 1386/1698/1698 1436/1686/1686 1388/1687/1687
f 1386/1698/1698 1388/1687/1687 1243/1697/1697
f 1243/1697/1697 1388/1687/1687 1245/1688/1688
f 1243/1697/1697 1245/1688/1688 1153/1696/1696
f 1153/1696/1696 1245/1688/1688 1155/1689/1689
f 1153/1696/1696 1155/1689/1689 1028/1695/1695
f 1028/1695/1695 1155/1689/1689 1030/1690/1690
f 1028/1695/1695 1030/1690/1690 914/1694/1694
f 914/1694/1694 1030/1690/1690 916/1691/1691
f 914/1694/1694 916/1691/1691 812/1693/1693
f 812/1693/1693 916/1691/1691 814/1692/1692
f 810/1715/1715 771/1718/1718 814/1714/1714
f 814/1714/1714 771/1718/1718 598/1720/1720
f 814/1714/1714 598/1720/1720 812/1721/1721
f 810/1715/1715 808/1716/1716 771/1718/1718
f 771/1718/1718 808/1716/1716 783/1717/1717
f 771/1718/1718 600/1719/1719 598/1720/1720
f 2534/1723/1723 2585/1726/1726 2530/1722/1722
f 2530/1722/1722 2585/1726/1726 2864/1728/1728
f 2530/1722/1722 2864/1728/1728 2528/1729/1729
f 2534/1723/1723 2556/1724/1724 2585/1726/1726
f 2585/1726/1726 2556/1724/1724 2576/1725/1725
f 2585/1726/1726 2866/1727/1727 2864/1728/1728
f 2447/1771/1771 2449/1730/1730 2298/1770/1770
f 2298/1770/1770 2449/1730/1730 2300/1731/1731
f 2298/1770/1770 2300/1731/1731 2216/1769/1769
f 2216/1769/1769 2300/1731/1731 2218/1732/1732
f 2216/1769/1769 2218/1732/1732 2147/1768/1768
f 2147/1768/1768 2218/1732/1732 2149/1733/1733
f 2147/1768/1768 2149/1733/1733 2067/1767/1767
f 2067/1767/1767 2149/1733/1733 2069/1734/1734
f 2067/1767/1767 2069/1734/1734 1996/1766/1766
f 1996/1766/1766 2069/1734/1734 1998/1735/1735
f 1996/1766/1766 1998/1735/1735 1939/1765/1765
f 1939/1765/1765 1998/1735/1735 1941/1736/1736
f 1939/1765/1765 1941/1736/1736 1903/1764/1764
f 1903/1764/1764 1941/1736/1736 1905/1737/1737
f 1903/1764/1764 1905/1737/1737 1874/1763/1763
f 1874/1763/1763 1905/1737/1737 1876/1738/1738
f 1874/1763/1763 1876/1738/1738 1887/1762/1762
f 1887/1762/1762 1876/1738/1738 1889/1739/1739
f 1887/1762/1762 1889/1739/1739 1915/1761/1761
f 1915/1761/1761 1889/1739/1739 1917/1740/1740
f 1915/1761/1761 1917/1740/1740 1951/1760/1760
f 1951/1760/1760 1917/1740/1740 1953/1741/1741
f 1951/1760/1760 1953/1741/1741 2018/1759/1759
f 2018/1759/1759 1953/1741/1741 2020/1742/1742
f 2018/1759/1759 2020/1742/1742 2109/1758/1758
f 2109/1758/1758 2020/1742/1742 2111/1743/1743
f 2109/1758/1758 2111/1743/1743 2187/1757/1757
f 2187/1757/1757 2111/1743/1743 2189/1744/1744
f 2187/1757/1757 2189/1744/1744 2274/1756/1756
f 2274/1756/1756 2189/1744/1744 2276/1745/1745
f 2274/1756/1756 2276/1745/1745 2358/1755/1755
f 2358/1755/1755 2276/1745/1745 2360/1746/1746
f 2358/1755/1755 2360/1746/1746 2505/1754/1754
f 2505/1754/1754 2360/1746/1746 2507/1747/1747
f 2505/1754/1754 2507/1747/1747 2542/1753/1753
f 2542/1753/1753 2507/1747/1747 2544/1748/1748
f 2542/1753/1753 2544/1748/1748 2560/1752/1752
f 2560/1752/1752 2544/1748/1748 2562/1749/1749
f 2560/1752/1752 2562/1749/1749 2528/1751/1751
f 2528/1751/1751 2562/1749/1749 2530/1750/1750
f 477/1813/1813 479/1772/1772 535/1812/1812
f 535/1812/1812 479/1772/1772 537/1773/1773
f 535/1812/1812 537/1773/1773 606/1811/1811
f 606/1811/1811 537/1773/1773 608/1774/1774
f 606/1811/1811 608/1774/1774 732/1810/1810
f 732/1810/1810 608/1774/1774 734/1775/1775
f 732/1810/1810 734/1775/1775 853/1809/1809
f 853/1809/1809 734/1775/1775 855/1776/1776
f 853/1809/1809 855/1776/1776 952/1808/1808
f 952/1808/1808 855/1776/1776 954/1777/1777
f 952/1808/1808 954/1777/1777 1078/1807/1807
f 1078/1807/1807 954/1777/1777 1080/1778/1778
f 1078/1807/1807 1080/1778/1778 1206/1806/1806
f 1206/1806/1806 1080/1778/1778 1208/1779/1779
f 1206/1806/1806 1208/1779/1779 1339/1805/1805
f 1339/1805/1805 1208/1779/1779 1341/1780/1780
f 1339/1805/1805 1341/1780/1780 1409/1804/1804
f 1409/1804/1804 1341/1780/1780 1411/1781/1781
f 1409/1804/1804 1411/1781/1781 1442/1803/1803
f 1442/1803/1803 1411/1781/1781 1443/1782/1782
f 1442/1803/1803 1443/1782/1782 1408/1802/1802
f 1408/1802/1802 1443/1782/1782 1410/1783/1783
f 1408/1802/1802 1410/1783/1783 1338/1801/1801
f 1338/1801/1801 1410/1783/1783 1340/1784/1784
f 1338/1801/1801 1340/1784/1784 1205/1800/1800
f 1205/1800/1800 1340/1784/1784 1207/1785/1785
f 1205/1800/1800 1207/1785/1785 1077/1799/1799
f 1077/1799/1799 1207/1785/1785 1079/1786/1786
f 1077/1799/1799 1079/1786/1786 951/1798/1798
f 951/1798/1798 1079/1786/1786 953/1787/1787
f 951/1798/1798 953/1787/1787 852/1797/1797
f 852/1797/1797 953/1787/1787 854/1788/1788
f 852/1797/1797 854/1788/1788 731/1796/1796
f 731/1796/1796 854/1788/1788 733/1789/1789
f 731/1796/1796 733/1789/1789 605/1795/1795
f 605/1795/1795 733/1789/1789 607/1790/1790
f 605/1795/1795 607/1790/1790 534/1794/1794
f 534/1794/1794 607/1790/1790 536/1791/1791
f 534/1794/1794 536/1791/1791 476/1793/1793
f 476/1793/1793 536/1791/1791 478/1792/1792
f 456/1815/1815 373/1818/1818 478/1814/1814
f 478/1814/1814 373/1818/1818 22/1820/1820
f 478/1814/1814 22/1820/1820 476/1821/1821
f 456/1815/1815 428/1816/1816 373/1818/1818
f 373/1818/1818 428/1816/1816 403/1817/1817
f 373/1818/1818 26/1819/1819 22/1820/1820
f 601/1822/1822 599/1823/1823 628/1836/1836
f 628/1836/1836 599/1823/1823 667/1835/1835
f 667/1835/1835 599/1823/1823 701/1834/1834
f 701/1834/1834 599/1823/1823 770/1824/1824
f 701/1834/1834 770/1824/1824 703/1833/1833
f 703/1833/1833 770/1824/1824 851/1832/1832
f 851/1832/1832 770/1824/1824 908/1825/1825
f 851/1832/1832 908/1825/1825 993/1831/1831
f 993/1831/1831 908/1825/1825 1033/1826/1826
f 993/1831/1831 1033/1826/1826 1166/1830/1830
f 1166/1830/1830 1033/1826/1826 1172/1827/1827
f 1166/1830/1830 1172/1827/1827 1379/1829/1829
f 1379/1829/1829 1172/1827/1827 1377/1828/1828
f 2713/1838/1838 2692/1839/1839 2711/1837/1837
f 2711/1837/1837 2692/1839/1839 2685/1840/1840
f 2711/1837/1837 2685/1840/1840 2638/1851/1851
f 2638/1851/1851 2685/1840/1840 2653/1841/1841
f 2638/1851/1851 2653/1841/1841 2655/1842/1842
f 2655/1842/1842 2613/1843/1843 2638/1851/1851
f 2638/1851/1851 2613/1843/1843 2590/1850/1850
f 2590/1850/1850 2613/1843/1843 2559/1844/1844
f 2590/1850/1850 2559/1844/1844 2516/1849/1849
f 2516/1849/1849 2559/1844/1844 2517/1848/1848
f 2517/1848/1848 2559/1844/1844 2513/1847/1847
f 2513/1847/1847 2559/1844/1844 2503/1846/1846
f 2503/1846/1846 2559/1844/1844 2480/1845/1845
f 2867/1852/1852 2865/1853/1853 2873/1863/1863
f 2873/1863/1863 2865/1853/1853 2879/1862/1862
f 2879/1862/1862 2865/1853/1853 2886/1854/1854
f 2879/1862/1862 2886/1854/1854 2881/1861/1861
f 2881/1861/1861 2886/1854/1854 2883/1860/1860
f 2883/1860/1860 2886/1854/1854 2893/1859/1859
f 2893/1859/1859 2886/1854/1854 2896/1855/1855
f 2893/1859/1859 2896/1855/1855 2899/1858/1858
f 2899/1858/1858 2896/1855/1855 2901/1856/1856
f 2899/1858/1858 2901/1856/1856 2905/1857/1857
f 416/1864/1864 414/1865/1865 395/1884/1884
f 395/1884/1884 414/1865/1865 367/1883/1883
f 367/1883/1883 414/1865/1865 349/1882/1882
f 349/1882/1882 414/1865/1865 292/1866/1866
f 349/1882/1882 292/1866/1866 308/1879/1879
f 308/1879/1879 292/1866/1866 296/1878/1878
f 296/1878/1878 292/1866/1866 122/1877/1877
f 122/1877/1877 292/1866/1866 116/1867/1867
f 122/1877/1877 116/1867/1867 78/1876/1876
f 78/1876/1876 116/1867/1867 66/1868/1868
f 78/1876/1876 66/1868/1868 68/1875/1875
f 68/1875/1875 66/1868/1868 55/1874/1874
f 55/1874/1874 66/1868/1868 43/1869/1869
f 55/1874/1874 43/1869/1869 45/1873/1873
f 45/1873/1873 43/1869/1869 33/1872/1872
f 33/1872/1872 43/1869/1869 21/1870/1870
f 33/1872/1872 21/1870/1870 29/1871/1871
f 308/1879/1879 320/1880/1880 349/1882/1882
f 349/1882/1882 320/1880/1880 351/1881/1881
f 2866/1886/1886 2872/1887/1887 2864/1885/1885
f 2864/1885/1885 2872/1887/1887 2878/1888/1888
f 2864/1885/1885 2878/1888/1888 2885/1896/1896
f 2885/1896/1896 2878/1888/1888 2880/1889/1889
f 2885/1896/1896 2880/1889/1889 2882/1890/1890
f 2882/1890/1890 2892/1891/1891 2885/1896/1896
f 2885/1896/1896 2892/1891/1891 2895/1895/1895
f 2895/1895/1895 2892/1891/1891 2898/1892/1892
f 2895/1895/1895 2898/1892/1892 2900/1894/1894
f 2900/1894/1894 2898/1892/1892 2902/1893/1893
f 2712/1897/1897 2710/1898/1898 2691/1908/1908
f 2691/1908/1908 2710/1898/1898 2684/1907/1907
f 2684/1907/1907 2710/1898/1898 2637/1899/1899
f 2684/1907/1907 2637/1899/1899 2652/1906/1906
f 2652/1906/1906 2637/1899/1899 2654/1905/1905
f 2654/1905/1905 2637/1899/1899 2620/1904/1904
f 2620/1904/1904 2637/1899/1899 2589/1900/1900
f 2620/1904/1904 2589/1900/1900 2578/1903/1903
f 2578/1903/1903 2589/1900/1900 2515/1901/1901
f 2578/1903/1903 2515/1901/1901 2518/1902/1902
f 27/1909/1909 23/1910/1910 28/1914/1914
f 28/1914/1914 23/1910/1910 24/1911/1911
f 28/1914/1914 24/1911/1911 32/1912/1912
f 32/1912/1912 31/1913/1913 28/1914/1914
f 1049/1915/1915 1045/1916/1916 1065/1956/1956
f 1065/1956/1956 1045/1916/1916 995/1960/1960
f 1065/1956/1956 995/1960/1960 1070/1955/1955
f 1070/1955/1955 995/1960/1960 999/1961/1961
f 1070/1955/1955 999/1961/1961 1001/1962/1962
f 1001/1962/1962 999/1961/1961 922/1970/1970
f 1001/1962/1962 922/1970/1970 934/1969/1969
f 934/1969/1969 922/1970/1970 904/1917/1917
f 934/1969/1969 904/1917/1917 857/1966/1966
f 857/1966/1966 904/1917/1917 849/1965/1965
f 857/1966/1966 849/1965/1965 782/1977/1977
f 782/1977/1977 849/1965/1965 777/1978/1978
f 782/1977/1977 777/1978/1978 708/1974/1974
f 708/1974/1974 777/1978/1978 698/1973/1973
f 708/1974/1974 698/1973/1973 597/1987/1987
f 597/1987/1987 698/1973/1973 595/1988/1988
f 597/1987/1987 595/1988/1988 540/1984/1984
f 540/1984/1984 595/1988/1988 532/1983/1983
f 540/1984/1984 532/1983/1983 430/1993/1993
f 430/1993/1993 532/1983/1983 423/1992/1992
f 430/1993/1993 423/1992/1992 371/1998/1998
f 371/1998/1998 423/1992/1992 360/1997/1997
f 371/1998/1998 360/1997/1997 295/2002/2002
f 295/2002/2002 360/1997/1997 280/2001/2001
f 295/2002/2002 280/2001/2001 235/2007/2007
f 235/2007/2007 280/2001/2001 223/2006/2006
f 235/2007/2007 223/2006/2006 201/2012/2012
f 201/2012/2012 223/2006/2006 169/2011/2011
f 201/2012/2012 169/2011/2011 147/2016/2016
f 147/2016/2016 169/2011/2011 128/2015/2015
f 147/2016/2016 128/2015/2015 131/2021/2021
f 131/2021/2021 128/2015/2015 111/2020/2020
f 131/2021/2021 111/2020/2020 142/2026/2026
f 142/2026/2026 111/2020/2020 124/2025/2025
f 142/2026/2026 124/2025/2025 205/2031/2031
f 205/2031/2031 124/2025/2025 174/2030/2030
f 205/2031/2031 174/2030/2030 246/2036/2036
f 246/2036/2036 174/2030/2030 237/2035/2035
f 246/2036/2036 237/2035/2035 290/1935/1935
f 290/1935/1935 237/2035/2035 226/2034/2034
f 290/1935/1935 226/2034/2034 214/2033/2033
f 214/2033/2033 226/2034/2034 125/2028/2028
f 214/2033/2033 125/2028/2028 140/1932/1932
f 140/1932/1932 125/2028/2028 103/1931/1931
f 103/1931/1931 125/2028/2028 88/1930/1930
f 88/1930/1930 125/2028/2028 96/2023/2023
f 88/1930/1930 96/2023/2023 81/1929/1929
f 81/1929/1929 96/2023/2023 89/2018/2018
f 81/1929/1929 89/2018/2018 86/1928/1928
f 86/1928/1928 89/2018/2018 99/2013/2013
f 86/1928/1928 99/2013/2013 98/1927/1927
f 98/1927/1927 99/2013/2013 119/2009/2009
f 98/1927/1927 119/2009/2009 127/1926/1926
f 127/1926/1926 119/2009/2009 180/2004/2004
f 127/1926/1926 180/2004/2004 204/1925/1925
f 204/1925/1925 180/2004/2004 244/1999/1999
f 204/1925/1925 244/1999/1999 254/1924/1924
f 254/1924/1924 244/1999/1999 318/1923/1923
f 318/1923/1923 244/1999/1999 334/1995/1995
f 318/1923/1923 334/1995/1995 376/1922/1922
f 376/1922/1922 334/1995/1995 407/1990/1990
f 376/1922/1922 407/1990/1990 450/1921/1921
f 450/1921/1921 407/1990/1990 526/1981/1981
f 450/1921/1921 526/1981/1981 547/1920/1920
f 547/1920/1920 526/1981/1981 578/1959/1959
f 547/1920/1920 578/1959/1959 715/1919/1919
f 715/1919/1919 578/1959/1959 694/1971/1971
f 715/1919/1919 694/1971/1971 719/1918/1918
f 719/1918/1918 694/1971/1971 766/1980/1980
f 719/1918/1918 766/1980/1980 904/1917/1917
f 904/1917/1917 766/1980/1980 773/1979/1979
f 904/1917/1917 773/1979/1979 849/1965/1965
f 849/1965/1965 773/1979/1979 777/1978/1978
f 1045/1916/1916 904/1917/1917 995/1960/1960
f 995/1960/1960 904/1917/1917 999/1961/1961
f 140/1932/1932 220/1933/1933 214/2033/2033
f 214/2033/2033 220/1933/1933 284/1934/1934
f 214/2033/2033 284/1934/1934 290/1935/1935
f 246/2036/2036 290/1935/1935 272/2037/2037
f 272/2037/2037 290/1935/1935 288/1936/1936
f 272/2037/2037 288/1936/1936 286/1937/1937
f 286/1937/1937 228/1938/1938 272/2037/2037
f 272/2037/2037 228/1938/1938 213/2032/2032
f 272/2037/2037 213/2032/2032 205/2031/2031
f 205/2031/2031 213/2032/2032 142/2026/2026
f 228/1938/1938 179/1939/1939 213/2032/2032
f 213/2032/2032 179/1939/1939 163/2027/2027
f 213/2032/2032 163/2027/2027 142/2026/2026
f 142/2026/2026 163/2027/2027 131/2021/2021
f 179/1939/1939 158/1940/1940 163/2027/2027
f 163/2027/2027 158/1940/1940 146/2022/2022
f 163/2027/2027 146/2022/2022 131/2021/2021
f 131/2021/2021 146/2022/2022 147/2016/2016
f 158/1940/1940 165/1941/1941 146/2022/2022
f 146/2022/2022 165/1941/1941 170/2017/2017
f 146/2022/2022 170/2017/2017 147/2016/2016
f 147/2016/2016 170/2017/2017 201/2012/2012
f 165/1941/1941 210/1942/1942 170/2017/2017
f 170/2017/2017 210/1942/1942 208/1957/1957
f 170/2017/2017 208/1957/1957 201/2012/2012
f 201/2012/2012 208/1957/1957 235/2007/2007
f 210/1942/1942 248/1943/1943 208/1957/1957
f 208/1957/1957 248/1943/1943 240/2008/2008
f 208/1957/1957 240/2008/2008 235/2007/2007
f 235/2007/2007 240/2008/2008 295/2002/2002
f 240/2008/2008 248/1943/1943 303/2003/2003
f 303/2003/2003 248/1943/1943 313/1944/1944
f 303/2003/2003 313/1944/1944 384/1958/1958
f 384/1958/1958 313/1944/1944 378/1945/1945
f 384/1958/1958 378/1945/1945 475/1946/1946
f 568/1947/1947 544/1985/1985 475/1946/1946
f 475/1946/1946 544/1985/1985 440/1994/1994
f 475/1946/1946 440/1994/1994 384/1958/1958
f 384/1958/1958 440/1994/1994 430/1993/1993
f 384/1958/1958 430/1993/1993 371/1998/1998
f 544/1985/1985 568/1947/1947 609/1986/1986
f 609/1986/1986 568/1947/1947 649/1948/1948
f 609/1986/1986 649/1948/1948 713/1975/1975
f 713/1975/1975 649/1948/1948 763/1949/1949
f 713/1975/1975 763/1949/1949 797/1976/1976
f 797/1976/1976 763/1949/1949 844/1950/1950
f 797/1976/1976 844/1950/1950 860/1967/1967
f 860/1967/1967 844/1950/1950 933/1951/1951
f 860/1967/1967 933/1951/1951 938/1968/1968
f 938/1968/1968 933/1951/1951 1007/1952/1952
f 938/1968/1968 1007/1952/1952 1005/1964/1964
f 1005/1964/1964 1007/1952/1952 1110/1953/1953
f 1005/1964/1964 1110/1953/1953 1081/1954/1954
f 1005/1964/1964 1081/1954/1954 1003/1963/1963
f 1003/1963/1963 1081/1954/1954 1070/1955/1955
f 1003/1963/1963 1070/1955/1955 1001/1962/1962
f 922/1970/1970 999/1961/1961 904/1917/1917
f 938/1968/1968 1005/1964/1964 1003/1963/1963
f 938/1968/1968 1003/1963/1963 934/1969/1969
f 934/1969/1969 1003/1963/1963 1001/1962/1962
f 938/1968/1968 934/1969/1969 860/1967/1967
f 860/1967/1967 934/1969/1969 857/1966/1966
f 860/1967/1967 857/1966/1966 797/1976/1976
f 797/1976/1976 857/1966/1966 782/1977/1977
f 797/1976/1976 782/1977/1977 713/1975/1975
f 713/1975/1975 782/1977/1977 708/1974/1974
f 713/1975/1975 708/1974/1974 609/1986/1986
f 609/1986/1986 708/1974/1974 597/1987/1987
f 609/1986/1986 597/1987/1987 544/1985/1985
f 544/1985/1985 597/1987/1987 540/1984/1984
f 544/1985/1985 540/1984/1984 440/1994/1994
f 440/1994/1994 540/1984/1984 430/1993/1993
f 773/1979/1979 766/1980/1980 696/1972/1972
f 696/1972/1972 766/1980/1980 694/1971/1971
f 696/1972/1972 694/1971/1971 582/1989/1989
f 582/1989/1989 694/1971/1971 578/1959/1959
f 582/1989/1989 578/1959/1959 528/1982/1982
f 528/1982/1982 578/1959/1959 526/1981/1981
f 528/1982/1982 526/1981/1981 418/1991/1991
f 418/1991/1991 526/1981/1981 407/1990/1990
f 418/1991/1991 407/1990/1990 354/1996/1996
f 354/1996/1996 407/1990/1990 334/1995/1995
f 354/1996/1996 334/1995/1995 269/2000/2000
f 269/2000/2000 334/1995/1995 244/1999/1999
f 269/2000/2000 244/1999/1999 211/2005/2005
f 211/2005/2005 244/1999/1999 180/2004/2004
f 211/2005/2005 180/2004/2004 138/2010/2010
f 138/2010/2010 180/2004/2004 119/2009/2009
f 138/2010/2010 119/2009/2009 108/2014/2014
f 108/2014/2014 119/2009/2009 99/2013/2013
f 108/2014/2014 99/2013/2013 104/2019/2019
f 104/2019/2019 99/2013/2013 89/2018/2018
f 104/2019/2019 89/2018/2018 107/2024/2024
f 107/2024/2024 89/2018/2018 96/2023/2023
f 107/2024/2024 96/2023/2023 145/2029/2029
f 145/2029/2029 96/2023/2023 125/2028/2028
f 145/2029/2029 125/2028/2028 226/2034/2034
f 777/1978/1978 773/1979/1979 698/1973/1973
f 698/1973/1973 773/1979/1979 696/1972/1972
f 698/1973/1973 696/1972/1972 595/1988/1988
f 595/1988/1988 696/1972/1972 582/1989/1989
f 595/1988/1988 582/1989/1989 532/1983/1983
f 532/1983/1983 582/1989/1989 528/1982/1982
f 532/1983/1983 528/1982/1982 423/1992/1992
f 423/1992/1992 528/1982/1982 418/1991/1991
f 423/1992/1992 418/1991/1991 360/1997/1997
f 360/1997/1997 418/1991/1991 354/1996/1996
f 360/1997/1997 354/1996/1996 280/2001/2001
f 280/2001/2001 354/1996/1996 269/2000/2000
f 280/2001/2001 269/2000/2000 223/2006/2006
f 223/2006/2006 269/2000/2000 211/2005/2005
f 223/2006/2006 211/2005/2005 169/2011/2011
f 169/2011/2011 211/2005/2005 138/2010/2010
f 169/2011/2011 138/2010/2010 128/2015/2015
f 128/2015/2015 138/2010/2010 108/2014/2014
f 128/2015/2015 108/2014/2014 111/2020/2020
f 111/2020/2020 108/2014/2014 104/2019/2019
f 111/2020/2020 104/2019/2019 124/2025/2025
f 124/2025/2025 104/2019/2019 107/2024/2024
f 124/2025/2025 107/2024/2024 174/2030/2030
f 174/2030/2030 107/2024/2024 145/2029/2029
f 174/2030/2030 145/2029/2029 237/2035/2035
f 237/2035/2035 145/2029/2029 226/2034/2034
f 303/2003/2003 384/1958/1958 371/1998/1998
f 303/2003/2003 371/1998/1998 295/2002/2002
f 240/2008/2008 303/2003/2003 295/2002/2002
f 272/2037/2037 205/2031/2031 246/2036/2036
f 286/2038/2038 288/2039/2039 326/2052/2052
f 326/2052/2052 288/2039/2039 290/2040/2040
f 326/2052/2052 290/2040/2040 364/2054/2054
f 364/2054/2054 290/2040/2040 332/2053/2053
f 364/2054/2054 332/2053/2053 508/2048/2048
f 508/2048/2048 332/2053/2053 485/2047/2047
f 485/2047/2047 332/2053/2053 328/2043/2043
f 485/2047/2047 328/2043/2043 390/2044/2044
f 290/2040/2040 284/2041/2041 332/2053/2053
f 332/2053/2053 284/2041/2041 298/2042/2042
f 332/2053/2053 298/2042/2042 328/2043/2043
f 435/2045/2045 444/2046/2046 390/2044/2044
f 390/2044/2044 444/2046/2046 485/2047/2047
f 364/2054/2054 508/2048/2048 392/2051/2051
f 392/2051/2051 508/2048/2048 459/2049/2049
f 392/2051/2051 459/2049/2049 455/2050/2050
f 392/2051/2051 326/2052/2052 364/2054/2054
f 298/2088/2088 284/2055/2055 123/2086/2086
f 123/2086/2086 284/2055/2055 220/2056/2056
f 123/2086/2086 220/2056/2056 140/2057/2057
f 123/2086/2086 140/2057/2057 79/2085/2085
f 79/2085/2085 140/2057/2057 103/2058/2058
f 79/2085/2085 103/2058/2058 69/2084/2084
f 69/2084/2084 103/2058/2058 88/2059/2059
f 69/2084/2084 88/2059/2059 56/2083/2083
f 56/2083/2083 88/2059/2059 46/2082/2082
f 46/2082/2082 88/2059/2059 81/2060/2060
f 46/2082/2082 81/2060/2060 34/2081/2081
f 34/2081/2081 81/2060/2060 32/2080/2080
f 32/2080/2080 81/2060/2060 86/2061/2061
f 32/2080/2080 86/2061/2061 98/2062/2062
f 98/2062/2062 127/2063/2063 32/2080/2080
f 32/2080/2080 127/2063/2063 75/2076/2076
f 32/2080/2080 75/2076/2076 58/2077/2077
f 75/2076/2076 127/2063/2063 136/2075/2075
f 136/2075/2075 127/2063/2063 204/2064/2064
f 136/2075/2075 204/2064/2064 254/2065/2065
f 136/2075/2075 254/2065/2065 277/2074/2074
f 277/2074/2074 254/2065/2065 318/2066/2066
f 277/2074/2074 318/2066/2066 362/2073/2073
f 362/2073/2073 318/2066/2066 376/2067/2067
f 362/2073/2073 376/2067/2067 450/2068/2068
f 362/2073/2073 450/2068/2068 488/2072/2072
f 488/2072/2072 450/2068/2068 547/2069/2069
f 488/2072/2072 547/2069/2069 580/2071/2071
f 580/2071/2071 547/2069/2069 715/2070/2070
f 36/2078/2078 31/2079/2079 58/2077/2077
f 58/2077/2077 31/2079/2079 32/2080/2080
f 123/2086/2086 299/2087/2087 298/2088/2088
f 719/2090/2090 788/2134/2134 715/2089/2089
f 715/2089/2089 788/2134/2134 707/2133/2133
f 715/2089/2089 707/2133/2133 580/2123/2123
f 580/2123/2123 707/2133/2133 576/2150/2150
f 580/2123/2123 576/2150/2150 488/2122/2122
f 488/2122/2122 576/2150/2150 473/2153/2153
f 488/2122/2122 473/2153/2153 362/2121/2121
f 362/2121/2121 473/2153/2153 385/2157/2157
f 362/2121/2121 385/2157/2157 316/2127/2127
f 316/2127/2127 385/2157/2157 397/2158/2158
f 316/2127/2127 397/2158/2158 322/2156/2156
f 322/2156/2156 397/2158/2158 427/2159/2159
f 322/2156/2156 427/2159/2159 369/2155/2155
f 369/2155/2155 427/2159/2159 511/2160/2160
f 369/2155/2155 511/2160/2160 408/2154/2154
f 408/2154/2154 511/2160/2160 496/2102/2102
f 408/2154/2154 496/2102/2102 402/2103/2103
f 788/2134/2134 719/2090/2090 862/2142/2142
f 862/2142/2142 719/2090/2090 904/2091/2091
f 862/2142/2142 904/2091/2091 879/2141/2141
f 879/2141/2141 904/2091/2091 941/2137/2137
f 879/2141/2141 941/2137/2137 944/2138/2138
f 944/2138/2138 941/2137/2137 1036/2144/2144
f 944/2138/2138 1036/2144/2144 1043/2143/2143
f 1043/2143/2143 1036/2144/2144 1158/2097/2097
f 1043/2143/2143 1158/2097/2097 1013/2098/2098
f 941/2137/2137 904/2091/2091 940/2124/2124
f 940/2124/2124 904/2091/2091 1045/2092/2092
f 940/2124/2124 1045/2092/2092 1014/2146/2146
f 1014/2146/2146 1045/2092/2092 1076/2095/2095
f 1014/2146/2146 1076/2095/2095 1015/2145/2145
f 1015/2145/2145 1076/2095/2095 1104/2096/2096
f 1015/2145/2145 1104/2096/2096 1036/2144/2144
f 1036/2144/2144 1104/2096/2096 1158/2097/2097
f 1049/2093/2093 1064/2094/2094 1045/2092/2092
f 1045/2092/2092 1064/2094/2094 1076/2095/2095
f 1043/2143/2143 1013/2098/2098 959/2125/2125
f 959/2125/2125 1013/2098/2098 902/2099/2099
f 959/2125/2125 902/2099/2099 913/2139/2139
f 913/2139/2139 902/2099/2099 841/2126/2126
f 913/2139/2139 841/2126/2126 822/2136/2136
f 822/2136/2136 841/2126/2126 726/2131/2131
f 822/2136/2136 726/2131/2131 711/2132/2132
f 711/2132/2132 726/2131/2131 577/2149/2149
f 711/2132/2132 577/2149/2149 576/2150/2150
f 576/2150/2150 577/2149/2149 473/2153/2153
f 902/2099/2099 765/2100/2100 841/2126/2126
f 841/2126/2126 765/2100/2100 761/2130/2130
f 841/2126/2126 761/2130/2130 726/2131/2131
f 726/2131/2131 761/2130/2130 610/2148/2148
f 726/2131/2131 610/2148/2148 577/2149/2149
f 577/2149/2149 610/2148/2148 494/2152/2152
f 577/2149/2149 494/2152/2152 473/2153/2153
f 473/2153/2153 494/2152/2152 385/2157/2157
f 761/2130/2130 765/2100/2100 641/2147/2147
f 641/2147/2147 765/2100/2100 612/2101/2101
f 641/2147/2147 612/2101/2101 562/2128/2128
f 562/2128/2128 612/2101/2101 496/2102/2102
f 562/2128/2128 496/2102/2102 511/2160/2160
f 408/2154/2154 402/2103/2103 358/2161/2161
f 358/2161/2161 402/2103/2103 356/2104/2104
f 358/2161/2161 356/2104/2104 311/2165/2165
f 311/2165/2165 356/2104/2104 307/2105/2105
f 311/2165/2165 307/2105/2105 275/2169/2169
f 275/2169/2169 307/2105/2105 271/2106/2106
f 275/2169/2169 271/2106/2106 229/2173/2173
f 229/2173/2173 271/2106/2106 225/2107/2107
f 229/2173/2173 225/2107/2107 182/2176/2176
f 182/2176/2176 225/2107/2107 196/2109/2109
f 182/2176/2176 196/2109/2109 144/2110/2110
f 225/2107/2107 200/2108/2108 196/2109/2109
f 182/2176/2176 144/2110/2110 110/2177/2177
f 110/2177/2177 144/2110/2110 94/2111/2111
f 110/2177/2177 94/2111/2111 83/2112/2112
f 110/2177/2177 83/2112/2112 73/2178/2178
f 73/2178/2178 83/2112/2112 71/2113/2113
f 73/2178/2178 71/2113/2113 60/2114/2114
f 73/2178/2178 60/2114/2114 61/2179/2179
f 61/2179/2179 60/2114/2114 38/2115/2115
f 61/2179/2179 38/2115/2115 58/2117/2117
f 58/2117/2117 38/2115/2115 36/2116/2116
f 61/2179/2179 58/2117/2117 76/2129/2129
f 76/2129/2129 58/2117/2117 75/2118/2118
f 76/2129/2129 75/2118/2118 100/2172/2172
f 100/2172/2172 75/2118/2118 171/2168/2168
f 100/2172/2172 171/2168/2168 206/2167/2167
f 206/2167/2167 171/2168/2168 274/2163/2163
f 206/2167/2167 274/2163/2163 315/2162/2162
f 315/2162/2162 274/2163/2163 369/2155/2155
f 315/2162/2162 369/2155/2155 408/2154/2154
f 75/2118/2118 136/2119/2119 171/2168/2168
f 171/2168/2168 136/2119/2119 245/2164/2164
f 171/2168/2168 245/2164/2164 274/2163/2163
f 274/2163/2163 245/2164/2164 322/2156/2156
f 274/2163/2163 322/2156/2156 369/2155/2155
f 136/2119/2119 277/2120/2120 245/2164/2164
f 245/2164/2164 277/2120/2120 316/2127/2127
f 245/2164/2164 316/2127/2127 322/2156/2156
f 277/2120/2120 362/2121/2121 316/2127/2127
f 711/2132/2132 707/2133/2133 802/2135/2135
f 802/2135/2135 707/2133/2133 788/2134/2134
f 802/2135/2135 788/2134/2134 879/2141/2141
f 879/2141/2141 788/2134/2134 862/2142/2142
f 707/2133/2133 711/2132/2132 576/2150/2150
f 711/2132/2132 802/2135/2135 822/2136/2136
f 822/2136/2136 802/2135/2135 888/2140/2140
f 822/2136/2136 888/2140/2140 913/2139/2139
f 913/2139/2139 888/2140/2140 959/2125/2125
f 888/2140/2140 802/2135/2135 879/2141/2141
f 888/2140/2140 879/2141/2141 944/2138/2138
f 1014/2146/2146 1015/2145/2145 940/2124/2124
f 940/2124/2124 1015/2145/2145 941/2137/2137
f 1043/2143/2143 959/2125/2125 944/2138/2138
f 944/2138/2138 959/2125/2125 888/2140/2140
f 1015/2145/2145 1036/2144/2144 941/2137/2137
f 761/2130/2130 641/2147/2147 610/2148/2148
f 610/2148/2148 641/2147/2147 531/2151/2151
f 610/2148/2148 531/2151/2151 494/2152/2152
f 494/2152/2152 531/2151/2151 397/2158/2158
f 494/2152/2152 397/2158/2158 385/2157/2157
f 641/2147/2147 562/2128/2128 531/2151/2151
f 531/2151/2151 562/2128/2128 427/2159/2159
f 531/2151/2151 427/2159/2159 397/2158/2158
f 511/2160/2160 427/2159/2159 562/2128/2128
f 408/2154/2154 358/2161/2161 315/2162/2162
f 315/2162/2162 358/2161/2161 273/2166/2166
f 315/2162/2162 273/2166/2166 206/2167/2167
f 206/2167/2167 273/2166/2166 114/2171/2171
f 206/2167/2167 114/2171/2171 100/2172/2172
f 100/2172/2172 114/2171/2171 76/2129/2129
f 358/2161/2161 311/2165/2165 273/2166/2166
f 273/2166/2166 311/2165/2165 215/2170/2170
f 273/2166/2166 215/2170/2170 114/2171/2171
f 114/2171/2171 215/2170/2170 84/2175/2175
f 114/2171/2171 84/2175/2175 76/2129/2129
f 76/2129/2129 84/2175/2175 61/2179/2179
f 311/2165/2165 275/2169/2169 215/2170/2170
f 215/2170/2170 275/2169/2169 149/2174/2174
f 215/2170/2170 149/2174/2174 84/2175/2175
f 84/2175/2175 149/2174/2174 73/2178/2178
f 84/2175/2175 73/2178/2178 61/2179/2179
f 275/2169/2169 229/2173/2173 149/2174/2174
f 149/2174/2174 229/2173/2173 110/2177/2177
f 149/2174/2174 110/2177/2177 73/2178/2178
f 182/2176/2176 110/2177/2177 229/2173/2173
f 227/2221/2221 285/2180/2180 278/2228/2228
f 278/2228/2228 285/2180/2180 287/2181/2181
f 278/2228/2228 287/2181/2181 289/2182/2182
f 283/2183/2183 231/2225/2225 289/2182/2182
f 289/2182/2182 231/2225/2225 239/2226/2226
f 289/2182/2182 239/2226/2226 255/2227/2227
f 255/2227/2227 239/2226/2226 212/2232/2232
f 255/2227/2227 212/2232/2232 222/2233/2233
f 222/2233/2233 212/2232/2232 175/2238/2238
f 222/2233/2233 175/2238/2238 178/2220/2220
f 178/2220/2220 175/2238/2238 148/2243/2243
f 178/2220/2220 148/2243/2243 157/2219/2219
f 157/2219/2219 148/2243/2243 160/2248/2248
f 157/2219/2219 160/2248/2248 164/2218/2218
f 164/2218/2218 160/2248/2248 202/2253/2253
f 164/2218/2218 202/2253/2253 209/2217/2217
f 209/2217/2217 202/2253/2253 238/2258/2258
f 209/2217/2217 238/2258/2258 247/2216/2216
f 247/2216/2216 238/2258/2258 302/2263/2263
f 247/2216/2216 302/2263/2263 312/2215/2215
f 312/2215/2215 302/2263/2263 330/2268/2268
f 312/2215/2215 330/2268/2268 377/2214/2214
f 377/2214/2214 330/2268/2268 383/2273/2273
f 377/2214/2214 383/2273/2273 451/2223/2223
f 451/2223/2223 383/2273/2273 370/2272/2272
f 451/2223/2223 370/2272/2272 431/2277/2277
f 431/2277/2277 370/2272/2272 359/2271/2271
f 431/2277/2277 359/2271/2271 424/2276/2276
f 424/2276/2276 359/2271/2271 353/2270/2270
f 424/2276/2276 353/2270/2270 421/2275/2275
f 421/2275/2275 353/2270/2270 333/2269/2269
f 421/2275/2275 333/2269/2269 409/2274/2274
f 409/2274/2274 333/2269/2269 375/2195/2195
f 409/2274/2274 375/2195/2195 449/2196/2196
f 231/2225/2225 283/2183/2183 218/2224/2224
f 218/2224/2224 283/2183/2183 219/2184/2184
f 218/2224/2224 219/2184/2184 139/2185/2185
f 218/2224/2224 139/2185/2185 134/2229/2229
f 134/2229/2229 139/2185/2185 102/2186/2186
f 134/2229/2229 102/2186/2186 101/2234/2234
f 101/2234/2234 102/2186/2186 87/2187/2187
f 101/2234/2234 87/2187/2187 90/2239/2239
f 90/2239/2239 87/2187/2187 80/2188/2188
f 90/2239/2239 80/2188/2188 95/2244/2244
f 95/2244/2244 80/2188/2188 85/2189/2189
f 95/2244/2244 85/2189/2189 97/2190/2190
f 95/2244/2244 97/2190/2190 109/2249/2249
f 109/2249/2249 97/2190/2190 126/2191/2191
f 109/2249/2249 126/2191/2191 176/2254/2254
f 176/2254/2254 126/2191/2191 203/2192/2192
f 176/2254/2254 203/2192/2192 243/2259/2259
f 243/2259/2259 203/2192/2192 253/2193/2193
f 243/2259/2259 253/2193/2193 301/2264/2264
f 301/2264/2264 253/2193/2193 317/2194/2194
f 301/2264/2264 317/2194/2194 333/2269/2269
f 333/2269/2269 317/2194/2194 375/2195/2195
f 409/2274/2274 449/2196/2196 527/2278/2278
f 527/2278/2278 449/2196/2196 546/2197/2197
f 527/2278/2278 546/2197/2197 581/2222/2222
f 581/2222/2222 546/2197/2197 718/2199/2199
f 581/2222/2222 718/2199/2199 697/2291/2291
f 697/2291/2291 718/2199/2199 774/2292/2292
f 697/2291/2291 774/2292/2292 778/2293/2293
f 778/2293/2293 774/2292/2292 903/2200/2200
f 778/2293/2293 903/2200/2200 856/2302/2302
f 856/2302/2302 903/2200/2200 859/2301/2301
f 856/2302/2302 859/2301/2301 781/2294/2294
f 781/2294/2294 859/2301/2301 787/2295/2295
f 781/2294/2294 787/2295/2295 706/2289/2289
f 706/2289/2289 787/2295/2295 712/2288/2288
f 706/2289/2289 712/2288/2288 596/2284/2284
f 596/2284/2284 712/2288/2288 604/2285/2285
f 596/2284/2284 604/2285/2285 533/2280/2280
f 533/2280/2280 604/2285/2285 541/2281/2281
f 533/2280/2280 541/2281/2281 424/2276/2276
f 424/2276/2276 541/2281/2281 431/2277/2277
f 546/2197/2197 714/2198/2198 718/2199/2199
f 718/2199/2199 903/2200/2200 774/2292/2292
f 1044/2201/2201 994/2307/2307 903/2200/2200
f 903/2200/2200 994/2307/2307 998/2306/2306
f 903/2200/2200 998/2306/2306 931/2297/2297
f 931/2297/2297 998/2306/2306 1000/2305/2305
f 931/2297/2297 1000/2305/2305 1002/2304/2304
f 1002/2304/2304 1000/2305/2305 1109/2206/2206
f 1002/2304/2304 1109/2206/2206 1004/2303/2303
f 1004/2303/2303 1109/2206/2206 1006/2207/2207
f 1004/2303/2303 1006/2207/2207 939/2299/2299
f 939/2299/2299 1006/2207/2207 932/2208/2208
f 939/2299/2299 932/2208/2208 861/2300/2300
f 861/2300/2300 932/2208/2208 843/2209/2209
f 861/2300/2300 843/2209/2209 807/2296/2296
f 807/2296/2296 843/2209/2209 762/2210/2210
f 807/2296/2296 762/2210/2210 720/2287/2287
f 720/2287/2287 762/2210/2210 648/2211/2211
f 720/2287/2287 648/2211/2211 613/2286/2286
f 613/2286/2286 648/2211/2211 567/2212/2212
f 613/2286/2286 567/2212/2212 545/2282/2282
f 545/2282/2282 567/2212/2212 474/2213/2213
f 545/2282/2282 474/2213/2213 451/2223/2223
f 451/2223/2223 474/2213/2213 377/2214/2214
f 1048/2202/2202 1062/2203/2203 1044/2201/2201
f 1044/2201/2201 1062/2203/2203 1071/2204/2204
f 1044/2201/2201 1071/2204/2204 994/2307/2307
f 994/2307/2307 1071/2204/2204 1082/2205/2205
f 994/2307/2307 1082/2205/2205 998/2306/2306
f 998/2306/2306 1082/2205/2205 1000/2305/2305
f 1082/2205/2205 1109/2206/2206 1000/2305/2305
f 178/2220/2220 227/2221/2221 222/2233/2233
f 222/2233/2233 227/2221/2221 278/2228/2228
f 222/2233/2233 278/2228/2228 255/2227/2227
f 255/2227/2227 278/2228/2228 289/2182/2182
f 231/2225/2225 218/2224/2224 166/2230/2230
f 166/2230/2230 218/2224/2224 134/2229/2229
f 166/2230/2230 134/2229/2229 113/2235/2235
f 113/2235/2235 134/2229/2229 101/2234/2234
f 113/2235/2235 101/2234/2234 105/2240/2240
f 105/2240/2240 101/2234/2234 90/2239/2239
f 105/2240/2240 90/2239/2239 106/2245/2245
f 106/2245/2245 90/2239/2239 95/2244/2244
f 106/2245/2245 95/2244/2244 129/2250/2250
f 129/2250/2250 95/2244/2244 109/2249/2249
f 129/2250/2250 109/2249/2249 207/2255/2255
f 207/2255/2255 109/2249/2249 176/2254/2254
f 207/2255/2255 176/2254/2254 268/2260/2260
f 268/2260/2260 176/2254/2254 243/2259/2259
f 268/2260/2260 243/2259/2259 305/2265/2265
f 305/2265/2265 243/2259/2259 301/2264/2264
f 305/2265/2265 301/2264/2264 353/2270/2270
f 353/2270/2270 301/2264/2264 333/2269/2269
f 239/2226/2226 231/2225/2225 181/2231/2231
f 181/2231/2231 231/2225/2225 166/2230/2230
f 181/2231/2231 166/2230/2230 130/2236/2236
f 130/2236/2236 166/2230/2230 113/2235/2235
f 130/2236/2236 113/2235/2235 112/2241/2241
f 112/2241/2241 113/2235/2235 105/2240/2240
f 112/2241/2241 105/2240/2240 118/2246/2246
f 118/2246/2246 105/2240/2240 106/2245/2245
f 118/2246/2246 106/2245/2245 150/2251/2251
f 150/2251/2251 106/2245/2245 129/2250/2250
f 150/2251/2251 129/2250/2250 216/2256/2256
f 216/2256/2256 129/2250/2250 207/2255/2255
f 216/2256/2256 207/2255/2255 279/2261/2261
f 279/2261/2261 207/2255/2255 268/2260/2260
f 279/2261/2261 268/2260/2260 314/2266/2266
f 314/2266/2266 268/2260/2260 305/2265/2265
f 314/2266/2266 305/2265/2265 359/2271/2271
f 359/2271/2271 305/2265/2265 353/2270/2270
f 239/2226/2226 181/2231/2231 212/2232/2232
f 212/2232/2232 181/2231/2231 159/2237/2237
f 212/2232/2232 159/2237/2237 175/2238/2238
f 175/2238/2238 159/2237/2237 148/2243/2243
f 159/2237/2237 181/2231/2231 130/2236/2236
f 159/2237/2237 130/2236/2236 132/2242/2242
f 132/2242/2242 130/2236/2236 112/2241/2241
f 132/2242/2242 112/2241/2241 137/2247/2247
f 137/2247/2247 112/2241/2241 118/2246/2246
f 137/2247/2247 118/2246/2246 177/2252/2252
f 177/2252/2252 118/2246/2246 150/2251/2251
f 177/2252/2252 150/2251/2251 230/2257/2257
f 230/2257/2257 150/2251/2251 216/2256/2256
f 230/2257/2257 216/2256/2256 294/2262/2262
f 294/2262/2262 216/2256/2256 279/2261/2261
f 294/2262/2262 279/2261/2261 319/2267/2267
f 319/2267/2267 279/2261/2261 314/2266/2266
f 319/2267/2267 314/2266/2266 370/2272/2272
f 370/2272/2272 314/2266/2266 359/2271/2271
f 160/2248/2248 148/2243/2243 132/2242/2242
f 132/2242/2242 148/2243/2243 159/2237/2237
f 160/2248/2248 132/2242/2242 137/2247/2247
f 202/2253/2253 160/2248/2248 137/2247/2247
f 202/2253/2253 137/2247/2247 177/2252/2252
f 238/2258/2258 202/2253/2253 177/2252/2252
f 238/2258/2258 177/2252/2252 230/2257/2257
f 302/2263/2263 238/2258/2258 230/2257/2257
f 302/2263/2263 230/2257/2257 294/2262/2262
f 330/2268/2268 302/2263/2263 294/2262/2262
f 330/2268/2268 294/2262/2262 319/2267/2267
f 383/2273/2273 330/2268/2268 319/2267/2267
f 383/2273/2273 319/2267/2267 370/2272/2272
f 533/2280/2280 424/2276/2276 421/2275/2275
f 421/2275/2275 409/2274/2274 529/2279/2279
f 529/2279/2279 409/2274/2274 527/2278/2278
f 529/2279/2279 527/2278/2278 586/2283/2283
f 586/2283/2283 527/2278/2278 581/2222/2222
f 586/2283/2283 581/2222/2222 699/2290/2290
f 699/2290/2290 581/2222/2222 697/2291/2291
f 699/2290/2290 697/2291/2291 778/2293/2293
f 545/2282/2282 451/2223/2223 431/2277/2277
f 545/2282/2282 431/2277/2277 541/2281/2281
f 596/2284/2284 533/2280/2280 529/2279/2279
f 529/2279/2279 533/2280/2280 421/2275/2275
f 596/2284/2284 529/2279/2279 586/2283/2283
f 613/2286/2286 545/2282/2282 541/2281/2281
f 613/2286/2286 541/2281/2281 604/2285/2285
f 706/2289/2289 596/2284/2284 586/2283/2283
f 706/2289/2289 586/2283/2283 699/2290/2290
f 720/2287/2287 613/2286/2286 604/2285/2285
f 720/2287/2287 604/2285/2285 712/2288/2288
f 720/2287/2287 712/2288/2288 807/2296/2296
f 807/2296/2296 712/2288/2288 787/2295/2295
f 807/2296/2296 787/2295/2295 861/2300/2300
f 861/2300/2300 787/2295/2295 859/2301/2301
f 861/2300/2300 859/2301/2301 939/2299/2299
f 939/2299/2299 859/2301/2301 935/2298/2298
f 939/2299/2299 935/2298/2298 1004/2303/2303
f 1004/2303/2303 935/2298/2298 1002/2304/2304
f 706/2289/2289 699/2290/2290 781/2294/2294
f 781/2294/2294 699/2290/2290 778/2293/2293
f 781/2294/2294 778/2293/2293 856/2302/2302
f 859/2301/2301 903/2200/2200 935/2298/2298
f 935/2298/2298 903/2200/2200 931/2297/2297
f 935/2298/2298 931/2297/2297 1002/2304/2304
f 1062/2308/2308 1048/2309/2309 1063/2310/2310
f 1048/2311/2311 1044/2312/2312 1063/2345/2345
f 1063/2345/2345 1044/2312/2312 1075/2344/2344
f 1075/2344/2344 1044/2312/2312 945/2349/2349
f 1075/2344/2344 945/2349/2349 950/2350/2350
f 950/2350/2350 945/2349/2349 903/2313/2313
f 950/2350/2350 903/2313/2313 960/2351/2351
f 960/2351/2351 903/2313/2313 842/2355/2355
f 960/2351/2351 842/2355/2355 858/2356/2356
f 858/2356/2356 842/2355/2355 723/2360/2360
f 858/2356/2356 723/2360/2360 764/2339/2339
f 764/2339/2339 723/2360/2360 616/2348/2348
f 764/2339/2339 616/2348/2348 611/2338/2338
f 611/2338/2338 616/2348/2348 561/2347/2347
f 611/2338/2338 561/2347/2347 495/2337/2337
f 495/2337/2337 561/2347/2347 486/2370/2370
f 495/2337/2337 486/2370/2370 400/2373/2373
f 400/2373/2373 486/2370/2370 422/2369/2369
f 400/2373/2373 422/2369/2369 357/2372/2372
f 357/2372/2372 422/2369/2369 388/2368/2368
f 357/2372/2372 388/2368/2368 310/2371/2371
f 310/2371/2371 388/2368/2368 372/2367/2367
f 310/2371/2371 372/2367/2367 304/2346/2346
f 304/2346/2346 372/2367/2367 276/2319/2319
f 304/2346/2346 276/2319/2319 135/2320/2320
f 1044/2312/2312 903/2313/2313 945/2349/2349
f 718/2314/2314 825/2353/2353 903/2313/2313
f 903/2313/2313 825/2353/2353 830/2354/2354
f 903/2313/2313 830/2354/2354 842/2355/2355
f 842/2355/2355 830/2354/2354 695/2359/2359
f 842/2355/2355 695/2359/2359 723/2360/2360
f 723/2360/2360 695/2359/2359 616/2348/2348
f 714/2315/2315 579/2316/2316 718/2314/2314
f 718/2314/2314 579/2316/2316 629/2357/2357
f 718/2314/2314 629/2357/2357 825/2353/2353
f 825/2353/2353 629/2357/2357 640/2358/2358
f 825/2353/2353 640/2358/2358 830/2354/2354
f 830/2354/2354 640/2358/2358 695/2359/2359
f 629/2357/2357 579/2316/2316 560/2361/2361
f 560/2361/2361 579/2316/2316 487/2317/2317
f 560/2361/2361 487/2317/2317 472/2364/2364
f 472/2364/2364 487/2317/2317 361/2318/2318
f 472/2364/2364 361/2318/2318 372/2367/2367
f 372/2367/2367 361/2318/2318 276/2319/2319
f 74/2321/2321 115/2374/2374 135/2320/2320
f 135/2320/2320 115/2374/2374 221/2381/2381
f 135/2320/2320 221/2381/2381 304/2346/2346
f 304/2346/2346 221/2381/2381 236/2380/2380
f 304/2346/2346 236/2380/2380 310/2371/2371
f 310/2371/2371 236/2380/2380 357/2372/2372
f 115/2374/2374 74/2321/2321 72/2382/2382
f 72/2382/2382 74/2321/2321 57/2322/2322
f 72/2382/2382 57/2322/2322 37/2324/2324
f 37/2324/2324 57/2322/2322 35/2323/2323
f 37/2324/2324 59/2325/2325 72/2382/2382
f 72/2382/2382 59/2325/2325 77/2383/2383
f 72/2382/2382 77/2383/2383 115/2374/2374
f 115/2374/2374 77/2383/2383 141/2375/2375
f 115/2374/2374 141/2375/2375 236/2380/2380
f 236/2380/2380 141/2375/2375 300/2379/2379
f 236/2380/2380 300/2379/2379 357/2372/2372
f 357/2372/2372 300/2379/2379 400/2373/2373
f 59/2325/2325 70/2326/2326 77/2383/2383
f 77/2383/2383 70/2326/2326 93/2328/2328
f 77/2383/2383 93/2328/2328 133/2384/2384
f 133/2384/2384 93/2328/2328 143/2329/2329
f 133/2384/2384 143/2329/2329 217/2385/2385
f 217/2385/2385 143/2329/2329 195/2330/2330
f 217/2385/2385 195/2330/2330 224/2332/2332
f 224/2332/2332 195/2330/2330 199/2331/2331
f 70/2326/2326 82/2327/2327 93/2328/2328
f 224/2332/2332 270/2333/2333 217/2385/2385
f 217/2385/2385 270/2333/2333 291/2377/2377
f 217/2385/2385 291/2377/2377 234/2376/2376
f 234/2376/2376 291/2377/2377 329/2378/2378
f 234/2376/2376 329/2378/2378 300/2379/2379
f 300/2379/2379 329/2378/2378 400/2373/2373
f 270/2333/2333 306/2334/2334 291/2377/2377
f 291/2377/2377 306/2334/2334 355/2335/2335
f 291/2377/2377 355/2335/2335 329/2378/2378
f 329/2378/2378 355/2335/2335 401/2336/2336
f 329/2378/2378 401/2336/2336 400/2373/2373
f 400/2373/2373 401/2336/2336 495/2337/2337
f 764/2339/2339 901/2340/2340 858/2356/2356
f 858/2356/2356 901/2340/2340 989/2352/2352
f 858/2356/2356 989/2352/2352 960/2351/2351
f 960/2351/2351 989/2352/2352 1103/2343/2343
f 960/2351/2351 1103/2343/2343 1075/2344/2344
f 901/2340/2340 1012/2341/2341 989/2352/2352
f 989/2352/2352 1012/2341/2341 1103/2343/2343
f 1012/2341/2341 1157/2342/2342 1103/2343/2343
f 960/2351/2351 1075/2344/2344 950/2350/2350
f 640/2358/2358 629/2357/2357 569/2362/2362
f 569/2362/2362 629/2357/2357 560/2361/2361
f 569/2362/2362 560/2361/2361 493/2365/2365
f 493/2365/2365 560/2361/2361 472/2364/2364
f 493/2365/2365 472/2364/2364 388/2368/2368
f 388/2368/2368 472/2364/2364 372/2367/2367
f 695/2359/2359 640/2358/2358 583/2363/2363
f 583/2363/2363 640/2358/2358 569/2362/2362
f 583/2363/2363 569/2362/2362 530/2366/2366
f 530/2366/2366 569/2362/2362 493/2365/2365
f 530/2366/2366 493/2365/2365 422/2369/2369
f 422/2369/2369 493/2365/2365 388/2368/2368
f 561/2347/2347 616/2348/2348 583/2363/2363
f 583/2363/2363 616/2348/2348 695/2359/2359
f 561/2347/2347 583/2363/2363 530/2366/2366
f 486/2370/2370 561/2347/2347 530/2366/2366
f 486/2370/2370 530/2366/2366 422/2369/2369
f 221/2381/2381 115/2374/2374 236/2380/2380
f 300/2379/2379 141/2375/2375 234/2376/2376
f 234/2376/2376 141/2375/2375 133/2384/2384
f 234/2376/2376 133/2384/2384 217/2385/2385
f 133/2384/2384 141/2375/2375 77/2383/2383
f 1296/2393/2393 1298/2386/2386 1294/2392/2392
f 1294/2392/2392 1298/2386/2386 1262/2387/2387
f 1294/2392/2392 1262/2387/2387 1255/2391/2391
f 1255/2391/2391 1262/2387/2387 1247/2388/2388
f 1255/2391/2391 1247/2388/2388 1267/2390/2390
f 1267/2390/2390 1247/2388/2388 1269/2389/2389
f 1326/2407/2407 1347/2394/2394 1337/2416/2416
f 1337/2416/2416 1347/2394/2394 1350/2395/2395
f 1337/2416/2416 1350/2395/2395 1346/2415/2415
f 1346/2415/2415 1350/2395/2395 1360/2396/2396
f 1346/2415/2415 1360/2396/2396 1352/2414/2414
f 1352/2414/2414 1360/2396/2396 1362/2413/2413
f 1352/2414/2414 1362/2413/2413 1308/2418/2418
f 1308/2418/2418 1362/2413/2413 1315/2417/2417
f 1308/2418/2418 1315/2417/2417 1278/2426/2426
f 1278/2426/2426 1315/2417/2417 1285/2427/2427
f 1278/2426/2426 1285/2427/2427 1259/2422/2422
f 1259/2422/2422 1285/2427/2427 1260/2421/2421
f 1259/2422/2422 1260/2421/2421 1257/2435/2435
f 1257/2435/2435 1260/2421/2421 1251/2436/2436
f 1257/2435/2435 1251/2436/2436 1252/2431/2431
f 1252/2431/2431 1251/2436/2436 1249/2430/2430
f 1252/2431/2431 1249/2430/2430 1247/2403/2403
f 1247/2403/2403 1249/2430/2430 1254/2429/2429
f 1247/2403/2403 1254/2429/2429 1269/2402/2402
f 1269/2402/2402 1254/2429/2429 1275/2401/2401
f 1275/2401/2401 1254/2429/2429 1261/2437/2437
f 1275/2401/2401 1261/2437/2437 1272/2408/2408
f 1272/2408/2408 1261/2437/2437 1251/2436/2436
f 1272/2408/2408 1251/2436/2436 1260/2421/2421
f 1360/2396/2396 1370/2397/2397 1362/2413/2413
f 1362/2413/2413 1370/2397/2397 1368/2412/2412
f 1362/2413/2413 1368/2412/2412 1315/2417/2417
f 1315/2417/2417 1368/2412/2412 1329/2410/2410
f 1315/2417/2417 1329/2410/2410 1285/2427/2427
f 1285/2427/2427 1329/2410/2410 1300/2428/2428
f 1285/2427/2427 1300/2428/2428 1260/2421/2421
f 1260/2421/2421 1300/2428/2428 1272/2408/2408
f 1370/2397/2397 1380/2398/2398 1368/2412/2412
f 1368/2412/2412 1380/2398/2398 1358/2399/2399
f 1368/2412/2412 1358/2399/2399 1329/2410/2410
f 1329/2410/2410 1358/2399/2399 1310/2400/2400
f 1329/2410/2410 1310/2400/2400 1300/2428/2428
f 1300/2428/2428 1310/2400/2400 1272/2408/2408
f 1310/2400/2400 1275/2401/2401 1272/2408/2408
f 1247/2403/2403 1262/2404/2404 1252/2431/2431
f 1252/2431/2431 1262/2404/2404 1265/2432/2432
f 1252/2431/2431 1265/2432/2432 1257/2435/2435
f 1257/2435/2435 1265/2432/2432 1266/2434/2434
f 1257/2435/2435 1266/2434/2434 1259/2422/2422
f 1259/2422/2422 1266/2434/2434 1271/2423/2423
f 1259/2422/2422 1271/2423/2423 1278/2426/2426
f 1278/2426/2426 1271/2423/2423 1279/2425/2425
f 1278/2426/2426 1279/2425/2425 1308/2418/2418
f 1308/2418/2418 1279/2425/2425 1305/2419/2419
f 1308/2418/2418 1305/2419/2419 1352/2414/2414
f 1352/2414/2414 1305/2419/2419 1346/2415/2415
f 1265/2432/2432 1262/2404/2404 1282/2433/2433
f 1282/2433/2433 1262/2404/2404 1298/2405/2405
f 1282/2433/2433 1298/2405/2405 1284/2409/2409
f 1284/2409/2409 1298/2405/2405 1306/2406/2406
f 1284/2409/2409 1306/2406/2406 1286/2424/2424
f 1286/2424/2424 1306/2406/2406 1293/2411/2411
f 1286/2424/2424 1293/2411/2411 1279/2425/2425
f 1279/2425/2425 1293/2411/2411 1305/2419/2419
f 1306/2406/2406 1326/2407/2407 1293/2411/2411
f 1293/2411/2411 1326/2407/2407 1309/2420/2420
f 1293/2411/2411 1309/2420/2420 1305/2419/2419
f 1305/2419/2419 1309/2420/2420 1346/2415/2415
f 1309/2420/2420 1326/2407/2407 1337/2416/2416
f 1309/2420/2420 1337/2416/2416 1346/2415/2415
f 1284/2409/2409 1286/2424/2424 1271/2423/2423
f 1271/2423/2423 1286/2424/2424 1279/2425/2425
f 1284/2409/2409 1271/2423/2423 1266/2434/2434
f 1251/2436/2436 1261/2437/2437 1249/2430/2430
f 1249/2430/2430 1261/2437/2437 1254/2429/2429
f 1284/2409/2409 1266/2434/2434 1282/2433/2433
f 1282/2433/2433 1266/2434/2434 1265/2432/2432
f 1557/2465/2465 1446/2438/2438 1512/2471/2471
f 1512/2471/2471 1446/2438/2438 1472/2439/2439
f 1512/2471/2471 1472/2439/2439 1516/2470/2470
f 1516/2470/2470 1472/2439/2439 1520/2469/2469
f 1516/2470/2470 1520/2469/2469 1592/2475/2475
f 1592/2475/2475 1520/2469/2469 1603/2474/2474
f 1592/2475/2475 1603/2474/2474 1664/2480/2480
f 1664/2480/2480 1603/2474/2474 1682/2479/2479
f 1664/2480/2480 1682/2479/2479 1721/2484/2484
f 1721/2484/2484 1682/2479/2479 1733/2483/2483
f 1721/2484/2484 1733/2483/2483 1805/2489/2489
f 1805/2489/2489 1733/2483/2483 1815/2488/2488
f 1805/2489/2489 1815/2488/2488 1788/2494/2494
f 1788/2494/2494 1815/2488/2488 1808/2493/2493
f 1788/2494/2494 1808/2493/2493 1705/2499/2499
f 1705/2499/2499 1808/2493/2493 1717/2498/2498
f 1705/2499/2499 1717/2498/2498 1595/2504/2504
f 1595/2504/2504 1717/2498/2498 1605/2503/2503
f 1595/2504/2504 1605/2503/2503 1487/2509/2509
f 1487/2509/2509 1605/2503/2503 1494/2508/2508
f 1487/2509/2509 1494/2508/2508 1350/2454/2454
f 1350/2454/2454 1494/2508/2508 1360/2453/2453
f 1360/2453/2453 1494/2508/2508 1502/2507/2507
f 1360/2453/2453 1502/2507/2507 1508/2506/2506
f 1508/2506/2506 1502/2507/2507 1624/2501/2501
f 1508/2506/2506 1624/2501/2501 1616/2449/2449
f 1616/2449/2449 1624/2501/2501 1731/2448/2448
f 1731/2448/2448 1624/2501/2501 1759/2496/2496
f 1731/2448/2448 1759/2496/2496 1832/2447/2447
f 1832/2447/2447 1759/2496/2496 1834/2491/2491
f 1832/2447/2447 1834/2491/2491 1848/2446/2446
f 1848/2446/2446 1834/2491/2491 1839/2486/2486
f 1848/2446/2446 1839/2486/2486 1842/2445/2445
f 1842/2445/2445 1839/2486/2486 1773/2481/2481
f 1842/2445/2445 1773/2481/2481 1791/2444/2444
f 1791/2444/2444 1773/2481/2481 1703/2477/2477
f 1791/2444/2444 1703/2477/2477 1675/2443/2443
f 1675/2443/2443 1703/2477/2477 1619/2472/2472
f 1675/2443/2443 1619/2472/2472 1577/2442/2442
f 1577/2442/2442 1619/2472/2472 1526/2467/2467
f 1577/2442/2442 1526/2467/2467 1498/2441/2441
f 1498/2441/2441 1526/2467/2467 1488/2440/2440
f 1488/2440/2440 1526/2467/2467 1524/2468/2468
f 1488/2440/2440 1524/2468/2468 1520/2469/2469
f 1520/2469/2469 1524/2468/2468 1603/2474/2474
f 1472/2439/2439 1488/2440/2440 1520/2469/2469
f 1616/2449/2449 1504/2450/2450 1508/2506/2506
f 1508/2506/2506 1504/2450/2450 1370/2452/2452
f 1508/2506/2506 1370/2452/2452 1360/2453/2453
f 1504/2450/2450 1380/2451/2451 1370/2452/2452
f 1350/2454/2454 1347/2455/2455 1487/2509/2509
f 1487/2509/2509 1347/2455/2455 1486/2510/2510
f 1487/2509/2509 1486/2510/2510 1595/2504/2504
f 1595/2504/2504 1486/2510/2510 1590/2505/2505
f 1595/2504/2504 1590/2505/2505 1705/2499/2499
f 1705/2499/2499 1590/2505/2505 1702/2500/2500
f 1705/2499/2499 1702/2500/2500 1788/2494/2494
f 1788/2494/2494 1702/2500/2500 1772/2495/2495
f 1788/2494/2494 1772/2495/2495 1805/2489/2489
f 1805/2489/2489 1772/2495/2495 1793/2490/2490
f 1805/2489/2489 1793/2490/2490 1721/2484/2484
f 1721/2484/2484 1793/2490/2490 1715/2485/2485
f 1721/2484/2484 1715/2485/2485 1664/2480/2480
f 1664/2480/2480 1715/2485/2485 1644/2466/2466
f 1664/2480/2480 1644/2466/2466 1592/2475/2475
f 1592/2475/2475 1644/2466/2466 1584/2476/2476
f 1592/2475/2475 1584/2476/2476 1516/2470/2470
f 1516/2470/2470 1584/2476/2476 1512/2471/2471
f 1347/2455/2455 1416/2456/2456 1486/2510/2510
f 1486/2510/2510 1416/2456/2456 1492/2457/2457
f 1486/2510/2510 1492/2457/2457 1533/2458/2458
f 1486/2510/2510 1533/2458/2458 1590/2505/2505
f 1590/2505/2505 1533/2458/2458 1611/2459/2459
f 1590/2505/2505 1611/2459/2459 1677/2460/2460
f 1590/2505/2505 1677/2460/2460 1702/2500/2500
f 1702/2500/2500 1677/2460/2460 1718/2461/2461
f 1702/2500/2500 1718/2461/2461 1772/2495/2495
f 1772/2495/2495 1718/2461/2461 1789/2462/2462
f 1772/2495/2495 1789/2462/2462 1793/2490/2490
f 1793/2490/2490 1789/2462/2462 1767/2463/2463
f 1793/2490/2490 1767/2463/2463 1715/2485/2485
f 1715/2485/2485 1767/2463/2463 1690/2464/2464
f 1715/2485/2485 1690/2464/2464 1644/2466/2466
f 1644/2466/2466 1690/2464/2464 1557/2465/2465
f 1644/2466/2466 1557/2465/2465 1584/2476/2476
f 1584/2476/2476 1557/2465/2465 1512/2471/2471
f 1524/2468/2468 1526/2467/2467 1613/2473/2473
f 1613/2473/2473 1526/2467/2467 1619/2472/2472
f 1613/2473/2473 1619/2472/2472 1695/2478/2478
f 1695/2478/2478 1619/2472/2472 1703/2477/2477
f 1695/2478/2478 1703/2477/2477 1756/2482/2482
f 1756/2482/2482 1703/2477/2477 1773/2481/2481
f 1756/2482/2482 1773/2481/2481 1822/2487/2487
f 1822/2487/2487 1773/2481/2481 1839/2486/2486
f 1822/2487/2487 1839/2486/2486 1818/2492/2492
f 1818/2492/2492 1839/2486/2486 1834/2491/2491
f 1818/2492/2492 1834/2491/2491 1724/2497/2497
f 1724/2497/2497 1834/2491/2491 1759/2496/2496
f 1724/2497/2497 1759/2496/2496 1614/2502/2502
f 1614/2502/2502 1759/2496/2496 1624/2501/2501
f 1614/2502/2502 1624/2501/2501 1502/2507/2507
f 1682/2479/2479 1603/2474/2474 1613/2473/2473
f 1613/2473/2473 1603/2474/2474 1524/2468/2468
f 1682/2479/2479 1613/2473/2473 1695/2478/2478
f 1733/2483/2483 1682/2479/2479 1695/2478/2478
f 1733/2483/2483 1695/2478/2478 1756/2482/2482
f 1815/2488/2488 1733/2483/2483 1756/2482/2482
f 1815/2488/2488 1756/2482/2482 1822/2487/2487
f 1808/2493/2493 1815/2488/2488 1822/2487/2487
f 1808/2493/2493 1822/2487/2487 1818/2492/2492
f 1717/2498/2498 1808/2493/2493 1818/2492/2492
f 1717/2498/2498 1818/2492/2492 1724/2497/2497
f 1605/2503/2503 1717/2498/2498 1724/2497/2497
f 1605/2503/2503 1724/2497/2497 1614/2502/2502
f 1494/2508/2508 1605/2503/2503 1614/2502/2502
f 1494/2508/2508 1614/2502/2502 1502/2507/2507
f 1267/2511/2511 1269/2512/2512 1287/2516/2516
f 1287/2516/2516 1269/2512/2512 1303/2515/2515
f 1303/2515/2515 1269/2512/2512 1313/2513/2513
f 1303/2515/2515 1313/2513/2513 1319/2514/2514
f 1269/2517/2517 1275/2518/2518 1313/2527/2527
f 1313/2527/2527 1275/2518/2518 1342/2525/2525
f 1313/2527/2527 1342/2525/2525 1319/2526/2526
f 1275/2518/2518 1310/2519/2519 1342/2525/2525
f 1342/2525/2525 1310/2519/2519 1375/2524/2524
f 1375/2524/2524 1310/2519/2519 1398/2523/2523
f 1398/2523/2523 1310/2519/2519 1358/2520/2520
f 1398/2523/2523 1358/2520/2520 1440/2522/2522
f 1440/2522/2522 1358/2520/2520 1380/2521/2521
f 1675/2528/2528 1577/2529/2529 1593/2532/2532
f 1593/2532/2532 1577/2529/2529 1498/2530/2530
f 1593/2532/2532 1498/2530/2530 1549/2531/2531
f 1380/2533/2533 1504/2534/2534 1440/2551/2551
f 1440/2551/2551 1504/2534/2534 1616/2535/2535
f 1440/2551/2551 1616/2535/2535 2468/2550/2550
f 2468/2550/2550 1616/2535/2535 2185/2547/2547
f 2468/2550/2550 2185/2547/2547 2272/2548/2548
f 1616/2535/2535 1731/2536/2536 2185/2547/2547
f 2185/2547/2547 1731/2536/2536 2113/2546/2546
f 2113/2546/2546 1731/2536/2536 1832/2537/2537
f 2113/2546/2546 1832/2537/2537 2022/2545/2545
f 2022/2545/2545 1832/2537/2537 1848/2538/2538
f 2022/2545/2545 1848/2538/2538 1949/2544/2544
f 1949/2544/2544 1848/2538/2538 1842/2539/2539
f 1949/2544/2544 1842/2539/2539 1901/2543/2543
f 1901/2543/2543 1842/2539/2539 1791/2540/2540
f 1901/2543/2543 1791/2540/2540 1828/2542/2542
f 1828/2542/2542 1791/2540/2540 1675/2541/2541
f 2272/2548/2548 2382/2549/2549 2468/2550/2550
f 2374/2565/2565 2390/2552/2552 2403/2568/2568
f 2403/2568/2568 2390/2552/2552 2418/2553/2553
f 2403/2568/2568 2418/2553/2553 2415/2572/2572
f 2415/2572/2572 2418/2553/2553 2429/2571/2571
f 2415/2572/2572 2429/2571/2571 2412/2576/2576
f 2412/2576/2576 2429/2571/2571 2428/2575/2575
f 2412/2576/2576 2428/2575/2575 2407/2581/2581
f 2407/2581/2581 2428/2575/2575 2421/2580/2580
f 2407/2581/2581 2421/2580/2580 2385/2586/2586
f 2385/2586/2586 2421/2580/2580 2405/2585/2585
f 2385/2586/2586 2405/2585/2585 2342/2588/2588
f 2342/2588/2588 2405/2585/2585 2352/2589/2589
f 2342/2588/2588 2352/2589/2589 2348/2561/2561
f 2348/2561/2561 2352/2589/2589 2362/2590/2590
f 2348/2561/2561 2362/2590/2590 2368/2560/2560
f 2368/2560/2560 2362/2590/2590 2372/2566/2566
f 2368/2560/2560 2372/2566/2566 2382/2559/2559
f 2382/2559/2559 2372/2566/2566 2423/2558/2558
f 2423/2558/2558 2372/2566/2566 2420/2583/2583
f 2423/2558/2558 2420/2583/2583 2436/2578/2578
f 2436/2578/2578 2420/2583/2583 2410/2584/2584
f 2436/2578/2578 2410/2584/2584 2431/2579/2579
f 2431/2579/2579 2410/2584/2584 2405/2585/2585
f 2431/2579/2579 2405/2585/2585 2421/2580/2580
f 2418/2553/2553 2439/2554/2554 2429/2571/2571
f 2429/2571/2571 2439/2554/2554 2437/2570/2570
f 2429/2571/2571 2437/2570/2570 2428/2575/2575
f 2428/2575/2575 2437/2570/2570 2435/2574/2574
f 2428/2575/2575 2435/2574/2574 2421/2580/2580
f 2421/2580/2580 2435/2574/2574 2431/2579/2579
f 2437/2570/2570 2439/2554/2554 2453/2569/2569
f 2453/2569/2569 2439/2554/2554 2462/2555/2555
f 2453/2569/2569 2462/2555/2555 2465/2556/2556
f 2453/2569/2569 2465/2556/2556 2451/2573/2573
f 2451/2573/2573 2465/2556/2556 2456/2557/2557
f 2451/2573/2573 2456/2557/2557 2436/2578/2578
f 2436/2578/2578 2456/2557/2557 2423/2558/2558
f 2348/2561/2561 2336/2562/2562 2342/2588/2588
f 2342/2588/2588 2336/2562/2562 2338/2567/2567
f 2342/2588/2588 2338/2567/2567 2385/2586/2586
f 2385/2586/2586 2338/2567/2567 2367/2587/2587
f 2385/2586/2586 2367/2587/2587 2407/2581/2581
f 2407/2581/2581 2367/2587/2587 2386/2582/2582
f 2407/2581/2581 2386/2582/2582 2412/2576/2576
f 2412/2576/2576 2386/2582/2582 2398/2577/2577
f 2412/2576/2576 2398/2577/2577 2415/2572/2572
f 2415/2572/2572 2398/2577/2577 2403/2568/2568
f 2336/2562/2562 2333/2563/2563 2338/2567/2567
f 2338/2567/2567 2333/2563/2563 2355/2564/2564
f 2338/2567/2567 2355/2564/2564 2367/2587/2587
f 2367/2587/2587 2355/2564/2564 2386/2582/2582
f 2355/2564/2564 2374/2565/2565 2386/2582/2582
f 2386/2582/2582 2374/2565/2565 2398/2577/2577
f 2398/2577/2577 2374/2565/2565 2403/2568/2568
f 2435/2574/2574 2437/2570/2570 2453/2569/2569
f 2431/2579/2579 2435/2574/2574 2451/2573/2573
f 2451/2573/2573 2435/2574/2574 2453/2569/2569
f 2436/2578/2578 2431/2579/2579 2451/2573/2573
f 2352/2589/2589 2405/2585/2585 2410/2584/2584
f 2372/2566/2566 2362/2590/2590 2420/2583/2583
f 2420/2583/2583 2362/2590/2590 2410/2584/2584
f 2362/2590/2590 2352/2589/2589 2410/2584/2584
f 2388/2591/2591 2392/2592/2592 2390/2598/2598
f 2390/2598/2598 2392/2592/2592 2418/2597/2597
f 2418/2597/2597 2392/2592/2592 2425/2593/2593
f 2418/2597/2597 2425/2593/2593 2439/2596/2596
f 2439/2596/2596 2425/2593/2593 2460/2594/2594
f 2439/2596/2596 2460/2594/2594 2462/2595/2595
f 2746/2606/2606 2750/2599/2599 2748/2605/2605
f 2748/2605/2605 2750/2599/2599 2774/2600/2600
f 2748/2605/2605 2774/2600/2600 2785/2604/2604
f 2785/2604/2604 2774/2600/2600 2797/2601/2601
f 2785/2604/2604 2797/2601/2601 2827/2603/2603
f 2827/2603/2603 2797/2601/2601 2829/2602/2602
f 2742/2620/2620 2735/2607/2607 2753/2629/2629
f 2753/2629/2629 2735/2607/2607 2770/2608/2608
f 2753/2629/2629 2770/2608/2608 2782/2628/2628
f 2782/2628/2628 2770/2608/2608 2802/2609/2609
f 2782/2628/2628 2802/2609/2609 2805/2627/2627
f 2805/2627/2627 2802/2609/2609 2823/2626/2626
f 2805/2627/2627 2823/2626/2626 2801/2631/2631
f 2801/2631/2631 2823/2626/2626 2820/2630/2630
f 2801/2631/2631 2820/2630/2630 2795/2639/2639
f 2795/2639/2639 2820/2630/2630 2814/2640/2640
f 2795/2639/2639 2814/2640/2640 2791/2635/2635
f 2791/2635/2635 2814/2640/2640 2807/2634/2634
f 2791/2635/2635 2807/2634/2634 2789/2648/2648
f 2789/2648/2648 2807/2634/2634 2800/2649/2649
f 2789/2648/2648 2800/2649/2649 2787/2644/2644
f 2787/2644/2644 2800/2649/2649 2794/2643/2643
f 2787/2644/2644 2794/2643/2643 2797/2616/2616
f 2797/2616/2616 2794/2643/2643 2813/2642/2642
f 2797/2616/2616 2813/2642/2642 2829/2615/2615
f 2829/2615/2615 2813/2642/2642 2833/2614/2614
f 2833/2614/2614 2813/2642/2642 2817/2650/2650
f 2833/2614/2614 2817/2650/2650 2824/2621/2621
f 2824/2621/2621 2817/2650/2650 2800/2649/2649
f 2824/2621/2621 2800/2649/2649 2807/2634/2634
f 2802/2609/2609 2837/2610/2610 2823/2626/2626
f 2823/2626/2626 2837/2610/2610 2843/2625/2625
f 2823/2626/2626 2843/2625/2625 2820/2630/2630
f 2820/2630/2630 2843/2625/2625 2840/2623/2623
f 2820/2630/2630 2840/2623/2623 2814/2640/2640
f 2814/2640/2640 2840/2623/2623 2834/2641/2641
f 2814/2640/2640 2834/2641/2641 2807/2634/2634
f 2807/2634/2634 2834/2641/2641 2824/2621/2621
f 2837/2610/2610 2850/2611/2611 2843/2625/2625
f 2843/2625/2625 2850/2611/2611 2849/2612/2612
f 2843/2625/2625 2849/2612/2612 2840/2623/2623
f 2840/2623/2623 2849/2612/2612 2846/2613/2613
f 2840/2623/2623 2846/2613/2613 2834/2641/2641
f 2834/2641/2641 2846/2613/2613 2824/2621/2621
f 2846/2613/2613 2833/2614/2614 2824/2621/2621
f 2797/2616/2616 2774/2617/2617 2787/2644/2644
f 2787/2644/2644 2774/2617/2617 2772/2645/2645
f 2787/2644/2644 2772/2645/2645 2789/2648/2648
f 2789/2648/2648 2772/2645/2645 2776/2647/2647
f 2789/2648/2648 2776/2647/2647 2791/2635/2635
f 2791/2635/2635 2776/2647/2647 2777/2636/2636
f 2791/2635/2635 2777/2636/2636 2795/2639/2639
f 2795/2639/2639 2777/2636/2636 2779/2638/2638
f 2795/2639/2639 2779/2638/2638 2801/2631/2631
f 2801/2631/2631 2779/2638/2638 2783/2632/2632
f 2801/2631/2631 2783/2632/2632 2805/2627/2627
f 2805/2627/2627 2783/2632/2632 2782/2628/2628
f 2772/2645/2645 2774/2617/2617 2758/2646/2646
f 2758/2646/2646 2774/2617/2617 2750/2618/2618
f 2758/2646/2646 2750/2618/2618 2760/2622/2622
f 2760/2622/2622 2750/2618/2618 2744/2619/2619
f 2760/2622/2622 2744/2619/2619 2762/2637/2637
f 2762/2637/2637 2744/2619/2619 2768/2624/2624
f 2762/2637/2637 2768/2624/2624 2779/2638/2638
f 2779/2638/2638 2768/2624/2624 2783/2632/2632
f 2744/2619/2619 2742/2620/2620 2768/2624/2624
f 2768/2624/2624 2742/2620/2620 2765/2633/2633
f 2768/2624/2624 2765/2633/2633 2783/2632/2632
f 2783/2632/2632 2765/2633/2633 2782/2628/2628
f 2765/2633/2633 2742/2620/2620 2753/2629/2629
f 2765/2633/2633 2753/2629/2629 2782/2628/2628
f 2760/2622/2622 2762/2637/2637 2777/2636/2636
f 2777/2636/2636 2762/2637/2637 2779/2638/2638
f 2760/2622/2622 2777/2636/2636 2776/2647/2647
f 2800/2649/2649 2817/2650/2650 2794/2643/2643
f 2794/2643/2643 2817/2650/2650 2813/2642/2642
f 2760/2622/2622 2776/2647/2647 2758/2646/2646
f 2758/2646/2646 2776/2647/2647 2772/2645/2645
f 2129/2678/2678 2032/2651/2651 2087/2684/2684
f 2087/2684/2684 2032/2651/2651 2044/2652/2652
f 2087/2684/2684 2044/2652/2652 2089/2683/2683
f 2089/2683/2683 2044/2652/2652 2091/2682/2682
f 2089/2683/2683 2091/2682/2682 2142/2688/2688
f 2142/2688/2688 2091/2682/2682 2145/2687/2687
f 2142/2688/2688 2145/2687/2687 2194/2693/2693
f 2194/2693/2693 2145/2687/2687 2200/2692/2692
f 2194/2693/2693 2200/2692/2692 2238/2697/2697
f 2238/2697/2697 2200/2692/2692 2241/2696/2696
f 2238/2697/2697 2241/2696/2696 2347/2702/2702
f 2347/2702/2702 2241/2696/2696 2365/2701/2701
f 2347/2702/2702 2365/2701/2701 2524/2707/2707
f 2524/2707/2707 2365/2701/2701 2527/2706/2706
f 2524/2707/2707 2527/2706/2706 2602/2712/2712
f 2602/2712/2712 2527/2706/2706 2610/2711/2711
f 2602/2712/2712 2610/2711/2711 2651/2717/2717
f 2651/2717/2717 2610/2711/2711 2657/2716/2716
f 2651/2717/2717 2657/2716/2716 2709/2722/2722
f 2709/2722/2722 2657/2716/2716 2729/2721/2721
f 2709/2722/2722 2729/2721/2721 2770/2667/2667
f 2770/2667/2667 2729/2721/2721 2802/2666/2666
f 2802/2666/2666 2729/2721/2721 2743/2720/2720
f 2802/2666/2666 2743/2720/2720 2790/2719/2719
f 2790/2719/2719 2743/2720/2720 2687/2714/2714
f 2790/2719/2719 2687/2714/2714 2707/2662/2662
f 2707/2662/2662 2687/2714/2714 2641/2661/2661
f 2641/2661/2661 2687/2714/2714 2630/2709/2709
f 2641/2661/2661 2630/2709/2709 2587/2660/2660
f 2587/2660/2660 2630/2709/2709 2548/2704/2704
f 2587/2660/2660 2548/2704/2704 2510/2659/2659
f 2510/2659/2659 2548/2704/2704 2397/2699/2699
f 2510/2659/2659 2397/2699/2699 2321/2658/2658
f 2321/2658/2658 2397/2699/2699 2259/2694/2694
f 2321/2658/2658 2259/2694/2694 2236/2657/2657
f 2236/2657/2657 2259/2694/2694 2211/2690/2690
f 2236/2657/2657 2211/2690/2690 2162/2656/2656
f 2162/2656/2656 2211/2690/2690 2152/2685/2685
f 2162/2656/2656 2152/2685/2685 2107/2655/2655
f 2107/2655/2655 2152/2685/2685 2095/2680/2680
f 2107/2655/2655 2095/2680/2680 2053/2654/2654
f 2053/2654/2654 2095/2680/2680 2050/2653/2653
f 2050/2653/2653 2095/2680/2680 2094/2681/2681
f 2050/2653/2653 2094/2681/2681 2091/2682/2682
f 2091/2682/2682 2094/2681/2681 2145/2687/2687
f 2044/2652/2652 2050/2653/2653 2091/2682/2682
f 2707/2662/2662 2818/2663/2663 2790/2719/2719
f 2790/2719/2719 2818/2663/2663 2837/2665/2665
f 2790/2719/2719 2837/2665/2665 2802/2666/2666
f 2818/2663/2663 2850/2664/2664 2837/2665/2665
f 2770/2667/2667 2735/2668/2668 2709/2722/2722
f 2709/2722/2722 2735/2668/2668 2703/2723/2723
f 2709/2722/2722 2703/2723/2723 2651/2717/2717
f 2651/2717/2717 2703/2723/2723 2647/2718/2718
f 2651/2717/2717 2647/2718/2718 2602/2712/2712
f 2602/2712/2712 2647/2718/2718 2599/2713/2713
f 2602/2712/2712 2599/2713/2713 2524/2707/2707
f 2524/2707/2707 2599/2713/2713 2523/2708/2708
f 2524/2707/2707 2523/2708/2708 2347/2702/2702
f 2347/2702/2702 2523/2708/2708 2335/2703/2703
f 2347/2702/2702 2335/2703/2703 2238/2697/2697
f 2238/2697/2697 2335/2703/2703 2234/2698/2698
f 2238/2697/2697 2234/2698/2698 2194/2693/2693
f 2194/2693/2693 2234/2698/2698 2191/2679/2679
f 2194/2693/2693 2191/2679/2679 2142/2688/2688
f 2142/2688/2688 2191/2679/2679 2140/2689/2689
f 2142/2688/2688 2140/2689/2689 2089/2683/2683
f 2089/2683/2683 2140/2689/2689 2087/2684/2684
f 2735/2668/2668 2725/2669/2669 2703/2723/2723
f 2703/2723/2723 2725/2669/2669 2701/2670/2670
f 2703/2723/2723 2701/2670/2670 2674/2671/2671
f 2703/2723/2723 2674/2671/2671 2647/2718/2718
f 2647/2718/2718 2674/2671/2671 2639/2672/2672
f 2647/2718/2718 2639/2672/2672 2616/2673/2673
f 2647/2718/2718 2616/2673/2673 2599/2713/2713
f 2599/2713/2713 2616/2673/2673 2583/2674/2674
f 2599/2713/2713 2583/2674/2674 2523/2708/2708
f 2523/2708/2708 2583/2674/2674 2492/2675/2675
f 2523/2708/2708 2492/2675/2675 2335/2703/2703
f 2335/2703/2703 2492/2675/2675 2303/2676/2676
f 2335/2703/2703 2303/2676/2676 2234/2698/2698
f 2234/2698/2698 2303/2676/2676 2212/2677/2677
f 2234/2698/2698 2212/2677/2677 2191/2679/2679
f 2191/2679/2679 2212/2677/2677 2129/2678/2678
f 2191/2679/2679 2129/2678/2678 2140/2689/2689
f 2140/2689/2689 2129/2678/2678 2087/2684/2684
f 2094/2681/2681 2095/2680/2680 2151/2686/2686
f 2151/2686/2686 2095/2680/2680 2152/2685/2685
f 2151/2686/2686 2152/2685/2685 2210/2691/2691
f 2210/2691/2691 2152/2685/2685 2211/2690/2690
f 2210/2691/2691 2211/2690/2690 2250/2695/2695
f 2250/2695/2695 2211/2690/2690 2259/2694/2694
f 2250/2695/2695 2259/2694/2694 2377/2700/2700
f 2377/2700/2700 2259/2694/2694 2397/2699/2699
f 2377/2700/2700 2397/2699/2699 2532/2705/2705
f 2532/2705/2705 2397/2699/2699 2548/2704/2704
f 2532/2705/2705 2548/2704/2704 2615/2710/2710
f 2615/2710/2710 2548/2704/2704 2630/2709/2709
f 2615/2710/2710 2630/2709/2709 2679/2715/2715
f 2679/2715/2715 2630/2709/2709 2687/2714/2714
f 2679/2715/2715 2687/2714/2714 2743/2720/2720
f 2200/2692/2692 2145/2687/2687 2151/2686/2686
f 2151/2686/2686 2145/2687/2687 2094/2681/2681
f 2200/2692/2692 2151/2686/2686 2210/2691/2691
f 2241/2696/2696 2200/2692/2692 2210/2691/2691
f 2241/2696/2696 2210/2691/2691 2250/2695/2695
f 2365/2701/2701 2241/2696/2696 2250/2695/2695
f 2365/2701/2701 2250/2695/2695 2377/2700/2700
f 2527/2706/2706 2365/2701/2701 2377/2700/2700
f 2527/2706/2706 2377/2700/2700 2532/2705/2705
f 2610/2711/2711 2527/2706/2706 2532/2705/2705
f 2610/2711/2711 2532/2705/2705 2615/2710/2710
f 2657/2716/2716 2610/2711/2711 2615/2710/2710
f 2657/2716/2716 2615/2710/2710 2679/2715/2715
f 2729/2721/2721 2657/2716/2716 2679/2715/2715
f 2729/2721/2721 2679/2715/2715 2743/2720/2720
f 2827/2724/2724 2829/2725/2725 2844/2729/2729
f 2844/2729/2729 2829/2725/2725 2854/2728/2728
f 2854/2728/2728 2829/2725/2725 2860/2726/2726
f 2854/2728/2728 2860/2726/2726 2862/2727/2727
f 2829/2730/2730 2833/2731/2731 2860/2740/2740
f 2860/2740/2740 2833/2731/2731 2876/2738/2738
f 2860/2740/2740 2876/2738/2738 2862/2739/2739
f 2833/2731/2731 2846/2732/2732 2876/2738/2738
f 2876/2738/2738 2846/2732/2732 2887/2737/2737
f 2887/2737/2737 2846/2732/2732 2894/2736/2736
f 2894/2736/2736 2846/2732/2732 2849/2733/2733
f 2894/2736/2736 2849/2733/2733 2903/2735/2735
f 2903/2735/2735 2849/2733/2733 2850/2734/2734
f 2162/2741/2741 2107/2742/2742 2108/2745/2745
f 2108/2745/2745 2107/2742/2742 2054/2744/2744
f 2054/2744/2744 2107/2742/2742 2053/2743/2743
f 2850/2746/2746 2818/2747/2747 2903/2764/2764
f 2903/2764/2764 2818/2747/2747 2707/2748/2748
f 2903/2764/2764 2707/2748/2748 2708/2760/2760
f 2708/2760/2760 2707/2748/2748 2642/2759/2759
f 2642/2759/2759 2707/2748/2748 2641/2749/2749
f 2642/2759/2759 2641/2749/2749 2588/2758/2758
f 2588/2758/2758 2641/2749/2749 2587/2750/2750
f 2588/2758/2758 2587/2750/2750 2511/2757/2757
f 2511/2757/2757 2587/2750/2750 2510/2751/2751
f 2511/2757/2757 2510/2751/2751 2322/2756/2756
f 2322/2756/2756 2510/2751/2751 2321/2752/2752
f 2322/2756/2756 2321/2752/2752 2237/2755/2755
f 2237/2755/2755 2321/2752/2752 2236/2753/2753
f 2237/2755/2755 2236/2753/2753 2162/2754/2754
f 2903/2764/2764 2708/2760/2760 2904/2763/2763
f 2904/2763/2763 2708/2760/2760 2819/2761/2761
f 2904/2763/2763 2819/2761/2761 2851/2762/2762
f 2745/2778/2778 2751/2765/2765 2759/2781/2781
f 2759/2781/2781 2751/2765/2765 2775/2766/2766
f 2759/2781/2781 2775/2766/2766 2773/2785/2785
f 2773/2785/2785 2775/2766/2766 2788/2784/2784
f 2773/2785/2785 2788/2784/2784 2778/2789/2789
f 2778/2789/2789 2788/2784/2784 2793/2788/2788
f 2778/2789/2789 2793/2788/2788 2781/2794/2794
f 2781/2794/2794 2793/2788/2788 2799/2793/2793
f 2781/2794/2794 2799/2793/2793 2784/2799/2799
f 2784/2799/2799 2799/2793/2793 2806/2798/2798
f 2784/2799/2799 2806/2798/2798 2780/2801/2801
f 2780/2801/2801 2806/2798/2798 2804/2802/2802
f 2780/2801/2801 2804/2802/2802 2803/2774/2774
f 2803/2774/2774 2804/2802/2802 2822/2803/2803
f 2803/2774/2774 2822/2803/2803 2838/2773/2773
f 2838/2773/2773 2822/2803/2803 2842/2779/2779
f 2838/2773/2773 2842/2779/2779 2851/2772/2772
f 2851/2772/2772 2842/2779/2779 2848/2771/2771
f 2848/2771/2771 2842/2779/2779 2841/2796/2796
f 2848/2771/2771 2841/2796/2796 2839/2791/2791
f 2839/2791/2791 2841/2796/2796 2821/2797/2797
f 2839/2791/2791 2821/2797/2797 2816/2792/2792
f 2816/2792/2792 2821/2797/2797 2806/2798/2798
f 2816/2792/2792 2806/2798/2798 2799/2793/2793
f 2775/2766/2766 2798/2767/2767 2788/2784/2784
f 2788/2784/2784 2798/2767/2767 2796/2783/2783
f 2788/2784/2784 2796/2783/2783 2793/2788/2788
f 2793/2788/2788 2796/2783/2783 2812/2787/2787
f 2793/2788/2788 2812/2787/2787 2799/2793/2793
f 2799/2793/2793 2812/2787/2787 2816/2792/2792
f 2796/2783/2783 2798/2767/2767 2815/2782/2782
f 2815/2782/2782 2798/2767/2767 2830/2768/2768
f 2815/2782/2782 2830/2768/2768 2832/2769/2769
f 2815/2782/2782 2832/2769/2769 2831/2786/2786
f 2831/2786/2786 2832/2769/2769 2847/2770/2770
f 2831/2786/2786 2847/2770/2770 2839/2791/2791
f 2839/2791/2791 2847/2770/2770 2848/2771/2771
f 2803/2774/2774 2771/2775/2775 2780/2801/2801
f 2780/2801/2801 2771/2775/2775 2752/2780/2780
f 2780/2801/2801 2752/2780/2780 2784/2799/2799
f 2784/2799/2799 2752/2780/2780 2761/2800/2800
f 2784/2799/2799 2761/2800/2800 2781/2794/2794
f 2781/2794/2794 2761/2800/2800 2764/2795/2795
f 2781/2794/2794 2764/2795/2795 2778/2789/2789
f 2778/2789/2789 2764/2795/2795 2763/2790/2790
f 2778/2789/2789 2763/2790/2790 2773/2785/2785
f 2773/2785/2785 2763/2790/2790 2759/2781/2781
f 2771/2775/2775 2736/2776/2776 2752/2780/2780
f 2752/2780/2780 2736/2776/2776 2741/2777/2777
f 2752/2780/2780 2741/2777/2777 2761/2800/2800
f 2761/2800/2800 2741/2777/2777 2764/2795/2795
f 2741/2777/2777 2745/2778/2778 2764/2795/2795
f 2764/2795/2795 2745/2778/2778 2763/2790/2790
f 2763/2790/2790 2745/2778/2778 2759/2781/2781
f 2812/2787/2787 2796/2783/2783 2815/2782/2782
f 2816/2792/2792 2812/2787/2787 2831/2786/2786
f 2831/2786/2786 2812/2787/2787 2815/2782/2782
f 2839/2791/2791 2816/2792/2792 2831/2786/2786
f 2804/2802/2802 2806/2798/2798 2821/2797/2797
f 2842/2779/2779 2822/2803/2803 2841/2796/2796
f 2841/2796/2796 2822/2803/2803 2821/2797/2797
f 2822/2803/2803 2804/2802/2802 2821/2797/2797
f 2747/2804/2804 2749/2805/2805 2751/2811/2811
f 2751/2811/2811 2749/2805/2805 2775/2810/2810
f 2775/2810/2810 2749/2805/2805 2786/2806/2806
f 2775/2810/2810 2786/2806/2806 2798/2809/2809
f 2798/2809/2809 2786/2806/2806 2828/2807/2807
f 2798/2809/2809 2828/2807/2807 2830/2808/2808
f 2389/2819/2819 2391/2812/2812 2393/2818/2818
f 2393/2818/2818 2391/2812/2812 2419/2813/2813
f 2393/2818/2818 2419/2813/2813 2426/2817/2817
f 2426/2817/2817 2419/2813/2813 2440/2814/2814
f 2426/2817/2817 2440/2814/2814 2461/2816/2816
f 2461/2816/2816 2440/2814/2814 2463/2815/2815
f 2337/2821/2821 2339/2842/2842 2334/2820/2820
f 2334/2820/2820 2339/2842/2842 2344/2837/2837
f 2334/2820/2820 2344/2837/2837 2350/2870/2870
f 2350/2870/2870 2344/2837/2837 2351/2869/2869
f 2350/2870/2870 2351/2869/2869 2357/2873/2873
f 2357/2873/2873 2351/2869/2869 2366/2868/2868
f 2357/2873/2873 2366/2868/2868 2371/2872/2872
f 2371/2872/2872 2366/2868/2868 2373/2867/2867
f 2371/2872/2872 2373/2867/2867 2387/2871/2871
f 2387/2871/2871 2373/2867/2867 2394/2866/2866
f 2387/2871/2871 2394/2866/2866 2401/2836/2836
f 2401/2836/2836 2394/2866/2866 2422/2825/2825
f 2401/2836/2836 2422/2825/2825 2417/2852/2852
f 2417/2852/2852 2422/2825/2825 2446/2843/2843
f 2417/2852/2852 2446/2843/2843 2433/2844/2844
f 2433/2844/2844 2446/2843/2843 2441/2854/2854
f 2433/2844/2844 2441/2854/2854 2432/2855/2855
f 2432/2855/2855 2441/2854/2854 2430/2859/2859
f 2432/2855/2855 2430/2859/2859 2416/2860/2860
f 2416/2860/2860 2430/2859/2859 2414/2862/2862
f 2416/2860/2860 2414/2862/2862 2402/2861/2861
f 2402/2861/2861 2414/2862/2862 2419/2830/2830
f 2402/2861/2861 2419/2830/2830 2391/2831/2831
f 2339/2842/2842 2337/2821/2821 2343/2841/2841
f 2343/2841/2841 2337/2821/2821 2349/2822/2822
f 2343/2841/2841 2349/2822/2822 2354/2840/2840
f 2354/2840/2840 2349/2822/2822 2364/2839/2839
f 2354/2840/2840 2364/2839/2839 2366/2868/2868
f 2366/2868/2868 2364/2839/2839 2373/2867/2867
f 2349/2822/2822 2369/2823/2823 2364/2839/2839
f 2364/2839/2839 2369/2823/2823 2376/2838/2838
f 2364/2839/2839 2376/2838/2838 2373/2867/2867
f 2373/2867/2867 2376/2838/2838 2394/2866/2866
f 2369/2823/2823 2383/2824/2824 2376/2838/2838
f 2376/2838/2838 2383/2824/2824 2394/2866/2866
f 2383/2824/2824 2422/2825/2825 2394/2866/2866
f 2422/2825/2825 2457/2826/2826 2446/2843/2843
f 2446/2843/2843 2457/2826/2826 2455/2853/2853
f 2446/2843/2843 2455/2853/2853 2441/2854/2854
f 2441/2854/2854 2455/2853/2853 2438/2858/2858
f 2441/2854/2854 2438/2858/2858 2430/2859/2859
f 2430/2859/2859 2438/2858/2858 2427/2863/2863
f 2430/2859/2859 2427/2863/2863 2414/2862/2862
f 2414/2862/2862 2427/2863/2863 2419/2830/2830
f 2457/2826/2826 2464/2827/2827 2455/2853/2853
f 2455/2853/2853 2464/2827/2827 2454/2834/2834
f 2455/2853/2853 2454/2834/2834 2438/2858/2858
f 2438/2858/2858 2454/2834/2834 2434/2864/2864
f 2438/2858/2858 2434/2864/2864 2427/2863/2863
f 2427/2863/2863 2434/2864/2864 2440/2829/2829
f 2427/2863/2863 2440/2829/2829 2419/2830/2830
f 2464/2827/2827 2463/2828/2828 2454/2834/2834
f 2454/2834/2834 2463/2828/2828 2452/2865/2865
f 2454/2834/2834 2452/2865/2865 2434/2864/2864
f 2434/2864/2864 2452/2865/2865 2440/2829/2829
f 2463/2828/2828 2440/2829/2829 2452/2865/2865
f 2402/2861/2861 2391/2831/2831 2404/2835/2835
f 2404/2835/2835 2391/2831/2831 2375/2832/2832
f 2404/2835/2835 2375/2832/2832 2399/2857/2857
f 2399/2857/2857 2375/2832/2832 2395/2847/2847
f 2399/2857/2857 2395/2847/2847 2409/2846/2846
f 2409/2846/2846 2395/2847/2847 2384/2849/2849
f 2409/2846/2846 2384/2849/2849 2400/2850/2850
f 2400/2850/2850 2384/2849/2849 2371/2872/2872
f 2400/2850/2850 2371/2872/2872 2387/2871/2871
f 2375/2832/2832 2356/2833/2833 2395/2847/2847
f 2395/2847/2847 2356/2833/2833 2363/2848/2848
f 2395/2847/2847 2363/2848/2848 2384/2849/2849
f 2384/2849/2849 2363/2848/2848 2357/2873/2873
f 2384/2849/2849 2357/2873/2873 2371/2872/2872
f 2363/2848/2848 2356/2833/2833 2350/2870/2870
f 2350/2870/2870 2356/2833/2833 2334/2820/2820
f 2357/2873/2873 2363/2848/2848 2350/2870/2870
f 2344/2837/2837 2339/2842/2842 2343/2841/2841
f 2366/2868/2868 2351/2869/2869 2354/2840/2840
f 2354/2840/2840 2351/2869/2869 2343/2841/2841
f 2351/2869/2869 2344/2837/2837 2343/2841/2841
f 2433/2844/2844 2424/2845/2845 2408/2851/2851
f 2408/2851/2851 2424/2845/2845 2400/2850/2850
f 2408/2851/2851 2400/2850/2850 2387/2871/2871
f 2400/2850/2850 2424/2845/2845 2409/2846/2846
f 2409/2846/2846 2424/2845/2845 2413/2856/2856
f 2409/2846/2846 2413/2856/2856 2399/2857/2857
f 2399/2857/2857 2413/2856/2856 2404/2835/2835
f 2413/2856/2856 2424/2845/2845 2432/2855/2855
f 2432/2855/2855 2424/2845/2845 2433/2844/2844
f 2401/2836/2836 2417/2852/2852 2408/2851/2851
f 2408/2851/2851 2417/2852/2852 2433/2844/2844
f 2401/2836/2836 2408/2851/2851 2387/2871/2871
f 2404/2835/2835 2413/2856/2856 2416/2860/2860
f 2416/2860/2860 2413/2856/2856 2432/2855/2855
f 2402/2861/2861 2404/2835/2835 2416/2860/2860
f 1638/2901/2901 1574/2874/2874 1608/2907/2907
f 1608/2907/2907 1574/2874/2874 1572/2875/2875
f 1608/2907/2907 1572/2875/2875 1607/2906/2906
f 1607/2906/2906 1572/2875/2875 1601/2905/2905
f 1607/2906/2906 1601/2905/2905 1669/2911/2911
f 1669/2911/2911 1601/2905/2905 1649/2910/2910
f 1669/2911/2911 1649/2910/2910 1760/2916/2916
f 1760/2916/2916 1649/2910/2910 1754/2915/2915
f 1760/2916/2916 1754/2915/2915 1855/2920/2920
f 1855/2920/2920 1754/2915/2915 1854/2919/2919
f 1855/2920/2920 1854/2919/2919 1926/2925/2925
f 1926/2925/2925 1854/2919/2919 1927/2924/2924
f 1926/2925/2925 1927/2924/2924 2002/2930/2930
f 2002/2930/2930 1927/2924/2924 2006/2929/2929
f 2002/2930/2930 2006/2929/2929 2078/2935/2935
f 2078/2935/2935 2006/2929/2929 2084/2934/2934
f 2078/2935/2935 2084/2934/2934 2163/2940/2940
f 2163/2940/2940 2084/2934/2934 2164/2939/2939
f 2163/2940/2940 2164/2939/2939 2247/2945/2945
f 2247/2945/2945 2164/2939/2939 2258/2944/2944
f 2247/2945/2945 2258/2944/2944 2337/2890/2890
f 2337/2890/2890 2258/2944/2944 2349/2889/2889
f 2349/2889/2889 2258/2944/2944 2260/2943/2943
f 2349/2889/2889 2260/2943/2943 2262/2942/2942
f 2262/2942/2942 2260/2943/2943 2165/2937/2937
f 2262/2942/2942 2165/2937/2937 2186/2885/2885
f 2186/2885/2885 2165/2937/2937 2114/2884/2884
f 2114/2884/2884 2165/2937/2937 2079/2932/2932
f 2114/2884/2884 2079/2932/2932 2023/2883/2883
f 2023/2883/2883 2079/2932/2932 2001/2927/2927
f 2023/2883/2883 2001/2927/2927 1950/2882/2882
f 1950/2882/2882 2001/2927/2927 1921/2922/2922
f 1950/2882/2882 1921/2922/2922 1902/2881/2881
f 1902/2881/2881 1921/2922/2922 1845/2917/2917
f 1902/2881/2881 1845/2917/2917 1829/2880/2880
f 1829/2880/2880 1845/2917/2917 1726/2913/2913
f 1829/2880/2880 1726/2913/2913 1676/2879/2879
f 1676/2879/2879 1726/2913/2913 1636/2908/2908
f 1676/2879/2879 1636/2908/2908 1594/2878/2878
f 1594/2878/2878 1636/2908/2908 1588/2903/2903
f 1594/2878/2878 1588/2903/2903 1550/2877/2877
f 1550/2877/2877 1588/2903/2903 1556/2876/2876
f 1556/2876/2876 1588/2903/2903 1596/2904/2904
f 1556/2876/2876 1596/2904/2904 1601/2905/2905
f 1601/2905/2905 1596/2904/2904 1649/2910/2910
f 1572/2875/2875 1556/2876/2876 1601/2905/2905
f 2186/2885/2885 2273/2886/2886 2262/2942/2942
f 2262/2942/2942 2273/2886/2886 2369/2888/2888
f 2262/2942/2942 2369/2888/2888 2349/2889/2889
f 2273/2886/2886 2383/2887/2887 2369/2888/2888
f 2337/2890/2890 2334/2891/2891 2247/2945/2945
f 2247/2945/2945 2334/2891/2891 2240/2946/2946
f 2247/2945/2945 2240/2946/2946 2163/2940/2940
f 2163/2940/2940 2240/2946/2946 2161/2941/2941
f 2163/2940/2940 2161/2941/2941 2078/2935/2935
f 2078/2935/2935 2161/2941/2941 2077/2936/2936
f 2078/2935/2935 2077/2936/2936 2002/2930/2930
f 2002/2930/2930 2077/2936/2936 2000/2931/2931
f 2002/2930/2930 2000/2931/2931 1926/2925/2925
f 1926/2925/2925 2000/2931/2931 1924/2926/2926
f 1926/2925/2925 1924/2926/2926 1855/2920/2920
f 1855/2920/2920 1924/2926/2926 1853/2921/2921
f 1855/2920/2920 1853/2921/2921 1760/2916/2916
f 1760/2916/2916 1853/2921/2921 1758/2902/2902
f 1760/2916/2916 1758/2902/2902 1669/2911/2911
f 1669/2911/2911 1758/2902/2902 1670/2912/2912
f 1669/2911/2911 1670/2912/2912 1607/2906/2906
f 1607/2906/2906 1670/2912/2912 1608/2907/2907
f 2334/2891/2891 2291/2892/2892 2240/2946/2946
f 2240/2946/2946 2291/2892/2892 2232/2893/2893
f 2240/2946/2946 2232/2893/2893 2199/2894/2894
f 2240/2946/2946 2199/2894/2894 2161/2941/2941
f 2161/2941/2941 2199/2894/2894 2154/2895/2895
f 2161/2941/2941 2154/2895/2895 2104/2896/2896
f 2161/2941/2941 2104/2896/2896 2077/2936/2936
f 2077/2936/2936 2104/2896/2896 2066/2897/2897
f 2077/2936/2936 2066/2897/2897 2000/2931/2931
f 2000/2931/2931 2066/2897/2897 1973/2898/2898
f 2000/2931/2931 1973/2898/2898 1924/2926/2926
f 1924/2926/2926 1973/2898/2898 1908/2899/2899
f 1924/2926/2926 1908/2899/2899 1853/2921/2921
f 1853/2921/2921 1908/2899/2899 1820/2900/2900
f 1853/2921/2921 1820/2900/2900 1758/2902/2902
f 1758/2902/2902 1820/2900/2900 1638/2901/2901
f 1758/2902/2902 1638/2901/2901 1670/2912/2912
f 1670/2912/2912 1638/2901/2901 1608/2907/2907
f 1596/2904/2904 1588/2903/2903 1646/2909/2909
f 1646/2909/2909 1588/2903/2903 1636/2908/2908
f 1646/2909/2909 1636/2908/2908 1737/2914/2914
f 1737/2914/2914 1636/2908/2908 1726/2913/2913
f 1737/2914/2914 1726/2913/2913 1847/2918/2918
f 1847/2918/2918 1726/2913/2913 1845/2917/2917
f 1847/2918/2918 1845/2917/2917 1925/2923/2923
f 1925/2923/2923 1845/2917/2917 1921/2922/2922
f 1925/2923/2923 1921/2922/2922 2003/2928/2928
f 2003/2928/2928 1921/2922/2922 2001/2927/2927
f 2003/2928/2928 2001/2927/2927 2085/2933/2933
f 2085/2933/2933 2001/2927/2927 2079/2932/2932
f 2085/2933/2933 2079/2932/2932 2166/2938/2938
f 2166/2938/2938 2079/2932/2932 2165/2937/2937
f 2166/2938/2938 2165/2937/2937 2260/2943/2943
f 1754/2915/2915 1649/2910/2910 1646/2909/2909
f 1646/2909/2909 1649/2910/2910 1596/2904/2904
f 1754/2915/2915 1646/2909/2909 1737/2914/2914
f 1854/2919/2919 1754/2915/2915 1737/2914/2914
f 1854/2919/2919 1737/2914/2914 1847/2918/2918
f 1927/2924/2924 1854/2919/2919 1847/2918/2918
f 1927/2924/2924 1847/2918/2918 1925/2923/2923
f 2006/2929/2929 1927/2924/2924 1925/2923/2923
f 2006/2929/2929 1925/2923/2923 2003/2928/2928
f 2084/2934/2934 2006/2929/2929 2003/2928/2928
f 2084/2934/2934 2003/2928/2928 2085/2933/2933
f 2164/2939/2939 2084/2934/2934 2085/2933/2933
f 2164/2939/2939 2085/2933/2933 2166/2938/2938
f 2258/2944/2944 2164/2939/2939 2166/2938/2938
f 2258/2944/2944 2166/2938/2938 2260/2943/2943
f 2461/2947/2947 2463/2948/2948 2467/2952/2952
f 2467/2952/2952 2463/2948/2948 2471/2951/2951
f 2471/2951/2951 2463/2948/2948 2477/2949/2949
f 2471/2951/2951 2477/2949/2949 2479/2950/2950
f 2463/2953/2953 2464/2954/2954 2477/2970/2970
f 2477/2970/2970 2464/2954/2954 2484/2968/2968
f 2477/2970/2970 2484/2968/2968 2479/2969/2969
f 2464/2954/2954 2457/2955/2955 2484/2968/2968
f 2484/2968/2968 2457/2955/2955 2496/2967/2967
f 2496/2967/2967 2457/2955/2955 2490/2966/2966
f 2490/2966/2966 2457/2955/2955 2422/2956/2956
f 2490/2966/2966 2422/2956/2956 2480/2965/2965
f 2480/2965/2965 2422/2956/2956 2383/2957/2957
f 2480/2965/2965 2383/2957/2957 2481/2959/2959
f 2481/2959/2959 2383/2957/2957 2469/2958/2958
f 2481/2959/2959 2500/2960/2960 2480/2965/2965
f 2480/2965/2965 2500/2960/2960 2503/2964/2964
f 2503/2964/2964 2500/2960/2960 2513/2963/2963
f 2513/2963/2963 2500/2960/2960 2514/2961/2961
f 2513/2963/2963 2514/2961/2961 2517/2962/2962
f 1676/2971/2971 1594/2972/2972 1578/2975/2975
f 1578/2975/2975 1594/2972/2972 1499/2974/2974
f 1499/2974/2974 1594/2972/2972 1550/2973/2973
f 2383/2976/2976 2273/2977/2977 2469/2994/2994
f 2469/2994/2994 2273/2977/2977 2186/2978/2978
f 2469/2994/2994 2186/2978/2978 1617/2990/2990
f 1617/2990/2990 2186/2978/2978 1732/2989/2989
f 1732/2989/2989 2186/2978/2978 2114/2979/2979
f 1732/2989/2989 2114/2979/2979 1833/2988/2988
f 1833/2988/2988 2114/2979/2979 2023/2980/2980
f 1833/2988/2988 2023/2980/2980 1849/2987/2987
f 1849/2987/2987 2023/2980/2980 1950/2981/2981
f 1849/2987/2987 1950/2981/2981 1843/2986/2986
f 1843/2986/2986 1950/2981/2981 1902/2982/2982
f 1843/2986/2986 1902/2982/2982 1792/2985/2985
f 1792/2985/2985 1902/2982/2982 1829/2983/2983
f 1792/2985/2985 1829/2983/2983 1676/2984/2984
f 2469/2994/2994 1617/2990/2990 1441/2993/2993
f 1441/2993/2993 1617/2990/2990 1505/2991/2991
f 1441/2993/2993 1505/2991/2991 1381/2992/2992
f 1578/3021/3021 1499/2995/2995 1525/3031/3031
f 1525/3031/3031 1499/2995/2995 1476/2996/2996
f 1525/3031/3031 1476/2996/2996 1523/3030/3030
f 1523/3030/3030 1476/2996/2996 1519/3029/3029
f 1523/3030/3030 1519/3029/3029 1610/3035/3035
f 1610/3035/3035 1519/3029/3029 1600/3034/3034
f 1610/3035/3035 1600/3034/3034 1689/3042/3042
f 1689/3042/3042 1600/3034/3034 1679/3043/3043
f 1689/3042/3042 1679/3043/3043 1738/3039/3039
f 1738/3039/3039 1679/3043/3043 1727/3038/3038
f 1738/3039/3039 1727/3038/3038 1809/3049/3049
f 1809/3049/3049 1727/3038/3038 1795/3050/3050
f 1809/3049/3049 1795/3050/3050 1823/3047/3047
f 1823/3047/3047 1795/3050/3050 1816/3046/3046
f 1823/3047/3047 1816/3046/3046 1825/3058/3058
f 1825/3058/3058 1816/3046/3046 1817/3059/3059
f 1825/3058/3058 1817/3059/3059 1812/3056/3056
f 1812/3056/3056 1817/3059/3059 1804/3055/3055
f 1812/3056/3056 1804/3055/3055 1716/3065/3065
f 1716/3065/3065 1804/3055/3055 1704/3064/3064
f 1716/3065/3065 1704/3064/3064 1604/3070/3070
f 1604/3070/3070 1704/3064/3064 1591/3069/3069
f 1604/3070/3070 1591/3069/3069 1495/3075/3075
f 1495/3075/3075 1591/3069/3069 1489/3074/3074
f 1495/3075/3075 1489/3074/3074 1371/3011/3011
f 1371/3011/3011 1489/3074/3074 1361/3010/3010
f 1361/3010/3010 1489/3074/3074 1479/3073/3073
f 1361/3010/3010 1479/3073/3073 1351/3009/3009
f 1351/3009/3009 1479/3073/3073 1475/3072/3072
f 1351/3009/3009 1475/3072/3072 1417/3007/3007
f 1417/3007/3007 1475/3072/3072 1493/3006/3006
f 1493/3006/3006 1475/3072/3072 1534/3005/3005
f 1534/3005/3005 1475/3072/3072 1579/3067/3067
f 1534/3005/3005 1579/3067/3067 1612/3004/3004
f 1612/3004/3004 1579/3067/3067 1692/3062/3062
f 1612/3004/3004 1692/3062/3062 1678/3003/3003
f 1678/3003/3003 1692/3062/3062 1719/3002/3002
f 1719/3002/3002 1692/3062/3062 1764/3053/3053
f 1719/3002/3002 1764/3053/3053 1790/3001/3001
f 1790/3001/3001 1764/3053/3053 1803/3061/3061
f 1790/3001/3001 1803/3061/3061 1794/3026/3026
f 1794/3026/3026 1803/3061/3061 1807/3060/3060
f 1794/3026/3026 1807/3060/3060 1806/3045/3045
f 1806/3045/3045 1807/3060/3060 1817/3059/3059
f 1806/3045/3045 1817/3059/3059 1816/3046/3046
f 1519/3029/3029 1476/2996/2996 1515/3028/3028
f 1515/3028/3028 1476/2996/2996 1447/2997/2997
f 1515/3028/3028 1447/2997/2997 1511/3027/3027
f 1511/3027/3027 1447/2997/2997 1558/2998/2998
f 1511/3027/3027 1558/2998/2998 1582/3032/3032
f 1582/3032/3032 1558/2998/2998 1641/3022/3022
f 1582/3032/3032 1641/3022/3022 1647/3044/3044
f 1647/3044/3044 1641/3022/3022 1720/3037/3037
f 1647/3044/3044 1720/3037/3037 1727/3038/3038
f 1727/3038/3038 1720/3037/3037 1795/3050/3050
f 1558/2998/2998 1691/2999/2999 1641/3022/3022
f 1641/3022/3022 1691/2999/2999 1710/3024/3024
f 1641/3022/3022 1710/3024/3024 1720/3037/3037
f 1720/3037/3037 1710/3024/3024 1770/3051/3051
f 1720/3037/3037 1770/3051/3051 1795/3050/3050
f 1795/3050/3050 1770/3051/3051 1816/3046/3046
f 1691/2999/2999 1768/3000/3000 1710/3024/3024
f 1710/3024/3024 1768/3000/3000 1761/3052/3052
f 1710/3024/3024 1761/3052/3052 1770/3051/3051
f 1770/3051/3051 1761/3052/3052 1806/3045/3045
f 1770/3051/3051 1806/3045/3045 1816/3046/3046
f 1761/3052/3052 1768/3000/3000 1794/3026/3026
f 1794/3026/3026 1768/3000/3000 1790/3001/3001
f 1417/3007/3007 1348/3008/3008 1351/3009/3009
f 1371/3011/3011 1381/3012/3012 1495/3075/3075
f 1495/3075/3075 1381/3012/3012 1503/3076/3076
f 1495/3075/3075 1503/3076/3076 1604/3070/3070
f 1604/3070/3070 1503/3076/3076 1615/3071/3071
f 1604/3070/3070 1615/3071/3071 1716/3065/3065
f 1716/3065/3065 1615/3071/3071 1728/3066/3066
f 1716/3065/3065 1728/3066/3066 1812/3056/3056
f 1812/3056/3056 1728/3066/3066 1824/3025/3025
f 1812/3056/3056 1824/3025/3025 1825/3058/3058
f 1825/3058/3058 1824/3025/3025 1841/3057/3057
f 1825/3058/3058 1841/3057/3057 1823/3047/3047
f 1823/3047/3047 1841/3057/3057 1840/3048/3048
f 1823/3047/3047 1840/3048/3048 1809/3049/3049
f 1809/3049/3049 1840/3048/3048 1821/3023/3023
f 1809/3049/3049 1821/3023/3023 1738/3039/3039
f 1738/3039/3039 1821/3023/3023 1769/3040/3040
f 1738/3039/3039 1769/3040/3040 1689/3042/3042
f 1689/3042/3042 1769/3040/3040 1701/3041/3041
f 1689/3042/3042 1701/3041/3041 1610/3035/3035
f 1610/3035/3035 1701/3041/3041 1618/3036/3036
f 1610/3035/3035 1618/3036/3036 1523/3030/3030
f 1523/3030/3030 1618/3036/3036 1525/3031/3031
f 1381/3012/3012 1505/3013/3013 1503/3076/3076
f 1503/3076/3076 1505/3013/3013 1617/3014/3014
f 1503/3076/3076 1617/3014/3014 1615/3071/3071
f 1615/3071/3071 1617/3014/3014 1732/3015/3015
f 1615/3071/3071 1732/3015/3015 1728/3066/3066
f 1728/3066/3066 1732/3015/3015 1833/3016/3016
f 1728/3066/3066 1833/3016/3016 1824/3025/3025
f 1824/3025/3025 1833/3016/3016 1849/3017/3017
f 1824/3025/3025 1849/3017/3017 1841/3057/3057
f 1841/3057/3057 1849/3017/3017 1840/3048/3048
f 1849/3017/3017 1843/3018/3018 1840/3048/3048
f 1840/3048/3048 1843/3018/3018 1821/3023/3023
f 1843/3018/3018 1792/3019/3019 1821/3023/3023
f 1821/3023/3023 1792/3019/3019 1769/3040/3040
f 1769/3040/3040 1792/3019/3019 1701/3041/3041
f 1701/3041/3041 1792/3019/3019 1676/3020/3020
f 1701/3041/3041 1676/3020/3020 1618/3036/3036
f 1618/3036/3036 1676/3020/3020 1578/3021/3021
f 1618/3036/3036 1578/3021/3021 1525/3031/3031
f 1600/3034/3034 1519/3029/3029 1515/3028/3028
f 1515/3028/3028 1511/3027/3027 1589/3033/3033
f 1589/3033/3033 1511/3027/3027 1582/3032/3032
f 1589/3033/3033 1582/3032/3032 1647/3044/3044
f 1679/3043/3043 1600/3034/3034 1589/3033/3033
f 1589/3033/3033 1600/3034/3034 1515/3028/3028
f 1679/3043/3043 1589/3033/3033 1647/3044/3044
f 1679/3043/3043 1647/3044/3044 1727/3038/3038
f 1794/3026/3026 1806/3045/3045 1761/3052/3052
f 1807/3060/3060 1803/3061/3061 1771/3054/3054
f 1771/3054/3054 1803/3061/3061 1764/3053/3053
f 1771/3054/3054 1764/3053/3053 1696/3063/3063
f 1696/3063/3063 1764/3053/3053 1692/3062/3062
f 1696/3063/3063 1692/3062/3062 1583/3068/3068
f 1583/3068/3068 1692/3062/3062 1579/3067/3067
f 1583/3068/3068 1579/3067/3067 1479/3073/3073
f 1479/3073/3073 1579/3067/3067 1475/3072/3072
f 1817/3059/3059 1807/3060/3060 1804/3055/3055
f 1804/3055/3055 1807/3060/3060 1771/3054/3054
f 1804/3055/3055 1771/3054/3054 1704/3064/3064
f 1704/3064/3064 1771/3054/3054 1696/3063/3063
f 1704/3064/3064 1696/3063/3063 1591/3069/3069
f 1591/3069/3069 1696/3063/3063 1583/3068/3068
f 1591/3069/3069 1583/3068/3068 1489/3074/3074
f 1489/3074/3074 1583/3068/3068 1479/3073/3073
f 1307/3090/3090 1299/3077/3077 1283/3093/3093
f 1283/3093/3093 1299/3077/3077 1263/3078/3078
f 1283/3093/3093 1263/3078/3078 1264/3097/3097
f 1264/3097/3097 1263/3078/3078 1253/3096/3096
f 1264/3097/3097 1253/3096/3096 1277/3101/3101
f 1277/3101/3101 1253/3096/3096 1273/3100/3100
f 1277/3101/3101 1273/3100/3100 1292/3106/3106
f 1292/3106/3106 1273/3100/3100 1291/3105/3105
f 1292/3106/3106 1291/3105/3105 1318/3111/3111
f 1318/3111/3111 1291/3105/3105 1322/3110/3110
f 1318/3111/3111 1322/3110/3110 1349/3113/3113
f 1349/3113/3113 1322/3110/3110 1359/3114/3114
f 1349/3113/3113 1359/3114/3114 1361/3086/3086
f 1361/3086/3086 1359/3114/3114 1365/3115/3115
f 1361/3086/3086 1365/3115/3115 1371/3085/3085
f 1371/3085/3085 1365/3115/3115 1372/3091/3091
f 1371/3085/3085 1372/3091/3091 1381/3084/3084
f 1381/3084/3084 1372/3091/3091 1355/3083/3083
f 1355/3083/3083 1372/3091/3091 1344/3108/3108
f 1355/3083/3083 1344/3108/3108 1312/3103/3103
f 1312/3103/3103 1344/3108/3108 1330/3109/3109
f 1312/3103/3103 1330/3109/3109 1301/3104/3104
f 1301/3104/3104 1330/3109/3109 1322/3110/3110
f 1301/3104/3104 1322/3110/3110 1291/3105/3105
f 1263/3078/3078 1248/3079/3079 1253/3096/3096
f 1253/3096/3096 1248/3079/3079 1250/3095/3095
f 1253/3096/3096 1250/3095/3095 1273/3100/3100
f 1273/3100/3100 1250/3095/3095 1276/3099/3099
f 1273/3100/3100 1276/3099/3099 1291/3105/3105
f 1291/3105/3105 1276/3099/3099 1301/3104/3104
f 1250/3095/3095 1248/3079/3079 1258/3094/3094
f 1258/3094/3094 1248/3079/3079 1270/3080/3080
f 1258/3094/3094 1270/3080/3080 1274/3081/3081
f 1258/3094/3094 1274/3081/3081 1289/3098/3098
f 1289/3098/3098 1274/3081/3081 1311/3082/3082
f 1289/3098/3098 1311/3082/3082 1312/3103/3103
f 1312/3103/3103 1311/3082/3082 1355/3083/3083
f 1361/3086/3086 1351/3087/3087 1349/3113/3113
f 1349/3113/3113 1351/3087/3087 1345/3092/3092
f 1349/3113/3113 1345/3092/3092 1318/3111/3111
f 1318/3111/3111 1345/3092/3092 1321/3112/3112
f 1318/3111/3111 1321/3112/3112 1292/3106/3106
f 1292/3106/3106 1321/3112/3112 1302/3107/3107
f 1292/3106/3106 1302/3107/3107 1277/3101/3101
f 1277/3101/3101 1302/3107/3107 1290/3102/3102
f 1277/3101/3101 1290/3102/3102 1264/3097/3097
f 1264/3097/3097 1290/3102/3102 1283/3093/3093
f 1351/3087/3087 1348/3088/3088 1345/3092/3092
f 1345/3092/3092 1348/3088/3088 1325/3089/3089
f 1345/3092/3092 1325/3089/3089 1321/3112/3112
f 1321/3112/3112 1325/3089/3089 1302/3107/3107
f 1325/3089/3089 1307/3090/3090 1302/3107/3107
f 1302/3107/3107 1307/3090/3090 1290/3102/3102
f 1290/3102/3102 1307/3090/3090 1283/3093/3093
f 1276/3099/3099 1250/3095/3095 1258/3094/3094
f 1301/3104/3104 1276/3099/3099 1289/3098/3098
f 1289/3098/3098 1276/3099/3099 1258/3094/3094
f 1312/3103/3103 1301/3104/3104 1289/3098/3098
f 1359/3114/3114 1322/3110/3110 1330/3109/3109
f 1372/3091/3091 1365/3115/3115 1344/3108/3108
f 1344/3108/3108 1365/3115/3115 1330/3109/3109
f 1365/3115/3115 1359/3114/3114 1330/3109/3109
f 1297/3116/3116 1295/3117/3117 1299/3123/3123
f 1299/3123/3123 1295/3117/3117 1263/3122/3122
f 1263/3122/3122 1295/3117/3117 1256/3118/3118
f 1263/3122/3122 1256/3118/3118 1248/3121/3121
f 1248/3121/3121 1256/3118/3118 1268/3119/3119
f 1248/3121/3121 1268/3119/3119 1270/3120/3120
f 1449/3124/3124 1336/3125/3125 1447/3192/3192
f 1447/3192/3192 1336/3125/3125 1467/3161/3161
f 1447/3192/3192 1467/3161/3161 1558/3191/3191
f 1558/3191/3191 1467/3161/3161 1586/3162/3162
f 1558/3191/3191 1586/3162/3162 1691/3190/3190
f 1691/3190/3190 1586/3162/3162 1709/3163/3163
f 1691/3190/3190 1709/3163/3163 1768/3189/3189
f 1768/3189/3189 1709/3163/3163 1787/3164/3164
f 1768/3189/3189 1787/3164/3164 1790/3188/3188
f 1790/3188/3188 1787/3164/3164 1763/3165/3165
f 1790/3188/3188 1763/3165/3165 1719/3187/3187
f 1719/3187/3187 1763/3165/3165 1663/3166/3166
f 1719/3187/3187 1663/3166/3166 1678/3186/3186
f 1678/3186/3186 1663/3166/3166 1612/3185/3185
f 1612/3185/3185 1663/3166/3166 1522/3167/3167
f 1612/3185/3185 1522/3167/3167 1534/3184/3184
f 1534/3184/3184 1522/3167/3167 1493/3183/3183
f 1493/3183/3183 1522/3167/3167 1391/3168/3168
f 1493/3183/3183 1391/3168/3168 1417/3182/3182
f 1417/3182/3182 1391/3168/3168 1348/3181/3181
f 1348/3181/3181 1391/3168/3168 1297/3177/3177
f 1348/3181/3181 1297/3177/3177 1325/3180/3180
f 1325/3180/3180 1297/3177/3177 1307/3179/3179
f 1307/3179/3179 1297/3177/3177 1299/3178/3178
f 1467/3161/3161 1336/3125/3125 1242/3160/3160
f 1242/3160/3160 1336/3125/3125 1210/3126/3126
f 1242/3160/3160 1210/3126/3126 1110/3128/3128
f 1110/3128/3128 1210/3126/3126 1112/3127/3127
f 1242/3160/3160 1110/3128/3128 1092/3159/3159
f 1092/3159/3159 1110/3128/3128 1007/3129/3129
f 1092/3159/3159 1007/3129/3129 943/3158/3158
f 943/3158/3158 1007/3129/3129 933/3130/3130
f 943/3158/3158 933/3130/3130 844/3131/3131
f 943/3158/3158 844/3131/3131 819/3157/3157
f 819/3157/3157 844/3131/3131 763/3132/3132
f 819/3157/3157 763/3132/3132 631/3156/3156
f 631/3156/3156 763/3132/3132 649/3133/3133
f 631/3156/3156 649/3133/3133 568/3134/3134
f 631/3156/3156 568/3134/3134 513/3155/3155
f 513/3155/3155 568/3134/3134 475/3135/3135
f 513/3155/3155 475/3135/3135 378/3136/3136
f 513/3155/3155 378/3136/3136 348/3154/3154
f 348/3154/3154 378/3136/3136 313/3137/3137
f 348/3154/3154 313/3137/3137 242/3153/3153
f 242/3153/3153 313/3137/3137 248/3138/3138
f 242/3153/3153 248/3138/3138 210/3139/3139
f 242/3153/3153 210/3139/3139 173/3152/3152
f 173/3152/3152 210/3139/3139 165/3140/3140
f 173/3152/3152 165/3140/3140 158/3141/3141
f 173/3152/3152 158/3141/3141 162/3151/3151
f 162/3151/3151 158/3141/3141 179/3142/3142
f 162/3151/3151 179/3142/3142 233/3150/3150
f 233/3150/3150 179/3142/3142 228/3143/3143
f 233/3150/3150 228/3143/3143 286/3144/3144
f 233/3150/3150 286/3144/3144 324/3149/3149
f 324/3149/3149 286/3144/3144 326/3145/3145
f 324/3149/3149 326/3145/3145 392/3146/3146
f 455/3147/3147 453/3148/3148 392/3146/3146
f 392/3146/3146 453/3148/3148 324/3149/3149
f 1391/3168/3168 1186/3169/3169 1297/3177/3177
f 1297/3177/3177 1186/3169/3169 1146/3176/3176
f 1146/3176/3176 1186/3169/3169 1027/3170/3170
f 1146/3176/3176 1027/3170/3170 997/3175/3175
f 997/3175/3175 1027/3170/3170 894/3171/3171
f 997/3175/3175 894/3171/3171 881/3174/3174
f 881/3174/3174 894/3171/3171 746/3172/3172
f 881/3174/3174 746/3172/3172 748/3173/3173
f 1342/3194/3194 1143/3195/3195 1319/3193/3193
f 1319/3193/3193 1143/3195/3195 1169/3213/3213
f 1319/3193/3193 1169/3213/3213 1303/3212/3212
f 1303/3212/3212 1169/3213/3213 1287/3211/3211
f 1287/3211/3211 1169/3213/3213 1267/3210/3210
f 1267/3210/3210 1169/3213/3213 1163/3214/3214
f 1267/3210/3210 1163/3214/3214 1255/3209/3209
f 1255/3209/3209 1163/3214/3214 1145/3206/3206
f 1255/3209/3209 1145/3206/3206 1294/3208/3208
f 1294/3208/3208 1145/3206/3206 1296/3207/3207
f 1169/3213/3213 1143/3195/3195 1041/3215/3215
f 1041/3215/3215 1143/3195/3195 955/3196/3196
f 1041/3215/3215 955/3196/3196 918/3217/3217
f 918/3217/3217 955/3196/3196 831/3197/3197
f 918/3217/3217 831/3197/3197 816/3219/3219
f 816/3219/3219 831/3197/3197 646/3199/3199
f 816/3219/3219 646/3199/3199 678/3200/3200
f 831/3197/3197 638/3198/3198 646/3199/3199
f 678/3200/3200 716/3201/3201 816/3219/3219
f 816/3219/3219 716/3201/3201 823/3220/3220
f 816/3219/3219 823/3220/3220 918/3217/3217
f 918/3217/3217 823/3220/3220 920/3218/3218
f 918/3217/3217 920/3218/3218 1041/3215/3215
f 1041/3215/3215 920/3218/3218 1034/3216/3216
f 1041/3215/3215 1034/3216/3216 1169/3213/3213
f 1169/3213/3213 1034/3216/3216 1163/3214/3214
f 716/3201/3201 743/3202/3202 823/3220/3220
f 823/3220/3220 743/3202/3202 747/3203/3203
f 823/3220/3220 747/3203/3203 880/3204/3204
f 823/3220/3220 880/3204/3204 920/3218/3218
f 920/3218/3218 880/3204/3204 996/3205/3205
f 920/3218/3218 996/3205/3205 1034/3216/3216
f 1034/3216/3216 996/3205/3205 1145/3206/3206
f 1034/3216/3216 1145/3206/3206 1163/3214/3214
f 747/3221/3221 743/3222/3222 745/3228/3228
f 745/3228/3228 743/3222/3222 724/3227/3227
f 724/3227/3227 743/3222/3222 716/3223/3223
f 724/3227/3227 716/3223/3223 704/3226/3226
f 704/3226/3226 716/3223/3223 678/3224/3224
f 704/3226/3226 678/3224/3224 676/3225/3225
f 646/3230/3230 644/3231/3231 678/3229/3229
f 678/3229/3229 644/3231/3231 676/3232/3232
f 646/3233/3233 638/3234/3234 644/3241/3241
f 644/3241/3241 638/3234/3234 632/3240/3240
f 632/3240/3240 638/3234/3234 634/3235/3235
f 632/3240/3240 634/3235/3235 650/3239/3239
f 650/3239/3239 634/3235/3235 664/3236/3236
f 650/3239/3239 664/3236/3236 700/3238/3238
f 700/3238/3238 664/3236/3236 702/3237/3237
f 297/3256/3256 283/3242/3242 331/3258/3258
f 331/3258/3258 283/3242/3242 289/3243/3243
f 331/3258/3258 289/3243/3243 363/3257/3257
f 363/3257/3257 289/3243/3243 287/3244/3244
f 363/3257/3257 287/3244/3244 325/3246/3246
f 325/3246/3246 287/3244/3244 285/3245/3245
f 325/3246/3246 391/3247/3247 363/3257/3257
f 363/3257/3257 391/3247/3247 458/3249/3249
f 363/3257/3257 458/3249/3249 507/3250/3250
f 391/3247/3247 454/3248/3248 458/3249/3249
f 363/3257/3257 507/3250/3250 331/3258/3258
f 331/3258/3258 507/3250/3250 484/3251/3251
f 331/3258/3258 484/3251/3251 389/3254/3254
f 389/3254/3254 484/3251/3251 443/3252/3252
f 389/3254/3254 443/3252/3252 434/3253/3253
f 389/3254/3254 327/3255/3255 331/3258/3258
f 331/3258/3258 327/3255/3255 297/3256/3256
f 443/3260/3260 441/3261/3261 434/3259/3259
f 434/3259/3259 441/3261/3261 419/3262/3262
f 434/3259/3259 419/3262/3262 410/3267/3267
f 410/3267/3267 419/3262/3262 386/3263/3263
f 410/3267/3267 386/3263/3263 379/3266/3266
f 379/3266/3266 386/3263/3263 349/3264/3264
f 379/3266/3266 349/3264/3264 351/3265/3265
f 443/3268/3268 484/3269/3269 441/3271/3271
f 441/3271/3271 484/3269/3269 482/3270/3270
f 482/3279/3279 484/3272/3272 509/3278/3278
f 509/3278/3278 484/3272/3272 507/3273/3273
f 509/3278/3278 507/3273/3273 497/3277/3277
f 497/3277/3277 507/3273/3273 458/3274/3274
f 497/3277/3277 458/3274/3274 452/3276/3276
f 452/3276/3276 458/3274/3274 454/3275/3275
f 199/3280/3280 195/3281/3281 197/3287/3287
f 197/3287/3287 195/3281/3281 167/3286/3286
f 167/3286/3286 195/3281/3281 143/3282/3282
f 167/3286/3286 143/3282/3282 120/3285/3285
f 120/3285/3285 143/3282/3282 93/3283/3283
f 120/3285/3285 93/3283/3283 91/3284/3284
f 93/3288/3288 82/3289/3289 91/3292/3292
f 91/3292/3292 82/3289/3289 62/3291/3291
f 62/3291/3291 82/3289/3289 64/3290/3290
f 714/3293/3293 546/3294/3294 579/3326/3326
f 579/3326/3326 546/3294/3294 487/3325/3325
f 487/3325/3325 546/3294/3294 449/3295/3295
f 487/3325/3325 449/3295/3295 361/3324/3324
f 361/3324/3324 449/3295/3295 375/3296/3296
f 361/3324/3324 375/3296/3296 317/3297/3297
f 361/3324/3324 317/3297/3297 276/3323/3323
f 276/3323/3323 317/3297/3297 253/3298/3298
f 276/3323/3323 253/3298/3298 135/3322/3322
f 135/3322/3322 253/3298/3298 203/3299/3299
f 135/3322/3322 203/3299/3299 126/3300/3300
f 97/3301/3301 29/3317/3317 126/3300/3300
f 126/3300/3300 29/3317/3317 74/3321/3321
f 126/3300/3300 74/3321/3321 135/3322/3322
f 97/3301/3301 85/3302/3302 29/3317/3317
f 29/3317/3317 85/3302/3302 80/3303/3303
f 29/3317/3317 80/3303/3303 33/3316/3316
f 33/3316/3316 80/3303/3303 45/3315/3315
f 45/3315/3315 80/3303/3303 87/3304/3304
f 45/3315/3315 87/3304/3304 55/3314/3314
f 55/3314/3314 87/3304/3304 68/3313/3313
f 68/3313/3313 87/3304/3304 102/3305/3305
f 68/3313/3313 102/3305/3305 78/3312/3312
f 78/3312/3312 102/3305/3305 139/3306/3306
f 78/3312/3312 139/3306/3306 122/3311/3311
f 122/3311/3311 139/3306/3306 219/3307/3307
f 122/3311/3311 219/3307/3307 283/3308/3308
f 283/3308/3308 297/3309/3309 122/3311/3311
f 122/3311/3311 297/3309/3309 296/3310/3310
f 74/3321/3321 29/3317/3317 57/3320/3320
f 57/3320/3320 29/3317/3317 30/3318/3318
f 57/3320/3320 30/3318/3318 35/3319/3319
f 82/3327/3327 70/3328/3328 64/3335/3335
f 64/3335/3335 70/3328/3328 53/3334/3334
f 53/3334/3334 70/3328/3328 59/3329/3329
f 53/3334/3334 59/3329/3329 41/3333/3333
f 41/3333/3333 59/3329/3329 37/3330/3330
f 41/3333/3333 37/3330/3330 30/3332/3332
f 30/3332/3332 37/3330/3330 35/3331/3331
f 92/3343/3343 94/3336/3336 121/3342/3342
f 121/3342/3342 94/3336/3336 144/3337/3337
f 121/3342/3342 144/3337/3337 168/3341/3341
f 168/3341/3341 144/3337/3337 196/3338/3338
f 168/3341/3341 196/3338/3338 198/3340/3340
f 198/3340/3340 196/3338/3338 200/3339/3339
f 1049/3344/3344 1065/3345/3345 1064/3346/3346
f 2648/3348/3348 2611/3349/3349 2645/3347/3347
f 2645/3347/3347 2611/3349/3349 2569/3365/3365
f 2645/3347/3347 2569/3365/3365 2635/3364/3364
f 2635/3364/3364 2569/3365/3365 2605/3363/3363
f 2605/3363/3363 2569/3365/3365 2540/3366/3366
f 2605/3363/3363 2540/3366/3366 2595/3362/3362
f 2595/3362/3362 2540/3366/3366 2546/3360/3360
f 2595/3362/3362 2546/3360/3360 2593/3361/3361
f 2611/3349/3349 2564/3350/3350 2569/3365/3365
f 2569/3365/3365 2564/3350/3350 2478/3352/3352
f 2569/3365/3365 2478/3352/3352 2470/3353/3353
f 2564/3350/3350 2483/3351/3351 2478/3352/3352
f 2470/3353/3353 2466/3354/3354 2569/3365/3365
f 2569/3365/3365 2466/3354/3354 2460/3355/3355
f 2569/3365/3365 2460/3355/3355 2540/3366/3366
f 2540/3366/3366 2460/3355/3355 2425/3356/3356
f 2540/3366/3366 2425/3356/3356 2494/3359/3359
f 2494/3359/3359 2425/3356/3356 2392/3357/3357
f 2494/3359/3359 2392/3357/3357 2388/3358/3358
f 2494/3359/3359 2546/3360/3360 2540/3366/3366
f 2497/3379/3379 2483/3367/3367 2578/3375/3375
f 2578/3375/3375 2483/3367/3367 2564/3368/3368
f 2578/3375/3375 2564/3368/3368 2620/3374/3374
f 2620/3374/3374 2564/3368/3368 2611/3369/3369
f 2620/3374/3374 2611/3369/3369 2654/3373/3373
f 2654/3373/3373 2611/3369/3369 2680/3372/3372
f 2680/3372/3372 2611/3369/3369 2677/3371/3371
f 2677/3371/3371 2611/3369/3369 2648/3370/3370
f 2578/3375/3375 2518/3376/3376 2497/3379/3379
f 2497/3379/3379 2518/3376/3376 2487/3378/3378
f 2487/3378/3378 2518/3376/3376 2468/3377/3377
f 2645/3381/3381 2643/3382/3382 2648/3380/3380
f 2648/3380/3380 2643/3382/3382 2672/3383/3383
f 2648/3380/3380 2672/3383/3383 2677/3388/3388
f 2677/3388/3388 2672/3383/3383 2682/3384/3384
f 2677/3388/3388 2682/3384/3384 2680/3387/3387
f 2680/3387/3387 2682/3384/3384 2652/3385/3385
f 2680/3387/3387 2652/3385/3385 2654/3386/3386
f 2876/3390/3390 2868/3391/3391 2862/3389/3389
f 2862/3389/3389 2868/3391/3391 2835/3407/3407
f 2862/3389/3389 2835/3407/3407 2854/3406/3406
f 2854/3406/3406 2835/3407/3407 2844/3405/3405
f 2844/3405/3405 2835/3407/3407 2766/3408/3408
f 2844/3405/3405 2766/3408/3408 2827/3404/3404
f 2827/3404/3404 2766/3408/3408 2785/3403/3403
f 2785/3403/3403 2766/3408/3408 2737/3400/3400
f 2785/3403/3403 2737/3400/3400 2748/3402/3402
f 2748/3402/3402 2737/3400/3400 2746/3401/3401
f 2868/3391/3391 2858/3392/3392 2835/3407/3407
f 2835/3407/3407 2858/3392/3392 2810/3394/3394
f 2835/3407/3407 2810/3394/3394 2733/3395/3395
f 2858/3392/3392 2825/3393/3393 2810/3394/3394
f 2733/3395/3395 2699/3396/3396 2835/3407/3407
f 2835/3407/3407 2699/3396/3396 2766/3408/3408
f 2699/3396/3396 2693/3397/3397 2766/3408/3408
f 2766/3408/3408 2693/3397/3397 2723/3399/3399
f 2766/3408/3408 2723/3399/3399 2737/3400/3400
f 2693/3397/3397 2697/3398/3398 2723/3399/3399
f 2697/3409/3409 2693/3410/3410 2695/3416/3416
f 2695/3416/3416 2693/3410/3410 2689/3415/3415
f 2689/3415/3415 2693/3410/3410 2699/3411/3411
f 2689/3415/3415 2699/3411/3411 2704/3414/3414
f 2704/3414/3414 2699/3411/3411 2733/3412/3412
f 2704/3414/3414 2733/3412/3412 2731/3413/3413
f 2826/3418/3418 2859/3419/3419 2811/3417/3417
f 2811/3417/3417 2859/3419/3419 2836/3435/3435
f 2811/3417/3417 2836/3435/3435 2734/3434/3434
f 2734/3434/3434 2836/3435/3435 2700/3433/3433
f 2700/3433/3433 2836/3435/3435 2767/3436/3436
f 2700/3433/3433 2767/3436/3436 2694/3432/3432
f 2694/3432/3432 2767/3436/3436 2724/3430/3430
f 2694/3432/3432 2724/3430/3430 2698/3431/3431
f 2859/3419/3419 2869/3420/3420 2836/3435/3435
f 2836/3435/3435 2869/3420/3420 2863/3422/3422
f 2836/3435/3435 2863/3422/3422 2855/3423/3423
f 2869/3420/3420 2877/3421/3421 2863/3422/3422
f 2855/3423/3423 2845/3424/3424 2836/3435/3435
f 2836/3435/3435 2845/3424/3424 2828/3425/3425
f 2836/3435/3435 2828/3425/3425 2767/3436/3436
f 2767/3436/3436 2828/3425/3425 2786/3426/3426
f 2767/3436/3436 2786/3426/3426 2738/3429/3429
f 2738/3429/3429 2786/3426/3426 2749/3427/3427
f 2738/3429/3429 2749/3427/3427 2747/3428/3428
f 2738/3429/3429 2724/3430/3430 2767/3436/3436
f 2811/3437/3437 2734/3438/3438 2809/3440/3440
f 2809/3440/3440 2734/3438/3438 2732/3439/3439
f 2732/3448/3448 2734/3441/3441 2705/3447/3447
f 2705/3447/3447 2734/3441/3441 2700/3442/3442
f 2705/3447/3447 2700/3442/3442 2690/3446/3446
f 2690/3446/3446 2700/3442/3442 2694/3443/3443
f 2690/3446/3446 2694/3443/3443 2696/3445/3445
f 2696/3445/3445 2694/3443/3443 2698/3444/3444
f 2484/3450/3450 2565/3451/3451 2479/3449/3449
f 2479/3449/3449 2565/3451/3451 2570/3467/3467
f 2479/3449/3449 2570/3467/3467 2471/3466/3466
f 2471/3466/3466 2570/3467/3467 2467/3465/3465
f 2467/3465/3465 2570/3467/3467 2541/3468/3468
f 2467/3465/3465 2541/3468/3468 2461/3464/3464
f 2461/3464/3464 2541/3468/3468 2426/3463/3463
f 2426/3463/3463 2541/3468/3468 2495/3460/3460
f 2426/3463/3463 2495/3460/3460 2393/3462/3462
f 2393/3462/3462 2495/3460/3460 2389/3461/3461
f 2565/3451/3451 2612/3452/3452 2570/3467/3467
f 2570/3467/3467 2612/3452/3452 2646/3454/3454
f 2570/3467/3467 2646/3454/3454 2636/3455/3455
f 2612/3452/3452 2649/3453/3453 2646/3454/3454
f 2636/3455/3455 2606/3456/3456 2570/3467/3467
f 2570/3467/3467 2606/3456/3456 2541/3468/3468
f 2541/3468/3468 2606/3456/3456 2547/3459/3459
f 2547/3459/3459 2606/3456/3456 2596/3457/3457
f 2547/3459/3459 2596/3457/3457 2594/3458/3458
f 2547/3459/3459 2495/3460/3460 2541/3468/3468
f 2594/3469/3469 2596/3470/3470 2592/3476/3476
f 2592/3476/3476 2596/3470/3470 2601/3475/3475
f 2601/3475/3475 2596/3470/3470 2606/3471/3471
f 2601/3475/3475 2606/3471/3471 2619/3474/3474
f 2619/3474/3474 2606/3471/3471 2636/3472/3472
f 2619/3474/3474 2636/3472/3472 2634/3473/3473
f 2646/3478/3478 2644/3479/3479 2636/3477/3477
f 2636/3477/3477 2644/3479/3479 2634/3480/3480
f 2646/3481/3481 2649/3482/3482 2644/3489/3489
f 2644/3489/3489 2649/3482/3482 2673/3488/3488
f 2673/3488/3488 2649/3482/3482 2678/3483/3483
f 2673/3488/3488 2678/3483/3483 2683/3487/3487
f 2683/3487/3487 2678/3483/3483 2681/3484/3484
f 2683/3487/3487 2681/3484/3484 2653/3486/3486
f 2653/3486/3486 2681/3484/3484 2655/3485/3485
f 639/3491/3491 832/3492/3492 647/3490/3490
f 647/3490/3490 832/3492/3492 817/3511/3511
f 647/3490/3490 817/3511/3511 679/3509/3509
f 679/3509/3509 817/3511/3511 717/3508/3508
f 717/3508/3508 817/3511/3511 824/3512/3512
f 717/3508/3508 824/3512/3512 744/3507/3507
f 744/3507/3507 824/3512/3512 748/3506/3506
f 748/3506/3506 824/3512/3512 881/3505/3505
f 881/3505/3505 824/3512/3512 921/3514/3514
f 881/3505/3505 921/3514/3514 997/3504/3504
f 997/3504/3504 921/3514/3514 1035/3516/3516
f 997/3504/3504 1035/3516/3516 1146/3503/3503
f 1146/3503/3503 1035/3516/3516 1164/3517/3517
f 1146/3503/3503 1164/3517/3517 1297/3502/3502
f 1297/3502/3502 1164/3517/3517 1295/3501/3501
f 1295/3501/3501 1164/3517/3517 1256/3500/3500
f 1256/3500/3500 1164/3517/3517 1268/3499/3499
f 1268/3499/3499 1164/3517/3517 1170/3510/3510
f 1268/3499/3499 1170/3510/3510 1288/3498/3498
f 1288/3498/3498 1170/3510/3510 1304/3497/3497
f 1304/3497/3497 1170/3510/3510 1320/3496/3496
f 1320/3496/3496 1170/3510/3510 1144/3494/3494
f 1320/3496/3496 1144/3494/3494 1343/3495/3495
f 817/3511/3511 832/3492/3492 919/3513/3513
f 919/3513/3513 832/3492/3492 956/3493/3493
f 919/3513/3513 956/3493/3493 1042/3515/3515
f 1042/3515/3515 956/3493/3493 1144/3494/3494
f 1042/3515/3515 1144/3494/3494 1170/3510/3510
f 921/3514/3514 824/3512/3512 817/3511/3511
f 1035/3516/3516 921/3514/3514 919/3513/3513
f 919/3513/3513 921/3514/3514 817/3511/3511
f 1164/3517/3517 1035/3516/3516 1042/3515/3515
f 1042/3515/3515 1035/3516/3516 919/3513/3513
f 1170/3510/3510 1164/3517/3517 1042/3515/3515
f 1343/3518/3518 1144/3519/3519 1369/3532/3532
f 1369/3532/3532 1144/3519/3519 1379/3529/3529
f 1369/3532/3532 1379/3529/3529 1401/3531/3531
f 1401/3531/3531 1379/3529/3529 1441/3530/3530
f 1379/3529/3529 1144/3519/3519 1166/3528/3528
f 1166/3528/3528 1144/3519/3519 956/3520/3520
f 1166/3528/3528 956/3520/3520 993/3527/3527
f 993/3527/3527 956/3520/3520 851/3526/3526
f 851/3526/3526 956/3520/3520 832/3521/3521
f 851/3526/3526 832/3521/3521 703/3525/3525
f 703/3525/3525 832/3521/3521 665/3524/3524
f 665/3524/3524 832/3521/3521 635/3523/3523
f 635/3523/3523 832/3521/3521 639/3522/3522
f 647/3534/3534 645/3535/3535 639/3533/3533
f 639/3533/3533 645/3535/3535 633/3536/3536
f 639/3533/3533 633/3536/3536 635/3541/3541
f 635/3541/3541 633/3536/3536 651/3537/3537
f 635/3541/3541 651/3537/3537 665/3540/3540
f 665/3540/3540 651/3537/3537 701/3538/3538
f 665/3540/3540 701/3538/3538 703/3539/3539
f 444/3543/3543 442/3544/3544 485/3542/3542
f 485/3542/3542 442/3544/3544 483/3545/3545
f 444/3546/3546 435/3547/3547 442/3554/3554
f 442/3554/3554 435/3547/3547 420/3553/3553
f 420/3553/3553 435/3547/3547 411/3548/3548
f 420/3553/3553 411/3548/3548 387/3552/3552
f 387/3552/3552 411/3548/3548 380/3549/3549
f 387/3552/3552 380/3549/3549 350/3551/3551
f 350/3551/3551 380/3549/3549 352/3550/3550
f 435/3555/3555 390/3556/3556 411/3564/3564
f 411/3564/3564 390/3556/3556 380/3563/3563
f 380/3563/3563 390/3556/3556 352/3562/3562
f 352/3562/3562 390/3556/3556 321/3561/3561
f 321/3561/3561 390/3556/3556 328/3557/3557
f 321/3561/3561 328/3557/3557 309/3560/3560
f 309/3560/3560 328/3557/3557 299/3559/3559
f 299/3559/3559 328/3557/3557 298/3558/3558
f 600/3566/3566 627/3567/3567 598/3565/3565
f 598/3565/3565 627/3567/3567 666/3568/3568
f 598/3565/3565 666/3568/3568 700/3569/3569
f 598/3565/3565 700/3569/3569 769/3579/3579
f 769/3579/3579 700/3569/3569 702/3570/3570
f 769/3579/3579 702/3570/3570 850/3571/3571
f 769/3579/3579 850/3571/3571 907/3578/3578
f 907/3578/3578 850/3571/3571 992/3572/3572
f 907/3578/3578 992/3572/3572 1032/3577/3577
f 1032/3577/3577 992/3572/3572 1165/3573/3573
f 1032/3577/3577 1165/3573/3573 1171/3576/3576
f 1171/3576/3576 1165/3573/3573 1378/3574/3574
f 1171/3576/3576 1378/3574/3574 1376/3575/3575
f 638/3580/3580 831/3581/3581 634/3594/3594
f 634/3594/3594 831/3581/3581 664/3593/3593
f 664/3593/3593 831/3581/3581 702/3592/3592
f 702/3592/3592 831/3581/3581 850/3591/3591
f 850/3591/3591 831/3581/3581 955/3582/3582
f 850/3591/3591 955/3582/3582 992/3590/3590
f 992/3590/3590 955/3582/3582 1165/3589/3589
f 1165/3589/3589 955/3582/3582 1143/3583/3583
f 1165/3589/3589 1143/3583/3583 1378/3588/3588
f 1378/3588/3588 1143/3583/3583 1375/3585/3585
f 1378/3588/3588 1375/3585/3585 1398/3586/3586
f 1143/3583/3583 1342/3584/3584 1375/3585/3585
f 1398/3586/3586 1440/3587/3587 1378/3588/3588
f 2810/3596/3596 2808/3597/3597 2733/3595/3595
f 2733/3595/3595 2808/3597/3597 2731/3598/3598
f 2825/3599/3599 2858/3600/3600 2856/3611/3611
f 2856/3611/3611 2858/3600/3600 2874/3610/3610
f 2874/3610/3610 2858/3600/3600 2882/3609/3609
f 2882/3609/3609 2858/3600/3600 2868/3601/3601
f 2882/3609/3609 2868/3601/3601 2892/3608/3608
f 2892/3608/3608 2868/3601/3601 2898/3607/3607
f 2898/3607/3607 2868/3601/3601 2887/3603/3603
f 2898/3607/3607 2887/3603/3603 2902/3606/3606
f 2902/3606/3606 2887/3603/3603 2894/3604/3604
f 2902/3606/3606 2894/3604/3604 2903/3605/3605
f 2868/3601/3601 2876/3602/3602 2887/3603/3603
f 2811/3613/3613 2809/3614/3614 2826/3612/3612
f 2826/3612/3612 2809/3614/3614 2853/3615/3615
f 2826/3612/3612 2853/3615/3615 2857/3620/3620
f 2857/3620/3620 2853/3615/3615 2871/3616/3616
f 2857/3620/3620 2871/3616/3616 2875/3619/3619
f 2875/3619/3619 2871/3616/3616 2881/3617/3617
f 2875/3619/3619 2881/3617/3617 2883/3618/3618
f 2810/3621/3621 2825/3622/3622 2808/3629/3629
f 2808/3629/3629 2825/3622/3622 2852/3628/3628
f 2852/3628/3628 2825/3622/3622 2856/3623/3623
f 2852/3628/3628 2856/3623/3623 2870/3627/3627
f 2870/3627/3627 2856/3623/3623 2874/3624/3624
f 2870/3627/3627 2874/3624/3624 2880/3626/3626
f 2880/3626/3626 2874/3624/3624 2882/3625/3625
f 2645/3630/3630 2635/3631/3631 2643/3633/3633
f 2643/3633/3633 2635/3631/3631 2633/3632/3632
f 2633/3641/3641 2635/3634/3634 2618/3640/3640
f 2618/3640/3640 2635/3634/3634 2605/3635/3635
f 2618/3640/3640 2605/3635/3635 2600/3639/3639
f 2600/3639/3639 2605/3635/3635 2595/3636/3636
f 2600/3639/3639 2595/3636/3636 2591/3638/3638
f 2591/3638/3638 2595/3636/3636 2593/3637/3637
f 2649/3642/3642 2612/3643/3643 2678/3653/3653
f 2678/3653/3653 2612/3643/3643 2681/3652/3652
f 2681/3652/3652 2612/3643/3643 2655/3651/3651
f 2655/3651/3651 2612/3643/3643 2613/3650/3650
f 2613/3650/3650 2612/3643/3643 2565/3644/3644
f 2613/3650/3650 2565/3644/3644 2559/3649/3649
f 2559/3649/3649 2565/3644/3644 2484/3645/3645
f 2559/3649/3649 2484/3645/3645 2496/3646/3646
f 2496/3646/3646 2490/3647/3647 2559/3649/3649
f 2559/3649/3649 2490/3647/3647 2480/3648/3648
f 36/3654/3654 38/3655/3655 31/3662/3662
f 31/3662/3662 38/3655/3655 42/3661/3661
f 42/3661/3661 38/3655/3655 60/3656/3656
f 42/3661/3661 60/3656/3656 54/3660/3660
f 54/3660/3660 60/3656/3656 71/3657/3657
f 54/3660/3660 71/3657/3657 65/3659/3659
f 65/3659/3659 71/3657/3657 83/3658/3658
f 63/3664/3664 52/3665/3665 65/3663/3663
f 65/3663/3663 52/3665/3665 54/3670/3670
f 54/3670/3670 52/3665/3665 40/3666/3666
f 54/3670/3670 40/3666/3666 42/3669/3669
f 42/3669/3669 40/3666/3666 28/3667/3667
f 42/3669/3669 28/3667/3667 31/3668/3668
f 94/3672/3672 92/3673/3673 83/3671/3671
f 83/3671/3671 92/3673/3673 63/3674/3674
f 83/3671/3671 63/3674/3674 65/3675/3675
f 30/3676/3676 25/3677/3677 41/3683/3683
f 41/3683/3683 25/3677/3677 39/3678/3678
f 41/3683/3683 39/3678/3678 53/3682/3682
f 53/3682/3682 39/3678/3678 51/3679/3679
f 53/3682/3682 51/3679/3679 64/3681/3681
f 64/3681/3681 51/3679/3679 62/3680/3680
f 647/3684/3684 679/3685/3685 645/3687/3687
f 645/3687/3687 679/3685/3685 677/3686/3686
f 677/3695/3695 679/3688/3688 705/3694/3694
f 705/3694/3694 679/3688/3688 717/3689/3689
f 705/3694/3694 717/3689/3689 725/3693/3693
f 725/3693/3693 717/3689/3689 744/3690/3690
f 725/3693/3693 744/3690/3690 746/3692/3692
f 746/3692/3692 744/3690/3690 748/3691/3691
f 455/3696/3696 459/3697/3697 453/3703/3703
f 453/3703/3703 459/3697/3697 498/3702/3702
f 498/3702/3702 459/3697/3697 508/3698/3698
f 498/3702/3702 508/3698/3698 510/3701/3701
f 510/3701/3701 508/3698/3698 485/3699/3699
f 510/3701/3701 485/3699/3699 483/3700/3700
f 297/3704/3704 327/3705/3705 296/3713/3713
f 296/3713/3713 327/3705/3705 308/3712/3712
f 308/3712/3712 327/3705/3705 320/3711/3711
f 320/3711/3711 327/3705/3705 389/3706/3706
f 320/3711/3711 389/3706/3706 351/3710/3710
f 351/3710/3710 389/3706/3706 379/3709/3709
f 379/3709/3709 389/3706/3706 410/3708/3708
f 410/3708/3708 389/3706/3706 434/3707/3707
f 2877/3714/3714 2869/3715/3715 2884/3726/3726
f 2884/3726/3726 2869/3715/3715 2899/3722/3722
f 2884/3726/3726 2899/3722/3722 2905/3723/3723
f 2859/3716/3716 2883/3720/3720 2869/3715/3715
f 2869/3715/3715 2883/3720/3720 2893/3721/3721
f 2869/3715/3715 2893/3721/3721 2899/3722/3722
f 2826/3717/3717 2857/3718/3718 2859/3716/3716
f 2859/3716/3716 2857/3718/3718 2875/3719/3719
f 2859/3716/3716 2875/3719/3719 2883/3720/3720
f 2904/3724/3724 2897/3725/3725 2905/3723/3723
f 2905/3723/3723 2897/3725/3725 2884/3726/3726
f 2382/3727/3727 2423/3728/3728 2468/3737/3737
f 2468/3737/3737 2423/3728/3728 2487/3736/3736
f 2487/3736/3736 2423/3728/3728 2456/3729/3729
f 2487/3736/3736 2456/3729/3729 2497/3735/3735
f 2497/3735/3735 2456/3729/3729 2465/3730/3730
f 2497/3735/3735 2465/3730/3730 2483/3734/3734
f 2483/3734/3734 2465/3730/3730 2476/3732/3732
f 2483/3734/3734 2476/3732/3732 2478/3733/3733
f 2465/3730/3730 2462/3731/3731 2476/3732/3732
f 2851/3738/3738 2848/3739/3739 2904/3748/3748
f 2904/3748/3748 2848/3739/3739 2897/3747/3747
f 2897/3747/3747 2848/3739/3739 2847/3740/3740
f 2897/3747/3747 2847/3740/3740 2884/3746/3746
f 2884/3746/3746 2847/3740/3740 2832/3741/3741
f 2884/3746/3746 2832/3741/3741 2877/3745/3745
f 2877/3745/3745 2832/3741/3741 2861/3743/3743
f 2877/3745/3745 2861/3743/3743 2863/3744/3744
f 2832/3741/3741 2830/3742/3742 2861/3743/3743
f 1381/3749/3749 1355/3750/3750 1441/3759/3759
f 1441/3759/3759 1355/3750/3750 1401/3758/3758
f 1401/3758/3758 1355/3750/3750 1311/3751/3751
f 1401/3758/3758 1311/3751/3751 1369/3757/3757
f 1369/3757/3757 1311/3751/3751 1274/3752/3752
f 1369/3757/3757 1274/3752/3752 1343/3756/3756
f 1343/3756/3756 1274/3752/3752 1314/3754/3754
f 1343/3756/3756 1314/3754/3754 1320/3755/3755
f 1274/3752/3752 1270/3753/3753 1314/3754/3754
f 2514/3761/3761 2500/3762/3762 2517/3760/3760
f 2517/3760/3760 2500/3762/3762 2481/3763/3763
f 2517/3760/3760 2481/3763/3763 2469/3764/3764
f 2517/3760/3760 2469/3764/3764 2516/3768/3768
f 2516/3768/3768 2469/3764/3764 1441/3765/3765
f 2516/3768/3768 1441/3765/3765 1377/3767/3767
f 1377/3767/3767 1441/3765/3765 1379/3766/3766
f 1268/3770/3770 1288/3771/3771 1270/3769/3769
f 1270/3769/3769 1288/3771/3771 1304/3772/3772
f 1270/3769/3769 1304/3772/3772 1314/3774/3774
f 1314/3774/3774 1304/3772/3772 1320/3773/3773
f 2905/3776/3776 2901/3777/3777 2904/3775/3775
f 2904/3775/3775 2901/3777/3777 2900/3778/3778
f 2904/3775/3775 2900/3778/3778 2903/3780/3780
f 2903/3780/3780 2900/3778/3778 2902/3779/3779
f 2828/3782/3782 2845/3783/3783 2830/3781/3781
f 2830/3781/3781 2845/3783/3783 2855/3784/3784
f 2830/3781/3781 2855/3784/3784 2861/3786/3786
f 2861/3786/3786 2855/3784/3784 2863/3785/3785
f 2460/3788/3788 2466/3789/3789 2462/3787/3787
f 2462/3787/3787 2466/3789/3789 2470/3790/3790
f 2462/3787/3787 2470/3790/3790 2476/3792/3792
f 2476/3792/3792 2470/3790/3790 2478/3791/3791
f 417/3794/3794 396/3795/3795 415/3793/3793
f 415/3793/3793 396/3795/3795 368/3796/3796
f 415/3793/3793 368/3796/3796 350/3797/3797
f 352/3798/3798 321/3799/3799 350/3797/3797
f 350/3797/3797 321/3799/3799 309/3800/3800
f 350/3797/3797 309/3800/3800 293/3813/3813
f 293/3813/3813 309/3800/3800 299/3801/3801
f 293/3813/3813 299/3801/3801 123/3802/3802
f 293/3813/3813 123/3802/3802 117/3812/3812
f 117/3812/3812 123/3802/3802 79/3803/3803
f 117/3812/3812 79/3803/3803 67/3811/3811
f 67/3811/3811 79/3803/3803 69/3804/3804
f 67/3811/3811 69/3804/3804 56/3805/3805
f 67/3811/3811 56/3805/3805 44/3810/3810
f 44/3810/3810 56/3805/3805 46/3806/3806
f 44/3810/3810 46/3806/3806 34/3807/3807
f 32/3808/3808 24/3809/3809 34/3807/3807
f 34/3807/3807 24/3809/3809 44/3810/3810
f 293/3813/3813 415/3793/3793 350/3797/3797
f 26/3815/3815 25/3816/3816 22/3814/3814
f 22/3814/3814 25/3816/3816 21/3819/3819
f 21/3819/3819 25/3816/3816 29/3818/3818
f 29/3818/3818 25/3816/3816 30/3817/3817
f 1376/3821/3821 1440/3823/3823 2515/3820/3820
f 2515/3820/3820 1440/3823/3823 2468/3824/3824
f 2515/3820/3820 2468/3824/3824 2518/3825/3825
f 1376/3821/3821 1378/3822/3822 1440/3823/3823
f 979/3826/3826 1136/3827/3827 980/3834/3834
f 980/3834/3834 1136/3827/3827 1025/3833/3833
f 1025/3833/3833 1136/3827/3827 1240/3828/3828
f 1025/3833/3833 1240/3828/3828 1061/3832/3832
f 1061/3832/3832 1240/3828/3828 1431/3829/3829
f 1061/3832/3832 1431/3829/3829 1125/3831/3831
f 1125/3831/3831 1431/3829/3829 1547/3830/3830
f 2031/3836/3836 2076/3837/3837 1783/3835/3835
f 1783/3835/3835 2076/3837/3837 2136/3838/3838
f 1783/3835/3835 2136/3838/3838 1896/3849/3849
f 1896/3849/3849 2136/3838/3838 1965/3848/3848
f 1965/3848/3848 2136/3838/3838 2381/3844/3844
f 1965/3848/3848 2381/3844/3844 2064/3847/3847
f 2064/3847/3847 2381/3844/3844 2246/3845/3845
f 2064/3847/3847 2246/3845/3845 2158/3846/3846
f 2136/3838/3838 2175/3839/3839 2381/3844/3844
f 2381/3844/3844 2175/3839/3839 2539/3843/3843
f 2539/3843/3843 2175/3839/3839 2628/3842/3842
f 2628/3842/3842 2175/3839/3839 2229/3840/3840
f 2628/3842/3842 2229/3840/3840 2285/3841/3841
f 872/3850/3850 739/3851/3851 871/3858/3858
f 871/3858/3858 739/3851/3851 837/3857/3857
f 837/3857/3857 739/3851/3851 591/3852/3852
f 837/3857/3857 591/3852/3852 793/3856/3856
f 793/3856/3856 591/3852/3852 466/3853/3853
f 793/3856/3856 466/3853/3853 756/3855/3855
f 756/3855/3855 466/3853/3853 342/3854/3854
f 1181/3867/3867 1658/3859/3859 1195/3866/3866
f 1195/3866/3866 1658/3859/3859 1750/3860/3860
f 1195/3866/3866 1750/3860/3860 1800/3861/3861
f 1195/3866/3866 1800/3861/3861 1196/3865/3865
f 1196/3865/3865 1800/3861/3861 1751/3862/3862
f 1196/3865/3865 1751/3862/3862 1659/3863/3863
f 1659/3863/3863 1182/3864/3864 1196/3865/3865
f 2626/3868/3868 2554/3869/3869 2283/3876/3876
f 2283/3876/3876 2554/3869/3869 2253/3875/3875
f 2253/3875/3875 2554/3869/3869 2444/3870/3870
f 2253/3875/3875 2444/3870/3870 2224/3874/3874
f 2224/3874/3874 2444/3870/3870 2288/3871/3871
f 2224/3874/3874 2288/3871/3871 2206/3873/3873
f 2206/3873/3873 2288/3871/3871 2207/3872/3872
f 974/3885/3885 973/3877/3877 1133/3884/3884
f 1133/3884/3884 973/3877/3877 1022/3878/3878
f 1133/3884/3884 1022/3878/3878 1237/3883/3883
f 1237/3883/3883 1022/3878/3878 1058/3879/3879
f 1237/3883/3883 1058/3879/3879 1428/3882/3882
f 1428/3882/3882 1058/3879/3879 1122/3880/3880
f 1428/3882/3882 1122/3880/3880 1544/3881/3881
f 345/3886/3886 469/3887/3887 759/3894/3894
f 759/3894/3894 469/3887/3887 796/3893/3893
f 796/3893/3893 469/3887/3887 594/3888/3888
f 796/3893/3893 594/3888/3888 840/3892/3892
f 840/3892/3892 594/3888/3888 742/3889/3889
f 840/3892/3892 742/3889/3889 878/3891/3891
f 878/3891/3891 742/3889/3889 877/3890/3890
f 688/3896/3896 658/3897/3897 262/3895/3895
f 262/3895/3895 658/3897/3897 189/3903/3903
f 189/3903/3903 658/3897/3897 154/3902/3902
f 154/3902/3902 658/3897/3897 659/3898/3898
f 154/3902/3902 659/3898/3898 190/3901/3901
f 190/3901/3901 659/3898/3898 263/3900/3900
f 263/3900/3900 659/3898/3898 689/3899/3899
f 978/3912/3912 977/3904/3904 1135/3911/3911
f 1135/3911/3911 977/3904/3904 1024/3905/3905
f 1135/3911/3911 1024/3905/3905 1239/3910/3910
f 1239/3910/3910 1024/3905/3905 1060/3906/3906
f 1239/3910/3910 1060/3906/3906 1430/3909/3909
f 1430/3909/3909 1060/3906/3906 1124/3907/3907
f 1430/3909/3909 1124/3907/3907 1546/3908/3908
f 873/3913/3913 874/3914/3914 740/3921/3921
f 740/3921/3921 874/3914/3914 838/3915/3915
f 740/3921/3921 838/3915/3915 592/3920/3920
f 592/3920/3920 838/3915/3915 794/3916/3916
f 592/3920/3920 794/3916/3916 467/3919/3919
f 467/3919/3919 794/3916/3916 757/3917/3917
f 467/3919/3919 757/3917/3917 343/3918/3918
f 1183/3922/3922 1660/3923/3923 1197/3930/3930
f 1197/3930/3930 1660/3923/3923 1752/3924/3924
f 1197/3930/3930 1752/3924/3924 1801/3925/3925
f 1197/3930/3930 1801/3925/3925 1198/3929/3929
f 1198/3929/3929 1801/3925/3925 1753/3926/3926
f 1198/3929/3929 1753/3926/3926 1661/3927/3927
f 1661/3927/3927 1184/3928/3928 1198/3929/3929
f 1180/3932/3932 1194/3933/3933 1657/3931/3931
f 1657/3931/3931 1194/3933/3933 1749/3939/3939
f 1749/3939/3939 1194/3933/3933 1799/3938/3938
f 1799/3938/3938 1194/3933/3933 1193/3934/3934
f 1799/3938/3938 1193/3934/3934 1748/3937/3937
f 1748/3937/3937 1193/3934/3934 1656/3936/3936
f 1656/3936/3936 1193/3934/3934 1179/3935/3935
f 975/3940/3940 1134/3941/3941 976/3948/3948
f 976/3948/3948 1134/3941/3941 1023/3947/3947
f 1023/3947/3947 1134/3941/3941 1238/3942/3942
f 1023/3947/3947 1238/3942/3942 1059/3946/3946
f 1059/3946/3946 1238/3942/3942 1429/3943/3943
f 1059/3946/3946 1429/3943/3943 1123/3945/3945
f 1123/3945/3945 1429/3943/3943 1545/3944/3944
f 760/3949/3949 829/3950/3950 346/3963/3963
f 346/3963/3963 829/3950/3950 898/3951/3951
f 346/3963/3963 898/3951/3951 502/3962/3962
f 502/3962/3962 898/3951/3951 620/3961/3961
f 620/3961/3961 898/3951/3951 1222/3957/3957
f 620/3961/3961 1222/3957/3957 806/3960/3960
f 806/3960/3960 1222/3957/3957 1053/3958/3958
f 806/3960/3960 1053/3958/3958 928/3959/3959
f 898/3951/3951 949/3952/3952 1222/3957/3957
f 1222/3957/3957 949/3952/3952 1415/3956/3956
f 1415/3956/3956 949/3952/3952 1548/3955/3955
f 1548/3955/3955 949/3952/3952 1040/3953/3953
f 1548/3955/3955 1040/3953/3953 1126/3954/3954
f 693/3972/3972 267/3964/3964 663/3971/3971
f 663/3971/3971 267/3964/3964 194/3965/3965
f 663/3971/3971 194/3965/3965 156/3966/3966
f 663/3971/3971 156/3966/3966 662/3970/3970
f 662/3970/3970 156/3966/3966 193/3967/3967
f 662/3970/3970 193/3967/3967 266/3968/3968
f 266/3968/3968 692/3969/3969 662/3970/3970
f 344/3981/3981 758/3973/3973 468/3980/3980
f 468/3980/3980 758/3973/3973 795/3974/3974
f 468/3980/3980 795/3974/3974 593/3979/3979
f 593/3979/3979 795/3974/3974 839/3975/3975
f 593/3979/3979 839/3975/3975 741/3978/3978
f 741/3978/3978 839/3975/3975 875/3976/3976
f 741/3978/3978 875/3976/3976 876/3977/3977
f 691/3982/3982 265/3983/3983 661/3990/3990
f 661/3990/3990 265/3983/3983 192/3984/3984
f 661/3990/3990 192/3984/3984 155/3985/3985
f 661/3990/3990 155/3985/3985 660/3989/3989
f 660/3989/3989 155/3985/3985 191/3986/3986
f 660/3989/3989 191/3986/3986 264/3987/3987
f 264/3987/3987 690/3988/3988 660/3989/3989
f 1781/3999/3999 2029/3991/3991 1882/3998/3998
f 1882/3998/3998 2029/3991/3991 2059/3992/3992
f 1882/3998/3998 2059/3992/3992 1947/3997/3997
f 1947/3997/3997 2059/3992/3992 2082/3993/3993
f 1947/3997/3997 2082/3993/3993 2016/3996/3996
f 2016/3996/3996 2082/3993/3993 2123/3994/3994
f 2016/3996/3996 2123/3994/3994 2124/3995/3995
f 501/4001/4001 897/4012/4012 341/4000/4000
f 341/4000/4000 897/4012/4012 828/4013/4013
f 341/4000/4000 828/4013/4013 755/4014/4014
f 501/4001/4001 619/4002/4002 897/4012/4012
f 897/4012/4012 619/4002/4002 1221/4006/4006
f 897/4012/4012 1221/4006/4006 948/4011/4011
f 948/4011/4011 1221/4006/4006 1414/4007/4007
f 948/4011/4011 1414/4007/4007 1543/4008/4008
f 619/4002/4002 805/4003/4003 1221/4006/4006
f 1221/4006/4006 805/4003/4003 1052/4005/4005
f 1052/4005/4005 805/4003/4003 927/4004/4004
f 1121/4009/4009 1039/4010/4010 1543/4008/4008
f 1543/4008/4008 1039/4010/4010 948/4011/4011
f 2282/4016/4016 2228/4017/4017 2625/4015/4015
f 2625/4015/4015 2228/4017/4017 2174/4018/4018
f 2625/4015/4015 2174/4018/4018 2538/4029/4029
f 2538/4029/4029 2174/4018/4018 2380/4028/4028
f 2380/4028/4028 2174/4018/4018 2135/4019/4019
f 2380/4028/4028 2135/4019/4019 1964/4024/4024
f 1964/4024/4024 2135/4019/4019 1895/4023/4023
f 1895/4023/4023 2135/4019/4019 1780/4022/4022
f 1780/4022/4022 2135/4019/4019 2075/4020/4020
f 1780/4022/4022 2075/4020/4020 2028/4021/4021
f 1964/4024/4024 2063/4025/4025 2380/4028/4028
f 2380/4028/4028 2063/4025/4025 2245/4027/4027
f 2245/4027/4027 2063/4025/4025 2157/4026/4026
f 1993/4038/4038 1632/4030/4030 1983/4037/4037
f 1983/4037/4037 1632/4030/4030 1566/4031/4031
f 1983/4037/4037 1566/4031/4031 1529/4032/4032
f 1983/4037/4037 1529/4032/4032 1982/4036/4036
f 1982/4036/4036 1529/4032/4032 1565/4033/4033
f 1982/4036/4036 1565/4033/4033 1631/4034/4034
f 1631/4034/4034 1992/4035/4035 1982/4036/4036
f 2316/4040/4040 2330/4041/4041 2671/4039/4039
f 2671/4039/4039 2330/4041/4041 2722/4047/4047
f 2722/4047/4047 2330/4041/4041 2757/4046/4046
f 2757/4046/4046 2330/4041/4041 2329/4042/4042
f 2757/4046/4046 2329/4042/4042 2721/4045/4045
f 2721/4045/4045 2329/4042/4042 2670/4044/4044
f 2670/4044/4044 2329/4042/4042 2315/4043/4043
f 1994/4048/4048 1984/4049/4049 1633/4056/4056
f 1633/4056/4056 1984/4049/4049 1567/4055/4055
f 1567/4055/4055 1984/4049/4049 1530/4054/4054
f 1530/4054/4054 1984/4049/4049 1985/4050/4050
f 1530/4054/4054 1985/4050/4050 1568/4053/4053
f 1568/4053/4053 1985/4050/4050 1634/4052/4052
f 1634/4052/4052 1985/4050/4050 1995/4051/4051
f 2313/4065/4065 2668/4057/4057 2327/4064/4064
f 2327/4064/4064 2668/4057/4057 2719/4058/4058
f 2327/4064/4064 2719/4058/4058 2756/4059/4059
f 2327/4064/4064 2756/4059/4059 2328/4063/4063
f 2328/4063/4063 2756/4059/4059 2720/4060/4060
f 2328/4063/4063 2720/4060/4060 2669/4061/4061
f 2669/4061/4061 2314/4062/4062 2328/4063/4063
f 2208/4067/4067 2289/4068/4068 2209/4066/4066
f 2209/4066/4066 2289/4068/4068 2225/4074/4074
f 2225/4074/4074 2289/4068/4068 2445/4069/4069
f 2225/4074/4074 2445/4069/4069 2254/4073/4073
f 2254/4073/4073 2445/4069/4069 2555/4070/4070
f 2254/4073/4073 2555/4070/4070 2284/4072/4072
f 2284/4072/4072 2555/4070/4070 2627/4071/4071
f 1782/4076/4076 1883/4077/4077 2030/4075/4075
f 2030/4075/4075 1883/4077/4077 2060/4083/4083
f 2060/4083/4083 1883/4077/4077 1948/4078/4078
f 2060/4083/4083 1948/4078/4078 2083/4082/4082
f 2083/4082/4082 1948/4078/4078 2017/4079/4079
f 2083/4082/4082 2017/4079/4079 2126/4081/4081
f 2126/4081/4081 2017/4079/4079 2125/4080/4080
f 2896/4085/4085 2921/4269/4269 2901/4084/4084
f 2901/4084/4084 2921/4269/4269 2925/4270/4270
f 2901/4084/4084 2925/4270/4270 2924/4231/4231
f 2921/4269/4269 2896/4085/4085 2917/4268/4268
f 2917/4268/4268 2896/4085/4085 2886/4086/4086
f 2917/4268/4268 2886/4086/4086 2913/4267/4267
f 2913/4267/4267 2886/4086/4086 2865/4087/4087
f 2913/4267/4267 2865/4087/4087 2909/4266/4266
f 2909/4266/4266 2865/4087/4087 2711/4109/4109
f 2909/4266/4266 2711/4109/4109 2891/4265/4265
f 2891/4265/4265 2711/4109/4109 2638/4110/4110
f 2891/4265/4265 2638/4110/4110 2661/4264/4264
f 2661/4264/4264 2638/4110/4110 2590/4111/4111
f 2661/4264/4264 2590/4111/4111 2516/4112/4112
f 2865/4087/4087 2529/4088/4088 2711/4109/4109
f 2711/4109/4109 2529/4088/4088 2448/4108/4108
f 2448/4108/4108 2529/4088/4088 2561/4089/4089
f 2448/4108/4108 2561/4089/4089 2543/4090/4090
f 2543/4090/4090 2506/4091/4091 2448/4108/4108
f 2448/4108/4108 2506/4091/4091 2359/4092/4092
f 2448/4108/4108 2359/4092/4092 2299/4107/4107
f 2299/4107/4107 2359/4092/4092 2275/4093/4093
f 2299/4107/4107 2275/4093/4093 2217/4106/4106
f 2217/4106/4106 2275/4093/4093 2188/4094/4094
f 2217/4106/4106 2188/4094/4094 2148/4105/4105
f 2148/4105/4105 2188/4094/4094 2110/4095/4095
f 2148/4105/4105 2110/4095/4095 2068/4104/4104
f 2068/4104/4104 2110/4095/4095 2019/4096/4096
f 2068/4104/4104 2019/4096/4096 1997/4103/4103
f 1997/4103/4103 2019/4096/4096 1952/4097/4097
f 1997/4103/4103 1952/4097/4097 1940/4102/4102
f 1940/4102/4102 1952/4097/4097 1916/4098/4098
f 1940/4102/4102 1916/4098/4098 1904/4101/4101
f 1904/4101/4101 1916/4098/4098 1888/4099/4099
f 1904/4101/4101 1888/4099/4099 1875/4100/4100
f 2661/4264/4264 2516/4112/4112 1674/4263/4263
f 1674/4263/4263 2516/4112/4112 1377/4113/4113
f 1674/4263/4263 1377/4113/4113 1396/4262/4262
f 1396/4262/4262 1377/4113/4113 1172/4114/4114
f 1396/4262/4262 1172/4114/4114 1142/4261/4261
f 1142/4261/4261 1172/4114/4114 1033/4115/4115
f 1142/4261/4261 1033/4115/4115 930/4260/4260
f 930/4260/4260 1033/4115/4115 908/4116/4116
f 930/4260/4260 908/4116/4116 730/4259/4259
f 730/4259/4259 908/4116/4116 770/4117/4117
f 730/4259/4259 770/4117/4117 599/4118/4118
f 813/4119/4119 624/4139/4139 599/4118/4118
f 599/4118/4118 624/4139/4139 415/4140/4140
f 599/4118/4118 415/4140/4140 525/4258/4258
f 525/4258/4258 415/4140/4140 252/4257/4257
f 252/4257/4257 415/4140/4140 293/4141/4141
f 252/4257/4257 293/4141/4141 50/4256/4256
f 50/4256/4256 293/4141/4141 117/4142/4142
f 50/4256/4256 117/4142/4142 20/4255/4255
f 20/4255/4255 117/4142/4142 16/4254/4254
f 16/4254/4254 117/4142/4142 67/4143/4143
f 16/4254/4254 67/4143/4143 12/4253/4253
f 12/4253/4253 67/4143/4143 44/4144/4144
f 12/4253/4253 44/4144/4144 8/4252/4252
f 8/4252/4252 44/4144/4144 24/4145/4145
f 8/4252/4252 24/4145/4145 4/4251/4251
f 4/4251/4251 24/4145/4145 23/4146/4146
f 4/4251/4251 23/4146/4146 3/4250/4250
f 3/4250/4250 23/4146/4146 22/4168/4168
f 3/4250/4250 22/4168/4168 21/4169/4169
f 915/4120/4120 910/4131/4131 813/4119/4119
f 813/4119/4119 910/4131/4131 799/4132/4132
f 813/4119/4119 799/4132/4132 671/4133/4133
f 910/4131/4131 915/4120/4120 1009/4130/4130
f 1009/4130/4130 915/4120/4120 1029/4121/4121
f 1009/4130/4130 1029/4121/4121 1148/4129/4129
f 1148/4129/4129 1029/4121/4121 1154/4122/4122
f 1148/4129/4129 1154/4122/4122 1230/4128/4128
f 1230/4128/4128 1154/4122/4122 1244/4123/4123
f 1230/4128/4128 1244/4123/4123 1383/4127/4127
f 1383/4127/4127 1244/4123/4123 1387/4124/4124
f 1383/4127/4127 1387/4124/4124 1420/4126/4126
f 1420/4126/4126 1387/4124/4124 1435/4125/4125
f 813/4119/4119 671/4133/4133 624/4139/4139
f 624/4139/4139 671/4133/4133 564/4134/4134
f 624/4139/4139 564/4134/4134 551/4138/4138
f 551/4138/4138 564/4134/4134 515/4135/4135
f 551/4138/4138 515/4135/4135 490/4137/4137
f 490/4137/4137 515/4135/4135 446/4136/4136
f 22/4168/4168 23/4146/4146 476/4167/4167
f 476/4167/4167 23/4146/4146 477/4147/4147
f 476/4167/4167 477/4147/4147 534/4166/4166
f 534/4166/4166 477/4147/4147 535/4148/4148
f 534/4166/4166 535/4148/4148 605/4165/4165
f 605/4165/4165 535/4148/4148 606/4149/4149
f 605/4165/4165 606/4149/4149 731/4164/4164
f 731/4164/4164 606/4149/4149 732/4150/4150
f 731/4164/4164 732/4150/4150 852/4163/4163
f 852/4163/4163 732/4150/4150 853/4151/4151
f 852/4163/4163 853/4151/4151 951/4162/4162
f 951/4162/4162 853/4151/4151 952/4152/4152
f 951/4162/4162 952/4152/4152 1077/4161/4161
f 1077/4161/4161 952/4152/4152 1078/4153/4153
f 1077/4161/4161 1078/4153/4153 1205/4160/4160
f 1205/4160/4160 1078/4153/4153 1206/4154/4154
f 1205/4160/4160 1206/4154/4154 1338/4159/4159
f 1338/4159/4159 1206/4154/4154 1339/4155/4155
f 1338/4159/4159 1339/4155/4155 1408/4158/4158
f 1408/4158/4158 1339/4155/4155 1409/4156/4156
f 1408/4158/4158 1409/4156/4156 1442/4157/4157
f 3/4250/4250 21/4169/4169 7/4249/4249
f 7/4249/4249 21/4169/4169 43/4170/4170
f 7/4249/4249 43/4170/4170 11/4248/4248
f 11/4248/4248 43/4170/4170 66/4171/4171
f 11/4248/4248 66/4171/4171 15/4247/4247
f 15/4247/4247 66/4171/4171 116/4172/4172
f 15/4247/4247 116/4172/4172 19/4246/4246
f 19/4246/4246 116/4172/4172 49/4245/4245
f 49/4245/4245 116/4172/4172 292/4173/4173
f 49/4245/4245 292/4173/4173 251/4244/4244
f 251/4244/4244 292/4173/4173 414/4174/4174
f 251/4244/4244 414/4174/4174 524/4243/4243
f 524/4243/4243 414/4174/4174 598/4196/4196
f 524/4243/4243 598/4196/4196 729/4242/4242
f 729/4242/4242 598/4196/4196 769/4197/4197
f 729/4242/4242 769/4197/4197 907/4198/4198
f 414/4174/4174 623/4175/4175 598/4196/4196
f 598/4196/4196 623/4175/4175 812/4195/4195
f 812/4195/4195 623/4175/4175 670/4181/4181
f 812/4195/4195 670/4181/4181 798/4182/4182
f 670/4181/4181 623/4175/4175 563/4180/4180
f 563/4180/4180 623/4175/4175 550/4176/4176
f 563/4180/4180 550/4176/4176 514/4179/4179
f 514/4179/4179 550/4176/4176 489/4177/4177
f 514/4179/4179 489/4177/4177 445/4178/4178
f 798/4182/4182 909/4183/4183 812/4195/4195
f 812/4195/4195 909/4183/4183 914/4194/4194
f 914/4194/4194 909/4183/4183 1008/4184/4184
f 914/4194/4194 1008/4184/4184 1028/4193/4193
f 1028/4193/4193 1008/4184/4184 1147/4185/4185
f 1028/4193/4193 1147/4185/4185 1153/4192/4192
f 1153/4192/4192 1147/4185/4185 1229/4186/4186
f 1153/4192/4192 1229/4186/4186 1243/4191/4191
f 1243/4191/4191 1229/4186/4186 1382/4187/4187
f 1243/4191/4191 1382/4187/4187 1386/4190/4190
f 1386/4190/4190 1382/4187/4187 1419/4188/4188
f 1386/4190/4190 1419/4188/4188 1434/4189/4189
f 729/4242/4242 907/4198/4198 929/4241/4241
f 929/4241/4241 907/4198/4198 1032/4199/4199
f 929/4241/4241 1032/4199/4199 1141/4240/4240
f 1141/4240/4240 1032/4199/4199 1171/4200/4200
f 1141/4240/4240 1171/4200/4200 1395/4239/4239
f 1395/4239/4239 1171/4200/4200 1376/4201/4201
f 1395/4239/4239 1376/4201/4201 1673/4238/4238
f 1673/4238/4238 1376/4201/4201 2515/4202/4202
f 1673/4238/4238 2515/4202/4202 2659/4237/4237
f 2659/4237/4237 2515/4202/4202 2589/4203/4203
f 2659/4237/4237 2589/4203/4203 2637/4204/4204
f 2659/4237/4237 2637/4204/4204 2889/4236/4236
f 2889/4236/4236 2637/4204/4204 2710/4205/4205
f 2889/4236/4236 2710/4205/4205 2907/4235/4235
f 2907/4235/4235 2710/4205/4205 2864/4227/4227
f 2907/4235/4235 2864/4227/4227 2911/4234/4234
f 2911/4234/4234 2864/4227/4227 2885/4228/4228
f 2911/4234/4234 2885/4228/4228 2915/4233/4233
f 2915/4233/4233 2885/4228/4228 2895/4229/4229
f 2915/4233/4233 2895/4229/4229 2920/4232/4232
f 2920/4232/4232 2895/4229/4229 2900/4230/4230
f 2920/4232/4232 2900/4230/4230 2924/4231/4231
f 2924/4231/4231 2900/4230/4230 2901/4084/4084
f 2864/4227/4227 2710/4205/4205 2528/4226/4226
f 2528/4226/4226 2710/4205/4205 2447/4206/4206
f 2528/4226/4226 2447/4206/4206 2560/4225/4225
f 2560/4225/4225 2447/4206/4206 2542/4224/4224
f 2542/4224/4224 2447/4206/4206 2505/4223/4223
f 2505/4223/4223 2447/4206/4206 2358/4222/4222
f 2358/4222/4222 2447/4206/4206 2298/4207/4207
f 2358/4222/4222 2298/4207/4207 2274/4221/4221
f 2274/4221/4221 2298/4207/4207 2216/4208/4208
f 2274/4221/4221 2216/4208/4208 2187/4220/4220
f 2187/4220/4220 2216/4208/4208 2147/4209/4209
f 2187/4220/4220 2147/4209/4209 2109/4219/4219
f 2109/4219/4219 2147/4209/4209 2067/4210/4210
f 2109/4219/4219 2067/4210/4210 2018/4218/4218
f 2018/4218/4218 2067/4210/4210 1996/4211/4211
f 2018/4218/4218 1996/4211/4211 1951/4217/4217
f 1951/4217/4217 1996/4211/4211 1939/4212/4212
f 1951/4217/4217 1939/4212/4212 1915/4216/4216
f 1915/4216/4216 1939/4212/4212 1903/4213/4213
f 1915/4216/4216 1903/4213/4213 1887/4215/4215
f 1887/4215/4215 1903/4213/4213 1874/4214/4214
f 525/4258/4258 730/4259/4259 599/4118/4118
f 2026/4271/4271 1778/4272/4272 2030/4274/4274
f 2030/4274/4274 1778/4272/4272 1782/4273/4273
f 2126/4282/4282 2122/4275/4275 2083/4281/4281
f 2083/4281/4281 2122/4275/4275 2081/4276/4276
f 2083/4281/4281 2081/4276/4276 2058/4277/4277
f 2026/4278/4278 2030/4279/4279 2058/4277/4277
f 2058/4277/4277 2030/4279/4279 2060/4280/4280
f 2058/4277/4277 2060/4280/4280 2083/4281/4281
f 2121/4283/4283 2122/4284/4284 2125/4286/4286
f 2125/4286/4286 2122/4284/4284 2126/4285/4285
f 1782/4296/4296 1778/4287/4287 1883/4295/4295
f 1883/4295/4295 1778/4287/4287 1881/4288/4288
f 1883/4295/4295 1881/4288/4288 1948/4294/4294
f 1948/4294/4294 1881/4288/4288 1946/4289/4289
f 1948/4294/4294 1946/4289/4289 2017/4293/4293
f 2017/4293/4293 1946/4289/4289 2015/4290/4290
f 2017/4293/4293 2015/4290/4290 2125/4292/4292
f 2125/4292/4292 2015/4290/4290 2121/4291/4291
f 2205/4297/4297 2204/4298/4298 2209/4300/4300
f 2209/4300/4300 2204/4298/4298 2208/4299/4299
f 2284/4308/4308 2280/4301/4301 2254/4307/4307
f 2254/4307/4307 2280/4301/4301 2252/4302/4302
f 2254/4307/4307 2252/4302/4302 2223/4303/4303
f 2205/4304/4304 2209/4305/4305 2223/4303/4303
f 2223/4303/4303 2209/4305/4305 2225/4306/4306
f 2223/4303/4303 2225/4306/4306 2254/4307/4307
f 2623/4309/4309 2280/4310/4310 2627/4312/4312
f 2627/4312/4312 2280/4310/4310 2284/4311/4311
f 2208/4322/4322 2204/4313/4313 2289/4321/4321
f 2289/4321/4321 2204/4313/4313 2287/4314/4314
f 2289/4321/4321 2287/4314/4314 2445/4320/4320
f 2445/4320/4320 2287/4314/4314 2443/4315/4315
f 2445/4320/4320 2443/4315/4315 2555/4319/4319
f 2555/4319/4319 2443/4315/4315 2553/4316/4316
f 2555/4319/4319 2553/4316/4316 2627/4318/4318
f 2627/4318/4318 2553/4316/4316 2623/4317/4317
f 2668/4332/4332 2664/4323/4323 2719/4331/4331
f 2719/4331/4331 2664/4323/4323 2715/4324/4324
f 2719/4331/4331 2715/4324/4324 2756/4330/4330
f 2756/4330/4330 2715/4324/4324 2754/4325/4325
f 2756/4330/4330 2754/4325/4325 2720/4329/4329
f 2720/4329/4329 2754/4325/4325 2716/4326/4326
f 2720/4329/4329 2716/4326/4326 2669/4328/4328
f 2669/4328/4328 2716/4326/4326 2665/4327/4327
f 2309/4333/4333 2664/4334/4334 2313/4336/4336
f 2313/4336/4336 2664/4334/4334 2668/4335/4335
f 2314/4344/4344 2310/4337/4337 2328/4343/4343
f 2328/4343/4343 2310/4337/4337 2324/4338/4338
f 2328/4343/4343 2324/4338/4338 2323/4339/4339
f 2309/4340/4340 2313/4341/4341 2323/4339/4339
f 2323/4339/4339 2313/4341/4341 2327/4342/4342
f 2323/4339/4339 2327/4342/4342 2328/4343/4343
f 2665/4345/4345 2310/4346/4346 2669/4348/4348
f 2669/4348/4348 2310/4346/4346 2314/4347/4347
f 1994/4356/4356 1990/4349/4349 1984/4355/4355
f 1984/4355/4355 1990/4349/4349 1980/4350/4350
f 1984/4355/4355 1980/4350/4350 1981/4351/4351
f 1991/4352/4352 1995/4353/4353 1981/4351/4351
f 1981/4351/4351 1995/4353/4353 1985/4354/4354
f 1981/4351/4351 1985/4354/4354 1984/4355/4355
f 1629/4357/4357 1990/4358/4358 1633/4360/4360
f 1633/4360/4360 1990/4358/4358 1994/4359/4359
f 1634/4370/4370 1630/4361/4361 1568/4369/4369
f 1568/4369/4369 1630/4361/4361 1564/4362/4362
f 1568/4369/4369 1564/4362/4362 1530/4368/4368
f 1530/4368/4368 1564/4362/4362 1528/4363/4363
f 1530/4368/4368 1528/4363/4363 1567/4367/4367
f 1567/4367/4367 1528/4363/4363 1563/4364/4364
f 1567/4367/4367 1563/4364/4364 1633/4366/4366
f 1633/4366/4366 1563/4364/4364 1629/4365/4365
f 1991/4371/4371 1630/4372/4372 1995/4374/4374
f 1995/4374/4374 1630/4372/4372 1634/4373/4373
f 2667/4375/4375 2312/4376/4376 2671/4378/4378
f 2671/4378/4378 2312/4376/4376 2316/4377/4377
f 2670/4388/4388 2666/4379/4379 2721/4387/4387
f 2721/4387/4387 2666/4379/4379 2717/4380/4380
f 2721/4387/4387 2717/4380/4380 2757/4386/4386
f 2757/4386/4386 2717/4380/4380 2755/4381/4381
f 2757/4386/4386 2755/4381/4381 2722/4385/4385
f 2722/4385/4385 2755/4381/4381 2718/4382/4382
f 2722/4385/4385 2718/4382/4382 2671/4384/4384
f 2671/4384/4384 2718/4382/4382 2667/4383/4383
f 2311/4389/4389 2666/4390/4390 2315/4392/4392
f 2315/4392/4392 2666/4390/4390 2670/4391/4391
f 2316/4400/4400 2312/4393/4393 2330/4399/4399
f 2330/4399/4399 2312/4393/4393 2326/4394/4394
f 2330/4399/4399 2326/4394/4394 2325/4395/4395
f 2311/4396/4396 2315/4397/4397 2325/4395/4395
f 2325/4395/4395 2315/4397/4397 2329/4398/4398
f 2325/4395/4395 2329/4398/4398 2330/4399/4399
f 1632/4410/4410 1628/4401/4401 1566/4409/4409
f 1566/4409/4409 1628/4401/4401 1562/4402/4402
f 1566/4409/4409 1562/4402/4402 1529/4408/4408
f 1529/4408/4408 1562/4402/4402 1527/4403/4403
f 1529/4408/4408 1527/4403/4403 1565/4407/4407
f 1565/4407/4407 1527/4403/4403 1561/4404/4404
f 1565/4407/4407 1561/4404/4404 1631/4406/4406
f 1631/4406/4406 1561/4404/4404 1627/4405/4405
f 1989/4411/4411 1628/4412/4412 1993/4414/4414
f 1993/4414/4414 1628/4412/4412 1632/4413/4413
f 1992/4422/4422 1988/4415/4415 1982/4421/4421
f 1982/4421/4421 1988/4415/4415 1978/4416/4416
f 1982/4421/4421 1978/4416/4416 1979/4417/4417
f 1989/4418/4418 1993/4419/4419 1979/4417/4417
f 1979/4417/4417 1993/4419/4419 1983/4420/4420
f 1979/4417/4417 1983/4420/4420 1982/4421/4421
f 1627/4423/4423 1988/4424/4424 1631/4426/4426
f 1631/4426/4426 1988/4424/4424 1992/4425/4425
f 2621/4427/4427 2278/4428/4428 2625/4430/4430
f 2625/4430/4430 2278/4428/4428 2282/4429/4429
f 1780/4448/4448 1776/4431/4431 1895/4447/4447
f 1895/4447/4447 1776/4431/4431 1893/4432/4432
f 1895/4447/4447 1893/4432/4432 1964/4446/4446
f 1964/4446/4446 1893/4432/4432 1962/4433/4433
f 1964/4446/4446 1962/4433/4433 2063/4445/4445
f 2063/4445/4445 1962/4433/4433 2061/4434/4434
f 2063/4445/4445 2061/4434/4434 2157/4444/4444
f 2157/4444/4444 2061/4434/4434 2155/4435/4435
f 2157/4444/4444 2155/4435/4435 2245/4443/4443
f 2245/4443/4443 2155/4435/4435 2243/4436/4436
f 2245/4443/4443 2243/4436/4436 2380/4442/4442
f 2380/4442/4442 2243/4436/4436 2378/4437/4437
f 2380/4442/4442 2378/4437/4437 2538/4441/4441
f 2538/4441/4441 2378/4437/4437 2536/4438/4438
f 2538/4441/4441 2536/4438/4438 2625/4440/4440
f 2625/4440/4440 2536/4438/4438 2621/4439/4439
f 2024/4449/4449 1776/4450/4450 2028/4452/4452
f 2028/4452/4452 1776/4450/4450 1780/4451/4451
f 2282/4464/4464 2278/4453/4453 2228/4463/4463
f 2228/4463/4463 2278/4453/4453 2226/4454/4454
f 2228/4463/4463 2226/4454/4454 2172/4455/4455
f 2228/4463/4463 2172/4455/4455 2174/4462/4462
f 2174/4462/4462 2172/4455/4455 2133/4456/4456
f 2174/4462/4462 2133/4456/4456 2135/4461/4461
f 2135/4461/4461 2133/4456/4456 2073/4457/4457
f 2135/4461/4461 2073/4457/4457 2075/4460/4460
f 2075/4460/4460 2073/4457/4457 2028/4459/4459
f 2028/4459/4459 2073/4457/4457 2024/4458/4458
f 341/4482/4482 335/4465/4465 501/4481/4481
f 501/4481/4481 335/4465/4465 499/4466/4466
f 501/4481/4481 499/4466/4466 619/4480/4480
f 619/4480/4480 499/4466/4466 617/4467/4467
f 619/4480/4480 617/4467/4467 805/4479/4479
f 805/4479/4479 617/4467/4467 803/4468/4468
f 805/4479/4479 803/4468/4468 927/4478/4478
f 927/4478/4478 803/4468/4468 924/4469/4469
f 927/4478/4478 924/4469/4469 1052/4477/4477
f 1052/4477/4477 924/4469/4469 1050/4470/4470
f 1052/4477/4477 1050/4470/4470 1221/4476/4476
f 1221/4476/4476 1050/4470/4470 1219/4471/4471
f 1221/4476/4476 1219/4471/4471 1414/4475/4475
f 1414/4475/4475 1219/4471/4471 1412/4472/4472
f 1414/4475/4475 1412/4472/4472 1543/4474/4474
f 1543/4474/4474 1412/4472/4472 1537/4473/4473
f 749/4483/4483 335/4484/4484 755/4486/4486
f 755/4486/4486 335/4484/4484 341/4485/4485
f 1121/4498/4498 1115/4487/4487 1039/4497/4497
f 1039/4497/4497 1115/4487/4487 1037/4488/4488
f 1039/4497/4497 1037/4488/4488 946/4489/4489
f 1039/4497/4497 946/4489/4489 948/4496/4496
f 948/4496/4496 946/4489/4489 895/4490/4490
f 948/4496/4496 895/4490/4490 897/4495/4495
f 897/4495/4495 895/4490/4490 826/4491/4491
f 897/4495/4495 826/4491/4491 828/4494/4494
f 828/4494/4494 826/4491/4491 755/4493/4493
f 755/4493/4493 826/4491/4491 749/4492/4492
f 1537/4499/4499 1115/4500/4500 1543/4502/4502
f 1543/4502/4502 1115/4500/4500 1121/4501/4501
f 2029/4510/4510 2025/4503/4503 2059/4509/4509
f 2059/4509/4509 2025/4503/4503 2057/4504/4504
f 2059/4509/4509 2057/4504/4504 2080/4505/4505
f 2119/4506/4506 2123/4507/4507 2080/4505/4505
f 2080/4505/4505 2123/4507/4507 2082/4508/4508
f 2080/4505/4505 2082/4508/4508 2059/4509/4509
f 1777/4511/4511 2025/4512/4512 1781/4514/4514
f 1781/4514/4514 2025/4512/4512 2029/4513/4513
f 2124/4524/4524 2120/4515/4515 2016/4523/4523
f 2016/4523/4523 2120/4515/4515 2014/4516/4516
f 2016/4523/4523 2014/4516/4516 1947/4522/4522
f 1947/4522/4522 2014/4516/4516 1945/4517/4517
f 1947/4522/4522 1945/4517/4517 1882/4521/4521
f 1882/4521/4521 1945/4517/4517 1880/4518/4518
f 1882/4521/4521 1880/4518/4518 1781/4520/4520
f 1781/4520/4520 1880/4518/4518 1777/4519/4519
f 2119/4525/4525 2120/4526/4526 2123/4528/4528
f 2123/4528/4528 2120/4526/4526 2124/4527/4527
f 685/4529/4529 259/4530/4530 691/4532/4532
f 691/4532/4532 259/4530/4530 265/4531/4531
f 690/4540/4540 684/4533/4533 660/4539/4539
f 660/4539/4539 684/4533/4533 654/4534/4534
f 660/4539/4539 654/4534/4534 655/4535/4535
f 685/4536/4536 691/4537/4537 655/4535/4535
f 655/4535/4535 691/4537/4537 661/4538/4538
f 655/4535/4535 661/4538/4538 660/4539/4539
f 258/4541/4541 684/4542/4542 264/4544/4544
f 264/4544/4544 684/4542/4542 690/4543/4543
f 265/4554/4554 259/4545/4545 192/4553/4553
f 192/4553/4553 259/4545/4545 186/4546/4546
f 192/4553/4553 186/4546/4546 155/4552/4552
f 155/4552/4552 186/4546/4546 152/4547/4547
f 155/4552/4552 152/4547/4547 191/4551/4551
f 191/4551/4551 152/4547/4547 185/4548/4548
f 191/4551/4551 185/4548/4548 264/4550/4550
f 264/4550/4550 185/4548/4548 258/4549/4549
f 758/4562/4562 752/4555/4555 795/4561/4561
f 795/4561/4561 752/4555/4555 791/4556/4556
f 795/4561/4561 791/4556/4556 835/4557/4557
f 867/4558/4558 875/4559/4559 835/4557/4557
f 835/4557/4557 875/4559/4559 839/4560/4560
f 835/4557/4557 839/4560/4560 795/4561/4561
f 338/4563/4563 752/4564/4564 344/4566/4566
f 344/4566/4566 752/4564/4564 758/4565/4565
f 876/4576/4576 868/4567/4567 741/4575/4575
f 741/4575/4575 868/4567/4567 737/4568/4568
f 741/4575/4575 737/4568/4568 593/4574/4574
f 593/4574/4574 737/4568/4568 589/4569/4569
f 593/4574/4574 589/4569/4569 468/4573/4573
f 468/4573/4573 589/4569/4569 464/4570/4570
f 468/4573/4573 464/4570/4570 344/4572/4572
f 344/4572/4572 464/4570/4570 338/4571/4571
f 867/4577/4577 868/4578/4578 875/4580/4580
f 875/4580/4580 868/4578/4578 876/4579/4579
f 267/4590/4590 261/4581/4581 194/4589/4589
f 194/4589/4589 261/4581/4581 188/4582/4582
f 194/4589/4589 188/4582/4582 156/4588/4588
f 156/4588/4588 188/4582/4582 153/4583/4583
f 156/4588/4588 153/4583/4583 193/4587/4587
f 193/4587/4587 153/4583/4583 187/4584/4584
f 193/4587/4587 187/4584/4584 266/4586/4586
f 266/4586/4586 187/4584/4584 260/4585/4585
f 687/4591/4591 261/4592/4592 693/4594/4594
f 693/4594/4594 261/4592/4592 267/4593/4593
f 692/4602/4602 686/4595/4595 662/4601/4601
f 662/4601/4601 686/4595/4595 656/4596/4596
f 662/4601/4601 656/4596/4596 657/4597/4597
f 687/4598/4598 693/4599/4599 657/4597/4597
f 657/4597/4597 693/4599/4599 663/4600/4600
f 657/4597/4597 663/4600/4600 662/4601/4601
f 260/4603/4603 686/4604/4604 266/4606/4606
f 266/4606/4606 686/4604/4604 692/4605/4605
f 760/4618/4618 754/4607/4607 829/4617/4617
f 829/4617/4617 754/4607/4607 827/4608/4608
f 829/4617/4617 827/4608/4608 896/4609/4609
f 829/4617/4617 896/4609/4609 898/4616/4616
f 898/4616/4616 896/4609/4609 947/4610/4610
f 898/4616/4616 947/4610/4610 949/4615/4615
f 949/4615/4615 947/4610/4610 1038/4611/4611
f 949/4615/4615 1038/4611/4611 1040/4614/4614
f 1040/4614/4614 1038/4611/4611 1126/4613/4613
f 1126/4613/4613 1038/4611/4611 1120/4612/4612
f 340/4619/4619 754/4620/4620 346/4622/4622
f 346/4622/4622 754/4620/4620 760/4621/4621
f 1548/4640/4640 1542/4623/4623 1415/4639/4639
f 1415/4639/4639 1542/4623/4623 1413/4624/4624
f 1415/4639/4639 1413/4624/4624 1222/4638/4638
f 1222/4638/4638 1413/4624/4624 1220/4625/4625
f 1222/4638/4638 1220/4625/4625 1053/4637/4637
f 1053/4637/4637 1220/4625/4625 1051/4626/4626
f 1053/4637/4637 1051/4626/4626 928/4636/4636
f 928/4636/4636 1051/4626/4626 925/4627/4627
f 928/4636/4636 925/4627/4627 806/4635/4635
f 806/4635/4635 925/4627/4627 804/4628/4628
f 806/4635/4635 804/4628/4628 620/4634/4634
f 620/4634/4634 804/4628/4628 618/4629/4629
f 620/4634/4634 618/4629/4629 502/4633/4633
f 502/4633/4633 618/4629/4629 500/4630/4630
f 502/4633/4633 500/4630/4630 346/4632/4632
f 346/4632/4632 500/4630/4630 340/4631/4631
f 1120/4641/4641 1542/4642/4642 1126/4644/4644
f 1126/4644/4644 1542/4642/4642 1548/4643/4643
f 975/4654/4654 967/4645/4645 1134/4653/4653
f 1134/4653/4653 967/4645/4645 1130/4646/4646
f 1134/4653/4653 1130/4646/4646 1238/4652/4652
f 1238/4652/4652 1130/4646/4646 1234/4647/4647
f 1238/4652/4652 1234/4647/4647 1429/4651/4651
f 1429/4651/4651 1234/4647/4647 1425/4648/4648
f 1429/4651/4651 1425/4648/4648 1545/4650/4650
f 1545/4650/4650 1425/4648/4648 1539/4649/4649
f 968/4655/4655 967/4656/4656 976/4658/4658
f 976/4658/4658 967/4656/4656 975/4657/4657
f 1123/4666/4666 1117/4659/4659 1059/4665/4665
f 1059/4665/4665 1117/4659/4659 1055/4660/4660
f 1059/4665/4665 1055/4660/4660 1019/4661/4661
f 968/4662/4662 976/4663/4663 1019/4661/4661
f 1019/4661/4661 976/4663/4663 1023/4664/4664
f 1019/4661/4661 1023/4664/4664 1059/4665/4665
f 1539/4667/4667 1117/4668/4668 1545/4670/4670
f 1545/4670/4670 1117/4668/4668 1123/4669/4669
f 1651/4671/4671 1174/4672/4672 1657/4674/4674
f 1657/4674/4674 1174/4672/4672 1180/4673/4673
f 1656/4684/4684 1650/4675/4675 1748/4683/4683
f 1748/4683/4683 1650/4675/4675 1742/4676/4676
f 1748/4683/4683 1742/4676/4676 1799/4682/4682
f 1799/4682/4682 1742/4676/4676 1796/4677/4677
f 1799/4682/4682 1796/4677/4677 1749/4681/4681
f 1749/4681/4681 1796/4677/4677 1743/4678/4678
f 1749/4681/4681 1743/4678/4678 1657/4680/4680
f 1657/4680/4680 1743/4678/4678 1651/4679/4679
f 1173/4685/4685 1650/4686/4686 1179/4688/4688
f 1179/4688/4688 1650/4686/4686 1656/4687/4687
f 1180/4696/4696 1174/4689/4689 1194/4695/4695
f 1194/4695/4695 1174/4689/4689 1188/4690/4690
f 1194/4695/4695 1188/4690/4690 1187/4691/4691
f 1173/4692/4692 1179/4693/4693 1187/4691/4691
f 1187/4691/4691 1179/4693/4693 1193/4694/4694
f 1187/4691/4691 1193/4694/4694 1194/4695/4695
f 1177/4697/4697 1654/4698/4698 1183/4700/4700
f 1183/4700/4700 1654/4698/4698 1660/4699/4699
f 1184/4708/4708 1178/4701/4701 1198/4707/4707
f 1198/4707/4707 1178/4701/4701 1192/4702/4702
f 1198/4707/4707 1192/4702/4702 1191/4703/4703
f 1177/4704/4704 1183/4705/4705 1191/4703/4703
f 1191/4703/4703 1183/4705/4705 1197/4706/4706
f 1191/4703/4703 1197/4706/4706 1198/4707/4707
f 1655/4709/4709 1178/4710/4710 1661/4712/4712
f 1661/4712/4712 1178/4710/4710 1184/4711/4711
f 1660/4722/4722 1654/4713/4713 1752/4721/4721
f 1752/4721/4721 1654/4713/4713 1746/4714/4714
f 1752/4721/4721 1746/4714/4714 1801/4720/4720
f 1801/4720/4720 1746/4714/4714 1798/4715/4715
f 1801/4720/4720 1798/4715/4715 1753/4719/4719
f 1753/4719/4719 1798/4715/4715 1747/4716/4716
f 1753/4719/4719 1747/4716/4716 1661/4718/4718
f 1661/4718/4718 1747/4716/4716 1655/4717/4717
f 865/4723/4723 866/4724/4724 873/4726/4726
f 873/4726/4726 866/4724/4724 874/4725/4725
f 343/4736/4736 337/4727/4727 467/4735/4735
f 467/4735/4735 337/4727/4727 463/4728/4728
f 467/4735/4735 463/4728/4728 592/4734/4734
f 592/4734/4734 463/4728/4728 588/4729/4729
f 592/4734/4734 588/4729/4729 740/4733/4733
f 740/4733/4733 588/4729/4729 736/4730/4730
f 740/4733/4733 736/4730/4730 873/4732/4732
f 873/4732/4732 736/4730/4730 865/4731/4731
f 751/4737/4737 337/4738/4738 757/4740/4740
f 757/4740/4740 337/4738/4738 343/4739/4739
f 874/4748/4748 866/4741/4741 838/4747/4747
f 838/4747/4747 866/4741/4741 834/4742/4742
f 838/4747/4747 834/4742/4742 790/4743/4743
f 751/4744/4744 757/4745/4745 790/4743/4743
f 790/4743/4743 757/4745/4745 794/4746/4746
f 790/4743/4743 794/4746/4746 838/4747/4747
f 977/4756/4756 969/4749/4749 1024/4755/4755
f 1024/4755/4755 969/4749/4749 1020/4750/4750
f 1024/4755/4755 1020/4750/4750 1056/4751/4751
f 1118/4752/4752 1124/4753/4753 1056/4751/4751
f 1056/4751/4751 1124/4753/4753 1060/4754/4754
f 1056/4751/4751 1060/4754/4754 1024/4755/4755
f 970/4757/4757 969/4758/4758 978/4760/4760
f 978/4760/4760 969/4758/4758 977/4759/4759
f 1546/4770/4770 1540/4761/4761 1430/4769/4769
f 1430/4769/4769 1540/4761/4761 1426/4762/4762
f 1430/4769/4769 1426/4762/4762 1239/4768/4768
f 1239/4768/4768 1426/4762/4762 1235/4763/4763
f 1239/4768/4768 1235/4763/4763 1135/4767/4767
f 1135/4767/4767 1235/4763/4763 1131/4764/4764
f 1135/4767/4767 1131/4764/4764 978/4766/4766
f 978/4766/4766 1131/4764/4764 970/4765/4765
f 1118/4771/4771 1540/4772/4772 1124/4774/4774
f 1124/4774/4774 1540/4772/4772 1546/4773/4773
f 256/4775/4775 682/4776/4776 262/4778/4778
f 262/4778/4778 682/4776/4776 688/4777/4777
f 263/4788/4788 257/4779/4779 190/4787/4787
f 190/4787/4787 257/4779/4779 184/4780/4780
f 190/4787/4787 184/4780/4780 154/4786/4786
f 154/4786/4786 184/4780/4780 151/4781/4781
f 154/4786/4786 151/4781/4781 189/4785/4785
f 189/4785/4785 151/4781/4781 183/4782/4782
f 189/4785/4785 183/4782/4782 262/4784/4784
f 262/4784/4784 183/4782/4782 256/4783/4783
f 683/4789/4789 257/4790/4790 689/4792/4792
f 689/4792/4792 257/4790/4790 263/4791/4791
f 688/4800/4800 682/4793/4793 658/4799/4799
f 658/4799/4799 682/4793/4793 652/4794/4794
f 658/4799/4799 652/4794/4794 653/4795/4795
f 683/4796/4796 689/4797/4797 653/4795/4795
f 653/4795/4795 689/4797/4797 659/4798/4798
f 653/4795/4795 659/4798/4798 658/4799/4799
f 345/4810/4810 339/4801/4801 469/4809/4809
f 469/4809/4809 339/4801/4801 465/4802/4802
f 469/4809/4809 465/4802/4802 594/4808/4808
f 594/4808/4808 465/4802/4802 590/4803/4803
f 594/4808/4808 590/4803/4803 742/4807/4807
f 742/4807/4807 590/4803/4803 738/4804/4804
f 742/4807/4807 738/4804/4804 877/4806/4806
f 877/4806/4806 738/4804/4804 869/4805/4805
f 753/4811/4811 339/4812/4812 759/4814/4814
f 759/4814/4814 339/4812/4812 345/4813/4813
f 878/4822/4822 870/4815/4815 840/4821/4821
f 840/4821/4821 870/4815/4815 836/4816/4816
f 840/4821/4821 836/4816/4816 792/4817/4817
f 753/4818/4818 759/4819/4819 792/4817/4817
f 792/4817/4817 759/4819/4819 796/4820/4820
f 792/4817/4817 796/4820/4820 840/4821/4821
f 869/4823/4823 870/4824/4824 877/4826/4826
f 877/4826/4826 870/4824/4824 878/4825/4825
f 973/4834/4834 965/4827/4827 1022/4833/4833
f 1022/4833/4833 965/4827/4827 1018/4828/4828
f 1022/4833/4833 1018/4828/4828 1054/4829/4829
f 1116/4830/4830 1122/4831/4831 1054/4829/4829
f 1054/4829/4829 1122/4831/4831 1058/4832/4832
f 1054/4829/4829 1058/4832/4832 1022/4833/4833
f 966/4835/4835 965/4836/4836 974/4838/4838
f 974/4838/4838 965/4836/4836 973/4837/4837
f 1544/4848/4848 1538/4839/4839 1428/4847/4847
f 1428/4847/4847 1538/4839/4839 1424/4840/4840
f 1428/4847/4847 1424/4840/4840 1237/4846/4846
f 1237/4846/4846 1424/4840/4840 1233/4841/4841
f 1237/4846/4846 1233/4841/4841 1133/4845/4845
f 1133/4845/4845 1233/4841/4841 1129/4842/4842
f 1133/4845/4845 1129/4842/4842 974/4844/4844
f 974/4844/4844 1129/4842/4842 966/4843/4843
f 1116/4849/4849 1538/4850/4850 1122/4852/4852
f 1122/4852/4852 1538/4850/4850 1544/4851/4851
f 2626/4862/4862 2622/4853/4853 2554/4861/4861
f 2554/4861/4861 2622/4853/4853 2552/4854/4854
f 2554/4861/4861 2552/4854/4854 2444/4860/4860
f 2444/4860/4860 2552/4854/4854 2442/4855/4855
f 2444/4860/4860 2442/4855/4855 2288/4859/4859
f 2288/4859/4859 2442/4855/4855 2286/4856/4856
f 2288/4859/4859 2286/4856/4856 2207/4858/4858
f 2207/4858/4858 2286/4856/4856 2203/4857/4857
f 2279/4863/4863 2622/4864/4864 2283/4866/4866
f 2283/4866/4866 2622/4864/4864 2626/4865/4865
f 2206/4874/4874 2202/4867/4867 2224/4873/4873
f 2224/4873/4873 2202/4867/4867 2222/4868/4868
f 2224/4873/4873 2222/4868/4868 2251/4869/4869
f 2279/4870/4870 2283/4871/4871 2251/4869/4869
f 2251/4869/4869 2283/4871/4871 2253/4872/4872
f 2251/4869/4869 2253/4872/4872 2224/4873/4873
f 2203/4875/4875 2202/4876/4876 2207/4878/4878
f 2207/4878/4878 2202/4876/4876 2206/4877/4877
f 1658/4888/4888 1652/4879/4879 1750/4887/4887
f 1750/4887/4887 1652/4879/4879 1744/4880/4880
f 1750/4887/4887 1744/4880/4880 1800/4886/4886
f 1800/4886/4886 1744/4880/4880 1797/4881/4881
f 1800/4886/4886 1797/4881/4881 1751/4885/4885
f 1751/4885/4885 1797/4881/4881 1745/4882/4882
f 1751/4885/4885 1745/4882/4882 1659/4884/4884
f 1659/4884/4884 1745/4882/4882 1653/4883/4883
f 1175/4889/4889 1652/4890/4890 1181/4892/4892
f 1181/4892/4892 1652/4890/4890 1658/4891/4891
f 1182/4900/4900 1176/4893/4893 1196/4899/4899
f 1196/4899/4899 1176/4893/4893 1190/4894/4894
f 1196/4899/4899 1190/4894/4894 1189/4895/4895
f 1175/4896/4896 1181/4897/4897 1189/4895/4895
f 1189/4895/4895 1181/4897/4897 1195/4898/4898
f 1189/4895/4895 1195/4898/4898 1196/4899/4899
f 1653/4901/4901 1176/4902/4902 1659/4904/4904
f 1659/4904/4904 1176/4902/4902 1182/4903/4903
f 872/4914/4914 864/4905/4905 739/4913/4913
f 739/4913/4913 864/4905/4905 735/4906/4906
f 739/4913/4913 735/4906/4906 591/4912/4912
f 591/4912/4912 735/4906/4906 587/4907/4907
f 591/4912/4912 587/4907/4907 466/4911/4911
f 466/4911/4911 587/4907/4907 462/4908/4908
f 466/4911/4911 462/4908/4908 342/4910/4910
f 342/4910/4910 462/4908/4908 336/4909/4909
f 863/4915/4915 864/4916/4916 871/4918/4918
f 871/4918/4918 864/4916/4916 872/4917/4917
f 756/4926/4926 750/4919/4919 793/4925/4925
f 793/4925/4925 750/4919/4919 789/4920/4920
f 793/4925/4925 789/4920/4920 833/4921/4921
f 863/4922/4922 871/4923/4923 833/4921/4921
f 833/4921/4921 871/4923/4923 837/4924/4924
f 833/4921/4921 837/4924/4924 793/4925/4925
f 336/4927/4927 750/4928/4928 342/4930/4930
f 342/4930/4930 750/4928/4928 756/4929/4929
f 1779/4931/4931 2027/4932/4932 1783/4934/4934
f 1783/4934/4934 2027/4932/4932 2031/4933/4933
f 2628/4952/4952 2624/4935/4935 2539/4951/4951
f 2539/4951/4951 2624/4935/4935 2537/4936/4936
f 2539/4951/4951 2537/4936/4936 2381/4950/4950
f 2381/4950/4950 2537/4936/4936 2379/4937/4937
f 2381/4950/4950 2379/4937/4937 2246/4949/4949
f 2246/4949/4949 2379/4937/4937 2244/4938/4938
f 2246/4949/4949 2244/4938/4938 2158/4948/4948
f 2158/4948/4948 2244/4938/4938 2156/4939/4939
f 2158/4948/4948 2156/4939/4939 2064/4947/4947
f 2064/4947/4947 2156/4939/4939 2062/4940/4940
f 2064/4947/4947 2062/4940/4940 1965/4946/4946
f 1965/4946/4946 2062/4940/4940 1963/4941/4941
f 1965/4946/4946 1963/4941/4941 1896/4945/4945
f 1896/4945/4945 1963/4941/4941 1894/4942/4942
f 1896/4945/4945 1894/4942/4942 1783/4944/4944
f 1783/4944/4944 1894/4942/4942 1779/4943/4943
f 2281/4953/4953 2624/4954/4954 2285/4956/4956
f 2285/4956/4956 2624/4954/4954 2628/4955/4955
f 2031/4968/4968 2027/4957/4957 2076/4967/4967
f 2076/4967/4967 2027/4957/4957 2074/4958/4958
f 2076/4967/4967 2074/4958/4958 2134/4959/4959
f 2076/4967/4967 2134/4959/4959 2136/4966/4966
f 2136/4966/4966 2134/4959/4959 2173/4960/4960
f 2136/4966/4966 2173/4960/4960 2175/4965/4965
f 2175/4965/4965 2173/4960/4960 2227/4961/4961
f 2175/4965/4965 2227/4961/4961 2229/4964/4964
f 2229/4964/4964 2227/4961/4961 2285/4963/4963
f 2285/4963/4963 2227/4961/4961 2281/4962/4962
f 979/4978/4978 971/4969/4969 1136/4977/4977
f 1136/4977/4977 971/4969/4969 1132/4970/4970
f 1136/4977/4977 1132/4970/4970 1240/4976/4976
f 1240/4976/4976 1132/4970/4970 1236/4971/4971
f 1240/4976/4976 1236/4971/4971 1431/4975/4975
f 1431/4975/4975 1236/4971/4971 1427/4972/4972
f 1431/4975/4975 1427/4972/4972 1547/4974/4974
f 1547/4974/4974 1427/4972/4972 1541/4973/4973
f 972/4979/4979 971/4980/4980 980/4982/4982
f 980/4982/4982 971/4980/4980 979/4981/4981
f 1125/4990/4990 1119/4983/4983 1061/4989/4989
f 1061/4989/4989 1119/4983/4983 1057/4984/4984
f 1061/4989/4989 1057/4984/4984 1021/4985/4985
f 972/4986/4986 980/4987/4987 1021/4985/4985
f 1021/4985/4985 980/4987/4987 1025/4988/4988
f 1021/4985/4985 1025/4988/4988 1061/4989/4989
f 1541/4991/4991 1119/4992/4992 1547/4994/4994
f 1547/4994/4994 1119/4992/4992 1125/4993/4993
f 1/4995/4995 2/4996/4996 3/4998/4998
f 3/4998/4998 2/4996/4996 4/4997/4997
f 1673/5024/5024 1671/4999/4999 1395/5023/5023
f 1395/5023/5023 1671/4999/4999 1393/5000/5000
f 1395/5023/5023 1393/5000/5000 1141/5022/5022
f 1141/5022/5022 1393/5000/5000 1139/5001/5001
f 1141/5022/5022 1139/5001/5001 929/5021/5021
f 929/5021/5021 1139/5001/5001 923/5002/5002
f 929/5021/5021 923/5002/5002 729/5020/5020
f 729/5020/5020 923/5002/5002 727/5003/5003
f 729/5020/5020 727/5003/5003 524/5019/5019
f 524/5019/5019 727/5003/5003 522/5004/5004
f 524/5019/5019 522/5004/5004 251/5018/5018
f 251/5018/5018 522/5004/5004 249/5005/5005
f 251/5018/5018 249/5005/5005 49/5017/5017
f 49/5017/5017 249/5005/5005 47/5006/5006
f 49/5017/5017 47/5006/5006 19/5016/5016
f 19/5016/5016 47/5006/5006 17/5007/5007
f 19/5016/5016 17/5007/5007 15/5015/5015
f 15/5015/5015 17/5007/5007 13/5008/5008
f 15/5015/5015 13/5008/5008 11/5014/5014
f 11/5014/5014 13/5008/5008 9/5009/5009
f 11/5014/5014 9/5009/5009 7/5013/5013
f 7/5013/5013 9/5009/5009 5/5010/5010
f 7/5013/5013 5/5010/5010 3/5012/5012
f 3/5012/5012 5/5010/5010 1/5011/5011
f 2658/5025/5025 1671/5026/5026 2659/5028/5028
f 2659/5028/5028 1671/5026/5026 1673/5027/5027
f 2924/5042/5042 2922/5029/5029 2920/5041/5041
f 2920/5041/5041 2922/5029/5029 2918/5030/5030
f 2920/5041/5041 2918/5030/5030 2915/5040/5040
f 2915/5040/5040 2918/5030/5030 2914/5031/5031
f 2915/5040/5040 2914/5031/5031 2911/5039/5039
f 2911/5039/5039 2914/5031/5031 2910/5032/5032
f 2911/5039/5039 2910/5032/5032 2907/5038/5038
f 2907/5038/5038 2910/5032/5032 2906/5033/5033
f 2907/5038/5038 2906/5033/5033 2889/5037/5037
f 2889/5037/5037 2906/5033/5033 2888/5034/5034
f 2889/5037/5037 2888/5034/5034 2659/5036/5036
f 2659/5036/5036 2888/5034/5034 2658/5035/5035
f 2923/5043/5043 2922/5044/5044 2925/5046/5046
f 2925/5046/5046 2922/5044/5044 2924/5045/5045
f 2661/5060/5060 2660/5047/5047 2891/5059/5059
f 2891/5059/5059 2660/5047/5047 2890/5048/5048
f 2891/5059/5059 2890/5048/5048 2909/5058/5058
f 2909/5058/5058 2890/5048/5048 2908/5049/5049
f 2909/5058/5058 2908/5049/5049 2913/5057/5057
f 2913/5057/5057 2908/5049/5049 2912/5050/5050
f 2913/5057/5057 2912/5050/5050 2917/5056/5056
f 2917/5056/5056 2912/5050/5050 2916/5051/5051
f 2917/5056/5056 2916/5051/5051 2921/5055/5055
f 2921/5055/5055 2916/5051/5051 2919/5052/5052
f 2921/5055/5055 2919/5052/5052 2925/5054/5054
f 2925/5054/5054 2919/5052/5052 2923/5053/5053
f 1672/5061/5061 2660/5062/5062 1674/5064/5064
f 1674/5064/5064 2660/5062/5062 2661/5063/5063
f 4/5090/5090 2/5065/5065 8/5089/5089
f 8/5089/5089 2/5065/5065 6/5066/5066
f 8/5089/5089 6/5066/5066 12/5088/5088
f 12/5088/5088 6/5066/5066 10/5067/5067
f 12/5088/5088 10/5067/5067 16/5087/5087
f 16/5087/5087 10/5067/5067 14/5068/5068
f 16/5087/5087 14/5068/5068 20/5086/5086
f 20/5086/5086 14/5068/5068 18/5069/5069
f 20/5086/5086 18/5069/5069 50/5085/5085
f 50/5085/5085 18/5069/5069 48/5070/5070
f 50/5085/5085 48/5070/5070 252/5084/5084
f 252/5084/5084 48/5070/5070 250/5071/5071
f 252/5084/5084 250/5071/5071 525/5083/5083
f 525/5083/5083 250/5071/5071 523/5072/5072
f 525/5083/5083 523/5072/5072 730/5082/5082
f 730/5082/5082 523/5072/5072 728/5073/5073
f 730/5082/5082 728/5073/5073 930/5081/5081
f 930/5081/5081 728/5073/5073 926/5074/5074
f 930/5081/5081 926/5074/5074 1142/5080/5080
f 1142/5080/5080 926/5074/5074 1140/5075/5075
f 1142/5080/5080 1140/5075/5075 1396/5079/5079
f 1396/5079/5079 1140/5075/5075 1394/5076/5076
f 1396/5079/5079 1394/5076/5076 1674/5078/5078
f 1674/5078/5078 1394/5076/5076 1672/5077/5077
f 1394/5092/5092 1220/5267/5267 1672/5091/5091
f 1672/5091/5091 1220/5267/5267 1413/5268/5268
f 1672/5091/5091 1413/5268/5268 1542/5254/5254
f 1220/5267/5267 1394/5092/5092 1051/5266/5266
f 1051/5266/5266 1394/5092/5092 1140/5093/5093
f 1051/5266/5266 1140/5093/5093 925/5265/5265
f 925/5265/5265 1140/5093/5093 926/5094/5094
f 925/5265/5265 926/5094/5094 728/5095/5095
f 925/5265/5265 728/5095/5095 804/5264/5264
f 804/5264/5264 728/5095/5095 523/5096/5096
f 804/5264/5264 523/5096/5096 618/5263/5263
f 618/5263/5263 523/5096/5096 250/5097/5097
f 618/5263/5263 250/5097/5097 500/5262/5262
f 500/5262/5262 250/5097/5097 48/5098/5098
f 500/5262/5262 48/5098/5098 340/5261/5261
f 340/5261/5261 48/5098/5098 18/5099/5099
f 340/5261/5261 18/5099/5099 261/5274/5274
f 261/5274/5274 18/5099/5099 14/5100/5100
f 261/5274/5274 14/5100/5100 188/5273/5273
f 188/5273/5273 14/5100/5100 10/5101/5101
f 188/5273/5273 10/5101/5101 6/5102/5102
f 188/5273/5273 6/5102/5102 153/5272/5272
f 153/5272/5272 6/5102/5102 2/5103/5103
f 153/5272/5272 2/5103/5103 187/5271/5271
f 187/5271/5271 2/5103/5103 260/5270/5270
f 260/5270/5270 2/5103/5103 259/5291/5291
f 260/5270/5270 259/5291/5291 339/5196/5196
f 339/5196/5196 259/5291/5291 338/5283/5283
f 339/5196/5196 338/5283/5283 465/5195/5195
f 465/5195/5195 338/5283/5283 464/5284/5284
f 465/5195/5195 464/5284/5284 590/5194/5194
f 590/5194/5194 464/5284/5284 589/5285/5285
f 590/5194/5194 589/5285/5285 738/5193/5193
f 738/5193/5193 589/5285/5285 737/5286/5286
f 738/5193/5193 737/5286/5286 869/5192/5192
f 869/5192/5192 737/5286/5286 868/5278/5278
f 869/5192/5192 868/5278/5278 971/5136/5136
f 971/5136/5136 868/5278/5278 970/5214/5214
f 971/5136/5136 970/5214/5214 1132/5135/5135
f 1132/5135/5135 970/5214/5214 1131/5215/5215
f 1132/5135/5135 1131/5215/5215 1236/5134/5134
f 1236/5134/5134 1131/5215/5215 1235/5216/5216
f 1236/5134/5134 1235/5216/5216 1528/5360/5360
f 1528/5360/5360 1235/5216/5216 1426/5217/5217
f 1528/5360/5360 1426/5217/5217 1563/5359/5359
f 1563/5359/5359 1426/5217/5217 1540/5209/5209
f 1563/5359/5359 1540/5209/5209 1629/5358/5358
f 1629/5358/5358 1540/5209/5209 1653/5165/5165
f 1629/5358/5358 1653/5165/5165 1778/5384/5384
f 1778/5384/5384 1653/5165/5165 1745/5166/5166
f 1778/5384/5384 1745/5166/5166 1881/5383/5383
f 1881/5383/5383 1745/5166/5166 1797/5167/5167
f 1881/5383/5383 1797/5167/5167 1946/5382/5382
f 1946/5382/5382 1797/5167/5167 1945/5303/5303
f 1946/5382/5382 1945/5303/5303 2015/5381/5381
f 2015/5381/5381 1945/5303/5303 2014/5304/5304
f 2015/5381/5381 2014/5304/5304 2121/5380/5380
f 2121/5380/5380 2014/5304/5304 2120/5296/5296
f 2121/5380/5380 2120/5296/5296 2204/5375/5375
f 2204/5375/5375 2120/5296/5296 2203/5174/5174
f 2204/5375/5375 2203/5174/5174 2287/5374/5374
f 2287/5374/5374 2203/5174/5174 2286/5175/5175
f 2287/5374/5374 2286/5175/5175 2443/5373/5373
f 2443/5373/5373 2286/5175/5175 2442/5176/5176
f 2443/5373/5373 2442/5176/5176 2553/5372/5372
f 2553/5372/5372 2442/5176/5176 2552/5177/5177
f 2553/5372/5372 2552/5177/5177 2623/5371/5371
f 2623/5371/5371 2552/5177/5177 2622/5178/5178
f 2623/5371/5371 2622/5178/5178 2666/5352/5352
f 2666/5352/5352 2622/5178/5178 2665/5363/5363
f 2666/5352/5352 2665/5363/5363 2923/5124/5124
f 2923/5124/5124 2665/5363/5363 2922/5123/5123
f 2922/5123/5123 2665/5363/5363 2716/5364/5364
f 2922/5123/5123 2716/5364/5364 2754/5365/5365
f 1/5104/5104 152/5289/5289 2/5103/5103
f 2/5103/5103 152/5289/5289 186/5290/5290
f 2/5103/5103 186/5290/5290 259/5291/5291
f 5/5105/5105 151/5206/5206 1/5104/5104
f 1/5104/5104 151/5206/5206 184/5207/5207
f 1/5104/5104 184/5207/5207 257/5208/5208
f 151/5206/5206 5/5105/5105 183/5205/5205
f 183/5205/5205 5/5105/5105 9/5106/5106
f 183/5205/5205 9/5106/5106 13/5107/5107
f 183/5205/5205 13/5107/5107 256/5204/5204
f 256/5204/5204 13/5107/5107 17/5108/5108
f 256/5204/5204 17/5108/5108 335/5314/5314
f 335/5314/5314 17/5108/5108 47/5109/5109
f 335/5314/5314 47/5109/5109 499/5313/5313
f 499/5313/5313 47/5109/5109 249/5110/5110
f 499/5313/5313 249/5110/5110 617/5312/5312
f 617/5312/5312 249/5110/5110 522/5111/5111
f 617/5312/5312 522/5111/5111 803/5311/5311
f 803/5311/5311 522/5111/5111 727/5112/5112
f 803/5311/5311 727/5112/5112 924/5310/5310
f 924/5310/5310 727/5112/5112 923/5113/5113
f 924/5310/5310 923/5113/5113 1139/5114/5114
f 924/5310/5310 1139/5114/5114 1050/5309/5309
f 1050/5309/5309 1139/5114/5114 1393/5115/5115
f 1050/5309/5309 1393/5115/5115 1219/5308/5308
f 1219/5308/5308 1393/5115/5115 1671/5116/5116
f 1219/5308/5308 1671/5116/5116 1412/5307/5307
f 1412/5307/5307 1671/5116/5116 1537/5306/5306
f 1537/5306/5306 1671/5116/5116 1650/5244/5244
f 1537/5306/5306 1650/5244/5244 1173/5236/5236
f 2658/5117/5117 2155/5330/5330 1671/5116/5116
f 1671/5116/5116 2155/5330/5330 2061/5331/5331
f 1671/5116/5116 2061/5331/5331 1650/5244/5244
f 1650/5244/5244 2061/5331/5331 1742/5243/5243
f 1742/5243/5243 2061/5331/5331 1962/5332/5332
f 1742/5243/5243 1962/5332/5332 1796/5242/5242
f 1796/5242/5242 1962/5332/5332 1893/5333/5333
f 1796/5242/5242 1893/5333/5333 1743/5241/5241
f 1743/5241/5241 1893/5333/5333 1776/5334/5334
f 1743/5241/5241 1776/5334/5334 1651/5240/5240
f 1651/5240/5240 1776/5334/5334 1627/5336/5336
f 1651/5240/5240 1627/5336/5336 1538/5182/5182
f 1538/5182/5182 1627/5336/5336 1561/5337/5337
f 1538/5182/5182 1561/5337/5337 1424/5190/5190
f 1424/5190/5190 1561/5337/5337 1527/5338/5338
f 1424/5190/5190 1527/5338/5338 1233/5189/5189
f 1233/5189/5189 1527/5338/5338 1234/5248/5248
f 1233/5189/5189 1234/5248/5248 1129/5188/5188
f 1129/5188/5188 1234/5248/5248 1130/5249/5249
f 1129/5188/5188 1130/5249/5249 966/5187/5187
f 966/5187/5187 1130/5249/5249 967/5250/5250
f 966/5187/5187 967/5250/5250 864/5160/5160
f 864/5160/5160 967/5250/5250 865/5222/5222
f 864/5160/5160 865/5222/5222 735/5159/5159
f 735/5159/5159 865/5222/5222 736/5223/5223
f 735/5159/5159 736/5223/5223 587/5158/5158
f 587/5158/5158 736/5223/5223 588/5224/5224
f 587/5158/5158 588/5224/5224 462/5157/5157
f 462/5157/5157 588/5224/5224 463/5225/5225
f 462/5157/5157 463/5225/5225 336/5156/5156
f 336/5156/5156 463/5225/5225 337/5226/5226
f 336/5156/5156 337/5226/5226 257/5208/5208
f 257/5208/5208 337/5226/5226 258/5287/5287
f 257/5208/5208 258/5287/5287 1/5104/5104
f 1/5104/5104 258/5287/5287 185/5288/5288
f 1/5104/5104 185/5288/5288 152/5289/5289
f 2888/5118/5118 2536/5327/5327 2658/5117/5117
f 2658/5117/5117 2536/5327/5327 2378/5328/5328
f 2658/5117/5117 2378/5328/5328 2243/5329/5329
f 2536/5327/5327 2888/5118/5118 2621/5326/5326
f 2621/5326/5326 2888/5118/5118 2906/5119/5119
f 2621/5326/5326 2906/5119/5119 2664/5367/5367
f 2664/5367/5367 2906/5119/5119 2910/5120/5120
f 2664/5367/5367 2910/5120/5120 2715/5366/5366
f 2715/5366/5366 2910/5120/5120 2914/5121/5121
f 2715/5366/5366 2914/5121/5121 2918/5122/5122
f 2715/5366/5366 2918/5122/5122 2754/5365/5365
f 2754/5365/5365 2918/5122/5122 2922/5123/5123
f 2919/5125/5125 2755/5350/5350 2923/5124/5124
f 2923/5124/5124 2755/5350/5350 2717/5351/5351
f 2923/5124/5124 2717/5351/5351 2666/5352/5352
f 2755/5350/5350 2919/5125/5125 2718/5349/5349
f 2718/5349/5349 2919/5125/5125 2916/5126/5126
f 2718/5349/5349 2916/5126/5126 2912/5127/5127
f 2718/5349/5349 2912/5127/5127 2667/5348/5348
f 2667/5348/5348 2912/5127/5127 2908/5128/5128
f 2667/5348/5348 2908/5128/5128 2624/5154/5154
f 2624/5154/5154 2908/5128/5128 2890/5129/5129
f 2624/5154/5154 2890/5129/5129 2537/5153/5153
f 2537/5153/5153 2890/5129/5129 2660/5130/5130
f 2537/5153/5153 2660/5130/5130 2379/5152/5152
f 2379/5152/5152 2660/5130/5130 2244/5151/5151
f 2244/5151/5151 2660/5130/5130 2156/5150/5150
f 2156/5150/5150 2660/5130/5130 1672/5091/5091
f 2156/5150/5150 1672/5091/5091 2062/5149/5149
f 2062/5149/5149 1672/5091/5091 1655/5227/5227
f 2062/5149/5149 1655/5227/5227 1747/5228/5228
f 1541/5132/5132 1177/5232/5232 1119/5131/5131
f 1119/5131/5131 1177/5232/5232 1191/5233/5233
f 1119/5131/5131 1191/5233/5233 1192/5234/5234
f 1427/5133/5133 1564/5361/5361 1541/5132/5132
f 1541/5132/5132 1564/5361/5361 1630/5353/5353
f 1541/5132/5132 1630/5353/5353 1654/5231/5231
f 1654/5231/5231 1630/5353/5353 1779/5146/5146
f 1654/5231/5231 1779/5146/5146 1746/5230/5230
f 1746/5230/5230 1779/5146/5146 1894/5147/5147
f 1746/5230/5230 1894/5147/5147 1798/5229/5229
f 1798/5229/5229 1894/5147/5147 1963/5148/5148
f 1798/5229/5229 1963/5148/5148 1747/5228/5228
f 1747/5228/5228 1963/5148/5148 2062/5149/5149
f 1564/5361/5361 1427/5133/5133 1528/5360/5360
f 1528/5360/5360 1427/5133/5133 1236/5134/5134
f 971/5136/5136 972/5137/5137 869/5192/5192
f 869/5192/5192 972/5137/5137 870/5191/5191
f 870/5191/5191 972/5137/5137 896/5258/5258
f 870/5191/5191 896/5258/5258 827/5259/5259
f 1021/5138/5138 1038/5256/5256 972/5137/5137
f 972/5137/5137 1038/5256/5256 947/5257/5257
f 972/5137/5137 947/5257/5257 896/5258/5258
f 1021/5138/5138 1057/5139/5139 1038/5256/5256
f 1038/5256/5256 1057/5139/5139 1120/5255/5255
f 1120/5255/5255 1057/5139/5139 1119/5131/5131
f 1120/5255/5255 1119/5131/5131 1178/5235/5235
f 1178/5235/5235 1119/5131/5131 1192/5234/5234
f 2227/5141/5141 2252/5378/5378 2281/5140/5140
f 2281/5140/5140 2252/5378/5378 2280/5379/5379
f 2281/5140/5140 2280/5379/5379 2312/5347/5347
f 2312/5347/5347 2280/5379/5379 2326/5346/5346
f 2326/5346/5346 2280/5379/5379 2325/5345/5345
f 2325/5345/5345 2280/5379/5379 2311/5344/5344
f 2311/5344/5344 2280/5379/5379 2623/5371/5371
f 2311/5344/5344 2623/5371/5371 2666/5352/5352
f 2173/5142/5142 2205/5376/5376 2227/5141/5141
f 2227/5141/5141 2205/5376/5376 2223/5377/5377
f 2227/5141/5141 2223/5377/5377 2252/5378/5378
f 2173/5142/5142 2134/5143/5143 2205/5376/5376
f 2205/5376/5376 2134/5143/5143 2122/5388/5388
f 2205/5376/5376 2122/5388/5388 2121/5380/5380
f 2134/5143/5143 2074/5144/5144 2122/5388/5388
f 2122/5388/5388 2074/5144/5144 2081/5387/5387
f 2081/5387/5387 2074/5144/5144 2058/5386/5386
f 2058/5386/5386 2074/5144/5144 2027/5145/5145
f 2058/5386/5386 2027/5145/5145 2026/5385/5385
f 2026/5385/5385 2027/5145/5145 1990/5357/5357
f 2026/5385/5385 1990/5357/5357 1778/5384/5384
f 1778/5384/5384 1990/5357/5357 1629/5358/5358
f 1779/5146/5146 1991/5354/5354 2027/5145/5145
f 2027/5145/5145 1991/5354/5354 1981/5355/5355
f 2027/5145/5145 1981/5355/5355 1980/5356/5356
f 2667/5348/5348 2624/5154/5154 2312/5347/5347
f 2312/5347/5347 2624/5154/5154 2281/5140/5140
f 336/5156/5156 683/5200/5200 750/5155/5155
f 750/5155/5155 683/5200/5200 653/5201/5201
f 750/5155/5155 653/5201/5201 652/5202/5202
f 864/5160/5160 863/5161/5161 966/5187/5187
f 966/5187/5187 863/5161/5161 965/5186/5186
f 965/5186/5186 863/5161/5161 895/5317/5317
f 965/5186/5186 895/5317/5317 946/5318/5318
f 895/5317/5317 863/5161/5161 826/5316/5316
f 826/5316/5316 863/5161/5161 833/5162/5162
f 826/5316/5316 833/5162/5162 789/5163/5163
f 826/5316/5316 789/5163/5163 749/5315/5315
f 749/5315/5315 789/5163/5163 750/5155/5155
f 749/5315/5315 750/5155/5155 682/5203/5203
f 682/5203/5203 750/5155/5155 652/5202/5202
f 1653/5165/5165 1540/5209/5209 1176/5164/5164
f 1176/5164/5164 1540/5209/5209 1118/5210/5210
f 1176/5164/5164 1118/5210/5210 1117/5245/5245
f 1117/5245/5245 1118/5210/5210 1055/5253/5253
f 1055/5253/5253 1118/5210/5210 1056/5211/5211
f 1055/5253/5253 1056/5211/5211 1019/5252/5252
f 1019/5252/5252 1056/5211/5211 1020/5212/5212
f 1019/5252/5252 1020/5212/5212 968/5251/5251
f 968/5251/5251 1020/5212/5212 969/5213/5213
f 968/5251/5251 969/5213/5213 866/5221/5221
f 866/5221/5221 969/5213/5213 867/5279/5279
f 866/5221/5221 867/5279/5279 834/5220/5220
f 834/5220/5220 867/5279/5279 835/5280/5280
f 834/5220/5220 835/5280/5280 790/5219/5219
f 790/5219/5219 835/5280/5280 791/5281/5281
f 790/5219/5219 791/5281/5281 751/5218/5218
f 751/5218/5218 791/5281/5281 752/5282/5282
f 751/5218/5218 752/5282/5282 684/5295/5295
f 684/5295/5295 752/5282/5282 654/5294/5294
f 654/5294/5294 752/5282/5282 655/5293/5293
f 655/5293/5293 752/5282/5282 685/5292/5292
f 685/5292/5292 752/5282/5282 338/5283/5283
f 685/5292/5292 338/5283/5283 259/5291/5291
f 1945/5303/5303 1797/5167/5167 1880/5302/5302
f 1880/5302/5302 1797/5167/5167 1744/5168/5168
f 1880/5302/5302 1744/5168/5168 1777/5301/5301
f 1777/5301/5301 1744/5168/5168 1652/5169/5169
f 1777/5301/5301 1652/5169/5169 1628/5340/5340
f 1628/5340/5340 1652/5169/5169 1539/5246/5246
f 1628/5340/5340 1539/5246/5246 1562/5339/5339
f 1562/5339/5339 1539/5246/5246 1425/5247/5247
f 1562/5339/5339 1425/5247/5247 1527/5338/5338
f 1527/5338/5338 1425/5247/5247 1234/5248/5248
f 1652/5169/5169 1175/5170/5170 1539/5246/5246
f 1539/5246/5246 1175/5170/5170 1117/5245/5245
f 1117/5245/5245 1175/5170/5170 1189/5171/5171
f 1117/5245/5245 1189/5171/5171 1190/5172/5172
f 1190/5172/5172 1176/5164/5164 1117/5245/5245
f 2203/5174/5174 2119/5297/5297 2202/5173/5173
f 2202/5173/5173 2119/5297/5297 2133/5322/5322
f 2202/5173/5173 2133/5322/5322 2172/5323/5323
f 2665/5363/5363 2622/5178/5178 2310/5362/5362
f 2310/5362/5362 2622/5178/5178 2279/5179/5179
f 2310/5362/5362 2279/5179/5179 2278/5325/5325
f 2278/5325/5325 2279/5179/5179 2251/5180/5180
f 2278/5325/5325 2251/5180/5180 2226/5324/5324
f 2226/5324/5324 2251/5180/5180 2222/5181/5181
f 2226/5324/5324 2222/5181/5181 2202/5173/5173
f 1651/5240/5240 1538/5182/5182 1174/5239/5239
f 1174/5239/5239 1538/5182/5182 1116/5183/5183
f 1174/5239/5239 1116/5183/5183 1115/5305/5305
f 1115/5305/5305 1116/5183/5183 1054/5184/5184
f 1115/5305/5305 1054/5184/5184 1037/5319/5319
f 1037/5319/5319 1054/5184/5184 1018/5185/5185
f 1037/5319/5319 1018/5185/5185 965/5186/5186
f 260/5270/5270 339/5196/5196 686/5269/5269
f 686/5269/5269 339/5196/5196 753/5197/5197
f 686/5269/5269 753/5197/5197 754/5260/5260
f 754/5260/5260 753/5197/5197 792/5198/5198
f 754/5260/5260 792/5198/5198 827/5259/5259
f 827/5259/5259 792/5198/5198 836/5199/5199
f 827/5259/5259 836/5199/5199 870/5191/5191
f 749/5315/5315 682/5203/5203 335/5314/5314
f 335/5314/5314 682/5203/5203 256/5204/5204
f 257/5208/5208 683/5200/5200 336/5156/5156
f 969/5213/5213 970/5214/5214 867/5279/5279
f 867/5279/5279 970/5214/5214 868/5278/5278
f 866/5221/5221 865/5222/5222 968/5251/5251
f 968/5251/5251 865/5222/5222 967/5250/5250
f 258/5287/5287 337/5226/5226 684/5295/5295
f 684/5295/5295 337/5226/5226 751/5218/5218
f 1654/5231/5231 1177/5232/5232 1541/5132/5132
f 1120/5255/5255 1178/5235/5235 1542/5254/5254
f 1542/5254/5254 1178/5235/5235 1655/5227/5227
f 1542/5254/5254 1655/5227/5227 1672/5091/5091
f 1537/5306/5306 1173/5236/5236 1115/5305/5305
f 1115/5305/5305 1173/5236/5236 1187/5237/5237
f 1115/5305/5305 1187/5237/5237 1188/5238/5238
f 1188/5238/5238 1174/5239/5239 1115/5305/5305
f 340/5261/5261 687/5275/5275 754/5260/5260
f 754/5260/5260 687/5275/5275 657/5276/5276
f 754/5260/5260 657/5276/5276 656/5277/5277
f 261/5274/5274 687/5275/5275 340/5261/5261
f 656/5277/5277 686/5269/5269 754/5260/5260
f 2120/5296/5296 2119/5297/5297 2203/5174/5174
f 2133/5322/5322 2119/5297/5297 2073/5321/5321
f 2073/5321/5321 2119/5297/5297 2080/5298/5298
f 2073/5321/5321 2080/5298/5298 2057/5299/5299
f 2073/5321/5321 2057/5299/5299 2024/5320/5320
f 2024/5320/5320 2057/5299/5299 2025/5300/5300
f 2024/5320/5320 2025/5300/5300 1988/5335/5335
f 1988/5335/5335 2025/5300/5300 1978/5343/5343
f 1978/5343/5343 2025/5300/5300 1979/5342/5342
f 1979/5342/5342 2025/5300/5300 1989/5341/5341
f 1989/5341/5341 2025/5300/5300 1777/5301/5301
f 1989/5341/5341 1777/5301/5301 1628/5340/5340
f 946/5318/5318 1037/5319/5319 965/5186/5186
f 2172/5323/5323 2226/5324/5324 2202/5173/5173
f 2621/5326/5326 2309/5368/5368 2278/5325/5325
f 2278/5325/5325 2309/5368/5368 2323/5369/5369
f 2278/5325/5325 2323/5369/5369 2324/5370/5370
f 2243/5329/5329 2155/5330/5330 2658/5117/5117
f 1627/5336/5336 1776/5334/5334 1988/5335/5335
f 1988/5335/5335 1776/5334/5334 2024/5320/5320
f 1630/5353/5353 1991/5354/5354 1779/5146/5146
f 1980/5356/5356 1990/5357/5357 2027/5145/5145
f 2664/5367/5367 2309/5368/5368 2621/5326/5326
f 2324/5370/5370 2310/5362/5362 2278/5325/5325
f 2204/5375/5375 2205/5376/5376 2121/5380/5380
# 2925 vertices
# 5388 texture params
# 5388 normals
# 5846 facets

# 1 groups
