# WaveFront *.obj file (generated by Autodesk ATF)

mtllib ChalkH_Lid_Base.mtl

g Solid1

v -0.440000 0.000000 -1.000000
v -0.440000 0.000000 0.000000
v -0.440000 3.130000 -1.000000
v -0.440000 3.130000 0.000000
v -0.433315 0.000000 -1.076406
v -0.433315 0.000000 0.076406
v -0.433315 3.130000 -1.076406
v -0.433315 3.130000 0.076406
v -0.413464 0.000000 -1.150490
v -0.413465 0.000000 0.150490
v -0.413464 3.130000 -1.150490
v -0.413465 3.130000 0.150490
v -0.391000 3.130000 -1.000000
v -0.391000 3.130000 0.000000
v -0.383934 3.130000 -1.073998
v -0.383934 3.130000 0.073998
v -0.381050 0.000000 -1.220001
v -0.381051 0.000000 0.220001
v -0.381050 3.130000 -1.220001
v -0.381051 3.130000 0.220001
v -0.362991 3.130000 -1.145321
v -0.362992 3.130000 0.145321
v -0.337058 0.000000 -1.282828
v -0.337059 0.000000 0.282828
v -0.337058 3.130000 -1.282828
v -0.337059 3.130000 0.282828
v -0.328929 3.130000 -1.211392
v -0.328930 3.130000 0.211391
v -0.291000 0.154000 -1.000000
v -0.291000 0.154000 -0.900000
v -0.291000 0.154000 -0.600000
v -0.291000 0.154000 -0.400000
v -0.291000 0.154000 -0.100000
v -0.291000 0.154000 0.000000
v -0.291000 1.752934 -0.900000
v -0.291000 1.752934 -0.600000
v -0.291000 1.752934 -0.400000
v -0.291000 1.752934 -0.100000
v -0.291000 1.755064 -0.899898
v -0.291000 1.755064 -0.600102
v -0.291000 1.755064 -0.399898
v -0.291000 1.755064 -0.100102
v -0.291000 2.483872 -0.829824
v -0.291000 2.483872 -0.670176
v -0.291000 2.483872 -0.329824
v -0.291000 2.483872 -0.170176
v -0.291000 2.498779 -0.824133
v -0.291000 2.498779 -0.675866
v -0.291000 2.498779 -0.324133
v -0.291000 2.498779 -0.175866
v -0.291000 2.502835 -0.819433
v -0.291000 2.502835 -0.680567
v -0.291000 2.502835 -0.319433
v -0.291000 2.502835 -0.180567
v -0.291000 2.503999 -0.815852
v -0.291000 2.504000 -0.815799
v -0.291000 2.504000 -0.810832
v -0.291000 2.504000 -0.805866
v -0.291000 2.504000 -0.795933
v -0.291000 2.504000 -0.776067
v -0.291000 2.504000 -0.750000
v -0.291000 2.504000 -0.723933
v -0.291000 2.504000 -0.704067
v -0.291000 2.504000 -0.694134
v -0.291000 2.504000 -0.689168
v -0.291000 2.504000 -0.684201
v -0.291000 2.503999 -0.684148
v -0.291000 2.503999 -0.315852
v -0.291000 2.504000 -0.315799
v -0.291000 2.504000 -0.310832
v -0.291000 2.504000 -0.305866
v -0.291000 2.504000 -0.295933
v -0.291000 2.504000 -0.276067
v -0.291000 2.504000 -0.250000
v -0.291000 2.504000 -0.223933
v -0.291000 2.504000 -0.204067
v -0.291000 2.504000 -0.194134
v -0.291000 2.504000 -0.189168
v -0.291000 2.504000 -0.184201
v -0.291000 2.503999 -0.184148
v -0.291000 2.655000 -0.522500
v -0.291000 2.655000 -0.477500
v -0.291000 2.656340 -0.527500
v -0.291000 2.656340 -0.472500
v -0.291000 2.660000 -0.531160
v -0.291000 2.660000 -0.468840
v -0.291000 2.665000 -0.532500
v -0.291000 2.665000 -0.467500
v -0.291000 2.745000 -0.532500
v -0.291000 2.745000 -0.467500
v -0.291000 2.750000 -0.531160
v -0.291000 2.750000 -0.468840
v -0.291000 2.753660 -0.527500
v -0.291000 2.753660 -0.472500
v -0.291000 2.755000 -0.522500
v -0.291000 2.755000 -0.477500
v -0.291000 2.930000 -1.000000
v -0.291000 2.930000 0.000000
v -0.290565 2.493776 -0.673755
v -0.290565 2.493776 -0.173755
v -0.290509 2.498939 -0.822227
v -0.290509 2.498939 -0.322227
v -0.290463 2.502119 -0.816349
v -0.290463 2.502119 -0.316349
v -0.290156 2.501781 -0.685229
v -0.290156 2.501781 -0.185229
v -0.289796 2.497979 -0.679339
v -0.289796 2.497979 -0.179339
v -0.289014 2.500989 -0.808580
v -0.289014 2.500989 -0.308580
v -0.288198 2.500721 -0.696077
v -0.288198 2.500721 -0.196076
v -0.287166 2.495615 -0.814643
v -0.287166 2.495615 -0.314643
v -0.287031 2.487384 -0.821975
v -0.287031 2.487384 -0.321975
v -0.286815 2.489503 -0.820269
v -0.286815 2.489503 -0.320269
v -0.286006 2.500740 -0.790292
v -0.286006 2.500740 -0.290292
v -0.285259 2.494627 -0.689894
v -0.285259 2.494627 -0.189894
v -0.284641 0.154000 -1.060503
v -0.284641 0.154000 0.060503
v -0.284641 2.930000 -1.060503
v -0.284641 2.930000 0.060503
v -0.284068 2.485001 -0.682578
v -0.284068 2.485001 -0.182578
v -0.284066 2.487500 -0.684256
v -0.284066 2.487500 -0.184256
v -0.282979 3.130000 -1.269822
v -0.282979 3.130000 0.269822
v -0.282824 0.000000 -1.337061
v -0.282825 0.000000 0.337061
v -0.282820 2.501812 -0.731994
v -0.282820 2.501812 -0.231994
v -0.282824 3.130000 -1.337061
v -0.282825 3.130000 0.337061
v -0.282655 2.501871 -0.766388
v -0.282655 2.501871 -0.266388
v -0.281908 2.502168 -0.746382
v -0.281908 2.502168 -0.246382
v -0.280458 2.473189 -0.684962
v -0.280458 2.473189 -0.184962
v -0.280444 2.473178 -0.815019
v -0.280444 2.473178 -0.315019
v -0.279976 2.493613 -0.796872
v -0.279976 2.493613 -0.296872
v -0.278980 2.496758 -0.785657
v -0.278980 2.496758 -0.714343
v -0.278980 2.496758 -0.285657
v -0.278980 2.496758 -0.214343
v -0.276292 2.484409 -0.802547
v -0.276292 2.484409 -0.302546
v -0.275653 2.481064 -0.804126
v -0.275653 2.481064 -0.304126
v -0.273500 2.745000 -0.532500
v -0.273500 2.745000 -0.467500
v -0.273500 2.750000 -0.531160
v -0.273500 2.750000 -0.468840
v -0.273500 2.753660 -0.527500
v -0.273500 2.753660 -0.472500
v -0.273500 2.755000 -0.522500
v -0.273500 2.755000 -0.477500
v -0.271612 2.494765 -0.727821
v -0.271612 2.494765 -0.227821
v -0.271179 2.494857 -0.770165
v -0.271179 2.494857 -0.270165
v -0.271141 2.483887 -0.793515
v -0.271141 2.483887 -0.706485
v -0.271141 2.483887 -0.293515
v -0.271141 2.483887 -0.206485
v -0.269260 2.495320 -0.745529
v -0.269260 2.495320 -0.245529
v -0.268897 2.467710 -0.798223
v -0.268897 2.467710 -0.701777
v -0.268897 2.467710 -0.298223
v -0.268897 2.467710 -0.201777
v -0.265841 0.154000 -1.118361
v -0.265842 0.154000 0.118361
v -0.265841 2.930000 -1.118361
v -0.265842 2.930000 0.118361
v -0.263500 2.742321 -0.532500
v -0.263500 2.742321 -0.467500
v -0.263419 2.484058 -0.724498
v -0.263419 2.484058 -0.224498
v -0.262750 2.484113 -0.773145
v -0.262750 2.484113 -0.273145
v -0.261605 2.480042 -0.723681
v -0.261605 2.480042 -0.223681
v -0.261000 2.746651 -0.531160
v -0.261000 2.746651 -0.468840
v -0.260874 2.480074 -0.773869
v -0.260874 2.480074 -0.273869
v -0.259853 2.484422 -0.744864
v -0.259853 2.484422 -0.244864
v -0.259170 2.749821 -0.527500
v -0.259170 2.749821 -0.472500
v -0.258500 2.750981 -0.522500
v -0.258500 2.750981 -0.477500
v -0.257977 2.466467 -0.775259
v -0.257977 2.466467 -0.724741
v -0.257977 2.466467 -0.275259
v -0.257977 2.466467 -0.224741
v -0.257738 2.480280 -0.744705
v -0.257738 2.480280 -0.244705
v -0.256179 2.735000 -0.532500
v -0.256179 2.735000 -0.467500
v -0.254218 2.466255 -0.750000
v -0.254218 2.466255 -0.250000
v -0.253500 2.655000 -0.522500
v -0.253500 2.655000 -0.477500
v -0.253500 2.656340 -0.527500
v -0.253500 2.656340 -0.472500
v -0.253500 2.660000 -0.531160
v -0.253500 2.660000 -0.468840
v -0.253500 2.665000 -0.532500
v -0.253500 2.665000 -0.467500
v -0.253500 2.725000 -0.532500
v -0.253500 2.725000 -0.467500
v -0.252102 2.656526 -0.527623
v -0.252102 2.656526 -0.472377
v -0.251849 2.737500 -0.531160
v -0.251849 2.737500 -0.468840
v -0.250763 2.325181 -0.777437
v -0.250763 2.325181 -0.722563
v -0.250763 2.325181 -0.277437
v -0.250763 2.325181 -0.222563
v -0.249735 2.660112 -0.530370
v -0.249735 2.660112 -0.469630
v -0.248679 2.739330 -0.527500
v -0.248679 2.739330 -0.472500
v -0.248500 2.656340 -0.522500
v -0.248500 2.656340 -0.477500
v -0.248500 2.665000 -0.531160
v -0.248500 2.665000 -0.468840
v -0.248500 2.725000 -0.531160
v -0.248500 2.725000 -0.468840
v -0.248377 2.656526 -0.523898
v -0.248377 2.656526 -0.476102
v -0.247519 2.740000 -0.522500
v -0.247519 2.740000 -0.477500
v -0.246694 2.325181 -0.750000
v -0.246694 2.325181 -0.250000
v -0.245630 2.660112 -0.526265
v -0.245630 2.660112 -0.473735
v -0.244840 2.660000 -0.522500
v -0.244840 2.660000 -0.477500
v -0.244840 2.665000 -0.527500
v -0.244840 2.665000 -0.472500
v -0.244840 2.725000 -0.527500
v -0.244840 2.725000 -0.472500
v -0.243485 2.182652 -0.779632
v -0.243485 2.182652 -0.720368
v -0.243485 2.182652 -0.279632
v -0.243485 2.182652 -0.220368
v -0.243500 2.665000 -0.522500
v -0.243500 2.665000 -0.477500
v -0.243500 2.725000 -0.522500
v -0.243500 2.725000 -0.477500
v -0.239093 2.182652 -0.750000
v -0.239093 2.182652 -0.250000
v -0.237272 1.755064 -0.819306
v -0.237272 1.755064 -0.680694
v -0.237272 1.755064 -0.319306
v -0.237272 1.755064 -0.180694
v -0.237225 0.154000 -0.819338
v -0.237225 0.154000 -0.680662
v -0.237225 0.154000 -0.319338
v -0.237225 0.154000 -0.180662
v -0.237225 0.754000 -0.819338
v -0.237225 0.754000 -0.680662
v -0.237225 0.754000 -0.319338
v -0.237225 0.754000 -0.180662
v -0.237225 1.752934 -0.819338
v -0.237225 1.752934 -0.680662
v -0.237225 1.752934 -0.319338
v -0.237225 1.752934 -0.180662
v -0.237230 1.753644 -0.819334
v -0.237230 1.753644 -0.680666
v -0.237230 1.753644 -0.319334
v -0.237230 1.753644 -0.180666
v -0.237246 1.754355 -0.819324
v -0.237246 1.754355 -0.680676
v -0.237246 1.754355 -0.319324
v -0.237246 1.754355 -0.180676
v -0.236207 2.040123 -0.781825
v -0.236207 2.040123 -0.718175
v -0.236207 2.040123 -0.281825
v -0.236207 2.040123 -0.218175
v -0.235423 0.154000 -1.171047
v -0.235423 0.154000 0.171046
v -0.235423 2.930000 -1.171047
v -0.235423 2.930000 0.171046
v -0.231491 2.040123 -0.750000
v -0.231491 2.040123 -0.250000
v -0.228928 1.897594 -0.784017
v -0.228928 1.897594 -0.715983
v -0.228928 1.897594 -0.284017
v -0.228928 1.897594 -0.215983
v -0.226800 3.130000 -1.318501
v -0.226801 3.130000 0.318500
v -0.223890 1.897594 -0.750000
v -0.223890 1.897594 -0.250000
v -0.221649 1.755064 -0.786207
v -0.221649 1.755064 -0.713793
v -0.221649 1.755064 -0.286207
v -0.221649 1.755064 -0.213793
v -0.221595 0.754000 -0.786223
v -0.221595 0.754000 -0.713777
v -0.221595 0.754000 -0.286223
v -0.221595 0.754000 -0.213777
v -0.221595 1.752934 -0.786223
v -0.221595 1.752934 -0.713777
v -0.221595 1.752934 -0.286223
v -0.221595 1.752934 -0.213777
v -0.219997 0.000000 -1.381053
v -0.219998 0.000000 0.381052
v -0.219997 3.130000 -1.381053
v -0.219998 3.130000 0.381052
v -0.216288 1.755064 -0.750000
v -0.216288 1.755064 -0.250000
v -0.216231 0.754000 -0.750000
v -0.216231 0.754000 -0.250000
v -0.216231 1.752934 -0.750000
v -0.216231 1.752934 -0.250000
v -0.211412 0.754000 -0.780618
v -0.211412 0.754000 -0.719382
v -0.211412 0.754000 -0.280618
v -0.211412 0.754000 -0.219382
v -0.194716 0.154000 -1.216256
v -0.194716 0.154000 0.216256
v -0.194716 2.930000 -1.216256
v -0.194716 2.930000 0.216256
v -0.174792 0.754000 -0.753444
v -0.174792 0.754000 -0.746556
v -0.174792 0.754000 -0.253444
v -0.174792 0.754000 -0.246556
v -0.173264 0.754000 -0.751311
v -0.173264 0.754000 -0.748688
v -0.173264 0.754000 -0.251311
v -0.173264 0.754000 -0.248689
v -0.172018 0.704000 -0.751712
v -0.172018 0.704000 -0.748288
v -0.172018 0.704000 -0.251712
v -0.172018 0.704000 -0.248288
v -0.170771 0.654000 -0.752112
v -0.170771 0.654000 -0.747888
v -0.170771 0.654000 -0.252112
v -0.170771 0.654000 -0.247888
v -0.169525 0.604000 -0.752513
v -0.169525 0.604000 -0.747487
v -0.169525 0.604000 -0.252513
v -0.169525 0.604000 -0.247487
v -0.168278 0.554000 -0.752913
v -0.168278 0.554000 -0.747087
v -0.168278 0.554000 -0.252913
v -0.168278 0.554000 -0.247087
v -0.167032 0.504000 -0.753314
v -0.167032 0.504000 -0.746686
v -0.167032 0.504000 -0.253314
v -0.167032 0.504000 -0.246686
v -0.165785 0.454000 -0.753714
v -0.165785 0.454000 -0.746286
v -0.165785 0.454000 -0.253714
v -0.165785 0.454000 -0.246286
v -0.165429 0.154000 -0.766061
v -0.165429 0.154000 -0.733939
v -0.165429 0.154000 -0.266061
v -0.165429 0.154000 -0.233939
v -0.164538 0.404000 -0.754114
v -0.164538 0.404000 -0.745886
v -0.164538 0.404000 -0.254114
v -0.164538 0.404000 -0.245886
v -0.163292 0.354000 -0.754515
v -0.163292 0.354000 -0.745485
v -0.163292 0.354000 -0.254515
v -0.163292 0.354000 -0.245485
v -0.162424 3.130000 -1.355667
v -0.162425 3.130000 0.355667
v -0.162045 0.304000 -0.754915
v -0.162045 0.304000 -0.745085
v -0.162045 0.304000 -0.254915
v -0.162045 0.304000 -0.245085
v -0.160799 0.254000 -0.755316
v -0.160799 0.254000 -0.744684
v -0.160799 0.254000 -0.255316
v -0.160799 0.254000 -0.244684
v -0.159552 0.204000 -0.755716
v -0.159552 0.204000 -0.744284
v -0.159552 0.204000 -0.255716
v -0.159552 0.204000 -0.244284
v -0.158306 0.154000 -0.756116
v -0.158306 0.154000 -0.743884
v -0.158306 0.154000 -0.256116
v -0.158306 0.154000 -0.243884
v -0.150485 0.000000 -1.413466
v -0.150487 0.000000 0.413466
v -0.150485 3.130000 -1.413466
v -0.150487 3.130000 0.413466
v -0.145498 0.154000 -1.252014
v -0.145499 0.154000 0.252014
v -0.145498 2.930000 -1.252014
v -0.145499 2.930000 0.252014
v -0.092178 3.130000 -1.379979
v -0.092179 3.130000 0.379979
v -0.089922 0.154000 -1.276758
v -0.089922 0.154000 0.276758
v -0.089922 2.930000 -1.276758
v -0.089922 2.930000 0.276758
v -0.076401 0.000000 -1.433316
v -0.076402 0.000000 0.433316
v -0.076401 3.130000 -1.433316
v -0.076402 3.130000 0.433316
v -0.030415 0.154000 -1.289406
v -0.030416 0.154000 0.289406
v -0.030415 2.930000 -1.289406
v -0.030416 2.930000 0.289406
v -0.018600 3.130000 -1.390557
v -0.018602 3.130000 0.390557
v 0.000005 0.000000 -1.440000
v 0.000003 0.000000 0.440000
v 0.000005 3.130000 -1.440000
v 0.000003 3.130000 0.440000
v 0.030421 0.154000 -1.289406
v 0.030420 0.154000 0.289406
v 0.030421 2.930000 -1.289406
v 0.030420 2.930000 0.289406
v 0.055648 3.130000 0.387020
v 0.055650 3.130000 -1.387020
v 0.076410 0.000000 -1.433314
v 0.076409 0.000000 0.433315
v 0.076410 3.130000 -1.433314
v 0.076409 3.130000 0.433315
v 0.089928 0.154000 -1.276756
v 0.089926 0.154000 0.276757
v 0.089928 2.930000 -1.276756
v 0.089926 2.930000 0.276757
v 0.127889 3.130000 -1.369494
v 0.127887 3.130000 0.369494
v 0.145504 0.154000 -1.252011
v 0.145502 0.154000 0.252012
v 0.145502 1.752934 0.252012
v 0.145504 1.754000 -1.252011
v 0.145504 2.930000 -1.252011
v 0.145502 2.930000 0.252012
v 0.145620 1.755064 0.251944
v 0.150494 0.000000 -1.413463
v 0.150492 0.000000 0.413463
v 0.150494 3.130000 -1.413463
v 0.150492 3.130000 0.413463
v 0.195505 3.130000 -1.338613
v 0.195503 3.130000 0.338614
v 0.220006 0.000000 -1.381048
v 0.220004 0.000000 0.381049
v 0.220006 3.130000 -1.381048
v 0.220004 3.130000 0.381049
v 0.223915 2.466130 -1.206739
v 0.223920 2.466130 0.206736
v 0.226224 2.473624 -1.205406
v 0.226229 2.473624 0.205403
v 0.231408 2.480772 -1.202413
v 0.231413 2.480772 0.202410
v 0.249562 2.493028 -1.191931
v 0.249569 2.493028 0.191928
v 0.270501 0.154000 -1.074803
v 0.270501 0.754000 -1.074803
v 0.270501 1.754000 -1.074803
v 0.270593 0.154000 0.027107
v 0.270593 0.154000 0.074685
v 0.270593 0.754000 0.074685
v 0.270593 1.752934 0.074685
v 0.270598 1.753644 0.074689
v 0.270614 1.754355 0.074700
v 0.270639 1.755064 0.074718
v 0.274039 0.154000 0.015883
v 0.275040 0.200154 0.016561
v 0.275796 2.501156 -1.176784
v 0.275805 2.501156 0.176780
v 0.276040 0.246308 0.017240
v 0.277040 0.292462 0.017918
v 0.277407 0.154000 -1.018510
v 0.278041 0.338615 0.018596
v 0.279041 0.384769 0.019274
v 0.280041 0.430923 0.019953
v 0.281042 0.477077 0.020631
v 0.282042 0.523231 0.021309
v 0.282193 0.154000 -1.007791
v 0.283042 0.569385 0.021987
v 0.283103 0.200154 -1.008586
v 0.283190 0.154000 0.008527
v 0.283638 0.200154 0.009650
v 0.284014 0.246308 -1.009381
v 0.284043 0.615538 0.022665
v 0.284085 0.246308 0.010773
v 0.284532 0.292462 0.011896
v 0.284924 0.292462 -1.010175
v 0.284980 0.338615 0.013018
v 0.285043 0.661692 0.023344
v 0.285427 0.384769 0.014141
v 0.285834 0.338615 -1.010970
v 0.285874 0.430923 0.015264
v 0.286043 0.707846 0.024022
v 0.286305 0.754000 0.027107
v 0.286305 0.754000 0.052413
v 0.286322 0.477077 0.016386
v 0.286745 0.384769 -1.011765
v 0.286769 0.523231 0.017509
v 0.287044 0.754000 0.024700
v 0.287216 0.569385 0.018632
v 0.287655 0.430923 -1.012560
v 0.287625 0.754000 -1.055221
v 0.287664 0.615538 0.019755
v 0.288111 0.661692 0.020877
v 0.288558 0.707846 0.022000
v 0.288565 0.477077 -1.013355
v 0.289006 0.754000 0.023123
v 0.289476 0.523231 -1.014150
v 0.289663 0.754000 -1.047637
v 0.290386 0.569385 -1.014945
v 0.291297 0.615538 -1.015740
v 0.291515 0.754000 0.022919
v 0.292170 0.154000 -1.001604
v 0.292207 0.661692 -1.016535
v 0.292478 0.200154 -1.002772
v 0.292785 0.246308 -1.003941
v 0.293001 0.754000 -1.020423
v 0.293092 0.292462 -1.005110
v 0.293117 0.707846 -1.017330
v 0.293400 0.338615 -1.006279
v 0.293707 0.384769 -1.007448
v 0.294015 0.430923 -1.008616
v 0.294028 0.754000 -1.018125
v 0.294322 0.477077 -1.009785
v 0.294630 0.523231 -1.010954
v 0.294893 0.154000 0.007574
v 0.294937 0.569385 -1.012123
v 0.295245 0.615538 -1.013292
v 0.295270 1.754000 -1.048680
v 0.295353 0.754000 0.048572
v 0.295353 1.752934 0.048572
v 0.295388 1.755064 0.048616
v 0.295552 0.661692 -1.014461
v 0.295859 0.707846 -1.015629
v 0.296167 0.754000 -1.016798
v 0.298682 0.754000 -1.016901
v 0.299972 1.896426 -1.054646
v 0.300084 1.897278 0.054573
v 0.301537 2.466130 -1.096695
v 0.301628 2.466130 0.096579
v 0.303900 0.154000 -1.002081
v 0.304674 2.038852 -1.060612
v 0.304779 2.039491 0.060530
v 0.306380 2.504000 -1.159126
v 0.306391 2.504000 0.159121
v 0.306468 2.485218 -1.100173
v 0.306559 2.485218 0.100057
v 0.308432 0.754000 -1.039608
v 0.309376 2.181278 -1.066578
v 0.309475 2.181704 0.066486
v 0.309657 0.754000 0.026912
v 0.314078 2.323704 -1.072543
v 0.314170 2.323917 0.072443
v 0.318339 2.498991 -1.108546
v 0.318430 2.498991 0.108431
v 0.318780 2.466130 -1.078509
v 0.318865 2.466130 0.078399
v 0.326457 1.754000 -1.030700
v 0.326527 0.754000 0.030594
v 0.326527 1.752934 0.030594
v 0.326548 1.755064 0.030647
v 0.329264 1.896426 -1.037758
v 0.329352 1.897278 0.037695
v 0.332020 0.754000 -1.028639
v 0.332070 2.038852 -1.044817
v 0.332156 2.039491 0.044742
v 0.332197 2.485218 -1.076693
v 0.332278 2.485218 0.076584
v 0.334177 2.504000 -1.119718
v 0.334268 2.504000 0.119603
v 0.334877 2.181278 -1.051875
v 0.334959 2.181704 0.051789
v 0.337684 2.323704 -1.058934
v 0.337763 2.323917 0.058837
v 0.339218 0.582246 -1.026406
v 0.339453 2.498991 -1.089278
v 0.339536 2.498991 0.089169
v 0.340491 2.466130 -1.065992
v 0.340567 2.466130 0.065884
v 0.343506 2.504000 -1.109880
v 0.343593 2.504000 0.109769
v 0.346538 0.424724 -1.024610
v 0.353953 0.282006 -1.023259
v 0.355251 2.504000 -1.103108
v 0.355333 2.504000 0.102998
v 0.357688 0.216363 -1.022751
v 0.361432 0.154000 -1.022344
v 0.361430 0.154000 -1.022338
v 0.361436 0.154612 -1.022357
v 0.361449 0.154000 -1.022355
v 0.361474 1.754000 -1.022353
v 0.361530 0.154000 0.022243
v 0.361530 0.754000 0.022243
v 0.361530 1.752934 0.022243
v 0.361531 1.753644 0.022249
v 0.361533 1.754355 0.022268
v 0.361535 1.755064 0.022300
v 0.364869 2.466130 -1.060181
v 0.364935 2.466130 0.060070
v 0.365408 2.485218 -1.066192
v 0.365476 2.485218 0.066080
v 0.366707 2.498991 -1.080661
v 0.366778 2.498991 0.080549
v 0.368439 2.504000 -1.099965
v 0.368516 2.504000 0.099853
v 0.416283 2.504000 -1.095671
v 0.416529 2.504000 0.095531
v 0.446784 2.501156 -1.078061
v 0.447048 2.501156 0.077911
v 0.472947 2.493028 -1.062955
v 0.473227 2.493028 0.062796
v 0.491052 2.480772 -1.052502
v 0.491343 2.480772 0.052336
v 0.496222 2.473624 -1.049517
v 0.496516 2.473624 0.049350
v 0.498525 2.466130 -1.048188
v 0.498820 2.466130 0.048020
v 0.569582 0.154000 -0.505919
v 0.569582 0.154000 -0.494081
v 0.570736 0.200154 -0.505561
v 0.570736 0.200154 -0.494439
v 0.571891 0.246308 -0.505203
v 0.571891 0.246308 -0.494797
v 0.573045 0.292462 -0.504846
v 0.573045 0.292462 -0.495154
v 0.574199 0.338615 -0.504488
v 0.574199 0.338615 -0.495512
v 0.575354 0.384769 -0.504130
v 0.575354 0.384769 -0.495870
v 0.576274 0.154000 -0.515683
v 0.576274 0.154000 -0.484317
v 0.576508 0.430923 -0.503773
v 0.576508 0.430923 -0.496227
v 0.576725 0.154000 -1.003037
v 0.576725 1.754000 -1.003037
v 0.576725 2.930000 -1.003037
v 0.576949 1.755064 0.002910
v 0.577066 0.154000 0.002843
v 0.577066 1.752934 0.002843
v 0.577066 2.930000 0.002843
v 0.577663 0.477077 -0.503415
v 0.577663 0.477077 -0.496585
v 0.578817 0.523231 -0.503057
v 0.578817 0.523231 -0.496943
v 0.579972 0.569385 -0.502700
v 0.579972 0.569385 -0.497300
v 0.581126 0.615538 -0.502342
v 0.581126 0.615538 -0.497658
v 0.582281 0.661692 -0.501984
v 0.582281 0.661692 -0.498016
v 0.583435 0.707846 -0.501627
v 0.583435 0.707846 -0.498373
v 0.584589 0.754000 -0.501269
v 0.584589 0.754000 -0.498731
v 0.586024 0.754000 -0.503363
v 0.586024 0.754000 -0.496637
v 0.601552 3.030000 -1.046438
v 0.601927 3.030000 0.046225
v 0.614116 0.754000 -0.509335
v 0.614116 0.754000 -0.490665
v 0.615257 1.752668 -0.519242
v 0.615257 1.752668 -0.480758
v 0.615344 1.755329 -0.519228
v 0.615344 1.755329 -0.480772
v 0.616896 0.754000 -0.527795
v 0.616896 0.754000 -0.472205
v 0.618764 0.582813 -0.534990
v 0.618764 0.582813 -0.465010
v 0.621056 0.425388 -0.542061
v 0.621056 0.425388 -0.457939
v 0.623764 0.282282 -0.548984
v 0.623764 0.282282 -0.451017
v 0.624716 1.897595 -0.517768
v 0.624716 1.897595 -0.482232
v 0.626419 3.130000 -1.089816
v 0.626502 0.154000 -0.967355
v 0.626502 2.930000 -0.967355
v 0.626736 0.154000 -0.032855
v 0.626736 2.930000 -0.032855
v 0.626819 3.130000 0.089588
v 0.626907 0.154000 -0.555789
v 0.626879 0.154000 -0.555733
v 0.626879 0.154000 -0.444267
v 0.626907 0.154000 -0.444211
v 0.626935 0.154000 -0.555845
v 0.626935 0.154000 -0.444155
v 0.626964 0.154000 -0.555902
v 0.626964 0.154000 -0.444098
v 0.626964 1.752668 -0.555902
v 0.626964 1.752668 -0.444098
v 0.626972 1.753556 -0.555897
v 0.626972 1.753556 -0.444103
v 0.626999 1.754443 -0.555884
v 0.626999 1.754443 -0.444116
v 0.627043 1.755329 -0.555862
v 0.627043 1.755329 -0.444138
v 0.634087 2.039862 -0.516308
v 0.634087 2.039862 -0.483692
v 0.643459 2.182128 -0.514848
v 0.643459 2.182128 -0.485152
v 0.650816 0.000000 -1.132311
v 0.650816 3.130000 -1.132311
v 0.651235 0.000000 0.132072
v 0.651235 3.130000 0.132072
v 0.652830 2.324394 -0.513388
v 0.652830 2.324394 -0.486612
v 0.662201 2.466661 -0.511928
v 0.662201 2.466661 -0.488072
v 0.667469 2.485517 -0.500000
v 0.667708 0.154000 -0.922044
v 0.667708 2.930000 -0.922044
v 0.667847 0.154000 -0.078146
v 0.667847 2.930000 -0.078146
v 0.669458 2.466661 -0.534654
v 0.669458 2.466661 -0.465346
v 0.674997 2.485517 -0.531885
v 0.674997 2.485517 -0.468115
v 0.681963 2.499076 -0.500000
v 0.682798 3.130000 -1.050812
v 0.683093 3.130000 0.050567
v 0.687960 2.499076 -0.525404
v 0.687960 2.499076 -0.474596
v 0.698518 0.154000 -0.869113
v 0.698518 2.930000 -0.869113
v 0.698582 0.154000 -0.131031
v 0.698582 2.930000 -0.131031
v 0.701637 2.504000 -0.505785
v 0.701637 2.504000 -0.494215
v 0.705156 2.504000 -0.516805
v 0.705156 2.504000 -0.483195
v 0.714219 0.000000 -1.088412
v 0.714219 3.130000 -1.088412
v 0.714529 0.000000 0.088155
v 0.714529 3.130000 0.088155
v 0.717568 0.154000 -0.810905
v 0.717568 2.930000 -0.810905
v 0.717584 0.154000 -0.189172
v 0.717584 2.930000 -0.189172
v 0.724013 0.154000 -0.750000
v 0.724013 0.154000 -0.250000
v 0.724013 1.752668 -0.750000
v 0.724013 1.752668 -0.250000
v 0.724013 1.755329 -0.749802
v 0.724013 1.755329 -0.250198
v 0.724013 2.466661 -0.643763
v 0.724013 2.466661 -0.356237
v 0.724013 2.481133 -0.635341
v 0.724013 2.481133 -0.364659
v 0.724013 2.493210 -0.615624
v 0.724013 2.493210 -0.384376
v 0.724013 2.501205 -0.587367
v 0.724013 2.501205 -0.412633
v 0.724013 2.504000 -0.554518
v 0.724013 2.504000 -0.445482
v 0.724013 2.930000 -0.750000
v 0.724013 2.930000 -0.250000
v 0.731499 3.130000 -1.002561
v 0.731697 3.130000 0.002326
v 0.768985 0.000000 -1.034118
v 0.768985 3.130000 -1.034118
v 0.769192 0.000000 0.033872
v 0.769192 3.130000 0.033872
v 0.771024 3.130000 -0.946544
v 0.771139 3.130000 -0.053655
v 0.800157 3.130000 -0.884486
v 0.800209 3.130000 -0.115658
v 0.813429 0.000000 -0.971096
v 0.813429 3.130000 -0.971096
v 0.813550 0.000000 -0.029113
v 0.813550 3.130000 -0.029113
v 0.818003 3.130000 -0.818293
v 0.818016 3.130000 -0.181783
v 0.824013 3.130000 -0.750000
v 0.824013 3.130000 -0.250000
v 0.846188 0.000000 -0.901282
v 0.846188 3.130000 -0.901282
v 0.846243 0.000000 -0.098869
v 0.846243 3.130000 -0.098869
v 0.866255 0.000000 -0.826821
v 0.866269 0.000000 -0.173258
v 0.866255 3.130000 -0.826821
v 0.866269 3.130000 -0.173258
v 0.873013 0.000000 -0.750000
v 0.873013 0.000000 -0.250000
v 0.873013 3.130000 -0.750000
v 0.873013 3.130000 -0.250000
vt 0.218136 0.001555 0.000000
vt 0.209489 0.158457 0.000000
vt 0.200969 0.325247 0.000000
vt 0.184345 0.687875 0.000000
vt 0.168322 1.088118 0.000000
vt 0.152961 1.524522 0.000000
vt 0.063186 1.524522 0.000000
vt 0.063186 0.000000 0.000000
vt 0.218105 0.000000 0.000000
vt -1.524522 0.027565 0.000000
vt -1.524522 0.009188 0.000000
vt -1.524522 -0.009188 0.000000
vt -1.524522 -0.027565 0.000000
vt -0.000000 -0.027565 0.000000
vt -0.000000 -0.009188 0.000000
vt -0.000000 0.009188 0.000000
vt -0.000000 0.027565 0.000000
vt -1.407251 0.009188 0.000000
vt -1.289980 0.009188 0.000000
vt -1.172709 0.009188 0.000000
vt -1.055439 0.009188 0.000000
vt -0.938168 0.009188 0.000000
vt -0.820897 0.009188 0.000000
vt -0.703626 0.009188 0.000000
vt -0.586355 0.009188 0.000000
vt -0.469084 0.009188 0.000000
vt -0.351813 0.009188 0.000000
vt -0.234542 0.009188 0.000000
vt -0.117271 0.009188 0.000000
vt -1.407251 -0.009188 0.000000
vt -1.289980 -0.009188 0.000000
vt -1.172709 -0.009188 0.000000
vt -1.055439 -0.009188 0.000000
vt -0.938168 -0.009188 0.000000
vt -0.820897 -0.009188 0.000000
vt -0.703626 -0.009188 0.000000
vt -0.586355 -0.009188 0.000000
vt -0.469084 -0.009188 0.000000
vt -0.351813 -0.009188 0.000000
vt -0.234542 -0.009188 0.000000
vt -0.117271 -0.009188 0.000000
vt -1.524522 0.028761 0.000000
vt -1.524522 0.009587 0.000000
vt -1.524522 -0.009587 0.000000
vt -1.524522 -0.028761 0.000000
vt -0.000000 -0.028761 0.000000
vt -0.000000 -0.009587 0.000000
vt -0.000000 0.009587 0.000000
vt -0.000000 0.028761 0.000000
vt -1.397479 0.009587 0.000000
vt -1.270435 0.009587 0.000000
vt -1.143392 0.009587 0.000000
vt -1.016348 0.009587 0.000000
vt -0.889305 0.009587 0.000000
vt -0.762261 0.009587 0.000000
vt -0.635218 0.009587 0.000000
vt -0.508174 0.009587 0.000000
vt -0.381131 0.009587 0.000000
vt -0.254087 0.009587 0.000000
vt -0.127044 0.009587 0.000000
vt -1.397479 -0.009587 0.000000
vt -1.270435 -0.009587 0.000000
vt -1.143392 -0.009587 0.000000
vt -1.016348 -0.009587 0.000000
vt -0.889305 -0.009587 0.000000
vt -0.762261 -0.009587 0.000000
vt -0.635218 -0.009587 0.000000
vt -0.508174 -0.009587 0.000000
vt -0.381131 -0.009587 0.000000
vt -0.254087 -0.009587 0.000000
vt -0.127044 -0.009587 0.000000
vt 0.008747 0.039912 0.000000
vt 0.003331 0.043791 0.000000
vt -0.003331 0.043791 0.000000
vt -0.008747 0.039912 0.000000
vt -0.077770 -0.053103 0.000000
vt -0.176117 -0.118668 0.000000
vt -0.092006 -0.078968 0.000000
vt 0.000000 -0.065344 0.000000
vt 0.092006 -0.078968 0.000000
vt 0.176117 -0.118668 0.000000
vt 0.077770 -0.053103 0.000000
vt 0.068458 1.524522 0.000000
vt 0.068458 0.000000 0.000000
vt 0.295544 0.000000 0.000000
vt 0.184286 1.524522 0.000000
vt -1.524522 0.028761 0.000000
vt -1.524522 0.009587 0.000000
vt -1.524522 -0.009587 0.000000
vt -1.524522 -0.028761 0.000000
vt -0.000000 -0.028761 0.000000
vt -0.000000 -0.009587 0.000000
vt -0.000000 0.009587 0.000000
vt -0.000000 0.028761 0.000000
vt -1.397479 0.009587 0.000000
vt -1.270435 0.009587 0.000000
vt -1.143392 0.009587 0.000000
vt -1.016348 0.009587 0.000000
vt -0.889305 0.009587 0.000000
vt -0.762261 0.009587 0.000000
vt -0.635218 0.009587 0.000000
vt -0.508174 0.009587 0.000000
vt -0.381131 0.009587 0.000000
vt -0.254087 0.009587 0.000000
vt -0.127044 0.009587 0.000000
vt -1.397479 -0.009587 0.000000
vt -1.270435 -0.009587 0.000000
vt -1.143392 -0.009587 0.000000
vt -1.016348 -0.009587 0.000000
vt -0.889305 -0.009587 0.000000
vt -0.762261 -0.009587 0.000000
vt -0.635218 -0.009587 0.000000
vt -0.508174 -0.009587 0.000000
vt -0.381131 -0.009587 0.000000
vt -0.254087 -0.009587 0.000000
vt -0.127044 -0.009587 0.000000
vt 0.008747 0.039912 0.000000
vt 0.003331 0.043791 0.000000
vt -0.003331 0.043791 0.000000
vt -0.008747 0.039912 0.000000
vt -0.077770 -0.053103 0.000000
vt -0.176117 -0.118668 0.000000
vt -0.092006 -0.078968 0.000000
vt 0.000000 -0.065344 0.000000
vt 0.092006 -0.078968 0.000000
vt 0.176117 -0.118668 0.000000
vt 0.077770 -0.053103 0.000000
vt 0.068458 1.524522 0.000000
vt 0.068458 0.000000 0.000000
vt 0.295544 0.000000 0.000000
vt 0.184286 1.524522 0.000000
vt -1.524522 0.027802 0.000000
vt -1.524522 0.009267 0.000000
vt -1.524522 -0.009267 0.000000
vt -1.524522 -0.027802 0.000000
vt -0.000000 -0.027802 0.000000
vt -0.000000 -0.009267 0.000000
vt -0.000000 0.009267 0.000000
vt -0.000000 0.027802 0.000000
vt -1.407251 0.009267 0.000000
vt -1.289980 0.009267 0.000000
vt -1.172709 0.009267 0.000000
vt -1.055439 0.009267 0.000000
vt -0.938168 0.009267 0.000000
vt -0.820897 0.009267 0.000000
vt -0.703626 0.009267 0.000000
vt -0.586355 0.009267 0.000000
vt -0.469084 0.009267 0.000000
vt -0.351813 0.009267 0.000000
vt -0.234542 0.009267 0.000000
vt -0.117271 0.009267 0.000000
vt -1.407251 -0.009267 0.000000
vt -1.289980 -0.009267 0.000000
vt -1.172709 -0.009267 0.000000
vt -1.055439 -0.009267 0.000000
vt -0.938168 -0.009267 0.000000
vt -0.820897 -0.009267 0.000000
vt -0.703626 -0.009267 0.000000
vt -0.586355 -0.009267 0.000000
vt -0.469084 -0.009267 0.000000
vt -0.351813 -0.009267 0.000000
vt -0.234542 -0.009267 0.000000
vt -0.117271 -0.009267 0.000000
vt -0.008541 -0.014544 0.000000
vt -0.003224 -0.018189 0.000000
vt 0.003224 -0.018189 0.000000
vt 0.008541 -0.014544 0.000000
vt 0.070600 0.063871 0.000000
vt 0.023710 0.056809 0.000000
vt -0.023710 0.056809 0.000000
vt -0.070600 0.063871 0.000000
vt 0.064189 1.524522 0.000000
vt 0.064189 0.000000 0.000000
vt 0.228109 0.000000 0.000000
vt 0.211267 0.325948 0.000000
vt 0.194961 0.689563 0.000000
vt 0.179250 1.089559 0.000000
vt 0.164190 1.524522 0.000000
vt -1.524522 0.027568 0.000000
vt -1.524522 0.009189 0.000000
vt -1.524522 -0.009189 0.000000
vt -1.524522 -0.027568 0.000000
vt -0.000000 -0.027568 0.000000
vt -0.000000 -0.009189 0.000000
vt -0.000000 0.009189 0.000000
vt -0.000000 0.027568 0.000000
vt -1.407251 0.009189 0.000000
vt -1.289980 0.009189 0.000000
vt -1.172709 0.009189 0.000000
vt -1.055439 0.009189 0.000000
vt -0.938168 0.009189 0.000000
vt -0.820897 0.009189 0.000000
vt -0.703626 0.009189 0.000000
vt -0.586355 0.009189 0.000000
vt -0.469084 0.009189 0.000000
vt -0.351813 0.009189 0.000000
vt -0.234542 0.009189 0.000000
vt -0.117271 0.009189 0.000000
vt -1.407251 -0.009189 0.000000
vt -1.289980 -0.009189 0.000000
vt -1.172709 -0.009189 0.000000
vt -1.055439 -0.009189 0.000000
vt -0.938168 -0.009189 0.000000
vt -0.820897 -0.009189 0.000000
vt -0.703626 -0.009189 0.000000
vt -0.586355 -0.009189 0.000000
vt -0.469084 -0.009189 0.000000
vt -0.351813 -0.009189 0.000000
vt -0.234542 -0.009189 0.000000
vt -0.117271 -0.009189 0.000000
vt -0.039464 -0.062349 0.000000
vt -0.038945 -0.068722 0.000000
vt -0.034938 -0.073706 0.000000
vt -0.028826 -0.075583 0.000000
vt 0.035452 -0.075583 0.000000
vt 0.092024 -0.115490 0.000000
vt 0.025696 -0.052599 0.000000
vt -0.019967 0.026582 0.000000
vt -0.041180 0.115490 0.000000
vt -0.029320 -0.016269 0.000000
vt 0.063198 1.524522 0.000000
vt 0.063198 0.000000 0.000000
vt 0.184048 0.000000 0.000000
vt 0.127476 1.524522 0.000000
vt 0.227085 0.000000 0.000000
vt 0.227085 1.524522 0.000000
vt 0.111258 1.524522 0.000000
vt 0.000000 0.000000 0.000000
vt 0.227085 0.000000 0.000000
vt 0.227085 1.524522 0.000000
vt 0.111258 1.524522 0.000000
vt 0.000000 0.000000 0.000000
vt 0.164451 0.000000 0.000000
vt 0.164451 1.524522 0.000000
vt 0.064450 1.524522 0.000000
vt 0.049389 1.089559 0.000000
vt 0.033678 0.689563 0.000000
vt 0.017372 0.325948 0.000000
vt 0.000530 0.000000 0.000000
vt 0.144055 0.000000 0.000000
vt 0.144055 1.524522 0.000000
vt 0.074415 1.524522 0.000000
vt 0.000000 0.000000 0.000000
vt -0.000000 -0.041837 0.000000
vt -0.001554 -0.041837 0.000000
vt -0.000000 -0.041888 0.000000
vt -0.000000 -0.041871 0.000000
vt -0.000000 -0.041854 0.000000
vt 0.044222 -0.043907 0.000000
vt 0.014406 0.040771 0.000000
vt -0.013454 -0.019142 0.000000
vt -0.053112 -0.071991 0.000000
vt -0.102849 -0.115488 0.000000
vt -0.033847 -0.066816 0.000000
vt 0.035274 -0.058336 0.000000
vt 0.041112 -0.055729 0.000000
vt 0.044482 -0.050295 0.000000
vt 0.173312 0.000000 0.000000
vt 0.173312 1.524522 0.000000
vt 0.126129 1.524522 0.000000
vt 0.000000 0.000000 0.000000
vt -0.063500 0.996976 0.000000
vt 0.262336 0.978092 0.000000
vt 0.625826 0.959209 0.000000
vt 1.025686 0.940326 0.000000
vt 1.460500 0.921443 0.000000
vt 1.460500 0.873979 0.000000
vt 1.460500 0.826516 0.000000
vt 1.460500 0.779052 0.000000
vt 1.025686 0.760169 0.000000
vt 0.625826 0.741286 0.000000
vt 0.262336 0.722403 0.000000
vt -0.063500 0.703520 0.000000
vt -0.063500 0.703359 0.000000
vt -0.063500 0.703200 0.000000
vt -0.063500 0.703039 0.000000
vt 3.997117 0.703039 0.000000
vt 3.997117 0.801178 0.000000
vt 3.997117 0.899317 0.000000
vt 3.997117 0.997456 0.000000
vt -0.063500 0.997456 0.000000
vt -0.063500 0.997296 0.000000
vt -0.063500 0.997136 0.000000
vt 0.458883 -1.152478 0.000000
vt 0.594205 -0.970116 0.000000
vt 0.619464 -0.952022 0.000000
vt 0.650536 -0.952022 0.000000
vt 0.675795 -0.970116 0.000000
vt 0.811117 -1.152478 0.000000
vt 1.016000 -1.289066 0.000000
vt 1.270000 -1.289066 0.000000
vt 1.423676 -1.272914 0.000000
vt 1.570637 -1.225164 0.000000
vt 1.704457 -1.147902 0.000000
vt 1.819290 -1.044505 0.000000
vt 1.910116 -0.919493 0.000000
vt 1.972965 -0.778329 0.000000
vt 2.005091 -0.627182 0.000000
vt 2.005090 -0.472659 0.000000
vt 1.972962 -0.321513 0.000000
vt 1.910110 -0.180350 0.000000
vt 1.459701 0.137380 0.000000
vt 1.338851 0.137380 0.000000
vt 1.310343 0.146134 0.000000
vt 1.291659 0.169378 0.000000
vt 1.289239 0.199101 0.000000
vt 1.326497 0.368361 0.000000
vt 1.277221 0.915822 0.000000
vt 1.186549 1.041984 0.000000
vt 1.071509 1.146406 0.000000
vt 0.937182 1.224473 0.000000
vt 0.789504 1.272738 0.000000
vt 0.635000 1.289066 0.000000
vt 0.141990 1.042561 0.000000
vt 0.141847 1.042490 0.000000
vt 0.141704 1.042418 0.000000
vt 0.141561 1.042347 0.000000
vt 0.039834 0.913810 0.000000
vt 0.015034 0.896811 0.000000
vt -0.015034 0.896811 0.000000
vt -0.039834 0.913810 0.000000
vt -0.141561 1.042347 0.000000
vt -0.141704 1.042418 0.000000
vt -0.141847 1.042490 0.000000
vt -0.141990 1.042561 0.000000
vt -0.635000 1.289066 0.000000
vt -0.789700 1.272696 0.000000
vt -0.937547 1.224310 0.000000
vt -1.071992 1.146052 0.000000
vt -1.187081 1.041388 0.000000
vt -1.277715 0.914955 0.000000
vt -1.326777 0.368218 0.000000
vt -1.326780 0.368186 0.000000
vt -1.326783 0.368153 0.000000
vt -1.326786 0.368121 0.000000
vt -1.326770 0.368116 0.000000
vt -1.326753 0.368111 0.000000
vt -1.326737 0.368105 0.000000
vt -1.275285 0.221980 0.000000
vt -1.274073 0.192186 0.000000
vt -1.289788 0.166844 0.000000
vt -1.317016 0.154687 0.000000
vt -1.459999 0.137146 0.000000
vt -1.910109 -0.180347 0.000000
vt -1.972961 -0.321510 0.000000
vt -2.005090 -0.472656 0.000000
vt -2.005092 -0.627180 0.000000
vt -1.972966 -0.778327 0.000000
vt -1.910117 -0.919491 0.000000
vt -1.819291 -1.044504 0.000000
vt -1.704458 -1.147901 0.000000
vt -1.570637 -1.225163 0.000000
vt -1.423677 -1.272914 0.000000
vt -1.270000 -1.289066 0.000000
vt -1.016000 -1.289066 0.000000
vt -0.811117 -1.152478 0.000000
vt -0.675795 -0.970116 0.000000
vt -0.650536 -0.952022 0.000000
vt -0.619464 -0.952022 0.000000
vt -0.594205 -0.970116 0.000000
vt -0.458883 -1.152478 0.000000
vt -0.254000 -1.289066 0.000000
vt 0.254000 -1.289066 0.000000
vt 0.092205 -0.002707 0.000000
vt 0.092421 0.002707 0.000000
vt -0.153817 0.002707 0.000000
vt -0.153817 0.000902 0.000000
vt -0.153817 -0.000902 0.000000
vt -0.153817 -0.002707 0.000000
vt -0.005414 0.312002 0.000000
vt -0.003609 0.312002 0.000000
vt -0.001805 0.312002 0.000000
vt -0.000000 0.312002 0.000000
vt -0.000000 0.405336 0.000000
vt -0.000000 0.498671 0.000000
vt -0.000000 0.592006 0.000000
vt -0.000000 0.685341 0.000000
vt -0.001805 0.685341 0.000000
vt -0.003609 0.685341 0.000000
vt -0.005414 0.685341 0.000000
vt -0.005414 0.592006 0.000000
vt -0.005414 0.498671 0.000000
vt -0.005414 0.405336 0.000000
vt -0.030861 -0.002707 0.000000
vt -0.030861 -0.000902 0.000000
vt -0.030861 0.000902 0.000000
vt -0.030861 0.002707 0.000000
vt -0.277100 0.002707 0.000000
vt -0.276883 -0.002707 0.000000
vt -0.246238 -3.997792 0.000000
vt -0.000000 -3.997792 0.000000
vt -0.000000 -1.460500 0.000000
vt 0.118199 -1.460500 0.000000
vt -0.000000 0.063500 0.000000
vt -0.246238 0.063500 0.000000
vt 1.460500 -0.997456 0.000000
vt 1.460500 -1.090801 0.000000
vt 1.460500 -1.184146 0.000000
vt 1.460500 -1.277492 0.000000
vt 1.460500 -1.370837 0.000000
vt 3.997792 -1.370837 0.000000
vt 3.997792 -1.277492 0.000000
vt 3.997792 -1.184146 0.000000
vt 3.997792 -1.090801 0.000000
vt 3.997792 -0.997456 0.000000
vt -0.246238 -3.997792 0.000000
vt -0.000000 -3.997792 0.000000
vt -0.000000 0.063500 0.000000
vt -0.246238 0.063500 0.000000
vt -0.364437 -1.460500 0.000000
vt -0.246238 -1.460500 0.000000
vt 0.092205 -0.002707 0.000000
vt 0.092421 0.002707 0.000000
vt -0.153817 0.002707 0.000000
vt -0.153817 0.000902 0.000000
vt -0.153817 -0.000902 0.000000
vt -0.153817 -0.002707 0.000000
vt -0.005414 0.312002 0.000000
vt -0.003609 0.312002 0.000000
vt -0.001805 0.312002 0.000000
vt -0.000000 0.312002 0.000000
vt -0.000000 0.405336 0.000000
vt -0.000000 0.498671 0.000000
vt -0.000000 0.592006 0.000000
vt -0.000000 0.685341 0.000000
vt -0.001805 0.685341 0.000000
vt -0.003609 0.685341 0.000000
vt -0.005414 0.685341 0.000000
vt -0.005414 0.592006 0.000000
vt -0.005414 0.498671 0.000000
vt -0.005414 0.405336 0.000000
vt -0.030861 -0.002707 0.000000
vt -0.030861 -0.000902 0.000000
vt -0.030861 0.000902 0.000000
vt -0.030861 0.002707 0.000000
vt -0.277100 0.002707 0.000000
vt -0.276883 -0.002707 0.000000
vt -0.246238 -3.997792 0.000000
vt -0.000000 -3.997792 0.000000
vt -0.000000 -1.460500 0.000000
vt 0.118199 -1.460500 0.000000
vt -0.000000 0.063500 0.000000
vt -0.246238 0.063500 0.000000
vt 1.460500 -0.997456 0.000000
vt 1.460500 -1.090801 0.000000
vt 1.460500 -1.184146 0.000000
vt 1.460500 -1.277492 0.000000
vt 1.460500 -1.370837 0.000000
vt 3.997792 -1.370837 0.000000
vt 3.997792 -1.277492 0.000000
vt 3.997792 -1.184146 0.000000
vt 3.997792 -1.090801 0.000000
vt 3.997792 -0.997456 0.000000
vt -0.246238 -3.997792 0.000000
vt -0.000000 -3.997792 0.000000
vt -0.000000 0.063500 0.000000
vt -0.246238 0.063500 0.000000
vt -0.364437 -1.460500 0.000000
vt -0.246238 -1.460500 0.000000
vt 0.143251 -0.002707 0.000000
vt 0.143562 0.002707 0.000000
vt -0.406113 0.002707 0.000000
vt -0.406113 0.000902 0.000000
vt -0.406113 -0.000902 0.000000
vt -0.406113 -0.002707 0.000000
vt -0.005414 -0.968845 0.000000
vt -0.003609 -0.968845 0.000000
vt -0.001805 -0.968845 0.000000
vt -0.000000 -0.968845 0.000000
vt -0.000000 -0.877132 0.000000
vt -0.000000 -0.785420 0.000000
vt -0.000000 -0.693708 0.000000
vt -0.001805 -0.693708 0.000000
vt -0.003609 -0.693708 0.000000
vt -0.005414 -0.693708 0.000000
vt -0.005414 -0.785420 0.000000
vt -0.005414 -0.877132 0.000000
vt -0.557029 0.002707 0.000000
vt -0.556717 -0.002707 0.000000
vt -0.005829 -0.002707 0.000000
vt -0.005829 -0.000902 0.000000
vt -0.005829 0.000902 0.000000
vt -0.005829 0.002707 0.000000
vt -0.551200 -3.997792 0.000000
vt -0.000000 -3.997792 0.000000
vt -0.000000 -1.460500 0.000000
vt 0.069231 -1.460500 0.000000
vt -0.000000 0.063500 0.000000
vt -0.551200 0.063500 0.000000
vt 1.460500 -0.997456 0.000000
vt 1.460500 -1.089178 0.000000
vt 1.460500 -1.180901 0.000000
vt 1.460500 -1.272624 0.000000
vt 3.997792 -1.272624 0.000000
vt 3.997792 -1.180901 0.000000
vt 3.997792 -1.089178 0.000000
vt 3.997792 -0.997456 0.000000
vt -0.549675 -3.997792 0.000000
vt -0.000000 -3.997792 0.000000
vt -0.000000 0.063500 0.000000
vt -0.549675 0.063500 0.000000
vt -0.681967 -1.460500 0.000000
vt -0.549675 -1.460500 0.000000
vt 0.157194 -0.003382 0.000000
vt 0.157644 0.003382 0.000000
vt -0.393557 0.003382 0.000000
vt -0.393557 0.001127 0.000000
vt -0.393557 -0.001127 0.000000
vt -0.393557 -0.003382 0.000000
vt -0.006763 -0.645821 0.000000
vt -0.004509 -0.645821 0.000000
vt -0.002254 -0.645821 0.000000
vt -0.000000 -0.645821 0.000000
vt -0.000000 -0.547700 0.000000
vt -0.000000 -0.449579 0.000000
vt -0.000000 -0.351457 0.000000
vt -0.002254 -0.351457 0.000000
vt -0.004509 -0.351457 0.000000
vt -0.006763 -0.351457 0.000000
vt -0.006763 -0.449579 0.000000
vt -0.006763 -0.547700 0.000000
vt -0.571045 0.003382 0.000000
vt -0.570595 -0.003382 0.000000
vt -0.019844 -0.003382 0.000000
vt -0.019844 -0.001127 0.000000
vt -0.019844 0.001127 0.000000
vt -0.019844 0.003382 0.000000
vt -0.551202 -3.997117 0.000000
vt -0.000000 -3.997117 0.000000
vt -0.000000 0.063500 0.000000
vt -0.551202 0.063500 0.000000
vt -0.551202 -3.997117 0.000000
vt -0.000000 -3.997117 0.000000
vt -0.000000 0.063500 0.000000
vt -0.551202 0.063500 0.000000
vt 0.059531 0.076415 0.000000
vt 0.059531 0.025472 0.000000
vt 0.059531 -0.025472 0.000000
vt 0.059531 -0.076415 0.000000
vt 0.369378 -0.076415 0.000000
vt 0.350246 -0.038207 0.000000
vt 0.305451 0.000000 0.000000
vt 0.241255 0.038207 0.000000
vt 0.166628 0.076415 0.000000
vt 0.159593 -0.182524 0.000000
vt 0.108650 -0.182524 0.000000
vt 0.057707 -0.182524 0.000000
vt 0.006763 -0.182524 0.000000
vt 0.006763 -0.233482 0.000000
vt 0.006763 -0.284439 0.000000
vt 0.006763 -0.335397 0.000000
vt 0.057707 -0.335397 0.000000
vt 0.108650 -0.335397 0.000000
vt 0.159593 -0.335397 0.000000
vt 0.159593 -0.284439 0.000000
vt 0.159593 -0.233482 0.000000
vt 0.057707 -0.258960 0.000000
vt 0.108650 -0.258960 0.000000
vt -0.028828 0.076415 0.000000
vt -0.103454 0.038207 0.000000
vt -0.167651 0.000000 0.000000
vt -0.212446 -0.038207 0.000000
vt -0.231578 -0.076415 0.000000
vt 0.078269 -0.076415 0.000000
vt 0.078269 -0.025472 0.000000
vt 0.078269 0.025472 0.000000
vt 0.078269 0.076415 0.000000
vt -0.138476 0.140012 0.000000
vt -0.042686 0.092117 0.000000
vt -0.014693 0.083178 0.000000
vt 0.014693 0.083178 0.000000
vt 0.042686 0.092117 0.000000
vt 0.138476 0.140012 0.000000
vt 0.018590 0.077090 0.000000
vt 0.018590 0.025697 0.000000
vt 0.018590 -0.025697 0.000000
vt 0.018590 -0.077090 0.000000
vt 0.359440 -0.077090 0.000000
vt 0.353314 -0.057817 0.000000
vt 0.339557 -0.038545 0.000000
vt 0.291381 0.000000 0.000000
vt 0.221763 0.038545 0.000000
vt 0.140603 0.077090 0.000000
vt 0.159593 -0.414029 0.000000
vt 0.108200 -0.414029 0.000000
vt 0.056807 -0.414029 0.000000
vt 0.005414 -0.414029 0.000000
vt 0.005414 -0.468787 0.000000
vt 0.005414 -0.523544 0.000000
vt 0.005414 -0.578302 0.000000
vt 0.056807 -0.578302 0.000000
vt 0.108200 -0.578302 0.000000
vt 0.159593 -0.578302 0.000000
vt 0.159593 -0.523544 0.000000
vt 0.159593 -0.468787 0.000000
vt 0.056807 -0.496166 0.000000
vt 0.108200 -0.496166 0.000000
vt -0.002214 0.077090 0.000000
vt -0.083641 0.038545 0.000000
vt -0.153489 0.000000 0.000000
vt -0.201823 -0.038545 0.000000
vt -0.215626 -0.057817 0.000000
vt -0.221772 -0.077090 0.000000
vt 0.120278 -0.077090 0.000000
vt 0.120278 -0.025697 0.000000
vt 0.120278 0.025697 0.000000
vt 0.120278 0.077090 0.000000
vt -0.080269 -0.139025 0.000000
vt 0.019828 -0.068420 0.000000
vt 0.044817 -0.044726 0.000000
vt 0.062016 -0.014893 0.000000
vt 0.070001 0.018605 0.000000
vt 0.080906 0.140129 0.000000
vt 0.017487 0.077090 0.000000
vt 0.017487 0.025697 0.000000
vt 0.017487 -0.025697 0.000000
vt 0.017487 -0.077090 0.000000
vt 0.359901 -0.077090 0.000000
vt 0.353754 -0.057817 0.000000
vt 0.339951 -0.038545 0.000000
vt 0.291612 0.000000 0.000000
vt 0.221758 0.038545 0.000000
vt 0.140324 0.077090 0.000000
vt 0.159593 -0.017009 0.000000
vt 0.108200 -0.017009 0.000000
vt 0.056807 -0.017009 0.000000
vt 0.005414 -0.017009 0.000000
vt 0.005414 -0.071747 0.000000
vt 0.005414 -0.126485 0.000000
vt 0.005414 -0.181223 0.000000
vt 0.056807 -0.181223 0.000000
vt 0.108200 -0.181223 0.000000
vt 0.159593 -0.181223 0.000000
vt 0.159593 -0.126485 0.000000
vt 0.159593 -0.071747 0.000000
vt 0.056807 -0.099116 0.000000
vt 0.108200 -0.099116 0.000000
vt -0.003458 0.077090 0.000000
vt -0.084676 0.038545 0.000000
vt -0.154345 0.000000 0.000000
vt -0.202556 -0.038545 0.000000
vt -0.216322 -0.057817 0.000000
vt -0.222453 -0.077090 0.000000
vt 0.118989 -0.077090 0.000000
vt 0.118989 -0.025697 0.000000
vt 0.118989 0.025697 0.000000
vt 0.118989 0.077090 0.000000
vt -0.081017 0.140322 0.000000
vt -0.070040 0.018368 0.000000
vt -0.062051 -0.015116 0.000000
vt -0.044854 -0.044937 0.000000
vt -0.019874 -0.068622 0.000000
vt 0.080501 -0.139429 0.000000
vt -0.146141 0.452274 0.000000
vt -0.097444 0.452268 0.000000
vt -0.048727 0.452265 0.000000
vt -0.000000 0.452259 0.000000
vt -0.000000 0.561706 0.000000
vt -0.000000 0.671153 0.000000
vt -0.048727 0.671147 0.000000
vt -0.097444 0.671144 0.000000
vt -0.146141 0.671138 0.000000
vt -0.146141 0.616416 0.000000
vt -0.146141 0.561706 0.000000
vt -0.146141 0.506996 0.000000
vt -0.023697 0.506688 0.000000
vt -0.023697 0.573680 0.000000
vt -0.060562 0.506781 0.000000
vt -0.097427 0.506873 0.000000
vt -0.109276 0.506903 0.000000
vt -0.060562 0.573680 0.000000
vt -0.097427 0.573680 0.000000
vt -0.109276 0.573680 0.000000
vt -0.109276 0.622417 0.000000
vt -0.097427 0.622417 0.000000
vt -0.060562 0.622417 0.000000
vt -0.023697 0.622417 0.000000
vt -0.090074 -0.081624 0.000000
vt -0.042401 -0.102000 0.000000
vt -0.017265 -0.112683 0.000000
vt -0.000212 -0.125410 0.000000
vt -0.000000 -0.125910 0.000000
vt -0.000000 -0.092493 0.000000
vt -0.000000 -0.075969 0.000000
vt -0.000000 -0.048633 0.000000
vt -0.000000 0.000000 0.000000
vt -0.030039 0.000000 0.000000
vt -0.060078 0.000000 0.000000
vt -0.090117 0.000000 0.000000
vt -0.090113 -0.040833 0.000000
vt -0.014828 -0.071879 0.000000
vt -0.037453 -0.071879 0.000000
vt -0.060078 -0.071879 0.000000
vt -0.067492 -0.071879 0.000000
vt -0.037453 -0.098895 0.000000
vt -0.014828 -0.098895 0.000000
vt -0.014828 -0.023187 0.000000
vt -0.037453 -0.023187 0.000000
vt -0.060078 -0.023187 0.000000
vt -0.067492 -0.023187 0.000000
vt -0.000000 0.126314 0.000000
vt -0.000212 0.125812 0.000000
vt -0.017312 0.113010 0.000000
vt -0.042500 0.102288 0.000000
vt -0.090096 0.081926 0.000000
vt -0.090096 0.040963 0.000000
vt -0.090096 0.000000 0.000000
vt -0.060064 0.000000 0.000000
vt -0.030032 0.000000 0.000000
vt -0.000000 0.000000 0.000000
vt -0.000000 0.048809 0.000000
vt -0.000000 0.076291 0.000000
vt -0.000000 0.092857 0.000000
vt -0.060064 0.092604 0.000000
vt -0.037447 0.092699 0.000000
vt -0.014829 0.092795 0.000000
vt -0.067479 0.058850 0.000000
vt -0.060064 0.058850 0.000000
vt -0.037447 0.058850 0.000000
vt -0.014829 0.058850 0.000000
vt 0.951146 0.000000 0.000000
vt 0.951146 0.079112 0.000000
vt 0.951146 0.158223 0.000000
vt 0.951146 0.237335 0.000000
vt 0.951146 0.316446 0.000000
vt -0.861547 0.316446 0.000000
vt -0.858384 0.237489 0.000000
vt -0.857846 0.158223 0.000000
vt -0.858384 0.078958 0.000000
vt -0.861547 0.000000 0.000000
vt 0.588608 0.079081 0.000000
vt 0.226069 0.079050 0.000000
vt -0.136470 0.079019 0.000000
vt -0.499008 0.078988 0.000000
vt 0.588608 0.158223 0.000000
vt 0.226069 0.158223 0.000000
vt -0.136470 0.158223 0.000000
vt -0.499008 0.158223 0.000000
vt 0.588608 0.237366 0.000000
vt 0.226069 0.237396 0.000000
vt -0.136470 0.237427 0.000000
vt -0.499008 0.237458 0.000000
vt -0.184625 -0.951146 0.000000
vt 0.061397 -0.951146 0.000000
vt 0.061397 0.861547 0.000000
vt 0.009570 0.875482 0.000000
vt -0.036532 0.902655 0.000000
vt -0.146141 0.452274 0.000000
vt -0.097444 0.452268 0.000000
vt -0.048727 0.452265 0.000000
vt -0.000000 0.452259 0.000000
vt -0.000000 0.561706 0.000000
vt -0.000000 0.671153 0.000000
vt -0.048727 0.671147 0.000000
vt -0.097444 0.671144 0.000000
vt -0.146141 0.671138 0.000000
vt -0.146141 0.616416 0.000000
vt -0.146141 0.561706 0.000000
vt -0.146141 0.506996 0.000000
vt -0.023697 0.506688 0.000000
vt -0.023697 0.573680 0.000000
vt -0.060562 0.506781 0.000000
vt -0.097427 0.506873 0.000000
vt -0.109276 0.506903 0.000000
vt -0.060562 0.573680 0.000000
vt -0.097427 0.573680 0.000000
vt -0.109276 0.573680 0.000000
vt -0.109276 0.622417 0.000000
vt -0.097427 0.622417 0.000000
vt -0.060562 0.622417 0.000000
vt -0.023697 0.622417 0.000000
vt -0.090074 -0.081624 0.000000
vt -0.042401 -0.102000 0.000000
vt -0.017265 -0.112683 0.000000
vt -0.000212 -0.125410 0.000000
vt -0.000000 -0.125910 0.000000
vt -0.000000 -0.092493 0.000000
vt -0.000000 -0.075969 0.000000
vt -0.000000 -0.048633 0.000000
vt -0.000000 0.000000 0.000000
vt -0.030039 0.000000 0.000000
vt -0.060078 0.000000 0.000000
vt -0.090117 0.000000 0.000000
vt -0.090113 -0.040833 0.000000
vt -0.014828 -0.071879 0.000000
vt -0.037453 -0.071879 0.000000
vt -0.060078 -0.071879 0.000000
vt -0.067492 -0.071879 0.000000
vt -0.037453 -0.098895 0.000000
vt -0.014828 -0.098895 0.000000
vt -0.014828 -0.023187 0.000000
vt -0.037453 -0.023187 0.000000
vt -0.060078 -0.023187 0.000000
vt -0.067492 -0.023187 0.000000
vt -0.000000 0.126314 0.000000
vt -0.000212 0.125812 0.000000
vt -0.017312 0.113010 0.000000
vt -0.042500 0.102288 0.000000
vt -0.090096 0.081926 0.000000
vt -0.090096 0.040963 0.000000
vt -0.090096 0.000000 0.000000
vt -0.060064 0.000000 0.000000
vt -0.030032 0.000000 0.000000
vt -0.000000 0.000000 0.000000
vt -0.000000 0.048809 0.000000
vt -0.000000 0.076291 0.000000
vt -0.000000 0.092857 0.000000
vt -0.060064 0.092604 0.000000
vt -0.037447 0.092699 0.000000
vt -0.014829 0.092795 0.000000
vt -0.067479 0.058850 0.000000
vt -0.060064 0.058850 0.000000
vt -0.037447 0.058850 0.000000
vt -0.014829 0.058850 0.000000
vt 0.951146 0.000000 0.000000
vt 0.951146 0.079112 0.000000
vt 0.951146 0.158223 0.000000
vt 0.951146 0.237335 0.000000
vt 0.951146 0.316446 0.000000
vt -0.861547 0.316446 0.000000
vt -0.858384 0.237489 0.000000
vt -0.857846 0.158223 0.000000
vt -0.858384 0.078958 0.000000
vt -0.861547 0.000000 0.000000
vt 0.588608 0.079081 0.000000
vt 0.226069 0.079050 0.000000
vt -0.136470 0.079019 0.000000
vt -0.499008 0.078988 0.000000
vt 0.588608 0.158223 0.000000
vt 0.226069 0.158223 0.000000
vt -0.136470 0.158223 0.000000
vt -0.499008 0.158223 0.000000
vt 0.588608 0.237366 0.000000
vt 0.226069 0.237396 0.000000
vt -0.136470 0.237427 0.000000
vt -0.499008 0.237458 0.000000
vt -0.184625 -0.951146 0.000000
vt 0.061397 -0.951146 0.000000
vt 0.061397 0.861547 0.000000
vt 0.009570 0.875482 0.000000
vt -0.036532 0.902655 0.000000
vt -0.314838 -0.951231 0.000000
vt 0.235913 -0.951231 0.000000
vt 0.235913 0.859562 0.000000
vt -0.073934 0.859562 0.000000
vt 0.951231 0.000000 0.000000
vt 0.951231 0.079453 0.000000
vt 0.951231 0.158907 0.000000
vt 0.951231 0.238360 0.000000
vt -0.859562 0.238360 0.000000
vt -0.859562 0.158907 0.000000
vt -0.859562 0.079453 0.000000
vt -0.859562 0.000000 0.000000
vt 0.589073 0.079453 0.000000
vt 0.226914 0.079453 0.000000
vt -0.135245 0.079453 0.000000
vt -0.497403 0.079453 0.000000
vt 0.589073 0.158907 0.000000
vt 0.226914 0.158907 0.000000
vt -0.135245 0.158907 0.000000
vt -0.497403 0.158907 0.000000
vt 0.039687 -0.951231 0.000000
vt 0.590439 -0.951231 0.000000
vt 0.349535 0.859562 0.000000
vt 0.039687 0.859562 0.000000
vt 0.263792 0.857528 0.000000
vt -0.078259 0.857528 0.000000
vt -0.287026 -0.953854 0.000000
vt 0.263792 -0.953854 0.000000
vt -0.857528 0.233448 0.000000
vt -0.857528 0.155632 0.000000
vt -0.857528 0.077816 0.000000
vt -0.857528 0.000000 0.000000
vt 0.953854 0.000000 0.000000
vt 0.953854 0.077816 0.000000
vt 0.953854 0.155632 0.000000
vt 0.953854 0.233448 0.000000
vt -0.495252 0.155632 0.000000
vt -0.132975 0.155632 0.000000
vt 0.229301 0.155632 0.000000
vt 0.591577 0.155632 0.000000
vt -0.495252 0.077816 0.000000
vt -0.132975 0.077816 0.000000
vt 0.229301 0.077816 0.000000
vt 0.591577 0.077816 0.000000
vt 0.353243 0.857528 0.000000
vt 0.012393 0.857528 0.000000
vt 0.012393 -0.953854 0.000000
vt 0.561326 -0.953854 0.000000
vt -0.548933 -4.000500 0.000000
vt -0.000000 -4.000500 0.000000
vt -0.000000 0.063500 0.000000
vt -0.548933 0.063500 0.000000
vt -0.063500 0.722189 0.000000
vt 4.000500 0.722189 0.000000
vt 4.000500 0.813945 0.000000
vt 4.000500 0.905700 0.000000
vt 4.000500 0.997456 0.000000
vt 1.460500 0.997456 0.000000
vt 1.460500 0.931262 0.000000
vt 1.460500 0.865068 0.000000
vt 1.460500 0.798874 0.000000
vt 1.024245 0.779727 0.000000
vt 0.624139 0.760581 0.000000
vt 0.261636 0.741434 0.000000
vt 0.094903 0.731861 0.000000
vt -0.061946 0.722287 0.000000
vt -0.063500 0.722287 0.000000
vt -0.063500 0.722255 0.000000
vt -0.063500 0.722222 0.000000
vt -0.550818 -4.000500 0.000000
vt -0.000000 -4.000500 0.000000
vt -0.000000 0.063500 0.000000
vt -0.550818 0.063500 0.000000
vt -0.635258 -1.460500 0.000000
vt -0.550818 -1.460500 0.000000
vt -0.286812 -0.951146 0.000000
vt 0.262551 -0.951146 0.000000
vt 0.262551 0.857528 0.000000
vt -0.078891 0.857528 0.000000
vt 0.951146 0.000000 0.000000
vt 0.951146 0.077767 0.000000
vt 0.951146 0.155535 0.000000
vt 0.951146 0.233302 0.000000
vt -0.857528 0.233302 0.000000
vt -0.857528 0.155535 0.000000
vt -0.857528 0.077767 0.000000
vt -0.857528 0.000000 0.000000
vt 0.589411 0.077767 0.000000
vt 0.227677 0.077767 0.000000
vt -0.134058 0.077767 0.000000
vt -0.495793 0.077767 0.000000
vt 0.589411 0.155535 0.000000
vt 0.227677 0.155535 0.000000
vt -0.134058 0.155535 0.000000
vt -0.495793 0.155535 0.000000
vt 0.011658 -0.951146 0.000000
vt 0.562546 -0.951146 0.000000
vt 0.354072 0.857528 0.000000
vt 0.011658 0.857528 0.000000
vt 0.061723 -0.951146 0.000000
vt 0.307745 -0.951146 0.000000
vt 0.159651 0.902655 0.000000
vt 0.113489 0.875455 0.000000
vt 0.061723 0.861547 0.000000
vt 0.061723 -0.951146 0.000000
vt 0.307745 -0.951146 0.000000
vt 0.159651 0.902655 0.000000
vt 0.113489 0.875455 0.000000
vt 0.061723 0.861547 0.000000
vt 4.455160 -1.548062 0.000000
vt 7.442200 -1.548062 0.000000
vt 7.442200 -1.393256 0.000000
vt 7.442200 -1.238450 0.000000
vt 7.442200 -1.083643 0.000000
vt 7.442200 -0.928837 0.000000
vt 7.442200 -0.774031 0.000000
vt 7.442200 -0.619225 0.000000
vt 7.442200 -0.464419 0.000000
vt 7.442200 -0.309612 0.000000
vt 7.442200 -0.154806 0.000000
vt 7.442200 0.000000 0.000000
vt 0.391160 0.000000 0.000000
vt 0.391160 -0.154806 0.000000
vt 0.391160 -0.309612 0.000000
vt 0.391160 -0.464419 0.000000
vt 0.391160 -0.619225 0.000000
vt 0.391160 -0.774031 0.000000
vt 0.391160 -0.928837 0.000000
vt 0.391160 -1.083643 0.000000
vt 0.391160 -1.238450 0.000000
vt 0.391160 -1.393256 0.000000
vt 0.391160 -1.548062 0.000000
vt -0.791707 6.360160 0.000000
vt -0.469365 6.360160 0.000000
vt -0.379907 6.352936 0.000000
vt -0.303171 6.332290 0.000000
vt -0.250069 6.301160 0.000000
vt -0.234906 6.283004 0.000000
vt -0.228153 6.263971 0.000000
vt 0.001204 4.455160 0.000000
vt 0.001204 7.442200 0.000000
vt -1.263551 7.442200 0.000000
vt -1.263551 4.455160 0.000000
vt -1.033572 6.263971 0.000000
vt -1.026802 6.283004 0.000000
vt -1.011597 6.301160 0.000000
vt -0.958352 6.332290 0.000000
vt -0.881408 6.352936 0.000000
vt -0.773476 6.360160 0.000000
vt -0.496524 6.360160 0.000000
vt -0.413089 6.353060 0.000000
vt -0.341315 6.332753 0.000000
vt -0.291233 6.302077 0.000000
vt -0.269842 6.265318 0.000000
vt -0.000503 4.458535 0.000000
vt -0.000000 4.451777 0.000000
vt -0.000000 7.442200 0.000000
vt -1.270000 7.442200 0.000000
vt -1.270000 4.451777 0.000000
vt -1.269497 4.458535 0.000000
vt -1.000157 6.265318 0.000000
vt -0.978767 6.302077 0.000000
vt -0.928685 6.332753 0.000000
vt -0.856911 6.353060 0.000000
vt -0.794910 6.360160 0.000000
vt -0.471879 6.360160 0.000000
vt -0.382172 6.352936 0.000000
vt -0.305222 6.332290 0.000000
vt -0.251973 6.301160 0.000000
vt -0.236767 6.283004 0.000000
vt -0.229996 6.263971 0.000000
vt -0.000344 4.457863 0.000000
vt -0.000000 4.452453 0.000000
vt -0.000000 7.442200 0.000000
vt -1.265758 7.442200 0.000000
vt -1.265758 4.452453 0.000000
vt -1.265415 4.457863 0.000000
vt -1.036264 6.263971 0.000000
vt -1.029508 6.283004 0.000000
vt -1.014336 6.301160 0.000000
vt -0.961202 6.332290 0.000000
vt -0.884421 6.352936 0.000000
vt -1.016000 0.391160 0.000000
vt -1.016000 4.452453 0.000000
vt -1.015740 4.457863 0.000000
vt -0.837754 6.309034 0.000000
vt -0.823300 6.346898 0.000000
vt -0.811361 6.357200 0.000000
vt -0.802265 6.360158 0.000000
vt -0.802128 6.360160 0.000000
vt -0.789514 6.360160 0.000000
vt -0.776899 6.360160 0.000000
vt -0.751669 6.360160 0.000000
vt -0.701209 6.360160 0.000000
vt -0.635000 6.360160 0.000000
vt -0.568791 6.360160 0.000000
vt -0.518331 6.360160 0.000000
vt -0.493101 6.360160 0.000000
vt -0.480486 6.360160 0.000000
vt -0.467872 6.360160 0.000000
vt -0.467735 6.360158 0.000000
vt -0.458641 6.357200 0.000000
vt -0.446701 6.346899 0.000000
vt -0.432246 6.309034 0.000000
vt -0.254260 4.457863 0.000000
vt -0.254000 4.452453 0.000000
vt -0.254000 0.391160 0.000000
vt -0.000000 0.391160 0.000000
vt -0.000000 7.442200 0.000000
vt -2.540000 7.442200 0.000000
vt -2.540000 0.391160 0.000000
vt -2.286000 0.391160 0.000000
vt -2.286000 4.452453 0.000000
vt -2.285740 4.457863 0.000000
vt -2.107754 6.309034 0.000000
vt -2.093300 6.346898 0.000000
vt -2.081361 6.357200 0.000000
vt -2.072265 6.360158 0.000000
vt -2.072129 6.360160 0.000000
vt -2.059514 6.360160 0.000000
vt -2.046899 6.360160 0.000000
vt -2.021669 6.360160 0.000000
vt -1.971209 6.360160 0.000000
vt -1.905000 6.360160 0.000000
vt -1.838791 6.360160 0.000000
vt -1.788331 6.360160 0.000000
vt -1.763101 6.360160 0.000000
vt -1.750486 6.360160 0.000000
vt -1.737872 6.360160 0.000000
vt -1.737735 6.360158 0.000000
vt -1.728641 6.357200 0.000000
vt -1.716701 6.346899 0.000000
vt -1.702246 6.309034 0.000000
vt -1.524260 4.457863 0.000000
vt -1.524000 4.452453 0.000000
vt -1.524000 0.391160 0.000000
vt -1.187450 6.972300 0.000000
vt -1.187450 6.769100 0.000000
vt -1.190853 6.756400 0.000000
vt -1.200150 6.747103 0.000000
vt -1.212850 6.743700 0.000000
vt -1.327150 6.743700 0.000000
vt -1.339850 6.747103 0.000000
vt -1.349147 6.756400 0.000000
vt -1.352550 6.769100 0.000000
vt -1.352550 6.972300 0.000000
vt -1.349147 6.985000 0.000000
vt -1.339850 6.994297 0.000000
vt -1.327150 6.997700 0.000000
vt -1.212850 6.997700 0.000000
vt -1.200150 6.994297 0.000000
vt -1.190853 6.985000 0.000000
vt 7.442200 1.548058 0.000000
vt 4.452452 1.548058 0.000000
vt 0.391160 1.548058 0.000000
vt 0.391160 1.393252 0.000000
vt 0.391160 1.238447 0.000000
vt 0.391160 1.083641 0.000000
vt 0.391160 0.928835 0.000000
vt 0.391160 0.774029 0.000000
vt 0.391160 0.619223 0.000000
vt 0.391160 0.464417 0.000000
vt 0.391160 0.309612 0.000000
vt 0.391160 0.154806 0.000000
vt 0.391160 0.000000 0.000000
vt 7.442200 0.000000 0.000000
vt 7.442200 0.154806 0.000000
vt 7.442200 0.309612 0.000000
vt 7.442200 0.464417 0.000000
vt 7.442200 0.619223 0.000000
vt 7.442200 0.774029 0.000000
vt 7.442200 0.928835 0.000000
vt 7.442200 1.083641 0.000000
vt 7.442200 1.238447 0.000000
vt 7.442200 1.393252 0.000000
vt 7.442200 -2.322077 0.000000
vt 4.451777 -2.322077 0.000000
vt 0.391160 -2.322077 0.000000
vt 0.391160 -2.477729 0.000000
vt 0.391160 -2.633381 0.000000
vt 0.391160 -2.789033 0.000000
vt 0.391160 -2.944685 0.000000
vt 0.391160 -3.100338 0.000000
vt 4.452452 -3.100338 0.000000
vt 7.442200 -3.100338 0.000000
vt 7.442200 -2.944685 0.000000
vt 7.442200 -2.789033 0.000000
vt 7.442200 -2.633381 0.000000
vt 7.442200 -2.477729 0.000000
vt 7.442200 -1.542818 0.000000
vt 4.455160 -1.542818 0.000000
vt 0.391160 -1.542818 0.000000
vt 0.391160 -1.698669 0.000000
vt 0.391160 -1.854521 0.000000
vt 0.391160 -2.010373 0.000000
vt 0.391160 -2.166225 0.000000
vt 0.391160 -2.322077 0.000000
vt 4.451777 -2.322077 0.000000
vt 7.442200 -2.322077 0.000000
vt 7.442200 -2.166225 0.000000
vt 7.442200 -2.010373 0.000000
vt 7.442200 -1.854521 0.000000
vt 7.442200 -1.698669 0.000000
vt 0.099377 -0.019949 0.000000
vt 0.099377 -0.006650 0.000000
vt 0.099377 0.006650 0.000000
vt 0.099377 0.019949 0.000000
vt 0.004127 0.019949 0.000000
vt 0.004127 0.006650 0.000000
vt 0.004127 -0.006650 0.000000
vt 0.004127 -0.019949 0.000000
vt 0.015875 -0.019949 0.000000
vt 0.015875 -0.006650 0.000000
vt 0.015875 0.006650 0.000000
vt 0.015875 0.019949 0.000000
vt -0.098425 0.019949 0.000000
vt -0.098425 0.006650 0.000000
vt -0.098425 -0.006650 0.000000
vt -0.098425 -0.019949 0.000000
vt -0.348933 0.019949 0.000000
vt -0.348933 0.006650 0.000000
vt -0.348933 -0.006650 0.000000
vt -0.348933 -0.019949 0.000000
vt -0.253682 -0.019949 0.000000
vt -0.253682 -0.006650 0.000000
vt -0.253682 0.006650 0.000000
vt -0.253682 0.019949 0.000000
vt -0.024265 0.000000 0.000000
vt -0.013387 -0.010528 0.000000
vt -0.001390 -0.016493 0.000000
vt 0.010682 -0.022135 0.000000
vt 0.015026 -0.007921 0.000000
vt 0.015026 0.007921 0.000000
vt 0.010682 0.022135 0.000000
vt -0.001390 0.016493 0.000000
vt -0.013387 0.010528 0.000000
vt 0.001929 -0.007378 0.000000
vt 0.001929 0.007378 0.000000
vt -0.011168 0.007378 0.000000
vt -0.011168 -0.007378 0.000000
vt -0.024265 0.000000 0.000000
vt -0.013387 -0.010528 0.000000
vt -0.001390 -0.016493 0.000000
vt 0.010682 -0.022135 0.000000
vt 0.015026 -0.007921 0.000000
vt 0.015026 0.007921 0.000000
vt 0.010682 0.022135 0.000000
vt -0.001390 0.016493 0.000000
vt -0.013387 0.010528 0.000000
vt 0.001929 -0.007378 0.000000
vt 0.001929 0.007378 0.000000
vt -0.011168 0.007378 0.000000
vt -0.011168 -0.007378 0.000000
vt 0.120650 1.181100 0.000000
vt 0.025400 1.181100 0.000000
vt 0.025400 1.028700 0.000000
vt 0.032206 1.003300 0.000000
vt 0.050800 0.984706 0.000000
vt 0.076200 0.977900 0.000000
vt 0.120650 0.977900 0.000000
vt -1.181100 0.019949 0.000000
vt -1.181100 0.006650 0.000000
vt -1.181100 -0.006650 0.000000
vt -1.181100 -0.019949 0.000000
vt -1.028700 -0.019949 0.000000
vt -1.028700 -0.006650 0.000000
vt -1.028700 0.006650 0.000000
vt -1.028700 0.019949 0.000000
vt 0.139700 1.181100 0.000000
vt 0.025400 1.181100 0.000000
vt 0.025400 1.028700 0.000000
vt 0.139700 1.028700 0.000000
vt -1.181100 0.019949 0.000000
vt -1.181100 0.006650 0.000000
vt -1.181100 -0.006650 0.000000
vt -1.181100 -0.019949 0.000000
vt -1.028700 -0.019949 0.000000
vt -1.028700 -0.006650 0.000000
vt -1.028700 0.006650 0.000000
vt -1.028700 0.019949 0.000000
vt 0.473710 1.181100 0.000000
vt 0.378460 1.181100 0.000000
vt 0.378460 0.977900 0.000000
vt 0.422910 0.977900 0.000000
vt 0.448310 0.984706 0.000000
vt 0.466904 1.003300 0.000000
vt 0.473710 1.028700 0.000000
vt -0.203517 0.019949 0.000000
vt -0.203517 0.006650 0.000000
vt -0.203517 -0.006650 0.000000
vt -0.203517 -0.019949 0.000000
vt -0.159067 -0.019949 0.000000
vt -0.159067 -0.006650 0.000000
vt -0.159067 0.006650 0.000000
vt -0.159067 0.019949 0.000000
vt -0.000000 0.000000 0.000000
vt 0.013299 0.000000 0.000000
vt 0.026599 0.000000 0.000000
vt 0.039898 0.000000 0.000000
vt 0.039898 0.036003 0.000000
vt 0.039898 0.072006 0.000000
vt 0.039898 0.108009 0.000000
vt 0.026599 0.108009 0.000000
vt 0.013299 0.108009 0.000000
vt -0.000000 0.108009 0.000000
vt -0.000000 0.072006 0.000000
vt -0.000000 0.036003 0.000000
vt 0.026599 0.036003 0.000000
vt 0.013299 0.036003 0.000000
vt 0.026599 0.072006 0.000000
vt 0.013299 0.072006 0.000000
vt -0.057150 0.224155 0.000000
vt -0.057150 0.128905 0.000000
vt 0.057150 0.128905 0.000000
vt 0.057150 0.224155 0.000000
vt 0.015875 -0.059847 0.000000
vt 0.015875 -0.019949 0.000000
vt 0.015875 0.019949 0.000000
vt 0.015875 0.059847 0.000000
vt -0.098425 0.059847 0.000000
vt -0.098425 0.019949 0.000000
vt -0.098425 -0.019949 0.000000
vt -0.098425 -0.059847 0.000000
vt -0.057150 -0.015875 0.000000
vt -0.057150 -0.060325 0.000000
vt 0.057150 -0.060325 0.000000
vt 0.057150 -0.015875 0.000000
vt -0.000000 0.108009 0.000000
vt 0.013299 0.108009 0.000000
vt 0.026599 0.108009 0.000000
vt 0.039898 0.108009 0.000000
vt 0.039898 0.144012 0.000000
vt 0.039898 0.180015 0.000000
vt 0.039898 0.216018 0.000000
vt 0.026599 0.216018 0.000000
vt 0.013299 0.216018 0.000000
vt -0.000000 0.216018 0.000000
vt -0.000000 0.180015 0.000000
vt -0.000000 0.144012 0.000000
vt 0.026599 0.144012 0.000000
vt 0.013299 0.144012 0.000000
vt 0.026599 0.180015 0.000000
vt 0.013299 0.180015 0.000000
vt -0.090488 0.019949 0.000000
vt -0.090488 0.006650 0.000000
vt -0.090488 -0.006650 0.000000
vt -0.090488 -0.019949 0.000000
vt -0.046037 -0.019949 0.000000
vt -0.046037 -0.006650 0.000000
vt -0.046037 0.006650 0.000000
vt -0.046037 0.019949 0.000000
vt 1.270000 -1.543066 0.000000
vt -1.270000 -1.543066 0.000000
vt -1.457954 -1.525119 0.000000
vt -1.639115 -1.471924 0.000000
vt -1.806935 -1.385406 0.000000
vt -1.955349 -1.268692 0.000000
vt -2.078992 -1.125998 0.000000
vt -2.173395 -0.962484 0.000000
vt -2.235147 -0.784059 0.000000
vt -2.262016 -0.597171 0.000000
vt -2.253030 -0.408576 0.000000
vt -2.208514 -0.225089 0.000000
vt -2.130077 -0.053344 0.000000
vt -1.498134 1.041177 0.000000
vt -1.399063 1.184382 0.000000
vt -1.276504 1.308082 0.000000
vt -1.134222 1.408474 0.000000
vt -0.976594 1.482471 0.000000
vt -0.808463 1.527800 0.000000
vt -0.635000 1.543066 0.000000
vt 0.635000 1.543066 0.000000
vt 0.808271 1.527834 0.000000
vt 0.976228 1.482605 0.000000
vt 1.133717 1.408768 0.000000
vt 1.275908 1.308585 0.000000
vt 1.398440 1.185131 0.000000
vt 1.497555 1.042193 0.000000
vt 2.130080 -0.053348 0.000000
vt 2.208515 -0.225094 0.000000
vt 2.253030 -0.408580 0.000000
vt 2.262015 -0.597175 0.000000
vt 2.235146 -0.784062 0.000000
vt 2.173394 -0.962487 0.000000
vt 2.078990 -1.126000 0.000000
vt 1.955348 -1.268693 0.000000
vt 1.806934 -1.385407 0.000000
vt 1.639114 -1.471925 0.000000
vt 1.457954 -1.525119 0.000000
vt -1.270000 -1.667526 0.000000
vt 1.270000 -1.667526 0.000000
vt 1.464070 -1.650547 0.000000
vt 1.652243 -1.600126 0.000000
vt 1.828802 -1.517795 0.000000
vt 1.988382 -1.406055 0.000000
vt 2.126134 -1.268302 0.000000
vt 2.237873 -1.108721 0.000000
vt 2.320203 -0.932162 0.000000
vt 2.370622 -0.743988 0.000000
vt 2.387600 -0.549918 0.000000
vt 2.370620 -0.355848 0.000000
vt 2.320197 -0.167675 0.000000
vt 2.237865 0.008883 0.000000
vt 1.605462 1.104212 0.000000
vt 1.493913 1.264977 0.000000
vt 1.356035 1.403823 0.000000
vt 1.196053 1.516492 0.000000
vt 1.018872 1.599532 0.000000
vt 0.829924 1.650396 0.000000
vt 0.635000 1.667526 0.000000
vt -0.635000 1.667526 0.000000
vt -0.830125 1.650361 0.000000
vt -1.019256 1.599391 0.000000
vt -1.196583 1.516184 0.000000
vt -1.356659 1.403295 0.000000
vt -1.494567 1.264191 0.000000
vt -1.606070 1.103146 0.000000
vt -2.237862 0.008888 0.000000
vt -2.320195 -0.167670 0.000000
vt -2.370619 -0.355843 0.000000
vt -2.387600 -0.549914 0.000000
vt -2.370623 -0.743985 0.000000
vt -2.320204 -0.932159 0.000000
vt -2.237874 -1.108719 0.000000
vt -2.126136 -1.268300 0.000000
vt -1.988384 -1.406054 0.000000
vt -1.828804 -1.517794 0.000000
vt -1.652244 -1.600126 0.000000
vt -1.464071 -1.650547 0.000000
vt 0.283981 0.912367 0.000000
vt 0.000000 0.912759 0.000000
vt -0.283981 0.913152 0.000000
vt -0.283981 0.730522 0.000000
vt -0.283981 0.547891 0.000000
vt -0.283981 0.365261 0.000000
vt -0.283981 0.182630 0.000000
vt -0.283981 0.000000 0.000000
vt 0.283981 0.000000 0.000000
vt 0.283981 0.152061 0.000000
vt 0.283981 0.304122 0.000000
vt 0.283981 0.456183 0.000000
vt 0.283981 0.608244 0.000000
vt 0.283981 0.760305 0.000000
vt 0.317500 -0.283981 0.000000
vt 0.317500 0.283981 0.000000
vt -0.952500 0.283981 0.000000
vt -0.952500 -0.283981 0.000000
vt -0.283981 -0.911983 0.000000
vt 0.000000 -0.911665 0.000000
vt 0.283981 -0.911347 0.000000
vt 0.283981 -0.759456 0.000000
vt 0.283981 -0.607565 0.000000
vt 0.283981 -0.455673 0.000000
vt 0.283981 -0.303782 0.000000
vt 0.283981 -0.151891 0.000000
vt 0.283981 0.000000 0.000000
vt -0.283981 0.000000 0.000000
vt -0.283981 -0.182397 0.000000
vt -0.283981 -0.364793 0.000000
vt -0.283981 -0.547190 0.000000
vt -0.283981 -0.729586 0.000000
vt -0.709400 0.283981 0.000000
vt -0.709718 0.000000 0.000000
vt -0.710129 -0.283981 0.000000
vt 0.555629 -0.283981 0.000000
vt 0.555629 0.283981 0.000000
vt -0.283981 0.000000 0.000000
vt 0.283981 0.000000 0.000000
vt 0.283981 0.164913 0.000000
vt 0.283981 0.329827 0.000000
vt 0.283981 0.494740 0.000000
vt 0.283981 0.659654 0.000000
vt 0.283981 0.824567 0.000000
vt 0.283981 0.989481 0.000000
vt 0.283981 1.154394 0.000000
vt 0.283981 1.319307 0.000000
vt 0.283981 1.484221 0.000000
vt 0.283981 1.649134 0.000000
vt 0.283981 1.814048 0.000000
vt -0.283981 1.814048 0.000000
vt -0.283981 1.632643 0.000000
vt -0.283981 1.451238 0.000000
vt -0.283981 1.269833 0.000000
vt -0.283981 1.088429 0.000000
vt -0.283981 0.907024 0.000000
vt -0.283981 0.725619 0.000000
vt -0.283981 0.544214 0.000000
vt -0.283981 0.362810 0.000000
vt -0.283981 0.181405 0.000000
vt -1.905000 -0.283981 0.000000
vt 0.635000 -0.283981 0.000000
vt 0.635000 0.283981 0.000000
vt -1.905000 0.283981 0.000000
vt -0.283981 -1.814052 0.000000
vt 0.283981 -1.814052 0.000000
vt 0.283981 -1.649138 0.000000
vt 0.283981 -1.484224 0.000000
vt 0.283981 -1.319311 0.000000
vt 0.283981 -1.154397 0.000000
vt 0.283981 -0.989483 0.000000
vt 0.283981 -0.824569 0.000000
vt 0.283981 -0.659655 0.000000
vt 0.283981 -0.494741 0.000000
vt 0.283981 -0.329828 0.000000
vt 0.283981 -0.164914 0.000000
vt 0.283981 0.000000 0.000000
vt -0.283981 0.000000 0.000000
vt -0.283981 -0.181405 0.000000
vt -0.283981 -0.362810 0.000000
vt -0.283981 -0.544216 0.000000
vt -0.283981 -0.725621 0.000000
vt -0.283981 -0.907026 0.000000
vt -0.283981 -1.088431 0.000000
vt -0.283981 -1.269837 0.000000
vt -0.283981 -1.451242 0.000000
vt -0.283981 -1.632647 0.000000
vt 0.077349 -0.283981 0.000000
vt 0.076841 0.000000 0.000000
vt 0.076448 0.283980 0.000000
vt -1.187407 0.283981 0.000000
vt -1.187407 -0.283981 0.000000
vt 2.540000 7.950200 0.000000
vt 0.000000 7.950200 0.000000
vt 0.000000 0.000000 0.000000
vt 2.540000 0.000000 0.000000
vt -0.000000 -2.340712 0.000000
vt -0.000000 -2.145653 0.000000
vt -0.000000 -1.950593 0.000000
vt -0.000000 -1.755534 0.000000
vt -0.000000 -1.560475 0.000000
vt -0.000000 -1.365416 0.000000
vt -0.000000 -1.170356 0.000000
vt -0.000000 -0.975297 0.000000
vt -0.000000 -0.780237 0.000000
vt -0.000000 -0.585178 0.000000
vt -0.000000 -0.390119 0.000000
vt -0.000000 -0.195059 0.000000
vt -0.000000 0.000000 0.000000
vt -7.950200 0.000000 0.000000
vt -7.950200 -0.195059 0.000000
vt -7.950200 -0.390119 0.000000
vt -7.950200 -0.585178 0.000000
vt -7.950200 -0.780237 0.000000
vt -7.950200 -0.975297 0.000000
vt -7.950200 -1.170356 0.000000
vt -7.950200 -1.365416 0.000000
vt -7.950200 -1.560475 0.000000
vt -7.950200 -1.755534 0.000000
vt -7.950200 -1.950593 0.000000
vt -7.950200 -2.145653 0.000000
vt -7.950200 -2.340712 0.000000
vt 0.000000 0.000000 0.000000
vt 1.263551 0.000000 0.000000
vt 1.263551 7.950200 0.000000
vt 0.000000 7.950200 0.000000
vt -0.000000 -3.511044 0.000000
vt -0.000000 -3.314914 0.000000
vt -0.000000 -3.118784 0.000000
vt -0.000000 -2.922654 0.000000
vt -0.000000 -2.726524 0.000000
vt -0.000000 -2.530394 0.000000
vt -0.000000 -2.334263 0.000000
vt -7.950200 -2.334263 0.000000
vt -7.950200 -2.530394 0.000000
vt -7.950200 -2.726524 0.000000
vt -7.950200 -2.922654 0.000000
vt -7.950200 -3.118784 0.000000
vt -7.950200 -3.314914 0.000000
vt -7.950200 -3.511044 0.000000
vt 0.000000 0.000000 0.000000
vt 1.270000 0.000000 0.000000
vt 1.270000 7.950200 0.000000
vt 0.000000 7.950200 0.000000
vt -0.000000 2.335490 0.000000
vt -0.000000 2.531416 0.000000
vt -0.000000 2.727341 0.000000
vt -0.000000 2.923267 0.000000
vt -0.000000 3.119193 0.000000
vt -0.000000 3.315118 0.000000
vt -0.000000 3.511044 0.000000
vt -7.950200 3.511044 0.000000
vt -7.950200 3.315118 0.000000
vt -7.950200 3.119193 0.000000
vt -7.950200 2.923267 0.000000
vt -7.950200 2.727341 0.000000
vt -7.950200 2.531416 0.000000
vt -7.950200 2.335490 0.000000
vt 0.000000 0.000000 0.000000
vt 1.264784 0.000000 0.000000
vt 1.264784 7.950200 0.000000
vt 0.000000 7.950200 0.000000
vt -0.000000 0.000000 0.000000
vt -0.000000 0.195059 0.000000
vt -0.000000 0.390118 0.000000
vt -0.000000 0.585177 0.000000
vt -0.000000 0.780236 0.000000
vt -0.000000 0.975294 0.000000
vt -0.000000 1.170353 0.000000
vt -0.000000 1.365412 0.000000
vt -0.000000 1.560471 0.000000
vt -0.000000 1.755530 0.000000
vt -0.000000 1.950589 0.000000
vt -0.000000 2.145648 0.000000
vt -0.000000 2.340707 0.000000
vt -7.950200 2.340707 0.000000
vt -7.950200 2.145648 0.000000
vt -7.950200 1.950589 0.000000
vt -7.950200 1.755530 0.000000
vt -7.950200 1.560471 0.000000
vt -7.950200 1.365412 0.000000
vt -7.950200 1.170353 0.000000
vt -7.950200 0.975294 0.000000
vt -7.950200 0.780236 0.000000
vt -7.950200 0.585177 0.000000
vt -7.950200 0.390118 0.000000
vt -7.950200 0.195059 0.000000
vt -7.950200 0.000000 0.000000
vt -2.237865 0.008883 0.000000
vt -2.320197 -0.167675 0.000000
vt -2.370620 -0.355848 0.000000
vt -2.387600 -0.549918 0.000000
vt -2.370622 -0.743988 0.000000
vt -2.320203 -0.932162 0.000000
vt -2.237873 -1.108721 0.000000
vt -2.126134 -1.268302 0.000000
vt -1.988382 -1.406055 0.000000
vt -1.828802 -1.517795 0.000000
vt -1.652243 -1.600126 0.000000
vt -1.464070 -1.650547 0.000000
vt -1.270000 -1.667526 0.000000
vt 1.270000 -1.667526 0.000000
vt 1.464071 -1.650547 0.000000
vt 1.652244 -1.600126 0.000000
vt 1.828804 -1.517794 0.000000
vt 1.988384 -1.406054 0.000000
vt 2.126136 -1.268300 0.000000
vt 2.237874 -1.108719 0.000000
vt 2.320204 -0.932159 0.000000
vt 2.370623 -0.743985 0.000000
vt 2.387600 -0.549914 0.000000
vt 2.370619 -0.355843 0.000000
vt 2.320195 -0.167670 0.000000
vt 2.237862 0.008888 0.000000
vt 1.606070 1.103146 0.000000
vt 1.494567 1.264191 0.000000
vt 1.356659 1.403295 0.000000
vt 1.196583 1.516184 0.000000
vt 1.019256 1.599391 0.000000
vt 0.830125 1.650361 0.000000
vt 0.635000 1.667526 0.000000
vt -0.635000 1.667526 0.000000
vt -0.829924 1.650396 0.000000
vt -1.018872 1.599532 0.000000
vt -1.196053 1.516492 0.000000
vt -1.356035 1.403823 0.000000
vt -1.493913 1.264977 0.000000
vt -1.605462 1.104212 0.000000
vn 0.843299 0.066489 2.395000
vn 0.843299 0.066489 2.395000
vn 0.843299 0.066489 2.395000
vn 0.843299 0.066489 2.395000
vn 0.843299 0.066489 2.395000
vn 0.843299 0.066489 2.395000
vn 0.843299 0.066489 2.395000
vn 0.843299 0.066489 2.395000
vn 0.843299 0.066489 2.395000
vn 0.843299 0.066489 2.395000
vn -0.645907 0.066489 2.455602
vn -1.912562 0.066489 1.670115
vn -2.520235 0.066489 0.309183
vn -2.520235 0.066489 0.309183
vn -1.912562 0.066489 1.670115
vn -0.645907 0.066489 2.455602
vn 0.843299 0.066489 2.395000
vn -0.645907 0.066489 2.455602
vn -0.645907 0.066489 2.455602
vn -0.645907 0.066489 2.455602
vn -0.645907 0.066489 2.455602
vn -0.645907 0.066489 2.455602
vn -0.645907 0.066489 2.455602
vn -0.645907 0.066489 2.455602
vn -0.645907 0.066489 2.455602
vn -0.645907 0.066489 2.455602
vn -0.645907 0.066489 2.455602
vn -0.645907 0.066489 2.455602
vn -0.645907 0.066489 2.455602
vn -1.912562 0.066489 1.670115
vn -1.912562 0.066489 1.670115
vn -1.912562 0.066489 1.670115
vn -1.912562 0.066489 1.670115
vn -1.912562 0.066489 1.670115
vn -1.912562 0.066489 1.670115
vn -1.912562 0.066489 1.670115
vn -1.912562 0.066489 1.670115
vn -1.912562 0.066489 1.670115
vn -1.912562 0.066489 1.670115
vn -1.912562 0.066489 1.670115
vn -1.912562 0.066489 1.670115
vn 1.513091 0.066489 -2.039052
vn 2.417478 0.066489 -0.776517
vn 2.417478 0.066489 0.776517
vn 1.513091 0.066489 2.039052
vn 1.513091 0.066489 2.039052
vn 2.417478 0.066489 0.776517
vn 2.417478 0.066489 -0.776517
vn 1.513091 0.066489 -2.039052
vn 2.417478 0.066489 -0.776517
vn 2.417478 0.066489 -0.776517
vn 2.417478 0.066489 -0.776517
vn 2.417478 0.066489 -0.776517
vn 2.417478 0.066489 -0.776517
vn 2.417478 0.066489 -0.776517
vn 2.417478 0.066489 -0.776517
vn 2.417478 0.066489 -0.776517
vn 2.417478 0.066489 -0.776517
vn 2.417478 0.066489 -0.776517
vn 2.417478 0.066489 -0.776517
vn 2.417478 0.066489 0.776517
vn 2.417478 0.066489 0.776517
vn 2.417478 0.066489 0.776517
vn 2.417478 0.066489 0.776517
vn 2.417478 0.066489 0.776517
vn 2.417478 0.066489 0.776517
vn 2.417478 0.066489 0.776517
vn 2.417478 0.066489 0.776517
vn 2.417478 0.066489 0.776517
vn 2.417478 0.066489 0.776517
vn 2.417478 0.066489 0.776517
vn 0.000000 2.540000 0.000000
vn 0.000000 2.540000 0.000000
vn 0.000000 2.540000 0.000000
vn 0.000000 2.540000 0.000000
vn 0.000000 2.540000 0.000000
vn 0.000000 2.540000 0.000000
vn 0.000000 2.540000 0.000000
vn 0.000000 2.540000 0.000000
vn 0.000000 2.540000 0.000000
vn 0.000000 2.540000 0.000000
vn 0.000000 2.540000 0.000000
vn 1.513091 0.066489 -2.039052
vn 1.513091 0.066489 -2.039052
vn 1.513091 0.066489 -2.039052
vn 1.513091 0.066489 -2.039052
vn 1.513091 0.066489 -2.039052
vn 2.417478 0.066489 -0.776517
vn 2.417478 0.066489 0.776517
vn 1.513091 0.066489 2.039052
vn 1.513091 0.066489 2.039052
vn 2.417478 0.066489 0.776517
vn 2.417478 0.066489 -0.776517
vn 1.513091 0.066489 -2.039052
vn 2.417478 0.066489 -0.776517
vn 2.417478 0.066489 -0.776517
vn 2.417478 0.066489 -0.776517
vn 2.417478 0.066489 -0.776517
vn 2.417478 0.066489 -0.776517
vn 2.417478 0.066489 -0.776517
vn 2.417478 0.066489 -0.776517
vn 2.417478 0.066489 -0.776517
vn 2.417478 0.066489 -0.776517
vn 2.417478 0.066489 -0.776517
vn 2.417478 0.066489 -0.776517
vn 2.417478 0.066489 0.776517
vn 2.417478 0.066489 0.776517
vn 2.417478 0.066489 0.776517
vn 2.417478 0.066489 0.776517
vn 2.417478 0.066489 0.776517
vn 2.417478 0.066489 0.776517
vn 2.417478 0.066489 0.776517
vn 2.417478 0.066489 0.776517
vn 2.417478 0.066489 0.776517
vn 2.417478 0.066489 0.776517
vn 2.417478 0.066489 0.776517
vn 0.000000 2.540000 0.000000
vn 0.000000 2.540000 0.000000
vn 0.000000 2.540000 0.000000
vn 0.000000 2.540000 0.000000
vn 0.000000 2.540000 0.000000
vn 0.000000 2.540000 0.000000
vn 0.000000 2.540000 0.000000
vn 0.000000 2.540000 0.000000
vn 0.000000 2.540000 0.000000
vn 0.000000 2.540000 0.000000
vn 0.000000 2.540000 0.000000
vn 1.513091 0.066489 -2.039052
vn 1.513091 0.066489 -2.039052
vn 1.513091 0.066489 -2.039052
vn 1.513091 0.066489 -2.039052
vn -1.575741 0.066489 1.991035
vn -2.425395 0.066489 0.751423
vn -2.425395 0.066489 -0.751423
vn -1.575741 0.066489 -1.991035
vn -1.575741 0.066489 -1.991035
vn -2.425395 0.066489 -0.751423
vn -2.425395 0.066489 0.751423
vn -1.575741 0.066489 1.991035
vn -2.425395 0.066489 0.751423
vn -2.425395 0.066489 0.751423
vn -2.425395 0.066489 0.751423
vn -2.425395 0.066489 0.751423
vn -2.425395 0.066489 0.751423
vn -2.425395 0.066489 0.751423
vn -2.425395 0.066489 0.751423
vn -2.425395 0.066489 0.751423
vn -2.425395 0.066489 0.751423
vn -2.425395 0.066489 0.751423
vn -2.425395 0.066489 0.751423
vn -2.425395 0.066489 0.751423
vn -2.425395 0.066489 -0.751423
vn -2.425395 0.066489 -0.751423
vn -2.425395 0.066489 -0.751423
vn -2.425395 0.066489 -0.751423
vn -2.425395 0.066489 -0.751423
vn -2.425395 0.066489 -0.751423
vn -2.425395 0.066489 -0.751423
vn -2.425395 0.066489 -0.751423
vn -2.425395 0.066489 -0.751423
vn -2.425395 0.066489 -0.751423
vn -2.425395 0.066489 -0.751423
vn -2.425395 0.066489 -0.751423
vn 0.000000 2.540000 0.000000
vn 0.000000 2.540000 0.000000
vn 0.000000 2.540000 0.000000
vn 0.000000 2.540000 0.000000
vn 0.000000 2.540000 0.000000
vn 0.000000 2.540000 0.000000
vn 0.000000 2.540000 0.000000
vn 0.000000 2.540000 0.000000
vn -1.575741 0.066489 1.991035
vn -1.575741 0.066489 1.991035
vn -1.575741 0.066489 1.991035
vn -1.575741 0.066489 1.991035
vn -1.575741 0.066489 1.991035
vn -1.575741 0.066489 1.991035
vn -1.575741 0.066489 1.991035
vn -2.539130 0.066489 0.000000
vn -2.101607 0.066489 -1.424931
vn -0.939819 0.066489 -2.358796
vn 0.545854 0.066489 -2.479763
vn 0.545854 0.066489 -2.479763
vn -0.939819 0.066489 -2.358796
vn -2.101607 0.066489 -1.424931
vn -2.539130 0.066489 0.000000
vn -2.101607 0.066489 -1.424931
vn -2.101607 0.066489 -1.424931
vn -2.101607 0.066489 -1.424931
vn -2.101607 0.066489 -1.424931
vn -2.101607 0.066489 -1.424931
vn -2.101607 0.066489 -1.424931
vn -2.101607 0.066489 -1.424931
vn -2.101607 0.066489 -1.424931
vn -2.101607 0.066489 -1.424931
vn -2.101607 0.066489 -1.424931
vn -2.101607 0.066489 -1.424931
vn -2.101607 0.066489 -1.424931
vn -0.939819 0.066489 -2.358796
vn -0.939819 0.066489 -2.358796
vn -0.939819 0.066489 -2.358796
vn -0.939819 0.066489 -2.358796
vn -0.939819 0.066489 -2.358796
vn -0.939819 0.066489 -2.358796
vn -0.939819 0.066489 -2.358796
vn -0.939819 0.066489 -2.358796
vn -0.939819 0.066489 -2.358796
vn -0.939819 0.066489 -2.358796
vn -0.939819 0.066489 -2.358796
vn -0.939819 0.066489 -2.358796
vn 0.000000 2.540000 0.000000
vn 0.000000 2.540000 0.000000
vn 0.000000 2.540000 0.000000
vn 0.000000 2.540000 0.000000
vn 0.000000 2.540000 0.000000
vn 0.000000 2.540000 0.000000
vn 0.000000 2.540000 0.000000
vn 0.000000 2.540000 0.000000
vn 0.000000 2.540000 0.000000
vn 0.000000 2.540000 0.000000
vn -2.539130 0.066489 0.000000
vn -2.539130 0.066489 0.000000
vn -2.539130 0.066489 0.000000
vn -2.539130 0.066489 0.000000
vn 1.513091 0.066489 2.039052
vn 1.513091 0.066489 2.039052
vn 1.513091 0.066489 2.039052
vn 1.513091 0.066489 2.039052
vn 1.513091 0.066489 2.039052
vn 1.513091 0.066489 2.039052
vn 1.513091 0.066489 2.039052
vn 1.513091 0.066489 2.039052
vn -1.575741 0.066489 -1.991035
vn -1.575741 0.066489 -1.991035
vn -1.575741 0.066489 -1.991035
vn -1.575741 0.066489 -1.991035
vn -1.575741 0.066489 -1.991035
vn -1.575741 0.066489 -1.991035
vn -1.575741 0.066489 -1.991035
vn -2.520235 0.066489 0.309183
vn -2.520235 0.066489 0.309183
vn -2.520235 0.066489 0.309183
vn -2.520235 0.066489 0.309183
vn 2.421644 0.000000 0.766315
vn 2.421644 0.000000 0.766315
vn 2.421358 0.000000 0.767218
vn 2.421454 0.000000 0.766917
vn 2.421549 0.000000 0.766616
vn 0.000000 2.540000 0.000000
vn 0.000000 2.540000 0.000000
vn 0.000000 2.540000 0.000000
vn 0.000000 2.540000 0.000000
vn 0.000000 2.540000 0.000000
vn 0.000000 2.540000 0.000000
vn 0.000000 2.540000 0.000000
vn 0.000000 2.540000 0.000000
vn 0.000000 2.540000 0.000000
vn 0.545854 0.066489 -2.479763
vn 0.545854 0.066489 -2.479763
vn 0.545854 0.066489 -2.479763
vn 0.545854 0.066489 -2.479763
vn -2.273560 0.000000 -1.132486
vn -2.336855 0.000000 -0.995345
vn -2.391885 0.000000 -0.854684
vn -2.438458 0.000000 -0.711001
vn -2.476408 0.000000 -0.564803
vn -2.532908 0.000000 -0.189678
vn -2.532908 0.000000 0.189678
vn -2.476408 0.000000 0.564803
vn -2.438458 0.000000 0.711001
vn -2.391885 0.000000 0.854684
vn -2.336855 0.000000 0.995345
vn -2.273560 0.000000 1.132486
vn -2.272989 0.000000 1.133632
vn -2.272417 0.000000 1.134777
vn -2.271845 0.000000 1.135923
vn -2.271845 0.000000 1.135923
vn -2.509726 0.000000 0.390994
vn -2.509726 0.000000 -0.390994
vn -2.271845 0.000000 -1.135923
vn -2.271845 0.000000 -1.135923
vn -2.272417 0.000000 -1.134777
vn -2.272989 0.000000 -1.133632
vn 0.000000 2.540000 0.000000
vn 0.000000 2.540000 0.000000
vn 0.000000 2.540000 0.000000
vn 0.000000 2.540000 0.000000
vn 0.000000 2.540000 0.000000
vn 0.000000 2.540000 0.000000
vn 0.000000 2.540000 0.000000
vn 0.000000 2.540000 0.000000
vn 0.000000 2.540000 0.000000
vn 0.000000 2.540000 0.000000
vn 0.000000 2.540000 0.000000
vn 0.000000 2.540000 0.000000
vn 0.000000 2.540000 0.000000
vn 0.000000 2.540000 0.000000
vn 0.000000 2.540000 0.000000
vn 0.000000 2.540000 0.000000
vn 0.000000 2.540000 0.000000
vn 0.000000 2.540000 0.000000
vn 0.000000 2.540000 0.000000
vn 0.000000 2.540000 0.000000
vn 0.000000 2.540000 0.000000
vn 0.000000 2.540000 0.000000
vn 0.000000 2.540000 0.000000
vn 0.000000 2.540000 0.000000
vn 0.000000 2.540000 0.000000
vn 0.000000 2.540000 0.000000
vn 0.000000 2.540000 0.000000
vn 0.000000 2.540000 0.000000
vn 0.000000 2.540000 0.000000
vn 0.000000 2.540000 0.000000
vn 0.000000 2.540000 0.000000
vn 0.000000 2.540000 0.000000
vn 0.000000 2.540000 0.000000
vn 0.000000 2.540000 0.000000
vn 0.000000 2.540000 0.000000
vn 0.000000 2.540000 0.000000
vn 0.000000 2.540000 0.000000
vn 0.000000 2.540000 0.000000
vn 0.000000 2.540000 0.000000
vn 0.000000 2.540000 0.000000
vn 0.000000 2.540000 0.000000
vn 0.000000 2.540000 0.000000
vn 0.000000 2.540000 0.000000
vn 0.000000 2.540000 0.000000
vn 0.000000 2.540000 0.000000
vn 0.000000 2.540000 0.000000
vn 0.000000 2.540000 0.000000
vn 0.000000 2.540000 0.000000
vn 0.000000 2.540000 0.000000
vn 0.000000 2.540000 0.000000
vn 0.000000 2.540000 0.000000
vn 0.000000 2.540000 0.000000
vn 0.000000 2.540000 0.000000
vn 0.000000 2.540000 0.000000
vn 0.000000 2.540000 0.000000
vn 0.000000 2.540000 0.000000
vn 0.000000 2.540000 0.000000
vn 0.000000 2.540000 0.000000
vn 0.000000 2.540000 0.000000
vn 0.000000 2.540000 0.000000
vn 0.000000 2.540000 0.000000
vn 0.000000 2.540000 0.000000
vn 0.000000 2.540000 0.000000
vn 0.000000 2.540000 0.000000
vn 0.000000 2.540000 0.000000
vn 0.000000 2.540000 0.000000
vn 0.000000 2.540000 0.000000
vn 0.000000 2.540000 0.000000
vn 0.000000 2.540000 0.000000
vn 0.000000 2.540000 0.000000
vn 0.000000 2.540000 0.000000
vn 0.000000 2.540000 0.000000
vn 0.000000 2.540000 0.000000
vn 0.000000 2.540000 0.000000
vn 0.000000 2.540000 0.000000
vn 0.000000 2.540000 0.000000
vn 0.000000 2.540000 0.000000
vn 0.000000 2.540000 0.000000
vn 0.000000 2.540000 0.000000
vn 0.000000 2.540000 0.000000
vn 2.110408 0.135274 1.406939
vn 2.113408 0.000000 1.408938
vn 2.113408 0.000000 1.408938
vn 2.113074 0.045110 1.408716
vn 2.112074 0.090207 1.408050
vn 2.110408 0.135274 1.406939
vn 2.110408 0.135274 1.406939
vn 2.112074 0.090207 1.408050
vn 2.113074 0.045110 1.408716
vn 2.113408 0.000000 1.408938
vn 2.431014 0.000000 0.736052
vn 2.540000 0.000000 0.000000
vn 2.431014 0.000000 -0.736052
vn 2.113408 0.000000 -1.408938
vn 2.113074 0.045110 -1.408716
vn 2.112074 0.090207 -1.408050
vn 2.110408 0.135274 -1.406939
vn 2.427564 0.135274 -0.735007
vn 2.536395 0.135274 0.000000
vn 2.427564 0.135274 0.735007
vn 2.110408 0.135274 -1.406939
vn 2.112074 0.090207 -1.408050
vn 2.113074 0.045110 -1.408716
vn 2.113408 0.000000 -1.408938
vn 2.113408 0.000000 -1.408938
vn 2.110408 0.135274 -1.406939
vn 2.113408 0.000000 -1.408938
vn 2.113408 0.000000 -1.408938
vn 2.113408 0.000000 -1.408938
vn 2.113408 0.000000 -1.408938
vn 2.113408 0.000000 -1.408938
vn 2.113408 0.000000 -1.408938
vn 2.113408 0.000000 1.408938
vn 2.431014 0.000000 0.736052
vn 2.540000 0.000000 0.000000
vn 2.431014 0.000000 -0.736052
vn 2.113408 0.000000 -1.408938
vn 2.113408 0.000000 -1.408938
vn 2.431014 0.000000 -0.736052
vn 2.540000 0.000000 0.000000
vn 2.431014 0.000000 0.736052
vn 2.113408 0.000000 1.408938
vn 2.113408 0.000000 1.408938
vn 2.113408 0.000000 1.408938
vn 2.113408 0.000000 1.408938
vn 2.113408 0.000000 1.408938
vn 2.113408 0.000000 1.408938
vn 2.113408 0.000000 1.408938
vn 2.110408 0.135274 1.406939
vn 2.113408 0.000000 1.408938
vn 2.113408 0.000000 1.408938
vn 2.113074 0.045110 1.408716
vn 2.112074 0.090207 1.408050
vn 2.110408 0.135274 1.406939
vn 2.110408 0.135274 1.406939
vn 2.112074 0.090207 1.408050
vn 2.113074 0.045110 1.408716
vn 2.113408 0.000000 1.408938
vn 2.431014 0.000000 0.736052
vn 2.540000 0.000000 0.000000
vn 2.431014 0.000000 -0.736052
vn 2.113408 0.000000 -1.408938
vn 2.113074 0.045110 -1.408716
vn 2.112074 0.090207 -1.408050
vn 2.110408 0.135274 -1.406939
vn 2.427564 0.135274 -0.735007
vn 2.536395 0.135274 0.000000
vn 2.427564 0.135274 0.735007
vn 2.110408 0.135274 -1.406939
vn 2.112074 0.090207 -1.408050
vn 2.113074 0.045110 -1.408716
vn 2.113408 0.000000 -1.408938
vn 2.113408 0.000000 -1.408938
vn 2.110408 0.135274 -1.406939
vn 2.113408 0.000000 -1.408938
vn 2.113408 0.000000 -1.408938
vn 2.113408 0.000000 -1.408938
vn 2.113408 0.000000 -1.408938
vn 2.113408 0.000000 -1.408938
vn 2.113408 0.000000 -1.408938
vn 2.113408 0.000000 1.408938
vn 2.431014 0.000000 0.736052
vn 2.540000 0.000000 0.000000
vn 2.431014 0.000000 -0.736052
vn 2.113408 0.000000 -1.408938
vn 2.113408 0.000000 -1.408938
vn 2.431014 0.000000 -0.736052
vn 2.540000 0.000000 0.000000
vn 2.431014 0.000000 0.736052
vn 2.113408 0.000000 1.408938
vn 2.113408 0.000000 1.408938
vn 2.113408 0.000000 1.408938
vn 2.113408 0.000000 1.408938
vn 2.113408 0.000000 1.408938
vn 2.113408 0.000000 1.408938
vn 2.113408 0.000000 1.408938
vn -0.227377 0.135274 -2.526183
vn -0.227701 0.000000 -2.529773
vn -0.227701 0.000000 -2.529773
vn -0.227665 0.045110 -2.529374
vn -0.227557 0.090207 -2.528177
vn -0.227377 0.135274 -2.526183
vn -0.227377 0.135274 -2.526183
vn -0.227557 0.090207 -2.528177
vn -0.227665 0.045110 -2.529374
vn -0.227701 0.000000 -2.529773
vn -0.938969 0.000000 -2.360071
vn -1.572417 0.000000 -1.994769
vn -2.075545 0.000000 -1.464142
vn -2.075218 0.045110 -1.463911
vn -2.074236 0.090207 -1.463219
vn -2.072599 0.135274 -1.462064
vn -1.570186 0.135274 -1.991938
vn -0.937637 0.135274 -2.356722
vn -2.075545 0.000000 -1.464142
vn -2.072599 0.135274 -1.462064
vn -2.072599 0.135274 -1.462064
vn -2.074236 0.090207 -1.463219
vn -2.075218 0.045110 -1.463911
vn -2.075545 0.000000 -1.464142
vn -2.075545 0.000000 -1.464142
vn -2.075545 0.000000 -1.464142
vn -2.075545 0.000000 -1.464142
vn -2.075545 0.000000 -1.464142
vn -2.075545 0.000000 -1.464142
vn -2.075545 0.000000 -1.464142
vn -0.227701 0.000000 -2.529773
vn -0.938969 0.000000 -2.360071
vn -1.572417 0.000000 -1.994769
vn -2.075545 0.000000 -1.464142
vn -2.075545 0.000000 -1.464142
vn -1.572417 0.000000 -1.994769
vn -0.938969 0.000000 -2.360071
vn -0.227701 0.000000 -2.529773
vn -0.227701 0.000000 -2.529773
vn -0.227701 0.000000 -2.529773
vn -0.227701 0.000000 -2.529773
vn -0.227701 0.000000 -2.529773
vn -0.227701 0.000000 -2.529773
vn -0.227701 0.000000 -2.529773
vn -2.266813 0.168958 -1.133407
vn -2.271845 0.000000 -1.135923
vn -2.271845 0.000000 -1.135923
vn -2.271286 0.056356 -1.135643
vn -2.269608 0.112685 -1.134804
vn -2.266813 0.168958 -1.133407
vn -2.266813 0.168958 -1.133407
vn -2.269608 0.112685 -1.134804
vn -2.271286 0.056356 -1.135643
vn -2.271845 0.000000 -1.135923
vn -2.509726 0.000000 -0.390994
vn -2.509726 0.000000 0.390994
vn -2.271845 0.000000 1.135923
vn -2.271286 0.056356 1.135643
vn -2.269608 0.112685 1.134804
vn -2.266813 0.168958 1.133407
vn -2.504167 0.168958 0.390128
vn -2.504167 0.168958 -0.390128
vn -2.271845 0.000000 1.135923
vn -2.266813 0.168958 1.133407
vn -2.266813 0.168958 1.133407
vn -2.269608 0.112685 1.134804
vn -2.271286 0.056356 1.135643
vn -2.271845 0.000000 1.135923
vn -2.271845 0.000000 1.135923
vn -2.271845 0.000000 1.135923
vn -2.271845 0.000000 1.135923
vn -2.271845 0.000000 1.135923
vn -2.271845 0.000000 -1.135923
vn -2.271845 0.000000 -1.135923
vn -2.271845 0.000000 -1.135923
vn -2.271845 0.000000 -1.135923
vn 0.000000 2.540000 0.000000
vn -1.091989 2.227341 0.545995
vn -1.915144 1.366338 0.957572
vn -2.266813 0.168958 1.133407
vn -2.266813 0.168958 1.133407
vn -2.052908 1.087915 1.026454
vn -1.552088 1.854825 0.776044
vn -0.834349 2.362505 0.417174
vn 0.000000 2.540000 0.000000
vn 0.000000 2.540000 0.000000
vn -1.091989 2.227341 -0.545995
vn -1.915144 1.366338 -0.957572
vn -2.266813 0.168958 -1.133407
vn -2.504167 0.168958 -0.390128
vn -2.504167 0.168958 0.390128
vn -2.266813 0.168958 1.133407
vn -1.915144 1.366338 0.957572
vn -1.091989 2.227341 0.545995
vn 0.000000 2.540000 0.000000
vn 0.000000 2.540000 0.000000
vn 0.000000 2.540000 0.000000
vn -2.141196 1.366338 0.000000
vn -1.220881 2.227341 0.000000
vn 0.000000 2.540000 0.000000
vn -0.834349 2.362505 -0.417174
vn -1.552088 1.854825 -0.776044
vn -2.052908 1.087915 -1.026454
vn -2.266813 0.168958 -1.133407
vn -2.266813 0.168958 -1.133407
vn -1.915144 1.366338 -0.957572
vn -1.091989 2.227341 -0.545995
vn 0.000000 2.540000 0.000000
vn 0.000000 2.540000 0.000000
vn 0.000000 2.540000 0.000000
vn 0.000000 2.540000 0.000000
vn 0.000000 2.540000 0.000000
vn 0.000000 2.540000 0.000000
vn 0.000000 2.540000 0.000000
vn 0.000000 2.540000 0.000000
vn -0.110000 2.221913 1.225807
vn -0.192449 1.347320 2.144596
vn -0.226697 0.135274 2.526244
vn -0.226697 0.135274 2.526244
vn -0.220351 0.611095 2.455526
vn -0.206100 1.064992 2.296718
vn -0.156194 1.843258 1.740576
vn -0.084075 2.359393 0.936907
vn 0.000000 2.540000 0.000000
vn 0.000000 2.540000 0.000000
vn -1.005714 2.221913 0.709397
vn -1.759534 1.347320 1.241116
vn -2.072657 0.135274 1.461983
vn -1.570060 0.135274 1.992038
vn -0.937245 0.135274 2.356878
vn -0.226697 0.135274 2.526244
vn -0.192449 1.347320 2.144596
vn -0.110000 2.221913 1.225807
vn 0.000000 2.540000 0.000000
vn 0.000000 2.540000 0.000000
vn 0.000000 2.540000 0.000000
vn -1.075467 1.347320 1.865395
vn -0.614715 2.221913 1.066222
vn 0.000000 2.540000 0.000000
vn -0.768685 2.359393 0.542205
vn -1.428056 1.843258 1.007302
vn -1.884342 1.064992 1.329152
vn -2.014637 0.611095 1.421057
vn -2.072657 0.135274 1.461983
vn -2.072657 0.135274 1.461983
vn -1.759534 1.347320 1.241116
vn -1.005714 2.221913 0.709397
vn 0.000000 2.540000 0.000000
vn 0.000000 2.540000 0.000000
vn 0.000000 2.540000 0.000000
vn 0.000000 2.540000 0.000000
vn 0.000000 2.540000 0.000000
vn 0.000000 2.540000 0.000000
vn 0.000000 2.540000 0.000000
vn 0.000000 2.540000 0.000000
vn -1.005686 2.221913 -0.709436
vn -1.759485 1.347320 -1.241186
vn -2.072599 0.135274 -1.462064
vn -2.072599 0.135274 -1.462064
vn -2.014580 0.611095 -1.421136
vn -1.884290 1.064992 -1.329226
vn -1.428016 1.843258 -1.007359
vn -0.768664 2.359393 -0.542235
vn 0.000000 2.540000 0.000000
vn 0.000000 2.540000 0.000000
vn -0.110330 2.221913 -1.225778
vn -0.193027 1.347320 -2.144544
vn -0.227377 0.135274 -2.526183
vn -0.937637 0.135274 -2.356722
vn -1.570186 0.135274 -1.991938
vn -2.072599 0.135274 -1.462064
vn -1.759485 1.347320 -1.241186
vn -1.005686 2.221913 -0.709436
vn 0.000000 2.540000 0.000000
vn 0.000000 2.540000 0.000000
vn 0.000000 2.540000 0.000000
vn -1.075681 1.347320 -1.865272
vn -0.614837 2.221913 -1.066151
vn 0.000000 2.540000 0.000000
vn -0.084327 2.359393 -0.936884
vn -0.156662 1.843258 -1.740534
vn -0.206719 1.064992 -2.296663
vn -0.221012 0.611095 -2.455467
vn -0.227377 0.135274 -2.526183
vn -0.227377 0.135274 -2.526183
vn -0.193027 1.347320 -2.144544
vn -0.110330 2.221913 -1.225778
vn 0.000000 2.540000 0.000000
vn 0.000000 2.540000 0.000000
vn 0.000000 2.540000 0.000000
vn 0.000000 2.540000 0.000000
vn 0.000000 2.540000 0.000000
vn 0.000000 2.540000 0.000000
vn 0.000000 2.540000 0.000000
vn 2.107557 0.135297 -1.411205
vn 1.966850 1.162154 -1.110180
vn 1.470539 1.979480 -0.608910
vn 0.706318 2.439819 0.000000
vn 0.200755 2.532054 0.000000
vn 0.706318 2.439819 0.000000
vn 1.470539 1.979480 0.608910
vn 1.966850 1.162154 1.110180
vn 2.107557 0.135297 1.411205
vn 2.427147 0.135553 0.736329
vn 2.536395 0.135274 0.000000
vn 2.427147 0.135553 -0.736329
vn 0.861964 2.383314 -0.168620
vn 0.784587 2.415485 0.038156
vn 1.591591 1.936454 -0.410588
vn 2.124455 1.255850 -0.600943
vn 2.244422 0.997495 -0.647435
vn 1.589500 1.979014 0.092686
vn 2.184752 1.288508 0.134926
vn 2.320171 1.023416 0.145000
vn 2.227257 0.991544 0.712578
vn 2.111114 1.248369 0.660586
vn 1.592822 1.926691 0.449866
vn 0.879790 2.375629 0.184279
vn 2.110724 0.135971 -1.406397
vn 2.375189 0.568435 -0.697823
vn 2.470330 0.517438 -0.285182
vn 2.533640 0.179597 -0.003513
vn -2.534798 -0.162477 0.000000
vn 2.260652 1.158037 0.000000
vn 2.027597 1.529853 0.000000
vn 1.577006 1.991143 0.000000
vn 0.706845 2.439666 0.000000
vn 1.470151 1.979749 -0.608975
vn 1.967869 1.162553 -1.107955
vn 2.110408 0.135274 -1.406939
vn 2.110429 0.135394 -1.406896
vn 2.090935 1.418610 -0.259109
vn 2.208082 1.077503 -0.644175
vn 2.229612 0.691236 -1.001311
vn 2.215760 0.556854 -1.109920
vn 2.371971 0.664156 -0.619880
vn 2.374478 0.867587 -0.246468
vn 1.444373 2.069321 -0.288612
vn 1.827901 1.615768 -0.706876
vn 2.060933 1.032305 -1.067006
vn 2.101874 0.818798 -1.167602
vn -2.534798 -0.162477 0.000000
vn 2.533614 0.179963 0.003511
vn 2.468977 0.523384 0.286044
vn 2.374409 0.570460 0.698827
vn 2.110408 0.135274 1.406939
vn 2.110408 0.135274 1.406939
vn 2.110408 0.135274 1.406939
vn 1.967869 1.162553 1.107955
vn 1.470151 1.979749 0.608975
vn 0.706845 2.439666 0.000000
vn 1.576566 1.991491 0.000000
vn 2.026602 1.531171 0.000000
vn 2.258392 1.162440 0.000000
vn 2.287329 0.509195 0.980024
vn 2.338303 0.772551 0.622176
vn 2.315393 1.014712 0.246806
vn 2.186894 0.637240 1.123841
vn 2.186944 0.796484 1.017097
vn 2.111538 1.248366 0.659234
vn 1.924869 1.635722 0.266253
vn 2.110408 0.135274 1.406939
vn 2.427564 0.135274 0.735007
vn 2.536395 0.135274 0.000000
vn 2.427564 0.135274 -0.735007
vn 2.110408 0.135274 -1.406939
vn 2.110408 0.135274 -1.406939
vn 2.427143 0.135274 -0.736395
vn 2.536395 0.135274 0.000000
vn 2.427143 0.135274 0.736395
vn 2.110408 0.135274 1.406939
vn 2.427479 0.135274 0.735285
vn 2.427395 0.135274 0.735563
vn 2.427311 0.135274 0.735841
vn 2.427227 0.135274 0.736119
vn 2.536395 0.135274 0.000000
vn 2.536395 0.135274 0.000000
vn 2.536395 0.135274 0.000000
vn 2.536395 0.135274 0.000000
vn 2.427479 0.135274 -0.735285
vn 2.427395 0.135274 -0.735563
vn 2.427311 0.135274 -0.735841
vn 2.427227 0.135274 -0.736119
vn 2.110408 0.135274 1.406939
vn 2.110408 0.135274 1.406939
vn 2.110408 0.135274 1.406939
vn 2.110408 0.135274 1.406939
vn 2.110408 0.135274 1.406939
vn 2.107557 0.135297 -1.411205
vn 1.966850 1.162154 -1.110180
vn 1.470539 1.979480 -0.608910
vn 0.706318 2.439819 0.000000
vn 0.200755 2.532054 0.000000
vn 0.706318 2.439819 0.000000
vn 1.470539 1.979480 0.608910
vn 1.966850 1.162154 1.110180
vn 2.107557 0.135297 1.411205
vn 2.427147 0.135553 0.736329
vn 2.536395 0.135274 0.000000
vn 2.427147 0.135553 -0.736329
vn 0.861964 2.383314 -0.168620
vn 0.784587 2.415485 0.038156
vn 1.591591 1.936454 -0.410588
vn 2.124455 1.255850 -0.600943
vn 2.244422 0.997495 -0.647435
vn 1.589500 1.979014 0.092686
vn 2.184752 1.288508 0.134926
vn 2.320171 1.023416 0.145000
vn 2.227257 0.991544 0.712578
vn 2.111114 1.248369 0.660586
vn 1.592822 1.926691 0.449866
vn 0.879790 2.375629 0.184279
vn 2.110724 0.135971 -1.406397
vn 2.375189 0.568435 -0.697823
vn 2.470330 0.517438 -0.285182
vn 2.533640 0.179597 -0.003513
vn -2.534798 -0.162477 0.000000
vn 2.260652 1.158037 0.000000
vn 2.027597 1.529853 0.000000
vn 1.577006 1.991143 0.000000
vn 0.706845 2.439666 0.000000
vn 1.470151 1.979749 -0.608975
vn 1.967869 1.162553 -1.107955
vn 2.110408 0.135274 -1.406939
vn 2.110429 0.135394 -1.406896
vn 2.090935 1.418610 -0.259109
vn 2.208082 1.077503 -0.644175
vn 2.229612 0.691236 -1.001311
vn 2.215760 0.556854 -1.109920
vn 2.371971 0.664156 -0.619880
vn 2.374478 0.867587 -0.246468
vn 1.444373 2.069321 -0.288612
vn 1.827901 1.615768 -0.706876
vn 2.060933 1.032305 -1.067006
vn 2.101874 0.818798 -1.167602
vn -2.534798 -0.162477 0.000000
vn 2.533614 0.179963 0.003511
vn 2.468977 0.523384 0.286044
vn 2.374409 0.570460 0.698827
vn 2.110408 0.135274 1.406939
vn 2.110408 0.135274 1.406939
vn 2.110408 0.135274 1.406939
vn 1.967869 1.162553 1.107955
vn 1.470151 1.979749 0.608975
vn 0.706845 2.439666 0.000000
vn 1.576566 1.991491 0.000000
vn 2.026602 1.531171 0.000000
vn 2.258392 1.162440 0.000000
vn 2.287329 0.509195 0.980024
vn 2.338303 0.772551 0.622176
vn 2.315393 1.014712 0.246806
vn 2.186894 0.637240 1.123841
vn 2.186944 0.796484 1.017097
vn 2.111538 1.248366 0.659234
vn 1.924869 1.635722 0.266253
vn 2.110408 0.135274 1.406939
vn 2.427564 0.135274 0.735007
vn 2.536395 0.135274 0.000000
vn 2.427564 0.135274 -0.735007
vn 2.110408 0.135274 -1.406939
vn 2.110408 0.135274 -1.406939
vn 2.427143 0.135274 -0.736395
vn 2.536395 0.135274 0.000000
vn 2.427143 0.135274 0.736395
vn 2.110408 0.135274 1.406939
vn 2.427479 0.135274 0.735285
vn 2.427395 0.135274 0.735563
vn 2.427311 0.135274 0.735841
vn 2.427227 0.135274 0.736119
vn 2.536395 0.135274 0.000000
vn 2.536395 0.135274 0.000000
vn 2.536395 0.135274 0.000000
vn 2.536395 0.135274 0.000000
vn 2.427479 0.135274 -0.735285
vn 2.427395 0.135274 -0.735563
vn 2.427311 0.135274 -0.735841
vn 2.427227 0.135274 -0.736119
vn 2.110408 0.135274 1.406939
vn 2.110408 0.135274 1.406939
vn 2.110408 0.135274 1.406939
vn 2.110408 0.135274 1.406939
vn 2.110408 0.135274 1.406939
vn -2.266813 0.168958 -1.133407
vn -2.266813 0.168958 -1.133407
vn -2.266813 0.168958 -1.133407
vn -2.266813 0.168958 -1.133407
vn -2.266813 0.168958 -1.133407
vn -2.504167 0.168958 -0.390128
vn -2.504167 0.168958 0.390128
vn -2.266813 0.168958 1.133407
vn -2.266813 0.168958 1.133407
vn -2.504167 0.168958 0.390128
vn -2.504167 0.168958 -0.390128
vn -2.266813 0.168958 -1.133407
vn -2.504167 0.168958 -0.390128
vn -2.504167 0.168958 -0.390128
vn -2.504167 0.168958 -0.390128
vn -2.504167 0.168958 -0.390128
vn -2.504167 0.168958 0.390128
vn -2.504167 0.168958 0.390128
vn -2.504167 0.168958 0.390128
vn -2.504167 0.168958 0.390128
vn -2.266813 0.168958 1.133407
vn -2.266813 0.168958 1.133407
vn -2.266813 0.168958 1.133407
vn -2.266813 0.168958 1.133407
vn -2.072657 0.135274 1.461983
vn -2.072657 0.135274 1.461983
vn -2.072657 0.135274 1.461983
vn -2.072657 0.135274 1.461983
vn -0.226697 0.135274 2.526244
vn -0.937245 0.135274 2.356878
vn -1.570060 0.135274 1.992038
vn -2.072657 0.135274 1.461983
vn -2.072657 0.135274 1.461983
vn -1.570060 0.135274 1.992038
vn -0.937245 0.135274 2.356878
vn -0.226697 0.135274 2.526244
vn -0.937245 0.135274 2.356878
vn -0.937245 0.135274 2.356878
vn -0.937245 0.135274 2.356878
vn -0.937245 0.135274 2.356878
vn -1.570060 0.135274 1.992038
vn -1.570060 0.135274 1.992038
vn -1.570060 0.135274 1.992038
vn -1.570060 0.135274 1.992038
vn -0.226697 0.135274 2.526244
vn -0.226697 0.135274 2.526244
vn -0.226697 0.135274 2.526244
vn -0.226697 0.135274 2.526244
vn -0.227019 0.000000 2.529834
vn -0.227019 0.000000 2.529834
vn -0.227019 0.000000 2.529834
vn -0.227019 0.000000 2.529834
vn -0.227019 0.000000 2.529834
vn -0.227019 0.000000 2.529834
vn -0.938577 0.000000 2.360227
vn -1.572291 0.000000 1.994869
vn -2.075603 0.000000 1.464060
vn -2.075603 0.000000 1.464060
vn -1.727630 0.000000 1.861960
vn -1.304835 0.000000 2.179221
vn -0.825530 0.000000 2.402103
vn -0.679259 0.000000 2.447490
vn -0.530519 0.000000 2.483979
vn -0.379850 0.000000 2.511437
vn -0.303964 0.000000 2.521747
vn -0.227800 0.000000 2.529764
vn -0.227800 0.000000 2.529764
vn -0.227540 0.000000 2.529788
vn -0.227280 0.000000 2.529811
vn -2.075603 0.000000 1.464060
vn -2.075603 0.000000 1.464060
vn -2.075603 0.000000 1.464060
vn -2.075603 0.000000 1.464060
vn -2.075603 0.000000 1.464060
vn -2.075603 0.000000 1.464060
vn -0.227377 0.135274 -2.526183
vn -0.227377 0.135274 -2.526183
vn -0.227377 0.135274 -2.526183
vn -0.227377 0.135274 -2.526183
vn -0.227377 0.135274 -2.526183
vn -0.937637 0.135274 -2.356722
vn -1.570186 0.135274 -1.991938
vn -2.072599 0.135274 -1.462064
vn -2.072599 0.135274 -1.462064
vn -1.570186 0.135274 -1.991938
vn -0.937637 0.135274 -2.356722
vn -0.227377 0.135274 -2.526183
vn -0.937637 0.135274 -2.356722
vn -0.937637 0.135274 -2.356722
vn -0.937637 0.135274 -2.356722
vn -0.937637 0.135274 -2.356722
vn -1.570186 0.135274 -1.991938
vn -1.570186 0.135274 -1.991938
vn -1.570186 0.135274 -1.991938
vn -1.570186 0.135274 -1.991938
vn -2.072599 0.135274 -1.462064
vn -2.072599 0.135274 -1.462064
vn -2.072599 0.135274 -1.462064
vn -2.072599 0.135274 -1.462064
vn 2.110408 0.135274 -1.406939
vn 2.110408 0.135274 -1.406939
vn 2.110408 0.135274 -1.406939
vn 2.110408 0.135274 -1.406939
vn 2.110408 0.135274 -1.406939
vn 2.110408 0.135274 -1.406939
vn 2.110408 0.135274 -1.406939
vn 2.110408 0.135274 -1.406939
vn 2.110408 0.135274 -1.406939
vn 2.110408 0.135274 -1.406939
vn -1.270032 0.000000 2.199686
vn -1.270032 0.000000 2.199686
vn -0.784935 0.000000 2.415673
vn -0.265532 0.000000 2.526082
vn 0.265476 0.000000 2.526088
vn 0.784882 0.000000 2.415690
vn 1.269984 0.000000 2.199714
vn 1.699581 0.000000 1.887598
vn 2.054897 0.000000 1.492984
vn 2.320402 0.000000 1.033118
vn 2.484494 0.000000 0.528099
vn 2.540000 0.000000 0.000000
vn 2.540000 0.000000 0.000000
vn 2.484494 0.000000 0.528099
vn 2.320402 0.000000 1.033118
vn 2.054897 0.000000 1.492984
vn 1.699581 0.000000 1.887598
vn 1.269984 0.000000 2.199714
vn 0.784882 0.000000 2.415690
vn 0.265476 0.000000 2.526088
vn -0.265532 0.000000 2.526082
vn -0.784935 0.000000 2.415673
vn -1.270032 0.000000 2.199686
vn -1.270032 0.000000 2.199686
vn -1.270032 0.000000 2.199686
vn -1.270032 0.000000 2.199686
vn -1.270032 0.000000 2.199686
vn -1.270032 0.000000 2.199686
vn -1.270032 0.000000 2.199686
vn -1.270032 0.000000 2.199686
vn -1.270032 0.000000 2.199686
vn -1.270032 0.000000 2.199686
vn -1.270032 0.000000 2.199686
vn -1.270032 0.000000 2.199686
vn -1.270032 0.000000 2.199686
vn -1.270032 0.000000 2.199686
vn -1.270032 0.000000 2.199686
vn -1.270032 0.000000 2.199686
vn -1.270032 0.000000 2.199686
vn -2.540000 0.000000 0.000000
vn -2.540000 0.000000 0.000000
vn -2.540000 0.000000 0.000000
vn -2.540000 0.000000 0.000000
vn -2.540000 0.000000 0.000000
vn -2.540000 0.000000 0.000000
vn -2.540000 0.000000 0.000000
vn -2.540000 0.000000 0.000000
vn -2.540000 0.000000 0.000000
vn -2.540000 0.000000 0.000000
vn -2.540000 0.000000 0.000000
vn -2.540000 0.000000 0.000000
vn -2.540000 0.000000 0.000000
vn -2.540000 0.000000 0.000000
vn -2.540000 0.000000 0.000000
vn -2.540000 0.000000 0.000000
vn -1.270021 0.000000 -2.199692
vn -1.270021 0.000000 -2.199692
vn -1.270021 0.000000 -2.199692
vn -1.270021 0.000000 -2.199692
vn -1.270021 0.000000 -2.199692
vn -1.270021 0.000000 -2.199692
vn -1.270021 0.000000 -2.199692
vn -1.270021 0.000000 -2.199692
vn -1.270021 0.000000 -2.199692
vn -1.270021 0.000000 -2.199692
vn -1.270021 0.000000 -2.199692
vn -1.270021 0.000000 -2.199692
vn -1.270021 0.000000 -2.199692
vn -1.270021 0.000000 -2.199692
vn -1.270021 0.000000 -2.199692
vn -1.270021 0.000000 -2.199692
vn -1.270021 0.000000 -2.199692
vn -1.270021 0.000000 -2.199692
vn 2.540000 0.000000 0.000000
vn 2.540000 0.000000 0.000000
vn 2.540000 0.000000 0.000000
vn 2.540000 0.000000 0.000000
vn 2.540000 0.000000 0.000000
vn 2.540000 0.000000 0.000000
vn 2.540000 0.000000 0.000000
vn 2.540000 0.000000 0.000000
vn 2.540000 0.000000 0.000000
vn 2.540000 0.000000 0.000000
vn 2.540000 0.000000 0.000000
vn 2.540000 0.000000 0.000000
vn 2.540000 0.000000 0.000000
vn 2.540000 0.000000 0.000000
vn 2.540000 0.000000 0.000000
vn 2.540000 0.000000 0.000000
vn 2.540000 0.000000 0.000000
vn 2.540000 0.000000 0.000000
vn 2.540000 0.000000 0.000000
vn 2.540000 0.000000 0.000000
vn 2.540000 0.000000 0.000000
vn 2.540000 0.000000 0.000000
vn 2.540000 0.000000 0.000000
vn 2.540000 0.000000 0.000000
vn 2.540000 0.000000 0.000000
vn 2.540000 0.000000 0.000000
vn 2.540000 0.000000 0.000000
vn 2.540000 0.000000 0.000000
vn 2.540000 0.000000 0.000000
vn 2.540000 0.000000 0.000000
vn 2.540000 0.000000 0.000000
vn 2.540000 0.000000 0.000000
vn 2.540000 0.000000 0.000000
vn 2.540000 0.000000 0.000000
vn 2.540000 0.000000 0.000000
vn 2.540000 0.000000 0.000000
vn 2.540000 0.000000 0.000000
vn 2.540000 0.000000 0.000000
vn 2.540000 0.000000 0.000000
vn 2.540000 0.000000 0.000000
vn 2.540000 0.000000 0.000000
vn 2.540000 0.000000 0.000000
vn 2.540000 0.000000 0.000000
vn 2.540000 0.000000 0.000000
vn 2.540000 0.000000 0.000000
vn 2.540000 0.000000 0.000000
vn 2.540000 0.000000 0.000000
vn 2.540000 0.000000 0.000000
vn 2.540000 0.000000 0.000000
vn 2.540000 0.000000 0.000000
vn 2.540000 0.000000 0.000000
vn 2.540000 0.000000 0.000000
vn 2.540000 0.000000 0.000000
vn 2.540000 0.000000 0.000000
vn 2.540000 0.000000 0.000000
vn 2.540000 0.000000 0.000000
vn 2.540000 0.000000 0.000000
vn 2.540000 0.000000 0.000000
vn 2.540000 0.000000 0.000000
vn 2.540000 0.000000 0.000000
vn 2.540000 0.000000 0.000000
vn 2.540000 0.000000 0.000000
vn 2.540000 0.000000 0.000000
vn 2.540000 0.000000 0.000000
vn 2.540000 0.000000 0.000000
vn 2.540000 0.000000 0.000000
vn 2.540000 0.000000 0.000000
vn 2.540000 0.000000 0.000000
vn 2.540000 0.000000 0.000000
vn 2.540000 0.000000 0.000000
vn -1.270021 0.000000 -2.199692
vn -1.270021 0.000000 -2.199692
vn -1.270021 0.000000 -2.199692
vn -0.784924 0.000000 -2.415677
vn -0.265522 0.000000 -2.526084
vn 0.265485 0.000000 -2.526087
vn 0.784889 0.000000 -2.415688
vn 1.269989 0.000000 -2.199711
vn 1.699585 0.000000 -1.887594
vn 2.054899 0.000000 -1.492980
vn 2.320403 0.000000 -1.033116
vn 2.484494 0.000000 -0.528098
vn 2.540000 0.000000 0.000000
vn 2.540000 0.000000 0.000000
vn 2.484494 0.000000 -0.528098
vn 2.320403 0.000000 -1.033116
vn 2.054899 0.000000 -1.492980
vn 1.699585 0.000000 -1.887594
vn 1.269989 0.000000 -2.199711
vn 0.784889 0.000000 -2.415688
vn 0.265485 0.000000 -2.526087
vn -0.265522 0.000000 -2.526084
vn -0.784924 0.000000 -2.415677
vn -2.540000 0.000000 0.000000
vn -2.540000 0.000000 0.000000
vn -2.540000 0.000000 0.000000
vn -2.483888 0.000000 -0.530942
vn -2.318032 0.000000 -1.038427
vn -2.049758 0.000000 -1.500030
vn -1.690921 0.000000 -1.895359
vn -1.257375 0.000000 -2.206945
vn -1.257375 0.000000 -2.206945
vn -1.257375 0.000000 -2.206945
vn -1.690921 0.000000 -1.895359
vn -2.049758 0.000000 -1.500030
vn -2.318032 0.000000 -1.038427
vn -2.483888 0.000000 -0.530942
vn -1.254393 0.000000 2.208642
vn -1.254393 0.000000 2.208642
vn -1.254393 0.000000 2.208642
vn -1.688872 0.000000 1.897185
vn -2.048542 0.000000 1.501691
vn -2.317470 0.000000 1.039679
vn -2.483745 0.000000 0.531614
vn -2.540000 0.000000 0.000000
vn -2.540000 0.000000 0.000000
vn -2.540000 0.000000 0.000000
vn -2.483745 0.000000 0.531614
vn -2.317470 0.000000 1.039679
vn -2.048542 0.000000 1.501691
vn -1.688872 0.000000 1.897185
vn 0.000000 -2.540000 0.000000
vn 0.000000 -2.199704 1.270000
vn 0.000000 -1.270000 2.199704
vn 0.000000 0.000000 2.540000
vn 0.000000 0.000000 2.540000
vn 0.000000 -1.270000 2.199704
vn 0.000000 -2.199704 1.270000
vn 0.000000 -2.540000 0.000000
vn 0.000000 -2.540000 0.000000
vn 1.270000 -2.199704 0.000000
vn 2.199704 -1.270000 0.000000
vn 2.540000 0.000000 0.000000
vn 2.540000 0.000000 0.000000
vn 2.199704 -1.270000 0.000000
vn 1.270000 -2.199704 0.000000
vn 0.000000 -2.540000 0.000000
vn 0.000000 0.000000 -2.540000
vn 0.000000 -1.270000 -2.199704
vn 0.000000 -2.199704 -1.270000
vn 0.000000 -2.540000 0.000000
vn 0.000000 -2.540000 0.000000
vn 0.000000 -2.199704 -1.270000
vn 0.000000 -1.270000 -2.199704
vn 0.000000 0.000000 -2.540000
vn 0.000000 -2.540000 0.000000
vn 0.000000 -2.199704 -1.270000
vn 0.000000 -1.270000 -2.199704
vn 0.000000 0.000000 -2.540000
vn 1.270000 0.000000 -2.199704
vn 2.199704 0.000000 -1.270000
vn 2.540000 0.000000 0.000000
vn 2.199704 -1.270000 0.000000
vn 1.270000 -2.199704 0.000000
vn 0.956312 -1.241559 -1.998899
vn 1.998899 -1.241559 -0.956312
vn 1.301222 -2.152288 -0.355071
vn 0.355071 -2.152288 -1.301222
vn 0.000000 -2.540000 0.000000
vn 1.270000 -2.199704 0.000000
vn 2.199704 -1.270000 0.000000
vn 2.540000 0.000000 0.000000
vn 2.199704 0.000000 1.270000
vn 1.270000 0.000000 2.199704
vn 0.000000 0.000000 2.540000
vn 0.000000 -1.270000 2.199704
vn 0.000000 -2.199704 1.270000
vn 1.998899 -1.241559 0.956312
vn 0.956312 -1.241559 1.998899
vn 0.355071 -2.152288 1.301222
vn 1.301222 -2.152288 0.355071
vn 0.000000 0.000000 2.540000
vn 0.000000 0.000000 2.540000
vn 0.000000 0.000000 2.540000
vn 0.000000 0.000000 2.540000
vn 0.000000 0.000000 2.540000
vn 0.000000 0.000000 2.540000
vn 0.000000 0.000000 2.540000
vn 0.000000 0.000000 2.540000
vn 1.270000 0.000000 2.199704
vn 2.199704 0.000000 1.270000
vn 2.540000 0.000000 0.000000
vn 2.540000 0.000000 0.000000
vn 2.199704 0.000000 1.270000
vn 1.270000 0.000000 2.199704
vn 0.000000 0.000000 2.540000
vn 2.540000 0.000000 0.000000
vn 2.540000 0.000000 0.000000
vn 2.540000 0.000000 0.000000
vn 2.540000 0.000000 0.000000
vn 2.540000 0.000000 0.000000
vn 2.199704 0.000000 -1.270000
vn 1.270000 0.000000 -2.199704
vn 0.000000 0.000000 -2.540000
vn 0.000000 0.000000 -2.540000
vn 1.270000 0.000000 -2.199704
vn 2.199704 0.000000 -1.270000
vn 2.540000 0.000000 0.000000
vn 0.000000 0.000000 -2.540000
vn 0.000000 0.000000 -2.540000
vn 0.000000 0.000000 -2.540000
vn 0.000000 0.000000 -2.540000
vn 0.000000 0.000000 -2.540000
vn 0.000000 0.000000 -2.540000
vn 0.000000 0.000000 -2.540000
vn 0.000000 2.540000 0.000000
vn 0.000000 2.199704 -1.270000
vn 0.000000 1.270000 -2.199704
vn 0.000000 0.000000 -2.540000
vn 0.000000 0.000000 -2.540000
vn 0.000000 1.270000 -2.199704
vn 0.000000 2.199704 -1.270000
vn 0.000000 2.540000 0.000000
vn 2.540000 0.000000 0.000000
vn 2.199704 0.000000 -1.270000
vn 1.270000 0.000000 -2.199704
vn 0.000000 0.000000 -2.540000
vn 0.000000 0.000000 -2.540000
vn 0.000000 0.000000 -2.540000
vn 0.000000 0.000000 -2.540000
vn 0.000000 1.270000 -2.199704
vn 0.000000 2.199704 -1.270000
vn 0.000000 2.540000 0.000000
vn 1.270000 2.199704 0.000000
vn 2.199704 1.270000 0.000000
vn 1.099852 0.635000 -2.199704
vn 1.905000 1.099852 -1.270000
vn 0.635000 1.099852 -2.199704
vn 1.099852 1.905000 -1.270000
vn 0.000000 -2.540000 0.000000
vn 0.000000 -2.540000 0.000000
vn 0.000000 -2.540000 0.000000
vn 0.000000 -2.540000 0.000000
vn 2.540000 0.000000 0.000000
vn 2.199704 1.270000 0.000000
vn 1.270000 2.199704 0.000000
vn 0.000000 2.540000 0.000000
vn 0.000000 2.540000 0.000000
vn 1.270000 2.199704 0.000000
vn 2.199704 1.270000 0.000000
vn 2.540000 0.000000 0.000000
vn 0.000000 2.540000 0.000000
vn 0.000000 2.540000 0.000000
vn 0.000000 2.540000 0.000000
vn 0.000000 2.540000 0.000000
vn 0.000000 2.540000 0.000000
vn 0.000000 2.199704 1.270000
vn 0.000000 1.270000 2.199704
vn 0.000000 0.000000 2.540000
vn 0.000000 0.000000 2.540000
vn 0.000000 0.000000 2.540000
vn 0.000000 0.000000 2.540000
vn 1.270000 0.000000 2.199704
vn 2.199704 0.000000 1.270000
vn 2.540000 0.000000 0.000000
vn 2.199704 1.270000 0.000000
vn 1.270000 2.199704 0.000000
vn 0.635000 1.099852 2.199704
vn 1.099852 1.905000 1.270000
vn 1.099852 0.635000 2.199704
vn 1.905000 1.099852 1.270000
vn 0.000000 2.540000 0.000000
vn 0.000000 2.199704 1.270000
vn 0.000000 1.270000 2.199704
vn 0.000000 0.000000 2.540000
vn 0.000000 0.000000 2.540000
vn 0.000000 1.270000 2.199704
vn 0.000000 2.199704 1.270000
vn 0.000000 2.540000 0.000000
vn 0.000000 2.540000 0.000000
vn 0.000000 2.540000 0.000000
vn 0.000000 2.540000 0.000000
vn 0.000000 2.540000 0.000000
vn 0.000000 2.540000 0.000000
vn 0.000000 2.540000 0.000000
vn 0.000000 2.540000 0.000000
vn 0.000000 2.540000 0.000000
vn 0.000000 2.540000 0.000000
vn 0.000000 2.540000 0.000000
vn 0.000000 2.540000 0.000000
vn 0.000000 2.540000 0.000000
vn 0.000000 2.540000 0.000000
vn 0.000000 2.540000 0.000000
vn 0.000000 2.540000 0.000000
vn 0.000000 2.540000 0.000000
vn 0.000000 2.540000 0.000000
vn 0.000000 2.540000 0.000000
vn 0.000000 2.540000 0.000000
vn 0.000000 2.540000 0.000000
vn 0.000000 2.540000 0.000000
vn 0.000000 2.540000 0.000000
vn 0.000000 2.540000 0.000000
vn 0.000000 2.540000 0.000000
vn 0.000000 2.540000 0.000000
vn 0.000000 2.540000 0.000000
vn 0.000000 2.540000 0.000000
vn 0.000000 2.540000 0.000000
vn 0.000000 2.540000 0.000000
vn 0.000000 2.540000 0.000000
vn 0.000000 2.540000 0.000000
vn 0.000000 2.540000 0.000000
vn 0.000000 2.540000 0.000000
vn 0.000000 2.540000 0.000000
vn 0.000000 2.540000 0.000000
vn 0.000000 2.540000 0.000000
vn 0.000000 2.540000 0.000000
vn 0.000000 2.540000 0.000000
vn 0.000000 2.540000 0.000000
vn 0.000000 2.540000 0.000000
vn 0.000000 2.540000 0.000000
vn 0.000000 2.540000 0.000000
vn 0.000000 2.540000 0.000000
vn 0.000000 2.540000 0.000000
vn 0.000000 2.540000 0.000000
vn 0.000000 2.540000 0.000000
vn 0.000000 2.540000 0.000000
vn 0.000000 2.540000 0.000000
vn 0.000000 2.540000 0.000000
vn 0.000000 2.540000 0.000000
vn 0.000000 2.540000 0.000000
vn 0.000000 2.540000 0.000000
vn 0.000000 2.540000 0.000000
vn 0.000000 2.540000 0.000000
vn 0.000000 2.540000 0.000000
vn 0.000000 2.540000 0.000000
vn 0.000000 2.540000 0.000000
vn 0.000000 2.540000 0.000000
vn 0.000000 2.540000 0.000000
vn 0.000000 2.540000 0.000000
vn 0.000000 2.540000 0.000000
vn 0.000000 2.540000 0.000000
vn 0.000000 2.540000 0.000000
vn 0.000000 2.540000 0.000000
vn 0.000000 2.540000 0.000000
vn 0.000000 2.540000 0.000000
vn 0.000000 2.540000 0.000000
vn 0.000000 2.540000 0.000000
vn 0.000000 2.540000 0.000000
vn 0.000000 2.540000 0.000000
vn 0.000000 2.540000 0.000000
vn 0.000000 2.540000 0.000000
vn 0.000000 2.540000 0.000000
vn 0.000000 2.540000 0.000000
vn 0.000000 2.540000 0.000000
vn 0.000000 2.540000 0.000000
vn 0.000000 2.540000 0.000000
vn 0.000000 2.540000 0.000000
vn -1.123755 1.135923 1.974450
vn -1.122859 1.135923 1.974960
vn -1.121963 1.135923 1.975469
vn -1.510573 1.135923 1.696894
vn -1.832272 1.135923 1.343153
vn -2.072808 1.135923 0.929917
vn -2.221529 1.135923 0.475490
vn -2.271845 1.135923 0.000000
vn -2.271845 1.135923 0.000000
vn -2.236924 1.135923 0.396804
vn -2.133233 1.135923 0.781408
vn -1.963960 1.135923 1.141990
vn -1.734310 1.135923 1.467464
vn -1.451342 1.135923 1.747824
vn -2.271845 1.135923 0.000000
vn -2.271845 1.135923 0.000000
vn -2.271845 1.135923 0.000000
vn -2.271845 1.135923 0.000000
vn -1.124631 1.135923 -1.973952
vn -1.125355 1.135923 -1.973539
vn -1.126079 1.135923 -1.973126
vn -1.453056 1.135923 -1.746399
vn -1.735461 1.135923 -1.466102
vn -1.964632 1.135923 -1.140834
vn -2.133539 1.135923 -0.780571
vn -2.237001 1.135923 -0.396365
vn -2.271845 1.135923 0.000000
vn -2.271845 1.135923 0.000000
vn -2.221657 1.135923 -0.474889
vn -2.073310 1.135923 -0.928797
vn -1.833360 1.135923 -1.341668
vn -1.512406 1.135923 -1.695260
vn -1.135941 1.135923 -1.967465
vn -1.135941 1.135923 -1.967465
vn -1.135941 1.135923 -1.967465
vn -1.135941 1.135923 -1.967465
vn -1.135941 1.135923 -1.967465
vn 2.271845 1.135923 0.000000
vn 2.271845 1.135923 0.000000
vn 2.230790 1.135923 -0.429951
vn 2.109107 1.135923 -0.844363
vn 1.911195 1.135923 -1.228257
vn 1.644206 1.135923 -1.567758
vn 1.317791 1.135923 -1.850596
vn 0.943748 1.135923 -2.066548
vn 0.535594 1.135923 -2.207809
vn 0.108083 1.135923 -2.269273
vn -0.323335 1.135923 -2.248718
vn -0.743066 1.135923 -2.146889
vn -1.135941 1.135923 -1.967465
vn -1.135941 1.135923 -1.967465
vn -0.702057 1.135923 -2.160647
vn -0.237490 1.135923 -2.259398
vn 0.237457 1.135923 -2.259401
vn 0.702026 1.135923 -2.160657
vn 1.135913 1.135923 -1.967481
vn 1.520155 1.135923 -1.688316
vn 1.837957 1.135923 -1.335362
vn 2.075432 1.135923 -0.924047
vn 2.222199 1.135923 -0.472345
vn 2.271845 1.135923 0.000000
vn 2.271845 1.135923 0.000000
vn 2.271845 1.135923 0.000000
vn 2.271845 1.135923 0.000000
vn -1.135951 1.135923 1.967459
vn -1.135951 1.135923 1.967459
vn -0.743076 1.135923 2.146886
vn -0.323344 1.135923 2.248717
vn 0.108075 1.135923 2.269273
vn 0.535587 1.135923 2.207810
vn 0.943742 1.135923 2.066551
vn 1.317787 1.135923 1.850599
vn 1.644203 1.135923 1.567761
vn 1.911193 1.135923 1.228260
vn 2.109106 1.135923 0.844365
vn 2.230789 1.135923 0.429952
vn 2.271845 1.135923 0.000000
vn 2.271845 1.135923 0.000000
vn 2.222199 1.135923 0.472346
vn 2.075431 1.135923 0.924049
vn 1.837955 1.135923 1.335365
vn 1.520151 1.135923 1.688319
vn 1.135908 1.135923 1.967484
vn 0.702020 1.135923 2.160659
vn 0.237449 1.135923 2.259402
vn -0.237499 1.135923 2.259397
vn -0.702067 1.135923 2.160644
vn -1.135951 1.135923 1.967459
vn -1.135951 1.135923 1.967459
vn -1.135951 1.135923 1.967459
vn -1.135951 1.135923 1.967459
vn -1.135951 1.135923 1.967459
vn -2.540000 0.000000 0.000000
vn -2.540000 0.000000 0.000000
vn -2.540000 0.000000 0.000000
vn -2.540000 0.000000 0.000000
vn 1.270032 0.000000 -2.199686
vn 0.868763 0.000000 -2.386808
vn 0.441097 0.000000 -2.501406
vn 0.000028 0.000000 -2.540000
vn -0.441042 0.000000 -2.501416
vn -0.868711 0.000000 -2.386827
vn -1.269984 0.000000 -2.199714
vn -1.632669 0.000000 -1.945763
vn -1.945745 0.000000 -1.632690
vn -2.199700 0.000000 -1.270008
vn -2.386817 0.000000 -0.868737
vn -2.501411 0.000000 -0.441069
vn -2.540000 0.000000 0.000000
vn -2.540000 0.000000 0.000000
vn -2.501411 0.000000 -0.441069
vn -2.386817 0.000000 -0.868737
vn -2.199700 0.000000 -1.270008
vn -1.945745 0.000000 -1.632690
vn -1.632669 0.000000 -1.945763
vn -1.269984 0.000000 -2.199714
vn -0.868711 0.000000 -2.386827
vn -0.441042 0.000000 -2.501416
vn 0.000028 0.000000 -2.540000
vn 0.441097 0.000000 -2.501406
vn 0.868763 0.000000 -2.386808
vn 1.270032 0.000000 -2.199686
vn 1.270032 0.000000 -2.199686
vn 1.270032 0.000000 -2.199686
vn 1.270032 0.000000 -2.199686
vn 1.270032 0.000000 -2.199686
vn 2.540000 0.000000 0.000000
vn 2.500987 0.000000 -0.443466
vn 2.385148 0.000000 -0.873309
vn 2.196041 0.000000 -1.276325
vn 1.939474 0.000000 -1.640134
vn 1.623329 0.000000 -1.953561
vn 1.257319 0.000000 -2.206978
vn 1.257319 0.000000 -2.206978
vn 1.623329 0.000000 -1.953561
vn 1.939474 0.000000 -1.640134
vn 2.196041 0.000000 -1.276325
vn 2.385148 0.000000 -0.873309
vn 2.500987 0.000000 -0.443466
vn 2.540000 0.000000 0.000000
vn 2.540000 0.000000 0.000000
vn 2.540000 0.000000 0.000000
vn 2.540000 0.000000 0.000000
vn 2.540000 0.000000 0.000000
vn 1.259740 0.000000 2.205596
vn 1.625116 0.000000 1.952076
vn 1.940674 0.000000 1.638715
vn 2.196741 0.000000 1.275120
vn 2.385468 0.000000 0.872436
vn 2.501069 0.000000 0.443008
vn 2.540000 0.000000 0.000000
vn 2.540000 0.000000 0.000000
vn 2.501069 0.000000 0.443008
vn 2.385468 0.000000 0.872436
vn 2.196741 0.000000 1.275120
vn 1.940674 0.000000 1.638715
vn 1.625116 0.000000 1.952076
vn 1.259740 0.000000 2.205596
vn 1.270021 0.000000 2.199692
vn 1.270021 0.000000 2.199692
vn 1.270021 0.000000 2.199692
vn 1.270021 0.000000 2.199692
vn -2.540000 0.000000 0.000000
vn -2.501411 0.000000 0.441068
vn -2.386818 0.000000 0.868735
vn -2.199701 0.000000 1.270005
vn -1.945748 0.000000 1.632687
vn -1.632673 0.000000 1.945759
vn -1.269989 0.000000 2.199711
vn -0.868718 0.000000 2.386824
vn -0.441050 0.000000 2.501415
vn 0.000018 0.000000 2.540000
vn 0.441086 0.000000 2.501408
vn 0.868752 0.000000 2.386812
vn 1.270021 0.000000 2.199692
vn 1.270021 0.000000 2.199692
vn 0.868752 0.000000 2.386812
vn 0.441086 0.000000 2.501408
vn 0.000018 0.000000 2.540000
vn -0.441050 0.000000 2.501415
vn -0.868718 0.000000 2.386824
vn -1.269989 0.000000 2.199711
vn -1.632673 0.000000 1.945759
vn -1.945748 0.000000 1.632687
vn -2.199701 0.000000 1.270005
vn -2.386818 0.000000 0.868735
vn -2.501411 0.000000 0.441068
vn -2.540000 0.000000 0.000000
vn 0.000000 -2.540000 0.000000
vn 0.000000 -2.540000 0.000000
vn 0.000000 -2.540000 0.000000
vn 0.000000 -2.540000 0.000000
vn 0.000000 -2.540000 0.000000
vn 0.000000 -2.540000 0.000000
vn 0.000000 -2.540000 0.000000
vn 0.000000 -2.540000 0.000000
vn 0.000000 -2.540000 0.000000
vn 0.000000 -2.540000 0.000000
vn 0.000000 -2.540000 0.000000
vn 0.000000 -2.540000 0.000000
vn 0.000000 -2.540000 0.000000
vn 0.000000 -2.540000 0.000000
vn 0.000000 -2.540000 0.000000
vn 0.000000 -2.540000 0.000000
vn 0.000000 -2.540000 0.000000
vn 0.000000 -2.540000 0.000000
vn 0.000000 -2.540000 0.000000
vn 0.000000 -2.540000 0.000000
vn 0.000000 -2.540000 0.000000
vn 0.000000 -2.540000 0.000000
vn 0.000000 -2.540000 0.000000
vn 0.000000 -2.540000 0.000000
vn 0.000000 -2.540000 0.000000
vn 0.000000 -2.540000 0.000000
vn 0.000000 -2.540000 0.000000
vn 0.000000 -2.540000 0.000000
vn 0.000000 -2.540000 0.000000
vn 0.000000 -2.540000 0.000000
vn 0.000000 -2.540000 0.000000
vn 0.000000 -2.540000 0.000000
vn 0.000000 -2.540000 0.000000
vn 0.000000 -2.540000 0.000000
vn 0.000000 -2.540000 0.000000
vn 0.000000 -2.540000 0.000000
vn 0.000000 -2.540000 0.000000
vn 0.000000 -2.540000 0.000000
vn 0.000000 -2.540000 0.000000
vn 0.000000 -2.540000 0.000000
usemtl 191,191,191
f 599/1/1 596/2/2 598/9/9
f 598/9/9 596/2/2 551/8/8
f 551/8/8 596/2/2 593/3/3
f 551/8/8 593/3/3 592/4/4
f 592/4/4 585/5/5 551/8/8
f 551/8/8 585/5/5 546/7/7
f 546/7/7 585/5/5 574/6/6
f 545/11/11 544/18/18 546/10/10
f 546/10/10 544/18/18 543/19/19
f 546/10/10 543/19/19 538/20/20
f 538/20/20 543/19/19 521/32/32
f 538/20/20 521/32/32 520/33/33
f 520/33/33 521/32/32 527/13/13
f 520/33/33 527/13/13 518/34/34
f 518/34/34 527/13/13 516/35/35
f 518/34/34 516/35/35 535/22/22
f 535/22/22 516/35/35 534/23/23
f 535/22/22 534/23/23 546/10/10
f 546/10/10 534/23/23 532/24/24
f 546/10/10 532/24/24 531/25/25
f 531/25/25 532/24/24 507/37/37
f 531/25/25 507/37/37 501/38/38
f 501/38/38 507/37/37 482/14/14
f 501/38/38 482/14/14 497/39/39
f 497/39/39 482/14/14 493/40/40
f 497/39/39 493/40/40 528/27/27
f 528/27/27 493/40/40 526/28/28
f 528/27/27 526/28/28 546/10/10
f 546/10/10 526/28/28 525/29/29
f 546/10/10 525/29/29 551/17/17
f 551/17/17 525/29/29 523/16/16
f 523/16/16 525/29/29 488/15/15
f 488/15/15 525/29/29 490/41/41
f 488/15/15 490/41/41 482/14/14
f 482/14/14 490/41/41 493/40/40
f 544/18/18 545/11/11 529/30/30
f 529/30/30 545/11/11 533/12/12
f 529/30/30 533/12/12 527/13/13
f 527/13/13 482/14/14 516/35/35
f 516/35/35 482/14/14 511/36/36
f 516/35/35 511/36/36 534/23/23
f 534/23/23 511/36/36 532/24/24
f 543/19/19 544/18/18 524/31/31
f 524/31/31 544/18/18 529/30/30
f 524/31/31 529/30/30 527/13/13
f 535/22/22 546/10/10 537/21/21
f 537/21/21 546/10/10 538/20/20
f 537/21/21 538/20/20 520/33/33
f 518/34/34 535/22/22 537/21/21
f 518/34/34 537/21/21 520/33/33
f 507/37/37 532/24/24 511/36/36
f 528/27/27 546/10/10 530/26/26
f 530/26/26 546/10/10 531/25/25
f 530/26/26 531/25/25 501/38/38
f 497/39/39 528/27/27 530/26/26
f 497/39/39 530/26/26 501/38/38
f 490/41/41 525/29/29 526/28/28
f 490/41/41 526/28/28 493/40/40
f 527/13/13 521/32/32 524/31/31
f 524/31/31 521/32/32 543/19/19
f 482/14/14 507/37/37 511/36/36
f 339/43/43 343/50/50 335/42/42
f 335/42/42 343/50/50 347/51/51
f 335/42/42 347/51/51 351/52/52
f 351/52/52 347/51/51 352/63/63
f 351/52/52 352/63/63 356/64/64
f 356/64/64 352/63/63 336/45/45
f 356/64/64 336/45/45 360/65/65
f 360/65/65 336/45/45 364/66/66
f 360/65/65 364/66/66 359/54/54
f 359/54/54 364/66/66 363/55/55
f 359/54/54 363/55/55 335/42/42
f 335/42/42 363/55/55 371/56/56
f 335/42/42 371/56/56 375/57/57
f 375/57/57 371/56/56 376/68/68
f 375/57/57 376/68/68 382/69/69
f 382/69/69 376/68/68 368/46/46
f 382/69/69 368/46/46 386/70/70
f 386/70/70 368/46/46 390/71/71
f 386/70/70 390/71/71 385/59/59
f 385/59/59 390/71/71 389/60/60
f 385/59/59 389/60/60 335/42/42
f 335/42/42 389/60/60 367/49/49
f 367/49/49 389/60/60 393/48/48
f 393/48/48 389/60/60 394/47/47
f 394/47/47 389/60/60 390/71/71
f 394/47/47 390/71/71 368/46/46
f 343/50/50 339/43/43 344/61/61
f 344/61/61 339/43/43 340/44/44
f 344/61/61 340/44/44 336/45/45
f 336/45/45 368/46/46 364/66/66
f 364/66/66 368/46/46 372/67/67
f 364/66/66 372/67/67 363/55/55
f 363/55/55 372/67/67 371/56/56
f 347/51/51 343/50/50 348/62/62
f 348/62/62 343/50/50 344/61/61
f 348/62/62 344/61/61 336/45/45
f 359/54/54 335/42/42 355/53/53
f 355/53/53 335/42/42 351/52/52
f 355/53/53 351/52/52 356/64/64
f 360/65/65 359/54/54 355/53/53
f 360/65/65 355/53/53 356/64/64
f 376/68/68 371/56/56 372/67/67
f 385/59/59 335/42/42 381/58/58
f 381/58/58 335/42/42 375/57/57
f 381/58/58 375/57/57 382/69/69
f 386/70/70 385/59/59 381/58/58
f 386/70/70 381/58/58 382/69/69
f 336/45/45 352/63/63 348/62/62
f 348/62/62 352/63/63 347/51/51
f 368/46/46 376/68/68 372/67/67
f 340/73/73 339/74/74 336/72/72
f 336/72/72 339/74/74 335/75/75
f 336/72/72 335/75/75 323/79/79
f 323/79/79 335/75/75 327/76/76
f 323/79/79 327/76/76 309/78/78
f 309/78/78 327/76/76 271/77/77
f 336/72/72 323/79/79 328/82/82
f 328/82/82 323/79/79 310/80/80
f 328/82/82 310/80/80 272/81/81
f 335/83/83 367/84/84 327/86/86
f 327/86/86 367/84/84 267/85/85
f 341/88/88 345/95/95 337/87/87
f 337/87/87 345/95/95 349/96/96
f 337/87/87 349/96/96 353/97/97
f 353/97/97 349/96/96 354/108/108
f 353/97/97 354/108/108 358/109/109
f 358/109/109 354/108/108 338/90/90
f 358/109/109 338/90/90 362/110/110
f 362/110/110 338/90/90 366/111/111
f 362/110/110 366/111/111 361/99/99
f 361/99/99 366/111/111 365/100/100
f 361/99/99 365/100/100 337/87/87
f 337/87/87 365/100/100 373/101/101
f 337/87/87 373/101/101 377/102/102
f 377/102/102 373/101/101 378/113/113
f 377/102/102 378/113/113 384/114/114
f 384/114/114 378/113/113 370/91/91
f 384/114/114 370/91/91 388/115/115
f 388/115/115 370/91/91 392/116/116
f 388/115/115 392/116/116 387/104/104
f 387/104/104 392/116/116 391/105/105
f 387/104/104 391/105/105 337/87/87
f 337/87/87 391/105/105 369/94/94
f 369/94/94 391/105/105 395/93/93
f 395/93/93 391/105/105 396/92/92
f 396/92/92 391/105/105 392/116/116
f 396/92/92 392/116/116 370/91/91
f 345/95/95 341/88/88 346/106/106
f 346/106/106 341/88/88 342/89/89
f 346/106/106 342/89/89 338/90/90
f 338/90/90 370/91/91 366/111/111
f 366/111/111 370/91/91 374/112/112
f 366/111/111 374/112/112 365/100/100
f 365/100/100 374/112/112 373/101/101
f 349/96/96 345/95/95 350/107/107
f 350/107/107 345/95/95 346/106/106
f 350/107/107 346/106/106 338/90/90
f 361/99/99 337/87/87 357/98/98
f 357/98/98 337/87/87 353/97/97
f 357/98/98 353/97/97 358/109/109
f 362/110/110 361/99/99 357/98/98
f 362/110/110 357/98/98 358/109/109
f 378/113/113 373/101/101 374/112/112
f 387/104/104 337/87/87 383/103/103
f 383/103/103 337/87/87 377/102/102
f 383/103/103 377/102/102 384/114/114
f 388/115/115 387/104/104 383/103/103
f 388/115/115 383/103/103 384/114/114
f 338/90/90 354/108/108 350/107/107
f 350/107/107 354/108/108 349/96/96
f 370/91/91 378/113/113 374/112/112
f 342/118/118 341/119/119 338/117/117
f 338/117/117 341/119/119 337/120/120
f 338/117/117 337/120/120 324/124/124
f 324/124/124 337/120/120 329/121/121
f 324/124/124 329/121/121 311/123/123
f 311/123/123 329/121/121 273/122/122
f 338/117/117 324/124/124 330/127/127
f 330/127/127 324/124/124 312/125/125
f 330/127/127 312/125/125 274/126/126
f 337/128/128 369/129/129 329/131/131
f 329/131/131 369/129/129 269/130/130
f 664/133/133 662/140/140 666/132/132
f 666/132/132 662/140/140 660/141/141
f 666/132/132 660/141/141 658/142/142
f 658/142/142 660/141/141 657/154/154
f 658/142/142 657/154/154 655/155/155
f 655/155/155 657/154/154 665/135/135
f 655/155/155 665/135/135 653/156/156
f 653/156/156 665/135/135 651/157/157
f 653/156/156 651/157/157 654/144/144
f 654/144/144 651/157/157 652/145/145
f 654/144/144 652/145/145 666/132/132
f 666/132/132 652/145/145 643/146/146
f 666/132/132 643/146/146 639/147/147
f 639/147/147 643/146/146 638/159/159
f 639/147/147 638/159/159 636/160/160
f 636/160/160 638/159/159 640/136/136
f 636/160/160 640/136/136 634/161/161
f 634/161/161 640/136/136 632/162/162
f 634/161/161 632/162/162 635/149/149
f 635/149/149 632/162/162 633/150/150
f 635/149/149 633/150/150 666/132/132
f 666/132/132 633/150/150 631/151/151
f 666/132/132 631/151/151 641/139/139
f 641/139/139 631/151/151 629/138/138
f 629/138/138 631/151/151 628/137/137
f 628/137/137 631/151/151 630/163/163
f 628/137/137 630/163/163 640/136/136
f 640/136/136 630/163/163 632/162/162
f 662/140/140 664/133/133 661/152/152
f 661/152/152 664/133/133 663/134/134
f 661/152/152 663/134/134 665/135/135
f 665/135/135 640/136/136 651/157/157
f 651/157/157 640/136/136 642/158/158
f 651/157/157 642/158/158 652/145/145
f 652/145/145 642/158/158 643/146/146
f 660/141/141 662/140/140 659/153/153
f 659/153/153 662/140/140 661/152/152
f 659/153/153 661/152/152 665/135/135
f 654/144/144 666/132/132 656/143/143
f 656/143/143 666/132/132 658/142/142
f 656/143/143 658/142/142 655/155/155
f 653/156/156 654/144/144 656/143/143
f 653/156/156 656/143/143 655/155/155
f 638/159/159 643/146/146 642/158/158
f 635/149/149 666/132/132 637/148/148
f 637/148/148 666/132/132 639/147/147
f 637/148/148 639/147/147 636/160/160
f 634/161/161 635/149/149 637/148/148
f 634/161/161 637/148/148 636/160/160
f 630/163/163 631/151/151 633/150/150
f 630/163/163 633/150/150 632/162/162
f 665/135/135 657/154/154 659/153/153
f 659/153/153 657/154/154 660/141/141
f 640/136/136 638/159/159 642/158/158
f 663/165/165 664/166/166 665/164/164
f 665/164/164 664/166/166 666/167/167
f 665/164/164 666/167/167 669/170/170
f 669/170/170 666/167/167 670/169/169
f 670/169/169 666/167/167 676/168/168
f 669/170/170 675/171/171 665/164/164
f 676/178/178 666/172/172 678/177/177
f 678/177/177 666/172/172 641/173/173
f 678/177/177 641/173/173 680/176/176
f 680/176/176 641/173/173 682/175/175
f 682/175/175 641/173/173 693/174/174
f 509/180/180 503/187/187 504/179/179
f 504/179/179 503/187/187 499/188/188
f 504/179/179 499/188/188 494/189/189
f 494/189/189 499/188/188 513/201/201
f 494/189/189 513/201/201 510/202/202
f 510/202/202 513/201/201 522/182/182
f 510/202/202 522/182/182 508/203/203
f 508/203/203 522/182/182 506/204/204
f 508/203/203 506/204/204 487/191/191
f 487/191/191 506/204/204 486/192/192
f 487/191/191 486/192/192 504/179/179
f 504/179/179 486/192/192 485/193/193
f 504/179/179 485/193/193 484/194/194
f 484/194/194 485/193/193 500/206/206
f 484/194/194 500/206/206 498/207/207
f 498/207/207 500/206/206 536/183/183
f 498/207/207 536/183/183 496/208/208
f 496/208/208 536/183/183 495/209/209
f 496/208/208 495/209/209 481/196/196
f 481/196/196 495/209/209 480/197/197
f 481/196/196 480/197/197 504/179/179
f 504/179/179 480/197/197 477/198/198
f 504/179/179 477/198/198 469/186/186
f 469/186/186 477/198/198 476/185/185
f 476/185/185 477/198/198 491/184/184
f 491/184/184 477/198/198 492/210/210
f 491/184/184 492/210/210 536/183/183
f 536/183/183 492/210/210 495/209/209
f 503/187/187 509/180/180 515/199/199
f 515/199/199 509/180/180 517/181/181
f 515/199/199 517/181/181 522/182/182
f 522/182/182 536/183/183 506/204/204
f 506/204/204 536/183/183 502/205/205
f 506/204/204 502/205/205 486/192/192
f 486/192/192 502/205/205 485/193/193
f 499/188/188 503/187/187 514/200/200
f 514/200/200 503/187/187 515/199/199
f 514/200/200 515/199/199 522/182/182
f 487/191/191 504/179/179 489/190/190
f 489/190/190 504/179/179 494/189/189
f 489/190/190 494/189/189 510/202/202
f 508/203/203 487/191/191 489/190/190
f 508/203/203 489/190/190 510/202/202
f 500/206/206 485/193/193 502/205/205
f 481/196/196 504/179/179 483/195/195
f 483/195/195 504/179/179 484/194/194
f 483/195/195 484/194/194 498/207/207
f 496/208/208 481/196/196 483/195/195
f 496/208/208 483/195/195 498/207/207
f 492/210/210 477/198/198 480/197/197
f 492/210/210 480/197/197 495/209/209
f 522/182/182 513/201/201 514/200/200
f 514/200/200 513/201/201 499/188/188
f 536/183/183 500/206/206 502/205/205
f 517/212/212 509/213/213 522/211/211
f 522/211/211 509/213/213 504/214/214
f 522/211/211 504/214/214 561/220/220
f 561/220/220 504/214/214 540/217/217
f 561/220/220 540/217/217 569/218/218
f 504/214/214 505/215/215 540/217/217
f 540/217/217 505/215/215 471/216/216
f 569/218/218 603/219/219 561/220/220
f 504/221/221 469/222/222 505/224/224
f 505/224/224 469/222/222 470/223/223
f 338/226/226 330/227/227 370/225/225
f 370/225/225 330/227/227 270/228/228
f 336/230/230 328/231/231 368/229/229
f 368/229/229 328/231/231 268/232/232
f 665/234/234 677/236/236 640/233/233
f 640/233/233 677/236/236 679/237/237
f 640/233/233 679/237/237 681/238/238
f 665/234/234 675/235/235 677/236/236
f 681/238/238 692/239/239 640/233/233
f 527/241/241 519/242/242 482/240/240
f 482/240/240 519/242/242 466/243/243
f 597/244/244 599/245/245 597/248/248
f 597/248/248 599/245/245 597/247/247
f 597/247/247 599/245/245 598/246/246
f 574/250/250 558/251/251 546/249/249
f 546/249/249 558/251/251 527/255/255
f 546/249/249 527/255/255 533/256/256
f 527/255/255 558/251/251 519/254/254
f 519/254/254 558/251/251 512/252/252
f 519/254/254 512/252/252 467/253/253
f 533/256/256 545/257/257 546/249/249
f 522/259/259 561/260/260 536/258/258
f 536/258/258 561/260/260 602/261/261
f 691/283/283 692/262/262 699/280/280
f 699/280/280 692/262/262 681/263/263
f 699/280/280 681/263/263 679/264/264
f 679/264/264 677/265/265 699/280/280
f 699/280/280 677/265/265 671/279/279
f 671/279/279 677/265/265 675/266/266
f 671/279/279 675/266/266 669/267/267
f 671/279/279 669/267/267 672/278/278
f 672/278/278 669/267/267 670/268/268
f 672/278/278 670/268/268 676/269/269
f 672/278/278 676/269/269 700/277/277
f 700/277/277 676/269/269 678/270/270
f 700/277/277 678/270/270 680/271/271
f 680/271/271 682/272/272 700/277/277
f 700/277/277 682/272/272 693/273/273
f 700/277/277 693/273/273 694/274/274
f 694/274/274 696/275/275 700/277/277
f 700/277/277 696/275/275 698/276/276
f 697/281/281 695/282/282 699/280/280
f 699/280/280 695/282/282 691/283/283
f 369/285/285 368/360/360 269/284/284
f 269/284/284 368/360/360 268/361/361
f 269/284/284 268/361/361 32/363/363
f 32/363/363 268/361/361 31/362/362
f 368/360/360 369/285/285 394/359/359
f 394/359/359 369/285/285 395/286/286
f 394/359/359 395/286/286 488/341/341
f 488/341/341 395/286/286 491/305/305
f 488/341/341 491/305/305 523/340/340
f 523/340/340 491/305/305 629/319/319
f 523/340/340 629/319/319 628/320/320
f 491/305/305 395/286/286 476/304/304
f 476/304/304 395/286/286 396/287/287
f 476/304/304 396/287/287 469/303/303
f 469/303/303 396/287/287 436/300/300
f 469/303/303 436/300/300 442/301/301
f 370/288/288 416/298/298 396/287/287
f 396/287/287 416/298/298 426/299/299
f 396/287/287 426/299/299 436/300/300
f 270/289/289 180/293/293 370/288/288
f 370/288/288 180/293/293 292/294/294
f 370/288/288 292/294/294 332/295/295
f 33/290/290 34/291/291 270/289/289
f 270/289/289 34/291/291 124/292/292
f 270/289/289 124/292/292 180/293/293
f 332/295/295 402/296/296 370/288/288
f 370/288/288 402/296/296 408/297/297
f 370/288/288 408/297/297 416/298/298
f 442/301/301 470/302/302 469/303/303
f 491/305/305 536/306/306 629/319/319
f 629/319/319 536/306/306 602/307/307
f 629/319/319 602/307/307 641/318/318
f 641/318/318 602/307/307 648/308/308
f 641/318/318 648/308/308 698/314/314
f 698/314/314 648/308/308 688/309/309
f 698/314/314 688/309/309 722/310/310
f 722/310/310 735/311/311 698/314/314
f 698/314/314 735/311/311 747/312/312
f 698/314/314 747/312/312 750/313/313
f 698/314/314 696/315/315 641/318/318
f 641/318/318 696/315/315 694/316/316
f 641/318/318 694/316/316 693/317/317
f 640/321/321 600/332/332 628/320/320
f 628/320/320 600/332/332 598/338/338
f 628/320/320 598/338/338 551/339/339
f 692/322/322 691/323/323 640/321/321
f 640/321/321 691/323/323 695/324/324
f 640/321/321 695/324/324 697/325/325
f 749/326/326 745/327/327 697/325/325
f 697/325/325 745/327/327 733/328/328
f 697/325/325 733/328/328 720/329/329
f 720/329/329 686/330/330 697/325/325
f 697/325/325 686/330/330 644/331/331
f 697/325/325 644/331/331 640/321/321
f 640/321/321 644/331/331 600/332/332
f 600/332/332 600/333/333 598/338/338
f 598/338/338 600/333/333 600/334/334
f 598/338/338 600/334/334 597/337/337
f 597/337/337 600/334/334 597/336/336
f 597/336/336 600/334/334 597/335/335
f 551/339/339 523/340/340 628/320/320
f 394/359/359 488/341/341 393/358/358
f 393/358/358 488/341/341 482/342/342
f 393/358/358 482/342/342 441/344/344
f 441/344/344 482/342/342 466/343/343
f 441/344/344 435/345/345 393/358/358
f 393/358/358 435/345/345 425/346/346
f 393/358/358 425/346/346 415/347/347
f 393/358/358 415/347/347 367/357/357
f 367/357/357 415/347/347 407/348/348
f 367/357/357 407/348/348 401/349/349
f 401/349/349 331/350/350 367/357/357
f 367/357/357 331/350/350 291/351/351
f 367/357/357 291/351/351 179/352/352
f 367/357/357 179/352/352 267/356/356
f 267/356/356 179/352/352 123/353/353
f 267/356/356 123/353/353 29/354/354
f 29/354/354 30/355/355 267/356/356
f 36/365/365 280/367/367 40/364/364
f 40/364/364 280/367/367 284/368/368
f 40/364/364 284/368/368 264/369/369
f 36/365/365 276/366/366 280/367/367
f 264/370/370 284/371/371 306/383/383
f 306/383/383 284/371/371 280/372/372
f 306/383/383 280/372/372 314/374/374
f 314/374/374 280/372/372 276/373/373
f 306/383/383 314/374/374 321/382/382
f 321/382/382 314/374/374 325/375/375
f 321/382/382 325/375/375 305/381/381
f 305/381/381 325/375/375 313/376/376
f 305/381/381 313/376/376 283/379/379
f 283/379/379 313/376/376 279/378/378
f 279/378/378 313/376/376 275/377/377
f 283/379/379 263/380/380 305/381/381
f 263/384/384 283/385/385 39/389/389
f 39/389/389 283/385/385 279/386/386
f 39/389/389 279/386/386 35/388/388
f 35/388/388 279/386/386 275/387/387
f 275/391/391 271/392/392 35/390/390
f 35/390/390 271/392/392 30/395/395
f 30/395/395 271/392/392 267/394/394
f 267/394/394 271/392/392 327/393/393
f 276/405/405 272/396/396 314/404/404
f 314/404/404 272/396/396 310/397/397
f 314/404/404 310/397/397 325/403/403
f 325/403/403 310/397/397 323/398/398
f 325/403/403 323/398/398 313/402/402
f 313/402/402 323/398/398 309/399/399
f 313/402/402 309/399/399 275/401/401
f 275/401/401 309/399/399 271/400/400
f 276/406/406 36/407/407 272/411/411
f 272/411/411 36/407/407 31/408/408
f 272/411/411 31/408/408 268/409/409
f 268/409/409 328/410/410 272/411/411
f 38/413/413 282/415/415 42/412/412
f 42/412/412 282/415/415 286/416/416
f 42/412/412 286/416/416 266/417/417
f 38/413/413 278/414/414 282/415/415
f 266/418/418 286/419/419 308/431/431
f 308/431/431 286/419/419 282/420/420
f 308/431/431 282/420/420 316/422/422
f 316/422/422 282/420/420 278/421/421
f 308/431/431 316/422/422 322/430/430
f 322/430/430 316/422/422 326/423/423
f 322/430/430 326/423/423 307/429/429
f 307/429/429 326/423/423 315/424/424
f 307/429/429 315/424/424 285/427/427
f 285/427/427 315/424/424 281/426/426
f 281/426/426 315/424/424 277/425/425
f 285/427/427 265/428/428 307/429/429
f 265/432/432 285/433/433 41/437/437
f 41/437/437 285/433/433 281/434/434
f 41/437/437 281/434/434 37/436/436
f 37/436/436 281/434/434 277/435/435
f 277/439/439 273/440/440 37/438/438
f 37/438/438 273/440/440 32/443/443
f 32/443/443 273/440/440 269/442/442
f 269/442/442 273/440/440 329/441/441
f 278/453/453 274/444/444 316/452/452
f 316/452/452 274/444/444 312/445/445
f 316/452/452 312/445/445 326/451/451
f 326/451/451 312/445/445 324/446/446
f 326/451/451 324/446/446 315/450/450
f 315/450/450 324/446/446 311/447/447
f 315/450/450 311/447/447 277/449/449
f 277/449/449 311/447/447 273/448/448
f 278/454/454 38/455/455 274/459/459
f 274/459/459 38/455/455 33/456/456
f 274/459/459 33/456/456 270/457/457
f 270/457/457 330/458/458 274/459/459
f 649/461/461 605/463/463 647/460/460
f 647/460/460 605/463/463 606/464/464
f 647/460/460 606/464/464 607/465/465
f 649/461/461 604/462/462 605/463/463
f 607/466/466 606/467/467 571/477/477
f 571/477/477 606/467/467 605/468/468
f 571/477/477 605/468/468 570/470/470
f 570/470/470 605/468/468 604/469/469
f 571/477/477 570/470/470 542/476/476
f 542/476/476 570/470/470 541/471/471
f 542/476/476 541/471/471 474/474/474
f 474/474/474 541/471/471 473/473/473
f 473/473/473 541/471/471 472/472/472
f 474/474/474 475/475/475 542/476/476
f 472/483/483 443/478/478 473/482/482
f 473/482/482 443/478/478 447/479/479
f 473/482/482 447/479/479 474/481/481
f 474/481/481 447/479/479 475/480/480
f 472/485/485 471/486/486 443/484/484
f 443/484/484 471/486/486 442/489/489
f 442/489/489 471/486/486 470/488/488
f 470/488/488 471/486/486 505/487/487
f 604/497/497 603/490/490 570/496/496
f 570/496/496 603/490/490 569/491/491
f 570/496/496 569/491/491 541/495/495
f 541/495/495 569/491/491 540/492/492
f 541/495/495 540/492/492 472/494/494
f 472/494/494 540/492/492 471/493/493
f 604/498/498 649/499/499 603/503/503
f 603/503/503 649/499/499 648/500/500
f 603/503/503 648/500/500 602/501/501
f 602/501/501 561/502/502 603/503/503
f 751/505/505 701/507/507 753/504/504
f 753/504/504 701/507/507 703/508/508
f 753/504/504 703/508/508 705/509/509
f 751/505/505 699/506/506 701/507/507
f 705/510/510 703/511/511 673/521/521
f 673/521/521 703/511/511 701/512/512
f 673/521/521 701/512/512 671/514/514
f 671/514/514 701/512/512 699/513/513
f 673/521/521 671/514/514 674/520/520
f 674/520/520 671/514/514 672/515/515
f 674/520/520 672/515/515 704/518/518
f 704/518/518 672/515/515 702/517/517
f 702/517/517 672/515/515 700/516/516
f 704/518/518 706/519/519 674/520/520
f 700/527/527 752/522/522 702/526/526
f 702/526/526 752/522/522 754/523/523
f 702/526/526 754/523/523 704/525/525
f 704/525/525 754/523/523 706/524/524
f 752/528/528 700/529/529 750/531/531
f 750/531/531 700/529/529 698/530/530
f 699/532/532 751/533/533 697/535/535
f 697/535/535 751/533/533 749/534/534
f 764/544/544 740/536/536 762/543/543
f 762/543/543 740/536/536 732/537/537
f 762/543/543 732/537/537 760/542/542
f 760/542/542 732/537/537 727/538/538
f 760/542/542 727/538/538 758/541/541
f 758/541/541 727/538/538 725/539/539
f 758/541/541 725/539/539 756/540/540
f 739/545/545 731/546/546 737/556/556
f 737/556/556 731/546/546 728/558/558
f 737/556/556 728/558/558 738/555/555
f 738/555/555 728/558/558 732/553/553
f 738/555/555 732/553/553 740/554/554
f 731/546/546 726/547/547 728/558/558
f 728/558/558 726/547/547 719/557/557
f 728/558/558 719/557/557 732/553/553
f 732/553/553 719/557/557 727/552/552
f 727/552/552 719/557/557 718/550/550
f 727/552/552 718/550/550 725/551/551
f 724/548/548 717/549/549 726/547/547
f 726/547/547 717/549/549 719/557/557
f 717/549/549 718/550/550 719/557/557
f 763/559/559 761/560/560 739/567/567
f 739/567/567 761/560/560 731/566/566
f 731/566/566 761/560/560 759/561/561
f 731/566/566 759/561/561 726/565/565
f 726/565/565 759/561/561 757/562/562
f 726/565/565 757/562/562 724/564/564
f 724/564/564 757/562/562 755/563/563
f 764/573/573 763/568/568 740/572/572
f 740/572/572 763/568/568 739/569/569
f 740/572/572 739/569/569 738/571/571
f 738/571/571 739/569/569 737/570/570
f 616/583/583 614/574/574 618/582/582
f 618/582/582 614/574/574 612/575/575
f 618/582/582 612/575/575 620/581/581
f 620/581/581 612/575/575 610/576/576
f 620/581/581 610/576/576 622/580/580
f 622/580/580 610/576/576 608/577/577
f 622/580/580 608/577/577 624/579/579
f 624/579/579 608/577/577 626/578/578
f 579/584/584 564/585/585 590/595/595
f 590/595/595 564/585/585 586/597/597
f 590/595/595 586/597/597 594/594/594
f 594/594/594 586/597/597 612/592/592
f 594/594/594 612/592/592 614/593/593
f 564/585/585 556/586/586 586/597/597
f 586/597/597 556/586/586 577/596/596
f 586/597/597 577/596/596 612/592/592
f 612/592/592 577/596/596 610/591/591
f 610/591/591 577/596/596 588/589/589
f 610/591/591 588/589/589 608/590/590
f 549/587/587 566/588/588 556/586/586
f 556/586/586 566/588/588 577/596/596
f 566/588/588 588/589/589 577/596/596
f 554/598/598 478/599/599 579/607/607
f 579/607/607 478/599/599 564/606/606
f 564/606/606 478/599/599 464/600/600
f 564/606/606 464/600/600 556/605/605
f 556/605/605 464/600/600 462/601/601
f 556/605/605 462/601/601 549/604/604
f 549/604/604 462/601/601 460/602/602
f 549/604/604 460/602/602 458/603/603
f 554/608/608 579/609/609 616/613/613
f 616/613/613 579/609/609 614/612/612
f 614/612/612 579/609/609 590/610/610
f 614/612/612 590/610/610 594/611/611
f 555/623/623 580/614/614 479/622/622
f 479/622/622 580/614/614 565/615/615
f 479/622/622 565/615/615 465/621/621
f 465/621/621 565/615/615 557/616/616
f 465/621/621 557/616/616 463/620/620
f 463/620/620 557/616/616 550/617/617
f 463/620/620 550/617/617 461/619/619
f 461/619/619 550/617/617 459/618/618
f 615/624/624 613/625/625 595/635/635
f 595/635/635 613/625/625 587/637/637
f 595/635/635 587/637/637 591/634/634
f 591/634/634 587/637/637 565/632/632
f 591/634/634 565/632/632 580/633/633
f 613/625/625 611/626/626 587/637/637
f 587/637/637 611/626/626 578/636/636
f 587/637/637 578/636/636 565/632/632
f 565/632/632 578/636/636 557/631/631
f 557/631/631 578/636/636 567/629/629
f 557/631/631 567/629/629 550/630/630
f 609/627/627 589/628/628 611/626/626
f 611/626/626 589/628/628 578/636/636
f 589/628/628 567/629/629 578/636/636
f 617/638/638 619/639/639 615/647/647
f 615/647/647 619/639/639 613/646/646
f 613/646/646 619/639/639 621/640/640
f 613/646/646 621/640/640 611/645/645
f 611/645/645 621/640/640 623/641/641
f 611/645/645 623/641/641 609/644/644
f 609/644/644 623/641/641 625/642/642
f 609/644/644 625/642/642 627/643/643
f 555/653/653 617/648/648 580/652/652
f 580/652/652 617/648/648 615/649/649
f 580/652/652 615/649/649 591/651/651
f 591/651/651 615/649/649 595/650/650
f 201/665/665 175/654/654 193/670/670
f 193/670/670 175/654/654 169/655/655
f 193/670/670 169/655/655 187/669/669
f 187/669/669 169/655/655 167/668/668
f 187/669/669 167/668/668 195/672/672
f 195/672/672 167/668/668 173/671/671
f 195/672/672 173/671/671 185/675/675
f 185/675/675 173/671/671 165/676/676
f 185/675/675 165/676/676 170/661/661
f 170/661/661 165/676/676 150/660/660
f 150/660/660 165/676/676 135/677/677
f 150/660/660 135/677/677 62/659/659
f 62/659/659 135/677/677 141/667/667
f 62/659/659 141/667/667 61/658/658
f 61/658/658 141/667/667 139/666/666
f 61/658/658 139/666/666 60/657/657
f 60/657/657 139/666/666 149/656/656
f 149/656/656 139/666/666 167/668/668
f 149/656/656 167/668/668 169/655/655
f 185/675/675 170/661/661 189/674/674
f 189/674/674 170/661/661 176/662/662
f 189/674/674 176/662/662 202/663/663
f 189/674/674 202/663/663 205/673/673
f 205/673/673 202/663/663 209/664/664
f 205/673/673 209/664/664 193/670/670
f 193/670/670 209/664/664 201/665/665
f 173/671/671 167/668/668 139/666/666
f 205/673/673 193/670/670 187/669/669
f 205/673/673 187/669/669 195/672/672
f 165/676/676 173/671/671 141/667/667
f 141/667/667 173/671/671 139/666/666
f 135/677/677 165/676/676 141/667/667
f 189/674/674 205/673/673 195/672/672
f 189/674/674 195/672/672 185/675/675
f 145/690/690 43/678/678 115/694/694
f 115/694/694 43/678/678 47/679/679
f 115/694/694 47/679/679 117/693/693
f 117/693/693 47/679/679 113/692/692
f 117/693/693 113/692/692 153/699/699
f 153/699/699 113/692/692 147/698/698
f 153/699/699 147/698/698 169/688/688
f 169/688/688 147/698/698 149/687/687
f 149/687/687 147/698/698 119/697/697
f 149/687/687 119/697/697 60/686/686
f 60/686/686 119/697/697 59/685/685
f 59/685/685 119/697/697 109/691/691
f 59/685/685 109/691/691 58/684/684
f 58/684/684 109/691/691 57/683/683
f 57/683/683 109/691/691 103/696/696
f 57/683/683 103/696/696 55/681/681
f 55/681/681 103/696/696 51/680/680
f 51/680/680 103/696/696 101/695/695
f 51/680/680 101/695/695 47/679/679
f 47/679/679 101/695/695 113/692/692
f 55/681/681 56/682/682 57/683/683
f 153/699/699 169/688/688 155/700/700
f 155/700/700 169/688/688 175/689/689
f 155/700/700 175/689/689 145/690/690
f 155/700/700 145/690/690 115/694/694
f 101/695/695 103/696/696 113/692/692
f 113/692/692 103/696/696 109/691/691
f 113/692/692 109/691/691 147/698/698
f 147/698/698 109/691/691 119/697/697
f 155/700/700 115/694/694 117/693/693
f 155/700/700 117/693/693 153/699/699
f 66/701/701 67/702/702 65/713/713
f 65/713/713 67/702/702 105/716/716
f 65/713/713 105/716/716 64/712/712
f 64/712/712 105/716/716 111/720/720
f 64/712/712 111/720/720 63/711/711
f 63/711/711 111/720/720 62/710/710
f 62/710/710 111/720/720 150/709/709
f 150/709/709 111/720/720 121/719/719
f 150/709/709 121/719/719 170/708/708
f 170/708/708 121/719/719 129/718/718
f 170/708/708 129/718/718 127/717/717
f 127/717/717 129/718/718 99/714/714
f 127/717/717 99/714/714 44/705/705
f 44/705/705 99/714/714 48/704/704
f 48/704/704 99/714/714 107/715/715
f 48/704/704 107/715/715 52/703/703
f 52/703/703 107/715/715 105/716/716
f 52/703/703 105/716/716 67/702/702
f 44/705/705 143/706/706 127/717/717
f 127/717/717 143/706/706 170/708/708
f 143/706/706 176/707/707 170/708/708
f 111/720/720 105/716/716 107/715/715
f 129/718/718 121/719/719 99/714/714
f 99/714/714 121/719/719 107/715/715
f 121/719/719 111/720/720 107/715/715
f 306/722/722 298/731/731 264/721/721
f 264/721/721 298/731/731 288/732/732
f 264/721/721 288/732/732 254/733/733
f 254/733/733 288/732/732 261/737/737
f 254/733/733 261/737/737 243/738/738
f 243/738/738 261/737/737 253/741/741
f 243/738/738 253/741/741 225/742/742
f 225/742/742 253/741/741 175/726/726
f 225/742/742 175/726/726 201/727/727
f 298/731/731 306/722/722 303/735/735
f 303/735/735 306/722/722 321/723/723
f 303/735/735 321/723/723 305/724/724
f 303/735/735 305/724/724 297/739/739
f 297/739/739 305/724/724 263/725/725
f 297/739/739 263/725/725 175/726/726
f 201/727/727 209/728/728 225/742/742
f 225/742/742 209/728/728 243/738/738
f 243/738/738 209/728/728 226/734/734
f 226/734/734 209/728/728 202/729/729
f 226/734/734 202/729/729 176/730/730
f 226/734/734 176/730/730 254/733/733
f 254/733/733 176/730/730 264/721/721
f 288/732/732 298/731/731 295/736/736
f 295/736/736 298/731/731 303/735/735
f 295/736/736 303/735/735 297/739/739
f 243/738/738 226/734/734 254/733/733
f 288/732/732 295/736/736 261/737/737
f 261/737/737 295/736/736 287/740/740
f 261/737/737 287/740/740 253/741/741
f 253/741/741 287/740/740 175/726/726
f 287/740/740 295/736/736 297/739/739
f 175/726/726 287/740/740 297/739/739
f 40/743/743 264/744/744 44/747/747
f 44/747/747 264/744/744 143/746/746
f 143/746/746 264/744/744 176/745/745
f 203/759/759 177/748/748 194/764/764
f 194/764/764 177/748/748 171/749/749
f 194/764/764 171/749/749 188/763/763
f 188/763/763 171/749/749 168/762/762
f 188/763/763 168/762/762 196/766/766
f 196/766/766 168/762/762 174/765/765
f 196/766/766 174/765/765 186/769/769
f 186/769/769 174/765/765 166/770/770
f 186/769/769 166/770/770 172/755/755
f 172/755/755 166/770/770 152/754/754
f 152/754/754 166/770/770 136/771/771
f 152/754/754 136/771/771 75/753/753
f 75/753/753 136/771/771 142/761/761
f 75/753/753 142/761/761 74/752/752
f 74/752/752 142/761/761 140/760/760
f 74/752/752 140/760/760 73/751/751
f 73/751/751 140/760/760 151/750/750
f 151/750/750 140/760/760 168/762/762
f 151/750/750 168/762/762 171/749/749
f 186/769/769 172/755/755 190/768/768
f 190/768/768 172/755/755 178/756/756
f 190/768/768 178/756/756 204/757/757
f 190/768/768 204/757/757 206/767/767
f 206/767/767 204/757/757 210/758/758
f 206/767/767 210/758/758 194/764/764
f 194/764/764 210/758/758 203/759/759
f 174/765/765 168/762/762 140/760/760
f 206/767/767 194/764/764 188/763/763
f 206/767/767 188/763/763 196/766/766
f 166/770/770 174/765/765 142/761/761
f 142/761/761 174/765/765 140/760/760
f 136/771/771 166/770/770 142/761/761
f 190/768/768 206/767/767 196/766/766
f 190/768/768 196/766/766 186/769/769
f 146/784/784 45/772/772 116/788/788
f 116/788/788 45/772/772 49/773/773
f 116/788/788 49/773/773 118/787/787
f 118/787/787 49/773/773 114/786/786
f 118/787/787 114/786/786 154/793/793
f 154/793/793 114/786/786 148/792/792
f 154/793/793 148/792/792 171/782/782
f 171/782/782 148/792/792 151/781/781
f 151/781/781 148/792/792 120/791/791
f 151/781/781 120/791/791 73/780/780
f 73/780/780 120/791/791 72/779/779
f 72/779/779 120/791/791 110/785/785
f 72/779/779 110/785/785 71/778/778
f 71/778/778 110/785/785 70/777/777
f 70/777/777 110/785/785 104/790/790
f 70/777/777 104/790/790 68/775/775
f 68/775/775 104/790/790 53/774/774
f 53/774/774 104/790/790 102/789/789
f 53/774/774 102/789/789 49/773/773
f 49/773/773 102/789/789 114/786/786
f 68/775/775 69/776/776 70/777/777
f 154/793/793 171/782/782 156/794/794
f 156/794/794 171/782/782 177/783/783
f 156/794/794 177/783/783 146/784/784
f 156/794/794 146/784/784 116/788/788
f 102/789/789 104/790/790 114/786/786
f 114/786/786 104/790/790 110/785/785
f 114/786/786 110/785/785 148/792/792
f 148/792/792 110/785/785 120/791/791
f 156/794/794 116/788/788 118/787/787
f 156/794/794 118/787/787 154/793/793
f 79/795/795 80/796/796 78/807/807
f 78/807/807 80/796/796 106/810/810
f 78/807/807 106/810/810 77/806/806
f 77/806/806 106/810/810 112/814/814
f 77/806/806 112/814/814 76/805/805
f 76/805/805 112/814/814 75/804/804
f 75/804/804 112/814/814 152/803/803
f 152/803/803 112/814/814 122/813/813
f 152/803/803 122/813/813 172/802/802
f 172/802/802 122/813/813 130/812/812
f 172/802/802 130/812/812 128/811/811
f 128/811/811 130/812/812 100/808/808
f 128/811/811 100/808/808 46/799/799
f 46/799/799 100/808/808 50/798/798
f 50/798/798 100/808/808 108/809/809
f 50/798/798 108/809/809 54/797/797
f 54/797/797 108/809/809 106/810/810
f 54/797/797 106/810/810 80/796/796
f 46/799/799 144/800/800 128/811/811
f 128/811/811 144/800/800 172/802/802
f 144/800/800 178/801/801 172/802/802
f 112/814/814 106/810/810 108/809/809
f 130/812/812 122/813/813 100/808/808
f 100/808/808 122/813/813 108/809/809
f 122/813/813 112/814/814 108/809/809
f 308/816/816 300/825/825 266/815/815
f 266/815/815 300/825/825 290/826/826
f 266/815/815 290/826/826 256/827/827
f 256/827/827 290/826/826 262/831/831
f 256/827/827 262/831/831 244/832/832
f 244/832/832 262/831/831 255/835/835
f 244/832/832 255/835/835 227/836/836
f 227/836/836 255/835/835 177/820/820
f 227/836/836 177/820/820 203/821/821
f 300/825/825 308/816/816 304/829/829
f 304/829/829 308/816/816 322/817/817
f 304/829/829 322/817/817 307/818/818
f 304/829/829 307/818/818 299/833/833
f 299/833/833 307/818/818 265/819/819
f 299/833/833 265/819/819 177/820/820
f 203/821/821 210/822/822 227/836/836
f 227/836/836 210/822/822 244/832/832
f 244/832/832 210/822/822 228/828/828
f 228/828/828 210/822/822 204/823/823
f 228/828/828 204/823/823 178/824/824
f 228/828/828 178/824/824 256/827/827
f 256/827/827 178/824/824 266/815/815
f 290/826/826 300/825/825 296/830/830
f 296/830/830 300/825/825 304/829/829
f 296/830/830 304/829/829 299/833/833
f 244/832/832 228/828/828 256/827/827
f 290/826/826 296/830/830 262/831/831
f 262/831/831 296/830/830 289/834/834
f 262/831/831 289/834/834 255/835/835
f 255/835/835 289/834/834 177/820/820
f 289/834/834 296/830/830 299/833/833
f 177/820/820 289/834/834 299/833/833
f 42/837/837 266/838/838 46/841/841
f 46/841/841 266/838/838 144/840/840
f 144/840/840 266/838/838 178/839/839
f 753/842/842 705/843/843 755/845/845
f 755/845/845 705/843/843 724/844/844
f 673/847/847 683/854/854 705/846/846
f 705/846/846 683/854/854 707/855/855
f 705/846/846 707/855/855 709/856/856
f 709/856/856 707/855/855 710/860/860
f 709/856/856 710/860/860 716/861/861
f 716/861/861 710/860/860 725/850/850
f 716/861/861 725/850/850 718/851/851
f 683/854/854 673/847/847 684/858/858
f 684/858/858 673/847/847 674/848/848
f 684/858/858 674/848/848 706/849/849
f 706/849/849 725/850/850 684/858/858
f 684/858/858 725/850/850 708/859/859
f 684/858/858 708/859/859 683/854/854
f 683/854/854 708/859/859 707/855/855
f 716/861/861 718/851/851 715/857/857
f 715/857/857 718/851/851 717/852/852
f 715/857/857 717/852/852 724/853/853
f 715/857/857 724/853/853 709/856/856
f 709/856/856 724/853/853 705/846/846
f 710/860/860 707/855/855 708/859/859
f 716/861/861 715/857/857 709/856/856
f 725/850/850 710/860/860 708/859/859
f 754/863/863 756/864/864 706/862/862
f 706/862/862 756/864/864 725/865/865
f 549/866/866 458/867/867 468/869/869
f 468/869/869 458/867/867 444/868/868
f 588/871/871 583/878/878 608/870/870
f 608/870/870 583/878/878 581/879/879
f 608/870/870 581/879/879 575/880/880
f 575/880/880 581/879/879 552/884/884
f 575/880/880 552/884/884 547/885/885
f 547/885/885 552/884/884 468/874/874
f 547/885/885 468/874/874 539/875/875
f 583/878/878 588/871/871 562/882/882
f 562/882/882 588/871/871 566/872/872
f 562/882/882 566/872/872 549/873/873
f 562/882/882 549/873/873 559/883/883
f 559/883/883 549/873/873 468/874/874
f 559/883/883 468/874/874 552/884/884
f 547/885/885 539/875/875 572/881/881
f 572/881/881 539/875/875 568/876/876
f 572/881/881 568/876/876 601/877/877
f 601/877/877 608/870/870 572/881/881
f 572/881/881 608/870/870 575/880/880
f 572/881/881 575/880/880 547/885/885
f 562/882/882 559/883/883 583/878/878
f 583/878/878 559/883/883 581/879/879
f 559/883/883 552/884/884 581/879/879
f 608/887/887 601/888/888 626/886/886
f 626/886/886 601/888/888 645/889/889
f 645/890/890 601/891/891 644/893/893
f 644/893/893 601/891/891 600/892/892
f 600/910/910 600/894/894 599/907/907
f 599/907/907 600/894/894 601/895/895
f 599/907/907 601/895/895 596/906/906
f 596/906/906 601/895/895 593/905/905
f 593/905/905 601/895/895 592/904/904
f 592/904/904 601/895/895 585/903/903
f 585/903/903 601/895/895 574/902/902
f 574/902/902 601/895/895 568/896/896
f 574/902/902 568/896/896 558/901/901
f 558/901/901 568/896/896 539/897/897
f 558/901/901 539/897/897 512/900/900
f 512/900/900 539/897/897 468/898/898
f 512/900/900 468/898/898 467/899/899
f 597/908/908 600/909/909 599/907/907
f 599/907/907 600/909/909 600/910/910
f 468/911/911 444/912/912 467/916/916
f 467/916/916 444/912/912 441/913/913
f 467/916/916 441/913/913 466/914/914
f 466/914/914 519/915/915 467/916/916
f 647/917/917 607/918/918 627/920/920
f 627/920/920 607/918/918 609/919/919
f 571/922/922 573/929/929 607/921/921
f 607/921/921 573/929/929 576/930/930
f 607/921/921 576/930/930 582/931/931
f 582/931/931 576/930/930 560/935/935
f 582/931/931 560/935/935 563/936/936
f 563/936/936 560/935/935 550/925/925
f 563/936/936 550/925/925 567/926/926
f 573/929/929 571/922/922 548/933/933
f 548/933/933 571/922/922 542/923/923
f 548/933/933 542/923/923 475/924/924
f 475/924/924 550/925/925 548/933/933
f 548/933/933 550/925/925 553/934/934
f 548/933/933 553/934/934 573/929/929
f 573/929/929 553/934/934 576/930/930
f 563/936/936 567/926/926 584/932/932
f 584/932/932 567/926/926 589/927/927
f 584/932/932 589/927/927 609/928/928
f 584/932/932 609/928/928 582/931/931
f 582/931/931 609/928/928 607/921/921
f 560/935/935 576/930/930 553/934/934
f 563/936/936 584/932/932 582/931/931
f 550/925/925 560/935/935 553/934/934
f 447/938/938 459/939/939 475/937/937
f 475/937/937 459/939/939 550/940/940
f 39/942/942 43/943/943 263/941/941
f 263/941/941 43/943/943 145/944/944
f 263/941/941 145/944/944 175/945/945
f 41/947/947 45/948/948 265/946/946
f 265/946/946 45/948/948 146/949/949
f 265/946/946 146/949/949 177/950/950
f 445/952/952 437/953/953 444/951/951
f 444/951/951 437/953/953 435/972/972
f 444/951/951 435/972/972 441/973/973
f 437/953/953 427/954/954 435/972/972
f 435/972/972 427/954/954 425/971/971
f 425/971/971 427/954/954 417/955/955
f 425/971/971 417/955/955 415/970/970
f 415/970/970 417/955/955 409/956/956
f 415/970/970 409/956/956 407/969/969
f 407/969/969 409/956/956 403/957/957
f 407/969/969 403/957/957 401/968/968
f 401/968/968 403/957/957 333/958/958
f 401/968/968 333/958/958 331/967/967
f 331/967/967 333/958/958 293/959/959
f 331/967/967 293/959/959 291/966/966
f 291/966/966 293/959/959 181/960/960
f 291/966/966 181/960/960 179/965/965
f 179/965/965 181/960/960 125/961/961
f 179/965/965 125/961/961 123/964/964
f 123/964/964 125/961/961 29/963/963
f 29/963/963 125/961/961 97/962/962
f 616/975/975 646/982/982 554/974/974
f 554/974/974 646/982/982 445/983/983
f 554/974/974 445/983/983 478/989/989
f 478/989/989 445/983/983 464/988/988
f 464/988/988 445/983/983 462/987/987
f 462/987/987 445/983/983 460/986/986
f 460/986/986 445/983/983 458/985/985
f 458/985/985 445/983/983 444/984/984
f 616/975/975 618/976/976 646/982/982
f 646/982/982 618/976/976 620/977/977
f 646/982/982 620/977/977 622/978/978
f 622/978/978 624/979/979 646/982/982
f 646/982/982 624/979/979 626/980/980
f 646/982/982 626/980/980 645/981/981
f 761/1005/1005 763/990/990 765/999/999
f 765/999/999 763/990/990 764/991/991
f 765/999/999 764/991/991 766/998/998
f 766/998/998 764/991/991 762/992/992
f 766/998/998 762/992/992 760/993/993
f 760/993/993 758/994/994 766/998/998
f 766/998/998 758/994/994 756/995/995
f 766/998/998 756/995/995 754/996/996
f 754/996/996 752/997/997 766/998/998
f 751/1000/1000 753/1001/1001 765/999/999
f 765/999/999 753/1001/1001 755/1002/1002
f 765/999/999 755/1002/1002 757/1003/1003
f 757/1003/1003 759/1004/1004 765/999/999
f 765/999/999 759/1004/1004 761/1005/1005
f 619/1023/1023 617/1006/1006 650/1016/1016
f 650/1016/1016 617/1006/1006 555/1007/1007
f 650/1016/1016 555/1007/1007 446/1015/1015
f 446/1015/1015 555/1007/1007 479/1008/1008
f 446/1015/1015 479/1008/1008 465/1009/1009
f 465/1009/1009 463/1010/1010 446/1015/1015
f 446/1015/1015 463/1010/1010 461/1011/1011
f 446/1015/1015 461/1011/1011 459/1012/1012
f 459/1012/1012 447/1013/1013 446/1015/1015
f 446/1015/1015 447/1013/1013 443/1014/1014
f 649/1017/1017 647/1018/1018 650/1016/1016
f 650/1016/1016 647/1018/1018 627/1019/1019
f 650/1016/1016 627/1019/1019 625/1020/1020
f 625/1020/1020 623/1021/1021 650/1016/1016
f 650/1016/1016 623/1021/1021 621/1022/1022
f 650/1016/1016 621/1022/1022 619/1023/1023
f 32/1077/1077 31/1024/1024 37/1076/1076
f 37/1076/1076 31/1024/1024 36/1025/1025
f 37/1076/1076 36/1025/1025 41/1075/1075
f 41/1075/1075 36/1025/1025 40/1026/1026
f 41/1075/1075 40/1026/1026 82/1083/1083
f 82/1083/1083 40/1026/1026 81/1082/1082
f 81/1082/1082 40/1026/1026 44/1027/1027
f 81/1082/1082 44/1027/1027 83/1081/1081
f 83/1081/1081 44/1027/1027 85/1080/1080
f 85/1080/1080 44/1027/1027 87/1079/1079
f 87/1079/1079 44/1027/1027 48/1028/1028
f 87/1079/1079 48/1028/1028 89/1078/1078
f 89/1078/1078 48/1028/1028 52/1029/1029
f 89/1078/1078 52/1029/1029 67/1030/1030
f 67/1030/1030 66/1031/1031 89/1078/1078
f 89/1078/1078 66/1031/1031 65/1032/1032
f 89/1078/1078 65/1032/1032 64/1033/1033
f 64/1033/1033 63/1034/1034 89/1078/1078
f 89/1078/1078 63/1034/1034 91/1093/1093
f 91/1093/1093 63/1034/1034 62/1035/1035
f 91/1093/1093 62/1035/1035 61/1036/1036
f 91/1093/1093 61/1036/1036 97/1050/1050
f 97/1050/1050 61/1036/1036 60/1037/1037
f 97/1050/1050 60/1037/1037 59/1038/1038
f 59/1038/1038 58/1039/1039 97/1050/1050
f 97/1050/1050 58/1039/1039 57/1040/1040
f 97/1050/1050 57/1040/1040 56/1041/1041
f 56/1041/1041 55/1042/1042 97/1050/1050
f 97/1050/1050 55/1042/1042 51/1043/1043
f 97/1050/1050 51/1043/1043 47/1044/1044
f 47/1044/1044 43/1045/1045 97/1050/1050
f 97/1050/1050 43/1045/1045 39/1046/1046
f 97/1050/1050 39/1046/1046 35/1047/1047
f 30/1048/1048 29/1049/1049 35/1047/1047
f 35/1047/1047 29/1049/1049 97/1050/1050
f 98/1051/1051 95/1091/1091 97/1050/1050
f 97/1050/1050 95/1091/1091 93/1092/1092
f 97/1050/1050 93/1092/1092 91/1093/1093
f 34/1052/1052 38/1054/1054 98/1051/1051
f 98/1051/1051 38/1054/1054 42/1055/1055
f 98/1051/1051 42/1055/1055 46/1056/1056
f 34/1052/1052 33/1053/1053 38/1054/1054
f 46/1056/1056 50/1057/1057 98/1051/1051
f 98/1051/1051 50/1057/1057 54/1058/1058
f 98/1051/1051 54/1058/1058 80/1059/1059
f 80/1059/1059 79/1060/1060 98/1051/1051
f 98/1051/1051 79/1060/1060 78/1061/1061
f 98/1051/1051 78/1061/1061 77/1062/1062
f 77/1062/1062 76/1063/1063 98/1051/1051
f 98/1051/1051 76/1063/1063 75/1064/1064
f 98/1051/1051 75/1064/1064 74/1065/1065
f 98/1051/1051 74/1065/1065 92/1088/1088
f 92/1088/1088 74/1065/1065 73/1066/1066
f 92/1088/1088 73/1066/1066 72/1067/1067
f 92/1088/1088 72/1067/1067 90/1087/1087
f 90/1087/1087 72/1067/1067 71/1068/1068
f 90/1087/1087 71/1068/1068 70/1069/1069
f 70/1069/1069 69/1070/1070 90/1087/1087
f 90/1087/1087 69/1070/1070 68/1071/1071
f 90/1087/1087 68/1071/1071 53/1072/1072
f 53/1072/1072 49/1073/1073 90/1087/1087
f 90/1087/1087 49/1073/1073 88/1086/1086
f 88/1086/1086 49/1073/1073 45/1074/1074
f 88/1086/1086 45/1074/1074 86/1085/1085
f 86/1085/1085 45/1074/1074 84/1084/1084
f 84/1084/1084 45/1074/1074 82/1083/1083
f 82/1083/1083 45/1074/1074 41/1075/1075
f 92/1088/1088 94/1089/1089 98/1051/1051
f 98/1051/1051 94/1089/1089 96/1090/1090
f 98/1051/1051 96/1090/1090 95/1091/1091
f 446/1094/1094 443/1095/1095 438/1116/1116
f 438/1116/1116 443/1095/1095 436/1097/1097
f 438/1116/1116 436/1097/1097 426/1098/1098
f 443/1095/1095 442/1096/1096 436/1097/1097
f 438/1116/1116 426/1098/1098 428/1115/1115
f 428/1115/1115 426/1098/1098 416/1099/1099
f 428/1115/1115 416/1099/1099 418/1114/1114
f 418/1114/1114 416/1099/1099 408/1100/1100
f 418/1114/1114 408/1100/1100 410/1113/1113
f 410/1113/1113 408/1100/1100 402/1101/1101
f 410/1113/1113 402/1101/1101 404/1112/1112
f 404/1112/1112 402/1101/1101 332/1102/1102
f 404/1112/1112 332/1102/1102 334/1111/1111
f 334/1111/1111 332/1102/1102 292/1103/1103
f 334/1111/1111 292/1103/1103 294/1110/1110
f 294/1110/1110 292/1103/1103 180/1104/1104
f 294/1110/1110 180/1104/1104 182/1109/1109
f 182/1109/1109 180/1104/1104 124/1105/1105
f 182/1109/1109 124/1105/1105 126/1108/1108
f 126/1108/1108 124/1105/1105 98/1107/1107
f 98/1107/1107 124/1105/1105 34/1106/1106
f 766/1117/1117 752/1118/1118 748/1130/1130
f 748/1130/1130 752/1118/1118 747/1120/1120
f 748/1130/1130 747/1120/1120 736/1129/1129
f 736/1129/1129 747/1120/1120 735/1121/1121
f 736/1129/1129 735/1121/1121 723/1128/1128
f 723/1128/1128 735/1121/1121 722/1122/1122
f 723/1128/1128 722/1122/1122 689/1127/1127
f 689/1127/1127 722/1122/1122 688/1123/1123
f 689/1127/1127 688/1123/1123 649/1125/1125
f 649/1125/1125 688/1123/1123 648/1124/1124
f 752/1118/1118 750/1119/1119 747/1120/1120
f 649/1125/1125 650/1126/1126 689/1127/1127
f 646/1131/1131 645/1132/1132 687/1144/1144
f 687/1144/1144 645/1132/1132 686/1134/1134
f 687/1144/1144 686/1134/1134 721/1143/1143
f 721/1143/1143 686/1134/1134 720/1135/1135
f 721/1143/1143 720/1135/1135 734/1142/1142
f 734/1142/1142 720/1135/1135 733/1136/1136
f 734/1142/1142 733/1136/1136 746/1141/1141
f 746/1141/1141 733/1136/1136 745/1137/1137
f 746/1141/1141 745/1137/1137 751/1139/1139
f 751/1139/1139 745/1137/1137 749/1138/1138
f 645/1132/1132 644/1133/1133 686/1134/1134
f 751/1139/1139 765/1140/1140 746/1141/1141
f 82/1152/1152 212/1145/1145 84/1151/1151
f 84/1151/1151 212/1145/1145 214/1146/1146
f 84/1151/1151 214/1146/1146 86/1150/1150
f 86/1150/1150 214/1146/1146 216/1147/1147
f 86/1150/1150 216/1147/1147 88/1149/1149
f 88/1149/1149 216/1147/1147 218/1148/1148
f 212/1160/1160 211/1153/1153 234/1159/1159
f 234/1159/1159 211/1153/1153 233/1154/1154
f 234/1159/1159 233/1154/1154 248/1158/1158
f 248/1158/1158 233/1154/1154 247/1155/1155
f 248/1158/1158 247/1155/1155 258/1157/1157
f 258/1157/1157 247/1155/1155 257/1156/1156
f 87/1168/1168 217/1161/1161 85/1167/1167
f 85/1167/1167 217/1161/1161 215/1162/1162
f 85/1167/1167 215/1162/1162 83/1166/1166
f 83/1166/1166 215/1162/1162 213/1163/1163
f 83/1166/1166 213/1163/1163 81/1165/1165
f 81/1165/1165 213/1163/1163 211/1164/1164
f 213/1170/1170 221/1181/1181 211/1169/1169
f 211/1169/1169 221/1181/1181 239/1180/1180
f 211/1169/1169 239/1180/1180 233/1177/1177
f 233/1177/1177 239/1180/1180 247/1176/1176
f 247/1176/1176 239/1180/1180 245/1179/1179
f 247/1176/1176 245/1179/1179 257/1175/1175
f 257/1175/1175 245/1179/1179 249/1174/1174
f 249/1174/1174 245/1179/1179 229/1178/1178
f 249/1174/1174 229/1178/1178 235/1173/1173
f 235/1173/1173 229/1178/1178 217/1172/1172
f 217/1172/1172 229/1178/1178 215/1171/1171
f 215/1171/1171 229/1178/1178 221/1181/1181
f 215/1171/1171 221/1181/1181 213/1170/1170
f 221/1181/1181 229/1178/1178 239/1180/1180
f 239/1180/1180 229/1178/1178 245/1179/1179
f 234/1183/1183 240/1194/1194 212/1182/1182
f 212/1182/1182 240/1194/1194 222/1193/1193
f 212/1182/1182 222/1193/1193 214/1190/1190
f 214/1190/1190 222/1193/1193 216/1189/1189
f 216/1189/1189 222/1193/1193 230/1192/1192
f 216/1189/1189 230/1192/1192 218/1188/1188
f 218/1188/1188 230/1192/1192 236/1187/1187
f 236/1187/1187 230/1192/1192 246/1191/1191
f 236/1187/1187 246/1191/1191 250/1186/1186
f 250/1186/1186 246/1191/1191 258/1185/1185
f 258/1185/1185 246/1191/1191 248/1184/1184
f 248/1184/1184 246/1191/1191 240/1194/1194
f 248/1184/1184 240/1194/1194 234/1183/1183
f 240/1194/1194 246/1191/1191 222/1193/1193
f 222/1193/1193 246/1191/1191 230/1192/1192
f 218/1196/1196 220/1197/1197 88/1195/1195
f 88/1195/1195 220/1197/1197 184/1199/1199
f 88/1195/1195 184/1199/1199 158/1200/1200
f 220/1197/1197 208/1198/1198 184/1199/1199
f 158/1200/1200 90/1201/1201 88/1195/1195
f 220/1209/1209 218/1202/1202 238/1208/1208
f 238/1208/1208 218/1202/1202 236/1203/1203
f 238/1208/1208 236/1203/1203 252/1207/1207
f 252/1207/1207 236/1203/1203 250/1204/1204
f 252/1207/1207 250/1204/1204 260/1206/1206
f 260/1206/1206 250/1204/1204 258/1205/1205
f 258/1210/1210 257/1211/1211 260/1213/1213
f 260/1213/1213 257/1211/1211 259/1212/1212
f 259/1221/1221 257/1214/1214 251/1220/1220
f 251/1220/1220 257/1214/1214 249/1215/1215
f 251/1220/1220 249/1215/1215 237/1219/1219
f 237/1219/1219 249/1215/1215 235/1216/1216
f 237/1219/1219 235/1216/1216 219/1218/1218
f 219/1218/1218 235/1216/1216 217/1217/1217
f 217/1222/1222 87/1223/1223 219/1228/1228
f 219/1228/1228 87/1223/1223 183/1226/1226
f 219/1228/1228 183/1226/1226 207/1227/1227
f 89/1224/1224 157/1225/1225 87/1223/1223
f 87/1223/1223 157/1225/1225 183/1226/1226
f 95/1236/1236 163/1229/1229 93/1235/1235
f 93/1235/1235 163/1229/1229 161/1230/1230
f 93/1235/1235 161/1230/1230 91/1234/1234
f 91/1234/1234 161/1230/1230 159/1231/1231
f 91/1234/1234 159/1231/1231 89/1233/1233
f 89/1233/1233 159/1231/1231 157/1232/1232
f 259/1237/1237 251/1238/1238 241/1248/1248
f 241/1248/1248 251/1238/1238 231/1250/1250
f 241/1248/1248 231/1250/1250 199/1247/1247
f 199/1247/1247 231/1250/1250 197/1252/1252
f 199/1247/1247 197/1252/1252 163/1246/1246
f 163/1246/1246 197/1252/1252 161/1245/1245
f 161/1245/1245 197/1252/1252 191/1251/1251
f 161/1245/1245 191/1251/1251 159/1244/1244
f 159/1244/1244 191/1251/1251 183/1242/1242
f 159/1244/1244 183/1242/1242 157/1243/1243
f 251/1238/1238 237/1239/1239 231/1250/1250
f 231/1250/1250 237/1239/1239 223/1249/1249
f 231/1250/1250 223/1249/1249 197/1252/1252
f 197/1252/1252 223/1249/1249 191/1251/1251
f 237/1239/1239 219/1240/1240 223/1249/1249
f 223/1249/1249 219/1240/1240 207/1241/1241
f 223/1249/1249 207/1241/1241 191/1251/1251
f 191/1251/1251 207/1241/1241 183/1242/1242
f 82/1254/1254 81/1255/1255 212/1253/1253
f 212/1253/1253 81/1255/1255 211/1256/1256
f 260/1264/1264 259/1257/1257 242/1263/1263
f 242/1263/1263 259/1257/1257 241/1258/1258
f 242/1263/1263 241/1258/1258 200/1262/1262
f 200/1262/1262 241/1258/1258 199/1259/1259
f 200/1262/1262 199/1259/1259 164/1261/1261
f 164/1261/1261 199/1259/1259 163/1260/1260
f 95/1266/1266 96/1267/1267 163/1265/1265
f 163/1265/1265 96/1267/1267 164/1268/1268
f 164/1269/1269 162/1270/1270 200/1280/1280
f 200/1280/1280 162/1270/1270 198/1282/1282
f 200/1280/1280 198/1282/1282 242/1279/1279
f 242/1279/1279 198/1282/1282 232/1284/1284
f 242/1279/1279 232/1284/1284 260/1278/1278
f 260/1278/1278 232/1284/1284 252/1277/1277
f 252/1277/1277 232/1284/1284 224/1283/1283
f 252/1277/1277 224/1283/1283 238/1276/1276
f 238/1276/1276 224/1283/1283 208/1274/1274
f 238/1276/1276 208/1274/1274 220/1275/1275
f 162/1270/1270 160/1271/1271 198/1282/1282
f 198/1282/1282 160/1271/1271 192/1281/1281
f 198/1282/1282 192/1281/1281 232/1284/1284
f 232/1284/1284 192/1281/1281 224/1283/1283
f 160/1271/1271 158/1272/1272 192/1281/1281
f 192/1281/1281 158/1272/1272 184/1273/1273
f 192/1281/1281 184/1273/1273 224/1283/1283
f 224/1283/1283 184/1273/1273 208/1274/1274
f 164/1292/1292 96/1285/1285 162/1291/1291
f 162/1291/1291 96/1285/1285 94/1286/1286
f 162/1291/1291 94/1286/1286 160/1290/1290
f 160/1290/1290 94/1286/1286 92/1287/1287
f 160/1290/1290 92/1287/1287 158/1289/1289
f 158/1289/1289 92/1287/1287 90/1288/1288
f 13/1294/1294 3/1331/1331 14/1293/1293
f 14/1293/1293 3/1331/1331 4/1332/1332
f 14/1293/1293 4/1332/1332 8/1333/1333
f 3/1331/1331 13/1294/1294 7/1370/1370
f 7/1370/1370 13/1294/1294 15/1295/1295
f 7/1370/1370 15/1295/1295 11/1369/1369
f 11/1369/1369 15/1295/1295 21/1296/1296
f 11/1369/1369 21/1296/1296 19/1368/1368
f 19/1368/1368 21/1296/1296 27/1297/1297
f 19/1368/1368 27/1297/1297 25/1367/1367
f 25/1367/1367 27/1297/1297 131/1298/1298
f 25/1367/1367 131/1298/1298 137/1366/1366
f 137/1366/1366 131/1298/1298 301/1299/1299
f 137/1366/1366 301/1299/1299 319/1365/1365
f 319/1365/1365 301/1299/1299 379/1300/1300
f 319/1365/1365 379/1300/1300 399/1364/1364
f 399/1364/1364 379/1300/1300 405/1301/1301
f 399/1364/1364 405/1301/1301 413/1363/1363
f 413/1363/1363 405/1301/1301 419/1302/1302
f 413/1363/1363 419/1302/1302 423/1362/1362
f 423/1362/1362 419/1302/1302 430/1303/1303
f 423/1362/1362 430/1303/1303 433/1361/1361
f 433/1361/1361 430/1303/1303 439/1304/1304
f 433/1361/1361 439/1304/1304 450/1360/1360
f 450/1360/1360 439/1304/1304 452/1305/1305
f 450/1360/1360 452/1305/1305 456/1359/1359
f 456/1359/1359 452/1305/1305 685/1306/1306
f 456/1359/1359 685/1306/1306 712/1358/1358
f 712/1358/1358 685/1306/1306 729/1307/1307
f 712/1358/1358 729/1307/1307 742/1357/1357
f 742/1357/1357 729/1307/1307 767/1308/1308
f 742/1357/1357 767/1308/1308 770/1356/1356
f 770/1356/1356 767/1308/1308 773/1309/1309
f 770/1356/1356 773/1309/1309 778/1355/1355
f 778/1355/1355 773/1309/1309 775/1310/1310
f 778/1355/1355 775/1310/1310 786/1354/1354
f 786/1354/1354 775/1310/1310 781/1311/1311
f 786/1354/1354 781/1311/1311 791/1353/1353
f 791/1353/1353 781/1311/1311 783/1312/1312
f 791/1353/1353 783/1312/1312 795/1352/1352
f 795/1352/1352 783/1312/1312 784/1313/1313
f 795/1352/1352 784/1313/1313 796/1351/1351
f 796/1351/1351 784/1313/1313 792/1350/1350
f 792/1350/1350 784/1313/1313 782/1314/1314
f 792/1350/1350 782/1314/1314 788/1349/1349
f 788/1349/1349 782/1314/1314 776/1315/1315
f 788/1349/1349 776/1315/1315 780/1348/1348
f 780/1348/1348 776/1315/1315 774/1316/1316
f 780/1348/1348 774/1316/1316 772/1347/1347
f 772/1347/1347 774/1316/1316 768/1317/1317
f 772/1347/1347 768/1317/1317 744/1346/1346
f 744/1346/1346 768/1317/1317 730/1318/1318
f 744/1346/1346 730/1318/1318 714/1345/1345
f 714/1345/1345 730/1318/1318 690/1319/1319
f 714/1345/1345 690/1319/1319 457/1344/1344
f 457/1344/1344 690/1319/1319 453/1320/1320
f 457/1344/1344 453/1320/1320 451/1343/1343
f 451/1343/1343 453/1320/1320 440/1321/1321
f 451/1343/1343 440/1321/1321 434/1342/1342
f 434/1342/1342 440/1321/1321 429/1322/1322
f 434/1342/1342 429/1322/1322 424/1341/1341
f 424/1341/1341 429/1322/1322 420/1323/1323
f 424/1341/1341 420/1323/1323 414/1340/1340
f 414/1340/1340 420/1323/1323 406/1324/1324
f 414/1340/1340 406/1324/1324 400/1339/1339
f 400/1339/1339 406/1324/1324 380/1325/1325
f 400/1339/1339 380/1325/1325 320/1338/1338
f 320/1338/1338 380/1325/1325 302/1326/1326
f 320/1338/1338 302/1326/1326 138/1337/1337
f 138/1337/1337 302/1326/1326 132/1327/1327
f 138/1337/1337 132/1327/1327 26/1336/1336
f 26/1336/1336 132/1327/1327 28/1328/1328
f 26/1336/1336 28/1328/1328 20/1335/1335
f 20/1335/1335 28/1328/1328 22/1329/1329
f 20/1335/1335 22/1329/1329 12/1334/1334
f 12/1334/1334 22/1329/1329 16/1330/1330
f 12/1334/1334 16/1330/1330 8/1333/1333
f 8/1333/1333 16/1330/1330 14/1293/1293
f 685/1371/1371 667/1372/1372 729/1384/1384
f 729/1384/1384 667/1372/1372 687/1374/1374
f 729/1384/1384 687/1374/1374 767/1383/1383
f 767/1383/1383 687/1374/1374 721/1375/1375
f 767/1383/1383 721/1375/1375 773/1382/1382
f 773/1382/1382 721/1375/1375 734/1376/1376
f 773/1382/1382 734/1376/1376 775/1381/1381
f 775/1381/1381 734/1376/1376 746/1377/1377
f 775/1381/1381 746/1377/1377 781/1380/1380
f 781/1380/1380 746/1377/1377 765/1378/1378
f 781/1380/1380 765/1378/1378 783/1379/1379
f 667/1372/1372 646/1373/1373 687/1374/1374
f 784/1386/1386 783/1387/1387 766/1385/1385
f 766/1385/1385 783/1387/1387 765/1388/1388
f 650/1389/1389 668/1390/1390 689/1402/1402
f 689/1402/1402 668/1390/1390 730/1392/1392
f 689/1402/1402 730/1392/1392 768/1393/1393
f 668/1390/1390 690/1391/1391 730/1392/1392
f 689/1402/1402 768/1393/1393 723/1401/1401
f 723/1401/1401 768/1393/1393 774/1394/1394
f 723/1401/1401 774/1394/1394 736/1400/1400
f 736/1400/1400 774/1394/1394 776/1395/1395
f 736/1400/1400 776/1395/1395 748/1399/1399
f 748/1399/1399 776/1395/1395 782/1396/1396
f 748/1399/1399 782/1396/1396 766/1398/1398
f 766/1398/1398 782/1396/1396 784/1397/1397
f 690/1403/1403 668/1404/1404 453/1407/1407
f 453/1407/1407 668/1404/1404 446/1406/1406
f 446/1406/1406 668/1404/1404 650/1405/1405
f 14/1409/1409 16/1410/1410 98/1408/1408
f 98/1408/1408 16/1410/1410 126/1430/1430
f 126/1430/1430 16/1410/1410 22/1411/1411
f 126/1430/1430 22/1411/1411 182/1429/1429
f 182/1429/1429 22/1411/1411 28/1412/1412
f 182/1429/1429 28/1412/1412 294/1428/1428
f 294/1428/1428 28/1412/1412 132/1413/1413
f 294/1428/1428 132/1413/1413 334/1427/1427
f 334/1427/1427 132/1413/1413 302/1414/1414
f 334/1427/1427 302/1414/1414 404/1426/1426
f 404/1426/1426 302/1414/1414 380/1415/1415
f 404/1426/1426 380/1415/1415 410/1425/1425
f 410/1425/1425 380/1415/1415 406/1416/1416
f 410/1425/1425 406/1416/1416 418/1424/1424
f 418/1424/1424 406/1416/1416 420/1417/1417
f 418/1424/1424 420/1417/1417 428/1423/1423
f 428/1423/1423 420/1417/1417 429/1418/1418
f 428/1423/1423 429/1418/1418 438/1422/1422
f 438/1422/1422 429/1418/1418 440/1419/1419
f 438/1422/1422 440/1419/1419 446/1421/1421
f 446/1421/1421 440/1419/1419 453/1420/1420
f 98/1431/1431 97/1432/1432 14/1434/1434
f 14/1434/1434 97/1432/1432 13/1433/1433
f 452/1436/1436 439/1437/1437 445/1435/1435
f 445/1435/1435 439/1437/1437 437/1457/1457
f 437/1457/1457 439/1437/1437 430/1438/1438
f 437/1457/1457 430/1438/1438 427/1456/1456
f 427/1456/1456 430/1438/1438 419/1439/1439
f 427/1456/1456 419/1439/1439 417/1455/1455
f 417/1455/1455 419/1439/1439 405/1440/1440
f 417/1455/1455 405/1440/1440 409/1454/1454
f 409/1454/1454 405/1440/1440 379/1441/1441
f 409/1454/1454 379/1441/1441 403/1453/1453
f 403/1453/1453 379/1441/1441 301/1442/1442
f 403/1453/1453 301/1442/1442 333/1452/1452
f 333/1452/1452 301/1442/1442 131/1443/1443
f 333/1452/1452 131/1443/1443 293/1451/1451
f 293/1451/1451 131/1443/1443 27/1444/1444
f 293/1451/1451 27/1444/1444 181/1450/1450
f 181/1450/1450 27/1444/1444 21/1445/1445
f 181/1450/1450 21/1445/1445 125/1449/1449
f 125/1449/1449 21/1445/1445 15/1446/1446
f 125/1449/1449 15/1446/1446 97/1448/1448
f 97/1448/1448 15/1446/1446 13/1447/1447
f 646/1458/1458 667/1459/1459 445/1462/1462
f 445/1462/1462 667/1459/1459 452/1461/1461
f 452/1461/1461 667/1459/1459 685/1460/1460
f 4/1463/1463 3/1464/1464 2/1466/1466
f 2/1466/1466 3/1464/1464 1/1465/1465
f 456/1492/1492 454/1467/1467 450/1491/1491
f 450/1491/1491 454/1467/1467 448/1468/1468
f 450/1491/1491 448/1468/1468 433/1490/1490
f 433/1490/1490 448/1468/1468 431/1469/1469
f 433/1490/1490 431/1469/1469 423/1489/1489
f 423/1489/1489 431/1469/1469 421/1470/1470
f 423/1489/1489 421/1470/1470 413/1488/1488
f 413/1488/1488 421/1470/1470 411/1471/1471
f 413/1488/1488 411/1471/1471 399/1487/1487
f 399/1487/1487 411/1471/1471 397/1472/1472
f 399/1487/1487 397/1472/1472 319/1486/1486
f 319/1486/1486 397/1472/1472 317/1473/1473
f 319/1486/1486 317/1473/1473 137/1485/1485
f 137/1485/1485 317/1473/1473 133/1474/1474
f 137/1485/1485 133/1474/1474 25/1484/1484
f 25/1484/1484 133/1474/1474 23/1475/1475
f 25/1484/1484 23/1475/1475 19/1483/1483
f 19/1483/1483 23/1475/1475 17/1476/1476
f 19/1483/1483 17/1476/1476 11/1482/1482
f 11/1482/1482 17/1476/1476 9/1477/1477
f 11/1482/1482 9/1477/1477 7/1481/1481
f 7/1481/1481 9/1477/1477 5/1478/1478
f 7/1481/1481 5/1478/1478 3/1480/1480
f 3/1480/1480 5/1478/1478 1/1479/1479
f 711/1493/1493 454/1494/1494 712/1496/1496
f 712/1496/1496 454/1494/1494 456/1495/1495
f 795/1510/1510 793/1497/1497 791/1509/1509
f 791/1509/1509 793/1497/1497 789/1498/1498
f 791/1509/1509 789/1498/1498 786/1508/1508
f 786/1508/1508 789/1498/1498 785/1499/1499
f 786/1508/1508 785/1499/1499 778/1507/1507
f 778/1507/1507 785/1499/1499 777/1500/1500
f 778/1507/1507 777/1500/1500 770/1506/1506
f 770/1506/1506 777/1500/1500 769/1501/1501
f 770/1506/1506 769/1501/1501 742/1505/1505
f 742/1505/1505 769/1501/1501 741/1502/1502
f 742/1505/1505 741/1502/1502 712/1504/1504
f 712/1504/1504 741/1502/1502 711/1503/1503
f 794/1511/1511 793/1512/1512 796/1514/1514
f 796/1514/1514 793/1512/1512 795/1513/1513
f 714/1528/1528 713/1515/1515 744/1527/1527
f 744/1527/1527 713/1515/1515 743/1516/1516
f 744/1527/1527 743/1516/1516 772/1526/1526
f 772/1526/1526 743/1516/1516 771/1517/1517
f 772/1526/1526 771/1517/1517 780/1525/1525
f 780/1525/1525 771/1517/1517 779/1518/1518
f 780/1525/1525 779/1518/1518 788/1524/1524
f 788/1524/1524 779/1518/1518 787/1519/1519
f 788/1524/1524 787/1519/1519 792/1523/1523
f 792/1523/1523 787/1519/1519 790/1520/1520
f 792/1523/1523 790/1520/1520 796/1522/1522
f 796/1522/1522 790/1520/1520 794/1521/1521
f 455/1529/1529 713/1530/1530 457/1532/1532
f 457/1532/1532 713/1530/1530 714/1531/1531
f 4/1558/1558 2/1533/1533 8/1557/1557
f 8/1557/1557 2/1533/1533 6/1534/1534
f 8/1557/1557 6/1534/1534 12/1556/1556
f 12/1556/1556 6/1534/1534 10/1535/1535
f 12/1556/1556 10/1535/1535 20/1555/1555
f 20/1555/1555 10/1535/1535 18/1536/1536
f 20/1555/1555 18/1536/1536 26/1554/1554
f 26/1554/1554 18/1536/1536 24/1537/1537
f 26/1554/1554 24/1537/1537 138/1553/1553
f 138/1553/1553 24/1537/1537 134/1538/1538
f 138/1553/1553 134/1538/1538 320/1552/1552
f 320/1552/1552 134/1538/1538 318/1539/1539
f 320/1552/1552 318/1539/1539 400/1551/1551
f 400/1551/1551 318/1539/1539 398/1540/1540
f 400/1551/1551 398/1540/1540 414/1550/1550
f 414/1550/1550 398/1540/1540 412/1541/1541
f 414/1550/1550 412/1541/1541 424/1549/1549
f 424/1549/1549 412/1541/1541 422/1542/1542
f 424/1549/1549 422/1542/1542 434/1548/1548
f 434/1548/1548 422/1542/1542 432/1543/1543
f 434/1548/1548 432/1543/1543 451/1547/1547
f 451/1547/1547 432/1543/1543 449/1544/1544
f 451/1547/1547 449/1544/1544 457/1546/1546
f 457/1546/1546 449/1544/1544 455/1545/1545
f 449/1560/1560 6/1570/1570 455/1559/1559
f 455/1559/1559 6/1570/1570 1/1572/1572
f 455/1559/1559 1/1572/1572 454/1584/1584
f 454/1584/1584 1/1572/1572 448/1583/1583
f 448/1583/1583 1/1572/1572 431/1582/1582
f 431/1582/1582 1/1572/1572 421/1581/1581
f 421/1581/1581 1/1572/1572 5/1573/1573
f 421/1581/1581 5/1573/1573 411/1580/1580
f 411/1580/1580 5/1573/1573 397/1579/1579
f 397/1579/1579 5/1573/1573 317/1578/1578
f 317/1578/1578 5/1573/1573 133/1577/1577
f 133/1577/1577 5/1573/1573 23/1576/1576
f 23/1576/1576 5/1573/1573 17/1575/1575
f 17/1575/1575 5/1573/1573 9/1574/1574
f 449/1560/1560 432/1561/1561 6/1570/1570
f 6/1570/1570 432/1561/1561 422/1562/1562
f 6/1570/1570 422/1562/1562 412/1563/1563
f 412/1563/1563 398/1564/1564 6/1570/1570
f 6/1570/1570 398/1564/1564 318/1565/1565
f 6/1570/1570 318/1565/1565 134/1566/1566
f 134/1566/1566 24/1567/1567 6/1570/1570
f 6/1570/1570 24/1567/1567 18/1568/1568
f 6/1570/1570 18/1568/1568 10/1569/1569
f 6/1570/1570 2/1571/1571 1/1572/1572
f 454/1584/1584 711/1585/1585 455/1559/1559
f 455/1559/1559 711/1585/1585 713/1598/1598
f 713/1598/1598 711/1585/1585 794/1592/1592
f 713/1598/1598 794/1592/1592 743/1597/1597
f 743/1597/1597 794/1592/1592 771/1596/1596
f 771/1596/1596 794/1592/1592 779/1595/1595
f 779/1595/1595 794/1592/1592 787/1594/1594
f 787/1594/1594 794/1592/1592 790/1593/1593
f 794/1592/1592 711/1585/1585 793/1591/1591
f 793/1591/1591 711/1585/1585 741/1586/1586
f 793/1591/1591 741/1586/1586 769/1587/1587
f 769/1587/1587 777/1588/1588 793/1591/1591
f 793/1591/1591 777/1588/1588 785/1589/1589
f 793/1591/1591 785/1589/1589 789/1590/1590
# 796 vertices
# 1598 texture params
# 1598 normals
# 1596 facets

# 1 groups
