# WaveFront *.obj file (generated by Autodesk ATF)

mtllib Standing_Chalk_holder_slide.mtl

g Solid1

v -0.565360 0.050000 -0.624956
v -0.565360 0.050000 -0.374956
v -0.561554 0.030866 -0.624956
v -0.561554 0.030866 -0.374956
v -0.561554 0.069134 -0.624956
v -0.561554 0.069134 -0.374956
v -0.559889 0.038874 -0.656984
v -0.559889 0.038874 -0.342928
v -0.559889 0.061126 -0.656984
v -0.559889 0.061126 -0.342928
v -0.550715 0.014645 -0.624956
v -0.550715 0.014645 -0.374956
v -0.550715 0.085355 -0.624956
v -0.550715 0.085355 -0.374956
v -0.550564 0.018826 -0.654485
v -0.550564 0.018826 -0.345427
v -0.550564 0.081174 -0.654485
v -0.550564 0.081174 -0.345427
v -0.547527 0.038874 -0.686829
v -0.547527 0.038874 -0.313083
v -0.547527 0.061126 -0.686829
v -0.547527 0.061126 -0.313083
v -0.539166 0.018826 -0.682002
v -0.539166 0.018826 -0.317910
v -0.539166 0.081174 -0.682002
v -0.539166 0.081174 -0.317910
v -0.534494 0.003806 -0.624956
v -0.534494 0.003806 -0.374956
v -0.534494 0.096194 -0.624956
v -0.534494 0.096194 -0.374956
v -0.533759 0.004952 -0.649982
v -0.533759 0.004952 -0.349930
v -0.533759 0.095048 -0.649982
v -0.533759 0.095048 -0.349930
v -0.527862 0.038874 -0.712458
v -0.527862 0.038874 -0.287454
v -0.527862 0.061126 -0.712458
v -0.527862 0.061126 -0.287454
v -0.524099 0.004952 -0.673303
v -0.524099 0.004952 -0.326609
v -0.524099 0.095048 -0.673303
v -0.524099 0.095048 -0.326609
v -0.521035 0.018826 -0.705631
v -0.521035 0.018826 -0.294281
v -0.521035 0.081174 -0.705631
v -0.521035 0.081174 -0.294281
v -0.515360 0.000000 -0.624956
v -0.515360 0.000000 -0.374956
v -0.515360 0.100000 -0.624956
v -0.515360 0.100000 -0.374956
v -0.511689 0.000000 -0.648132
v -0.511689 0.000000 -0.351780
v -0.511689 0.100000 -0.648132
v -0.511689 0.100000 -0.351780
v -0.508733 0.004952 -0.693329
v -0.508733 0.004952 -0.306583
v -0.508733 0.095048 -0.693329
v -0.508733 0.095048 -0.306583
v -0.502233 0.038874 -0.732124
v -0.502233 0.038874 -0.267789
v -0.502233 0.061126 -0.732124
v -0.502233 0.061126 -0.267789
v -0.501036 0.000000 -0.669040
v -0.501036 0.000000 -0.330872
v -0.501036 0.100000 -0.669040
v -0.501036 0.100000 -0.330872
v -0.497405 0.018826 -0.723762
v -0.497405 0.018826 -0.276150
v -0.497405 0.081174 -0.723762
v -0.497405 0.081174 -0.276150
v -0.488707 0.004952 -0.708696
v -0.488707 0.004952 -0.291217
v -0.488707 0.095048 -0.708696
v -0.488707 0.095048 -0.291217
v -0.484443 0.000000 -0.685632
v -0.484443 0.000000 -0.314280
v -0.484443 0.100000 -0.685632
v -0.484443 0.100000 -0.314280
v -0.472388 0.038874 -0.744486
v -0.472388 0.038874 -0.255426
v -0.472388 0.061126 -0.744486
v -0.472388 0.061126 -0.255426
v -0.469889 0.018826 -0.735160
v -0.469889 0.018826 -0.264752
v -0.469889 0.081174 -0.735160
v -0.469889 0.081174 -0.264752
v -0.465386 0.004952 -0.718356
v -0.465386 0.004952 -0.281557
v -0.465386 0.095048 -0.718356
v -0.465386 0.095048 -0.281557
v -0.463536 0.000000 -0.696285
v -0.463536 0.000000 -0.303627
v -0.463536 0.100000 -0.696285
v -0.463536 0.100000 -0.303627
v -0.440360 -0.075000 -0.999956
v -0.440360 -0.075000 0.000000
v -0.440360 0.000000 -0.699956
v -0.440360 0.000000 -0.299956
v -0.440360 0.003806 -0.719090
v -0.440360 0.003806 -0.280822
v -0.440360 0.014645 -0.735311
v -0.440360 0.014645 -0.264601
v -0.440360 0.030866 -0.746150
v -0.440360 0.030866 -0.253762
v -0.440360 0.050000 -0.749956
v -0.440360 0.050000 -0.249956
v -0.440360 0.069134 -0.746150
v -0.440360 0.069134 -0.253762
v -0.440360 0.085355 -0.735311
v -0.440360 0.085355 -0.264601
v -0.440360 0.096194 -0.719090
v -0.440360 0.096194 -0.280822
v -0.440360 0.100000 -0.699956
v -0.440360 0.100000 -0.299956
v -0.440360 0.175000 -0.999956
v -0.440360 0.175000 0.000000
v -0.436083 -0.075000 0.061240
v -0.436083 0.175000 0.061240
v -0.436058 -0.075000 -1.061328
v -0.436058 0.175000 -1.061328
v -0.423325 -0.075000 0.121288
v -0.423325 0.175000 0.121288
v -0.423239 -0.075000 -1.121500
v -0.423239 0.175000 -1.121500
v -0.402334 -0.075000 0.178977
v -0.402334 0.175000 0.178977
v -0.402152 -0.075000 -1.179295
v -0.402152 0.175000 -1.179295
v -0.373517 -0.075000 0.233182
v -0.373517 0.175000 0.233182
v -0.373210 -0.075000 -1.233584
v -0.373210 0.175000 -1.233584
v -0.342360 -0.075000 -0.999956
v -0.342360 -0.075000 -0.504983
v -0.342360 -0.075000 -0.494983
v -0.342360 -0.075000 0.000000
v -0.338645 -0.075000 -1.050222
v -0.338651 -0.075000 0.050272
v -0.337437 -0.075000 0.282849
v -0.337437 0.175000 0.282849
v -0.336979 -0.075000 -1.283306
v -0.336979 0.175000 -1.283306
v -0.330400 -0.073547 -0.486589
v -0.330370 -0.073454 -0.513396
v -0.327584 -0.075000 -1.099396
v -0.327593 -0.075000 0.099454
v -0.323225 -0.071194 -0.999956
v -0.323225 -0.071194 0.000000
v -0.319719 -0.071194 -1.047410
v -0.319725 -0.071194 0.047461
v -0.318565 -0.068970 -0.478708
v -0.318553 -0.068958 -0.521268
v -0.309415 -0.075000 -1.146411
v -0.309425 -0.075000 0.146476
v -0.309276 -0.071194 -1.093833
v -0.309285 -0.071194 0.093891
v -0.307935 -0.061259 -0.472665
v -0.307878 -0.061207 -0.527331
v -0.307004 -0.060355 -0.999956
v -0.307004 -0.060355 0.000000
v -0.303674 -0.060355 -1.045026
v -0.303679 -0.060355 0.045077
v -0.299058 -0.050000 -0.529985
v -0.299058 -0.050000 -0.469985
v -0.296166 -0.044134 -0.999956
v -0.296166 -0.044134 0.000000
v -0.295375 -0.042101 -0.529985
v -0.295375 -0.042101 -0.469985
v -0.294795 -0.075000 0.327011
v -0.294795 0.175000 0.327011
v -0.294167 -0.075000 -1.327489
v -0.294167 0.175000 -1.327489
v -0.293765 -0.060355 0.089175
v -0.293756 -0.060355 -1.089116
v -0.293119 -0.033682 -0.529985
v -0.293119 -0.033682 -0.469985
v -0.292953 -0.044134 -1.043433
v -0.292959 -0.044134 0.043484
v -0.292360 -0.025000 -0.999956
v -0.292360 -0.025000 -0.529985
v -0.292360 -0.025000 -0.469985
v -0.292360 -0.025000 0.000000
v -0.292360 0.050000 -0.529985
v -0.292360 0.050000 -0.469985
v -0.292360 0.175000 -0.999956
v -0.292360 0.175000 0.000000
v -0.292124 -0.071194 -1.138217
v -0.292134 -0.071194 0.138282
v -0.288751 -0.025000 -1.045721
v -0.288757 -0.025000 0.045773
v -0.287930 0.175000 0.050710
v -0.287894 0.175000 -1.050830
v -0.284533 -0.075000 -1.190244
v -0.284543 -0.075000 0.190316
v -0.283386 -0.044134 -1.085965
v -0.283394 -0.044134 0.086023
v -0.278014 -0.025000 -1.090356
v -0.278023 -0.025000 0.090415
v -0.277465 -0.060355 -1.131271
v -0.277476 -0.060355 0.131336
v -0.274762 0.175000 0.099880
v -0.274633 0.175000 -1.100148
v -0.268644 -0.071194 0.179670
v -0.268634 -0.071194 -1.179598
v -0.267671 -0.044134 -1.126629
v -0.267681 -0.044134 0.126695
v -0.260414 -0.025000 -1.132755
v -0.260424 -0.025000 0.132823
v -0.255156 -0.060355 -1.170573
v -0.255166 -0.060355 0.170645
v -0.253487 -0.075000 0.230023
v -0.253479 -0.075000 -1.229944
v -0.253255 0.175000 0.146016
v -0.252982 0.175000 -1.146400
v -0.246422 -0.075000 0.364808
v -0.246422 0.175000 0.364808
v -0.246150 -0.044134 -1.164542
v -0.246160 -0.044134 0.164614
v -0.245610 -0.075000 -1.365267
v -0.245610 0.175000 -1.365267
v -0.239317 -0.071194 -1.217077
v -0.239326 -0.071194 0.217156
v -0.236387 -0.025000 -1.171873
v -0.236395 -0.025000 0.171948
v -0.227312 -0.060355 -1.206169
v -0.227320 -0.060355 0.206247
v -0.224063 0.175000 0.187716
v -0.223604 0.175000 -1.188174
v -0.219290 -0.044134 -1.198880
v -0.219298 -0.044134 0.198959
v -0.216927 -0.075000 -1.264649
v -0.216932 -0.075000 0.264733
v -0.206525 -0.025000 -1.206741
v -0.206530 -0.025000 0.206823
v -0.204811 -0.071194 -1.249840
v -0.204815 -0.071194 0.249924
v -0.194539 -0.060355 -1.237286
v -0.194543 -0.060355 0.237370
v -0.193259 -0.075000 0.395505
v -0.193259 0.175000 0.395505
v -0.192259 -0.075000 -1.395904
v -0.192259 0.175000 -1.395904
v -0.188072 0.175000 0.223713
v -0.187675 -0.044134 -1.228897
v -0.187680 -0.044134 0.228981
v -0.187397 0.175000 -1.224190
v -0.177554 -0.068381 0.263062
v -0.177562 -0.068056 -1.262295
v -0.177088 -0.060350 0.250632
v -0.177083 -0.060310 -1.250500
v -0.176959 -0.073174 -1.277077
v -0.176912 -0.073336 0.277905
v -0.175693 -0.075000 -1.293361
v -0.175693 -0.075000 0.293449
v -0.175671 -0.075000 -1.293605
v -0.175671 -0.075000 0.293693
v -0.174935 -0.050000 -1.242329
v -0.174935 -0.050000 0.242417
v -0.172463 -0.038056 -1.238048
v -0.172463 -0.038056 0.238136
v -0.171568 -0.025000 -1.236497
v -0.171568 -0.025000 0.236585
v -0.171568 0.050000 -1.236497
v -0.171568 0.050000 0.236585
v -0.167011 -0.075000 -1.298605
v -0.167011 -0.075000 0.298693
v -0.166790 -0.075000 -1.298502
v -0.166790 -0.075000 0.298589
v -0.154948 0.050000 -1.247679
v -0.154948 0.050000 0.247767
v -0.152718 -0.073336 -1.291786
v -0.152053 -0.073174 0.291544
v -0.149561 -0.050000 -1.011472
v -0.149557 -0.050000 0.011516
v -0.149561 0.050000 -1.011472
v -0.149557 0.050000 0.011516
v -0.147600 -0.050000 -0.973276
v -0.147608 -0.050000 -0.026680
v -0.147600 0.050000 -0.973276
v -0.147608 0.050000 -0.026680
v -0.146971 -0.050000 -0.529993
v -0.146968 -0.050000 -0.469993
v -0.146971 0.050000 -0.529993
v -0.146968 0.050000 -0.469993
v -0.146361 -0.062500 -0.990792
v -0.146361 -0.062500 0.009208
v -0.146377 0.175000 0.252913
v -0.145470 0.175000 -1.253347
v -0.144954 -0.060801 -0.527539
v -0.144951 -0.060801 -0.472446
v -0.144053 -0.062500 -1.027480
v -0.144072 -0.062500 -0.527379
v -0.144053 -0.062500 -0.027480
v -0.141798 -0.050000 -1.048922
v -0.141798 0.050000 -1.048922
v -0.141783 -0.050000 0.048965
v -0.141783 0.050000 0.048965
v -0.139774 -0.068867 -0.521396
v -0.139772 -0.068867 -0.478591
v -0.139543 -0.068381 -1.284920
v -0.139473 -0.062500 -0.954682
v -0.139473 -0.062500 -0.454682
v -0.139473 -0.062500 0.045318
v -0.138951 -0.068056 0.284675
v -0.137600 0.050000 -1.257695
v -0.137600 0.050000 0.257782
v -0.137229 -0.071651 -0.991366
v -0.137229 -0.071651 0.008634
v -0.136341 -0.075000 0.418504
v -0.136341 0.175000 0.418504
v -0.136044 -0.050000 -0.936817
v -0.136063 -0.050000 -0.063143
v -0.136044 0.050000 -0.936817
v -0.136063 0.050000 -0.063143
v -0.135156 -0.075000 -1.418800
v -0.135156 0.175000 -1.418800
v -0.135065 -0.071651 -1.025765
v -0.135073 -0.071651 -0.525718
v -0.135065 -0.071651 -0.025765
v -0.134608 -0.050000 -0.566186
v -0.134602 -0.050000 -0.433801
v -0.134608 0.050000 -0.566186
v -0.134602 0.050000 -0.433801
v -0.132825 -0.073507 -0.513503
v -0.132824 -0.073507 -0.486483
v -0.132693 -0.062500 -1.062441
v -0.132693 -0.062500 -0.562441
v -0.132693 -0.062500 -0.062441
v -0.130770 -0.071651 -0.957510
v -0.130770 -0.071651 -0.457510
v -0.130770 -0.071651 0.042490
v -0.129011 -0.060350 -1.278302
v -0.128975 -0.060310 0.278363
v -0.125033 -0.075000 -0.505132
v -0.125032 -0.075000 -0.494856
v -0.124900 -0.075000 -0.504994
v -0.124900 -0.075000 -0.494994
v -0.124816 -0.050000 -1.083192
v -0.124791 -0.050000 0.083229
v -0.124816 0.050000 -1.083192
v -0.124791 0.050000 0.083229
v -0.124655 -0.075000 -0.990722
v -0.124658 -0.075000 -0.009234
v -0.124414 -0.071651 -1.058545
v -0.124414 -0.071651 -0.558545
v -0.124414 -0.071651 -0.058545
v -0.123821 -0.062500 -0.921421
v -0.123821 -0.062500 -0.421421
v -0.123821 -0.062500 0.078579
v -0.122973 -0.050000 -1.272329
v -0.122973 -0.050000 0.272417
v -0.122621 -0.075000 -1.024271
v -0.122612 -0.075000 0.024314
v -0.121306 -0.075000 0.319944
v -0.121009 -0.075000 -1.319968
v -0.120502 -0.038056 -1.268048
v -0.120502 -0.038056 0.268136
v -0.119606 -0.025000 -1.266497
v -0.119606 -0.025000 0.266585
v -0.119606 0.050000 -1.266497
v -0.119606 0.050000 0.266585
v -0.119055 -0.075000 -0.538092
v -0.119051 -0.075000 -0.461896
v -0.117677 -0.075000 -0.957844
v -0.117692 -0.075000 -0.042115
v -0.116095 -0.071651 -0.926324
v -0.116095 -0.071651 -0.426324
v -0.116095 -0.071651 0.073676
v -0.115671 -0.050000 -0.095500
v -0.115671 0.050000 -0.095500
v -0.115643 -0.050000 -0.904466
v -0.115643 0.050000 -0.904466
v -0.114540 -0.071194 0.302046
v -0.114253 -0.071194 -1.302067
v -0.113494 -0.050000 -0.598077
v -0.113485 -0.050000 -0.401912
v -0.113494 0.050000 -0.598077
v -0.113485 0.050000 -0.401912
v -0.113058 -0.062500 -0.093404
v -0.112996 -0.062500 -1.093479
v -0.112996 -0.062500 -0.593479
v -0.111721 -0.075000 -1.056065
v -0.111702 -0.075000 0.056105
v -0.108803 -0.060355 0.286873
v -0.108525 -0.060355 -1.286890
v -0.105974 -0.071651 -0.087611
v -0.105946 -0.071651 -1.087646
v -0.105946 -0.071651 -0.587646
v -0.104970 -0.044134 0.276735
v -0.104696 -0.044134 -1.276751
v -0.104601 -0.075000 -0.568437
v -0.104594 -0.075000 -0.431553
v -0.102190 -0.075000 -0.928013
v -0.102216 -0.075000 -0.071951
v -0.100389 -0.062500 -0.893096
v -0.100389 -0.062500 -0.393096
v -0.100389 -0.062500 0.106904
v -0.100245 0.175000 0.274428
v -0.099720 -0.050000 -1.112053
v -0.099720 0.050000 -1.112053
v -0.099686 -0.050000 0.112083
v -0.099686 0.050000 0.112083
v -0.099103 0.175000 -1.274754
v -0.096592 -0.060796 -1.111538
v -0.096558 -0.060796 0.111567
v -0.094125 -0.071651 -0.899767
v -0.094125 -0.071651 -0.399767
v -0.094125 -0.071651 0.100233
v -0.092744 -0.075000 -1.083806
v -0.092715 -0.075000 0.083839
v -0.088692 -0.068863 -1.110136
v -0.088656 -0.068863 0.110164
v -0.087759 -0.050000 -0.121648
v -0.087759 0.050000 -0.121648
v -0.087723 -0.050000 -0.878326
v -0.087723 0.050000 -0.878326
v -0.086199 -0.062500 -0.618643
v -0.086199 -0.062500 -0.118643
v -0.085002 -0.050000 -0.623591
v -0.084990 -0.050000 -0.376401
v -0.085002 0.050000 -0.623591
v -0.084990 0.050000 -0.376401
v -0.082585 -0.075000 -0.593833
v -0.082576 -0.075000 -0.406159
v -0.080820 -0.071651 -0.611240
v -0.080820 -0.071651 -0.111240
v -0.079316 -0.075000 -0.903387
v -0.079350 -0.075000 -0.096585
v -0.078389 -0.073506 -1.108079
v -0.078353 -0.073506 0.108105
v -0.076776 -0.075000 0.433357
v -0.076776 0.175000 0.433357
v -0.076357 -0.025000 0.281981
v -0.076027 -0.025000 -1.281982
v -0.075417 -0.075000 -1.433507
v -0.075417 0.175000 -1.433507
v -0.072975 -0.075000 0.334246
v -0.072353 -0.075000 -1.334293
v -0.070649 -0.062500 -0.871489
v -0.070649 -0.062500 -0.371489
v -0.068912 -0.071194 0.315548
v -0.068312 -0.071194 -1.315590
v -0.067247 -0.075000 -1.105533
v -0.067210 -0.075000 0.105557
v -0.067062 -0.075000 -1.105488
v -0.067025 -0.075000 0.105511
v -0.066241 -0.071651 -0.879508
v -0.066241 -0.071651 -0.379508
v -0.065468 -0.060355 0.299697
v -0.064886 -0.060355 -1.299735
v -0.063167 -0.044134 0.289105
v -0.062594 -0.044134 -1.289141
v -0.058415 -0.075000 -1.110511
v -0.058376 -0.075000 0.110532
v -0.058362 -0.075000 -1.110695
v -0.058323 -0.075000 0.110715
v -0.055019 -0.073509 -1.121642
v -0.054979 -0.073508 0.121660
v -0.054598 -0.075000 -0.612446
v -0.054587 -0.075000 -0.387549
v -0.054142 -0.050000 -0.139888
v -0.054142 0.050000 -0.139888
v -0.054101 -0.050000 -0.860096
v -0.054101 0.050000 -0.860096
v -0.053986 -0.062500 -0.636352
v -0.053986 -0.062500 -0.136352
v -0.051668 -0.068872 -1.131619
v -0.051626 -0.068871 0.131636
v -0.051078 0.175000 0.287606
v -0.050983 -0.050000 -0.641070
v -0.050969 -0.050000 -0.358925
v -0.050983 0.050000 -0.641070
v -0.050969 0.050000 -0.358925
v -0.050747 -0.075000 -0.114236
v -0.050706 -0.075000 -0.885747
v -0.050617 -0.071651 -1.127844
v -0.050617 -0.071651 -0.627844
v -0.050617 -0.071651 -0.127844
v -0.049716 0.175000 -1.287755
v -0.048942 -0.060806 -1.139190
v -0.048899 -0.060806 0.139206
v -0.047826 -0.050000 -1.142171
v -0.047826 0.050000 -1.142171
v -0.047784 -0.050000 0.142185
v -0.047784 0.050000 0.142185
v -0.036471 -0.062500 -0.857957
v -0.036471 -0.062500 -0.357957
v -0.036471 -0.062500 0.142043
v -0.034195 -0.071651 -0.866820
v -0.034195 -0.071651 -0.366820
v -0.034195 -0.071651 0.133180
v -0.031229 -0.025000 0.290408
v -0.030549 -0.025000 -1.290391
v -0.026858 -0.075000 -1.122080
v -0.026815 -0.075000 0.122090
v -0.023066 -0.075000 0.341289
v -0.022664 -0.075000 -0.622928
v -0.022652 -0.075000 -0.377070
v -0.022114 -0.075000 -1.341264
v -0.021795 -0.071194 0.322197
v -0.020877 -0.071194 -1.322169
v -0.020718 -0.060355 0.306012
v -0.019999 -0.044134 0.295197
v -0.019828 -0.060355 -1.305982
v -0.019121 -0.044134 -1.295167
v -0.018475 -0.075000 -0.123627
v -0.018431 -0.075000 -0.876366
v -0.018380 -0.062500 -1.145494
v -0.018380 -0.062500 -0.645494
v -0.018380 -0.062500 -0.145494
v -0.017233 -0.071651 -1.136416
v -0.017233 -0.071651 -0.636416
v -0.017233 -0.071651 -0.136416
v -0.017005 -0.050000 -0.149033
v -0.017005 0.050000 -0.149033
v -0.016961 -0.050000 -0.850962
v -0.016961 0.050000 -0.850962
v -0.015724 -0.075000 0.439776
v -0.015724 0.175000 0.439776
v -0.014211 -0.075000 -1.439738
v -0.014211 0.175000 -1.439738
v -0.013650 -0.050000 -0.649378
v -0.013650 0.050000 -0.649378
v -0.013635 -0.050000 -0.350621
v -0.013635 0.050000 -0.350621
v -0.010317 -0.050000 -1.149645
v -0.010317 0.050000 -1.149645
v -0.010273 -0.050000 0.149648
v -0.010273 0.050000 0.149648
v -0.000369 0.175000 0.292044
v 0.000000 -0.071651 -0.862500
v 0.000000 -0.071651 -0.362500
v 0.000000 -0.071651 0.137500
v 0.000000 -0.062500 -0.853349
v 0.000000 -0.062500 -0.353349
v 0.000000 -0.062500 0.146651
v 0.001180 0.175000 -1.291952
v 0.006640 -0.075000 -1.124823
v 0.006684 -0.075000 0.124821
v 0.010909 -0.075000 -0.624523
v 0.010921 -0.075000 -0.375478
v 0.014662 -0.025000 0.291657
v 0.015133 -0.075000 -0.124081
v 0.015177 -0.075000 -0.875925
v 0.015685 -0.025000 -1.291515
v 0.017233 -0.071651 -1.136416
v 0.017233 -0.071651 -0.636416
v 0.017233 -0.071651 -0.136416
v 0.018380 -0.062500 -1.145494
v 0.018380 -0.062500 -0.645494
v 0.018380 -0.062500 -0.145494
v 0.021237 -0.050000 -0.148489
v 0.021237 0.050000 -0.148489
v 0.021282 -0.050000 -0.851517
v 0.021282 0.050000 -0.851517
v 0.023595 -0.044134 0.294878
v 0.024473 -0.060355 0.305681
v 0.024571 -0.050000 -0.647974
v 0.024586 -0.050000 -0.352029
v 0.024571 0.050000 -0.647974
v 0.024586 0.050000 -0.352029
v 0.024764 -0.044134 -1.294693
v 0.025660 -0.060355 -1.305495
v 0.025787 -0.071194 0.321849
v 0.027010 -0.071194 -1.321660
v 0.027336 -0.075000 0.340921
v 0.027863 -0.050000 -1.147390
v 0.027863 0.050000 -1.147390
v 0.027907 -0.050000 0.147381
v 0.027907 0.050000 0.147381
v 0.028604 -0.075000 -1.340728
v 0.034195 -0.071651 -0.866820
v 0.034195 -0.071651 -0.366820
v 0.034195 -0.071651 0.133180
v 0.036471 -0.062500 -0.857957
v 0.036471 -0.062500 -0.357957
v 0.036471 -0.062500 0.142043
v 0.039659 -0.075000 -1.118542
v 0.039701 -0.075000 0.118528
v 0.043693 -0.075000 -0.617115
v 0.043705 -0.075000 -0.382889
v 0.045628 -0.075000 0.437634
v 0.045628 0.175000 0.437634
v 0.047265 -0.075000 -1.437371
v 0.047265 0.175000 -1.437371
v 0.047647 -0.075000 -0.115563
v 0.047687 -0.075000 -0.884454
v 0.050341 0.175000 0.287609
v 0.050617 -0.071651 -1.127844
v 0.050617 -0.071651 -0.627844
v 0.050617 -0.071651 -0.127844
v 0.052030 0.175000 -1.287218
v 0.053986 -0.062500 -1.136352
v 0.053986 -0.062500 -0.636352
v 0.053986 -0.062500 -0.136352
v 0.058099 -0.050000 -0.138291
v 0.058099 0.050000 -0.138291
v 0.058141 -0.050000 -0.861726
v 0.058141 0.050000 -0.861726
v 0.060181 -0.025000 0.285699
v 0.061194 -0.050000 -0.636950
v 0.061194 0.050000 -0.636950
v 0.061208 -0.050000 -0.363056
v 0.061208 0.050000 -0.363056
v 0.061518 -0.025000 -1.285325
v 0.064231 -0.050000 -1.135552
v 0.064231 0.050000 -1.135552
v 0.064272 -0.050000 0.135533
v 0.064272 0.050000 0.135533
v 0.066241 -0.071651 -0.879508
v 0.066241 -0.071651 -0.379508
v 0.066241 -0.071651 0.120492
v 0.066670 -0.044134 0.288155
v 0.068096 -0.044134 -1.287732
v 0.069126 -0.060355 0.298712
v 0.069810 -0.075000 -1.103690
v 0.069847 -0.075000 0.103665
v 0.070574 -0.060355 -1.298284
v 0.070649 -0.062500 -0.871489
v 0.070649 -0.062500 -0.371489
v 0.070649 -0.062500 0.128511
v 0.072801 -0.071194 0.314511
v 0.073318 -0.075000 -0.601240
v 0.073328 -0.075000 -0.398768
v 0.074294 -0.071194 -1.314073
v 0.076750 -0.075000 -0.901337
v 0.076715 -0.075000 -0.098690
v 0.077137 -0.075000 0.333148
v 0.078684 -0.075000 -1.332696
v 0.080707 -0.071651 -0.611322
v 0.080820 -0.071651 -1.111240
v 0.080820 -0.071651 -0.111240
v 0.086138 -0.062500 -0.618687
v 0.086199 -0.062500 -1.118643
v 0.086199 -0.062500 -0.118643
v 0.091184 -0.050000 -0.119103
v 0.091184 0.050000 -0.119103
v 0.091220 -0.050000 -0.880924
v 0.091220 0.050000 -0.880924
v 0.093839 -0.050000 -0.617022
v 0.093851 -0.050000 -0.382987
v 0.093839 0.050000 -0.617022
v 0.093851 0.050000 -0.382987
v 0.094125 -0.071651 -0.899767
v 0.094125 -0.071651 -0.399767
v 0.094125 -0.071651 0.100233
v 0.094914 -0.075000 -1.081341
v 0.094943 -0.075000 0.081307
v 0.096424 -0.050000 -1.114902
v 0.096424 0.050000 -1.114902
v 0.096458 -0.050000 0.114873
v 0.096458 0.050000 0.114873
v 0.097643 -0.075000 -0.578044
v 0.097650 -0.075000 -0.421965
v 0.099509 0.175000 0.274434
v 0.100238 -0.075000 -0.074682
v 0.100264 -0.075000 -0.925353
v 0.100389 -0.062500 -0.893096
v 0.100389 -0.062500 -0.393096
v 0.100389 -0.062500 0.106904
v 0.101277 0.175000 -1.273697
v 0.104204 -0.025000 0.272680
v 0.105798 -0.025000 -1.271976
v 0.105946 -0.071651 -1.087646
v 0.105946 -0.071651 -0.587646
v 0.105946 -0.071651 -0.087646
v 0.106084 -0.075000 0.426975
v 0.106084 0.175000 0.426975
v 0.107811 -0.075000 -1.426453
v 0.107811 0.175000 -1.426453
v 0.108288 -0.044134 0.275175
v 0.109922 -0.044134 -1.274436
v 0.112269 -0.060355 0.285256
v 0.112996 -0.062500 -1.093479
v 0.112996 -0.062500 -0.593479
v 0.112996 -0.062500 -0.093479
v 0.113156 -0.075000 -1.053111
v 0.113174 -0.075000 0.053071
v 0.113927 -0.060355 -1.284507
v 0.114907 -0.075000 -0.549207
v 0.114912 -0.075000 -0.450805
v 0.116095 -0.071651 -0.926324
v 0.116095 -0.071651 -0.426324
v 0.116095 -0.071651 0.073676
v 0.116513 -0.075000 -0.045275
v 0.116529 -0.075000 -0.954766
v 0.118226 -0.071194 0.300343
v 0.118341 -0.050000 -0.092171
v 0.118341 0.050000 -0.092171
v 0.118368 -0.050000 -0.907864
v 0.118368 0.050000 -0.907864
v 0.119936 -0.071194 -1.299575
v 0.120383 -0.050000 -0.589487
v 0.120392 -0.050000 -0.410525
v 0.120383 0.050000 -0.589487
v 0.120392 0.050000 -0.410525
v 0.122348 -0.050000 -1.086782
v 0.122374 -0.050000 0.086745
v 0.122348 0.050000 -1.086782
v 0.122374 0.050000 0.086745
v 0.123216 -0.075000 -1.021041
v 0.123224 -0.075000 0.020998
v 0.123821 -0.062500 -0.921421
v 0.123821 -0.062500 -0.421421
v 0.123821 -0.062500 0.078579
v 0.123864 -0.075000 -0.516812
v 0.123866 -0.075000 -0.483201
v 0.124368 -0.075000 -0.987450
v 0.124364 -0.075000 -0.012594
v 0.124414 -0.071651 -0.558545
v 0.124414 -0.071651 -0.058545
v 0.124452 -0.071651 -1.058463
v 0.125254 -0.075000 0.318140
v 0.127026 -0.075000 -1.317347
v 0.130770 -0.071651 -0.957510
v 0.130770 -0.071651 -0.457510
v 0.130770 -0.071651 0.042490
v 0.132693 -0.062500 -0.562441
v 0.132693 -0.062500 -0.062441
v 0.132714 -0.062500 -1.062397
v 0.135065 -0.071651 -1.025765
v 0.135065 -0.071651 -0.525765
v 0.135065 -0.071651 -0.025765
v 0.137229 -0.071651 -0.991366
v 0.137229 -0.071651 -0.491366
v 0.137229 -0.071651 0.008634
v 0.137803 -0.050000 -0.059247
v 0.137803 0.050000 -0.059247
v 0.137821 -0.050000 -0.940794
v 0.137821 0.050000 -0.940794
v 0.139101 -0.050000 -0.556133
v 0.139106 -0.050000 -0.443880
v 0.139101 0.050000 -0.556133
v 0.139106 0.050000 -0.443880
v 0.139473 -0.062500 -0.954682
v 0.139473 -0.062500 -0.454682
v 0.139473 -0.062500 0.045318
v 0.140317 -0.050000 -1.053019
v 0.140333 -0.050000 0.052977
v 0.140317 0.050000 -1.053019
v 0.140333 0.050000 0.052977
v 0.144053 -0.062500 -1.027480
v 0.144053 -0.062500 -0.527480
v 0.144053 -0.062500 -0.027480
v 0.145643 -0.025000 0.252922
v 0.145643 0.175000 0.252922
v 0.146361 -0.062500 -0.990792
v 0.146361 -0.062500 -0.490792
v 0.146361 -0.062500 0.009208
v 0.147415 -0.025000 -1.251803
v 0.147415 0.175000 -1.251803
v 0.147546 -0.044134 0.256218
v 0.148314 -0.050000 -0.977573
v 0.148307 -0.050000 -0.022471
v 0.148314 0.050000 -0.977573
v 0.148307 0.050000 -0.022471
v 0.148775 -0.050000 -0.519131
v 0.148777 -0.050000 -0.480884
v 0.148775 0.050000 -0.519131
v 0.148777 0.050000 -0.480884
v 0.149164 -0.050000 -1.015810
v 0.149169 -0.050000 0.015766
v 0.149164 0.050000 -1.015810
v 0.149169 0.050000 0.015766
v 0.149356 -0.044134 -1.255077
v 0.152965 -0.060355 0.265604
v 0.154813 -0.060355 -1.264441
v 0.161076 -0.071194 0.279652
v 0.162962 -0.071194 -1.278467
v 0.164468 -0.075000 0.408004
v 0.164468 0.175000 0.408004
v 0.166242 -0.075000 -1.407196
v 0.166242 0.175000 -1.407196
v 0.170643 -0.075000 0.296223
v 0.172567 -0.075000 -1.295016
v 0.219644 -0.075000 0.381093
v 0.219644 0.175000 0.381093
v 0.221415 -0.075000 -1.379977
v 0.221415 0.175000 -1.379977
v 0.284014 -0.050000 -0.767299
v 0.284014 -0.050000 -0.232701
v 0.284014 0.050000 -0.767299
v 0.284014 0.050000 -0.232701
v 0.284482 -0.050000 -0.729055
v 0.284482 -0.050000 -0.270945
v 0.284482 0.050000 -0.729055
v 0.284482 0.050000 -0.270945
v 0.286651 -0.062500 -0.740792
v 0.286651 -0.062500 -0.240792
v 0.288960 -0.062500 -0.777480
v 0.288960 -0.062500 -0.277480
v 0.293232 -0.050000 -0.804418
v 0.293232 -0.050000 -0.195582
v 0.293232 0.050000 -0.804418
v 0.293232 0.050000 -0.195582
v 0.293540 -0.062500 -0.704682
v 0.293540 -0.062500 -0.204682
v 0.294607 -0.050000 -0.692173
v 0.294607 -0.050000 -0.307827
v 0.294607 0.050000 -0.692173
v 0.294607 0.050000 -0.307827
v 0.295784 -0.071651 -0.741366
v 0.295784 -0.071651 -0.241366
v 0.297948 -0.071651 -0.775765
v 0.297948 -0.071651 -0.275765
v 0.300319 -0.062500 -0.812441
v 0.300319 -0.062500 -0.312441
v 0.302242 -0.071651 -0.707510
v 0.302242 -0.071651 -0.207510
v 0.308599 -0.071651 -0.808545
v 0.308599 -0.071651 -0.308545
v 0.308897 -0.075000 -0.735155
v 0.308897 -0.075000 -0.264845
v 0.309191 -0.062500 -0.671421
v 0.309191 -0.062500 -0.171421
v 0.309429 -0.075000 -0.768761
v 0.309429 -0.075000 -0.231239
v 0.311538 -0.050000 -0.837999
v 0.311538 -0.050000 -0.162001
v 0.311538 0.050000 -0.837999
v 0.311538 0.050000 -0.162001
v 0.313731 -0.050000 -0.659051
v 0.313731 -0.050000 -0.340949
v 0.313731 0.050000 -0.659051
v 0.313731 0.050000 -0.340949
v 0.316918 -0.071651 -0.676324
v 0.316918 -0.071651 -0.176324
v 0.317340 -0.075000 -0.702621
v 0.317340 -0.075000 -0.297379
v 0.318895 -0.075000 -0.801011
v 0.318895 -0.075000 -0.198989
v 0.319983 -0.062500 -0.843438
v 0.320016 -0.062500 -0.343479
v 0.327004 -0.071651 -0.837569
v 0.327067 -0.071651 -0.337646
v 0.332623 -0.062500 -0.643096
v 0.332623 -0.062500 -0.143096
v 0.334145 -0.075000 -0.673514
v 0.334145 -0.075000 -0.326486
v 0.336612 -0.075000 -0.829573
v 0.336612 -0.075000 -0.170427
v 0.337741 -0.050000 -0.865859
v 0.337741 -0.050000 -0.134141
v 0.337741 0.050000 -0.865859
v 0.337741 0.050000 -0.134141
v 0.338887 -0.071651 -0.649767
v 0.338887 -0.071651 -0.149767
v 0.340609 -0.050000 -0.631841
v 0.340609 -0.050000 -0.368159
v 0.340609 0.050000 -0.631841
v 0.340609 0.050000 -0.368159
v 0.346814 -0.062500 -0.868643
v 0.346814 -0.062500 -0.368643
v 0.352192 -0.071651 -0.861240
v 0.352192 -0.071651 -0.361240
v 0.358099 -0.075000 -0.649936
v 0.358099 -0.075000 -0.350064
v 0.361299 -0.075000 -0.852382
v 0.361299 -0.075000 -0.147618
v 0.362363 -0.062500 -0.621489
v 0.362363 -0.062500 -0.121489
v 0.366772 -0.071651 -0.629508
v 0.366772 -0.071651 -0.129508
v 0.370138 -0.050000 -0.886187
v 0.370138 -0.050000 -0.113813
v 0.370138 0.050000 -0.886187
v 0.370138 0.050000 -0.113813
v 0.373494 -0.050000 -0.612314
v 0.373494 -0.050000 -0.387686
v 0.373494 0.050000 -0.612314
v 0.373494 0.050000 -0.387686
v 0.379027 -0.062500 -0.886352
v 0.379027 -0.062500 -0.386352
v 0.382396 -0.071651 -0.877844
v 0.382396 -0.071651 -0.377844
v 0.387468 -0.075000 -0.633592
v 0.387468 -0.075000 -0.366407
v 0.391170 -0.075000 -0.867789
v 0.391170 -0.075000 -0.132211
v 0.396542 -0.062500 -0.607957
v 0.396542 -0.062500 -0.107957
v 0.398818 -0.071651 -0.616820
v 0.398818 -0.071651 -0.116820
v 0.406623 -0.050000 -0.897660
v 0.406623 -0.050000 -0.102340
v 0.406623 0.050000 -0.897660
v 0.406623 0.050000 -0.102340
v 0.410249 -0.050000 -0.601737
v 0.410249 -0.050000 -0.398263
v 0.410249 0.050000 -0.601737
v 0.410249 0.050000 -0.398263
v 0.414632 -0.062500 -0.895494
v 0.414632 -0.062500 -0.395494
v 0.415779 -0.071651 -0.886416
v 0.415779 -0.071651 -0.386416
v 0.420131 -0.075000 -0.625666
v 0.420131 -0.075000 -0.374334
v 0.424067 -0.075000 -0.874679
v 0.424067 -0.075000 -0.125320
v 0.433013 -0.071651 -0.612500
v 0.433013 -0.071651 -0.112500
v 0.433013 -0.062500 -0.603349
v 0.433013 -0.062500 -0.103349
v 0.444824 -0.050000 -0.899534
v 0.444824 -0.050000 -0.100466
v 0.444824 0.050000 -0.899534
v 0.444824 0.050000 -0.100466
v 0.448484 -0.050000 -0.600800
v 0.448484 -0.050000 -0.399200
v 0.448484 0.050000 -0.600800
v 0.448484 0.050000 -0.399200
v 0.450246 -0.071651 -0.886416
v 0.450246 -0.071651 -0.386416
v 0.451393 -0.062500 -0.895494
v 0.451393 -0.062500 -0.395494
v 0.453725 -0.075000 -0.626728
v 0.453725 -0.075000 -0.373272
v 0.457611 -0.075000 -0.872556
v 0.457611 -0.075000 -0.127444
v 0.467208 -0.071651 -0.616820
v 0.467208 -0.071651 -0.116820
v 0.469483 -0.062500 -0.607957
v 0.469483 -0.062500 -0.107957
v 0.482256 -0.050000 -0.891686
v 0.482256 -0.050000 -0.108314
v 0.482256 0.050000 -0.891686
v 0.482256 0.050000 -0.108314
v 0.483630 -0.071651 -0.877844
v 0.483630 -0.071651 -0.377844
v 0.485714 -0.050000 -0.609563
v 0.485714 -0.050000 -0.390437
v 0.485714 0.050000 -0.609563
v 0.485714 0.050000 -0.390437
v 0.485821 -0.075000 -0.636703
v 0.485821 -0.075000 -0.363297
v 0.486998 -0.062500 -0.886352
v 0.486998 -0.062500 -0.386352
v 0.489376 -0.075000 -0.861571
v 0.489376 -0.075000 -0.138429
v 0.499254 -0.071651 -0.629508
v 0.499254 -0.071651 -0.129508
v 0.503662 -0.062500 -0.621489
v 0.503662 -0.062500 -0.121489
v 0.513833 -0.071651 -0.861240
v 0.513833 -0.071651 -0.361240
v 0.514100 -0.075000 -0.654869
v 0.514100 -0.075000 -0.345131
v 0.516488 -0.050000 -0.874627
v 0.516488 -0.050000 -0.125373
v 0.516488 0.050000 -0.874627
v 0.516488 0.050000 -0.125373
v 0.517066 -0.075000 -0.842520
v 0.517066 -0.075000 -0.157480
v 0.519212 -0.062500 -0.868643
v 0.519212 -0.062500 -0.368643
v 0.519517 -0.050000 -0.627456
v 0.519517 -0.050000 -0.372544
v 0.519517 0.050000 -0.627456
v 0.519517 0.050000 -0.372544
v 0.527138 -0.071651 -0.649767
v 0.527138 -0.071651 -0.149767
v 0.533402 -0.062500 -0.643096
v 0.533402 -0.062500 -0.143096
v 0.536516 -0.075000 -0.679913
v 0.536516 -0.075000 -0.320087
v 0.538679 -0.075000 -0.816780
v 0.538679 -0.075000 -0.183220
v 0.538725 -0.075000 -0.816966
v 0.538725 -0.075000 -0.183034
v 0.538958 -0.071651 -0.837646
v 0.538958 -0.071651 -0.337646
v 0.541287 -0.073507 -0.828112
v 0.541287 -0.073507 -0.171888
v 0.543359 -0.068867 -0.838422
v 0.543359 -0.068867 -0.161578
v 0.543679 -0.075000 -0.808120
v 0.543679 -0.075000 -0.191880
v 0.543863 -0.075000 -0.808067
v 0.543863 -0.075000 -0.191933
v 0.544772 -0.060801 -0.846332
v 0.544772 -0.060801 -0.153668
v 0.545292 -0.050000 -0.849465
v 0.545292 -0.050000 -0.150535
v 0.545292 0.050000 -0.849465
v 0.545292 0.050000 -0.150535
v 0.546009 -0.062500 -0.343479
v 0.547696 -0.050000 -0.653316
v 0.547696 -0.050000 -0.346684
v 0.547696 0.050000 -0.653316
v 0.547696 0.050000 -0.346684
v 0.549108 -0.071651 -0.676324
v 0.551448 -0.075000 -0.710025
v 0.551448 -0.075000 -0.289975
v 0.554797 -0.073507 -0.804712
v 0.554797 -0.073507 -0.195288
v 0.555164 -0.075000 -0.776532
v 0.555164 -0.075000 -0.223468
v 0.556834 -0.062500 -0.671421
v 0.557426 -0.071651 -0.308545
v 0.557818 -0.075000 -0.743026
v 0.557818 -0.075000 -0.256974
v 0.563783 -0.071651 -0.707510
v 0.563783 -0.071651 -0.207510
v 0.564761 -0.068867 -0.801352
v 0.564761 -0.068867 -0.198649
v 0.565706 -0.062500 -0.312441
v 0.568077 -0.071651 -0.775765
v 0.568072 -0.071651 -0.275792
v 0.568419 -0.050000 -0.685462
v 0.568419 -0.050000 -0.314538
v 0.568419 0.050000 -0.685462
v 0.568419 0.050000 -0.314538
v 0.570241 -0.071651 -0.741366
v 0.570241 -0.071651 -0.241366
v 0.572318 -0.060801 -0.798620
v 0.572318 -0.060801 -0.201380
v 0.572486 -0.062500 -0.704682
v 0.572486 -0.062500 -0.204682
v 0.575292 -0.050000 -0.797504
v 0.575292 -0.050000 -0.202496
v 0.575292 0.050000 -0.797504
v 0.575292 0.050000 -0.202496
v 0.577066 -0.062500 -0.777480
v 0.577055 -0.062500 -0.277538
v 0.578649 -0.025000 -1.002838
v 0.578653 -0.025000 0.002923
v 0.578649 0.175000 -1.002838
v 0.578653 0.175000 0.002923
v 0.579374 -0.062500 -0.740792
v 0.579374 -0.062500 -0.240792
v 0.580339 -0.050000 -0.721803
v 0.580339 -0.050000 -0.278197
v 0.580339 0.050000 -0.721803
v 0.580339 0.050000 -0.278197
v 0.580552 -0.044134 -1.006134
v 0.580556 -0.044134 0.006219
v 0.582680 -0.050000 -0.759978
v 0.582680 -0.050000 -0.240022
v 0.582680 0.050000 -0.759978
v 0.582680 0.050000 -0.240022
v 0.585972 -0.060355 -1.015520
v 0.585975 -0.060355 0.015606
v 0.594082 -0.071194 -1.029568
v 0.594086 -0.071194 0.029654
v 0.603649 -0.075000 -1.046139
v 0.603653 -0.075000 0.046225
v 0.611891 -0.044134 -0.985275
v 0.611907 -0.044134 -0.014649
v 0.612599 -0.025000 -0.979920
v 0.612622 -0.025000 -0.020010
v 0.618459 -0.060355 -0.993897
v 0.618475 -0.060355 -0.006027
v 0.620344 0.175000 -0.973643
v 0.620347 0.175000 -0.026271
v 0.628288 -0.071194 -1.006801
v 0.628305 -0.071194 0.006876
v 0.639882 -0.075000 -1.022023
v 0.639900 -0.075000 0.022097
v 0.640327 -0.044134 -0.960605
v 0.640352 -0.044134 -0.039332
v 0.643008 -0.025000 -0.952477
v 0.643045 -0.025000 -0.047473
v 0.647936 -0.060355 -0.968323
v 0.647962 -0.060355 -0.031615
v 0.650876 -0.075000 0.132116
v 0.650876 0.175000 0.132116
v 0.651746 -0.075000 -1.131530
v 0.651746 0.175000 -1.131530
v 0.656336 0.175000 -0.937652
v 0.656338 0.175000 -0.062262
v 0.659325 -0.071194 -0.979874
v 0.659352 -0.071194 -0.020065
v 0.665399 -0.044134 -0.932522
v 0.665430 -0.044134 -0.067430
v 0.669278 -0.025000 -0.921049
v 0.669278 0.050000 -0.921049
v 0.669323 -0.025000 -0.078925
v 0.669323 0.050000 -0.078925
v 0.670829 -0.038056 -0.921944
v 0.670873 -0.038056 -0.078030
v 0.672758 -0.075000 -0.993500
v 0.672787 -0.075000 -0.006441
v 0.673927 -0.060355 -0.939212
v 0.673960 -0.060355 -0.060742
v 0.675109 -0.050000 -0.924415
v 0.675154 -0.050000 -0.075559
v 0.680451 0.050000 -0.904423
v 0.680492 0.050000 -0.095554
v 0.683278 -0.060310 -0.926563
v 0.683367 -0.060349 -0.073406
v 0.685531 0.175000 -0.895958
v 0.685533 0.175000 -0.103956
v 0.686690 -0.071194 -0.949223
v 0.686724 -0.071194 -0.050732
v 0.690459 0.050000 -0.887070
v 0.690494 0.050000 -0.112909
v 0.695072 -0.068056 -0.927040
v 0.695792 -0.068380 -0.072943
v 0.699083 -0.075000 0.100208
v 0.699083 0.175000 0.100208
v 0.699253 -0.025000 -0.869073
v 0.699253 0.050000 -0.869073
v 0.699284 -0.025000 -0.130909
v 0.699284 0.050000 -0.130909
v 0.699781 -0.075000 -1.099589
v 0.699781 0.175000 -1.099589
v 0.700803 -0.038056 -0.869968
v 0.700835 -0.038056 -0.130014
v 0.701746 -0.075000 -0.961032
v 0.701782 -0.075000 -0.038926
v 0.705084 -0.050000 -0.872440
v 0.705116 -0.050000 -0.127542
v 0.707043 0.175000 -0.849827
v 0.707043 0.175000 -0.150086
v 0.707201 -0.044134 -0.860067
v 0.707220 -0.044134 -0.139891
v 0.709850 -0.073174 -0.926436
v 0.710631 -0.073336 -0.073587
v 0.711059 -0.060350 -0.878479
v 0.711064 -0.060310 -0.121539
v 0.713271 -0.025000 -0.830687
v 0.713285 -0.025000 -0.169274
v 0.717261 -0.060355 -0.864102
v 0.717280 -0.060355 -0.135858
v 0.717380 -0.068056 -0.111561
v 0.717680 -0.068381 -0.889012
v 0.718947 -0.044134 -0.824366
v 0.718956 -0.044134 -0.175578
v 0.720217 0.175000 -0.800662
v 0.720217 0.175000 -0.199251
v 0.721794 -0.025000 -0.790721
v 0.721797 -0.025000 -0.209217
v 0.724254 -0.073174 -0.098456
v 0.724549 -0.073336 -0.902189
v 0.724653 -0.025000 -0.749956
v 0.724653 -0.025000 -0.249956
v 0.724653 0.175000 -0.749956
v 0.724653 0.175000 -0.249956
v 0.726072 -0.044134 -0.787464
v 0.726074 -0.044134 -0.212465
v 0.726131 -0.075000 -0.925167
v 0.726170 -0.075000 -0.074810
v 0.726375 -0.075000 -0.925146
v 0.726414 -0.075000 -0.074831
v 0.728459 -0.044134 -0.749956
v 0.728459 -0.044134 -0.249956
v 0.729437 -0.060355 -0.827093
v 0.729446 -0.060355 -0.172853
v 0.731268 -0.075000 -0.916262
v 0.731305 -0.075000 -0.083716
v 0.731371 -0.075000 -0.916484
v 0.731408 -0.075000 -0.083495
v 0.732317 -0.071194 -0.870140
v 0.732337 -0.071194 -0.129822
v 0.736823 -0.060355 -0.788838
v 0.736825 -0.060355 -0.211091
v 0.739298 -0.060355 -0.749956
v 0.739298 -0.060355 -0.249956
v 0.742691 -0.075000 0.062256
v 0.742691 0.175000 0.062256
v 0.743224 -0.075000 -1.061638
v 0.743224 0.175000 -1.061638
v 0.745137 -0.071194 -0.831173
v 0.745146 -0.071194 -0.168774
v 0.752913 -0.071194 -0.790895
v 0.752915 -0.071194 -0.209035
v 0.755184 -0.075000 -0.863700
v 0.755201 -0.075000 -0.136260
v 0.755519 -0.071194 -0.749956
v 0.755519 -0.071194 -0.249956
v 0.769751 -0.075000 -0.807655
v 0.769755 -0.075000 -0.192282
v 0.774653 -0.075000 -0.749956
v 0.774653 -0.075000 -0.249956
v 0.780947 -0.075000 0.018914
v 0.780947 0.175000 0.018914
v 0.781330 -0.075000 -1.018330
v 0.781330 0.175000 -1.018330
v 0.813191 -0.075000 -0.029069
v 0.813191 0.175000 -0.029069
v 0.813442 -0.075000 -0.970409
v 0.813442 0.175000 -0.970409
v 0.838865 -0.075000 -0.080866
v 0.838865 0.175000 -0.080866
v 0.839010 -0.075000 -0.918700
v 0.839010 0.175000 -0.918700
v 0.857528 -0.075000 -0.135581
v 0.857528 0.175000 -0.135581
v 0.857593 -0.075000 -0.864089
v 0.857593 0.175000 -0.864089
v 0.868872 -0.075000 -0.807517
v 0.868855 -0.075000 -0.192271
v 0.868872 0.175000 -0.807517
v 0.868855 0.175000 -0.192271
v 0.872653 -0.075000 -0.749956
v 0.872653 -0.075000 -0.249956
v 0.872653 0.000000 -0.699956
v 0.872653 0.000000 -0.299956
v 0.872653 0.003806 -0.719090
v 0.872653 0.003806 -0.280822
v 0.872653 0.014645 -0.735311
v 0.872653 0.014645 -0.264601
v 0.872653 0.030866 -0.746150
v 0.872653 0.030866 -0.253762
v 0.872653 0.050000 -0.749956
v 0.872653 0.050000 -0.249956
v 0.872653 0.069134 -0.746150
v 0.872653 0.069134 -0.253762
v 0.872653 0.085355 -0.735311
v 0.872653 0.085355 -0.264601
v 0.872653 0.096194 -0.719090
v 0.872653 0.096194 -0.280822
v 0.872653 0.100000 -0.699956
v 0.872653 0.100000 -0.299956
v 0.872653 0.175000 -0.749956
v 0.872653 0.175000 -0.249956
v 0.895829 0.000000 -0.696285
v 0.895829 0.000000 -0.303627
v 0.895829 0.100000 -0.696285
v 0.895829 0.100000 -0.303627
v 0.897679 0.004952 -0.718356
v 0.897679 0.004952 -0.281557
v 0.897679 0.095048 -0.718356
v 0.897679 0.095048 -0.281557
v 0.902182 0.018826 -0.735160
v 0.902182 0.018826 -0.264752
v 0.902182 0.081174 -0.735160
v 0.902182 0.081174 -0.264752
v 0.904681 0.038874 -0.744486
v 0.904681 0.038874 -0.255426
v 0.904681 0.061126 -0.744486
v 0.904681 0.061126 -0.255426
v 0.916737 0.000000 -0.685632
v 0.916737 0.000000 -0.314280
v 0.916737 0.100000 -0.685632
v 0.916737 0.100000 -0.314280
v 0.921000 0.004952 -0.708696
v 0.921000 0.004952 -0.291217
v 0.921000 0.095048 -0.708696
v 0.921000 0.095048 -0.291217
v 0.929699 0.018826 -0.723762
v 0.929699 0.018826 -0.276150
v 0.929699 0.081174 -0.723762
v 0.929699 0.081174 -0.276150
v 0.933329 0.000000 -0.669040
v 0.933329 0.000000 -0.330872
v 0.933329 0.100000 -0.669040
v 0.933329 0.100000 -0.330872
v 0.934526 0.038874 -0.732124
v 0.934526 0.038874 -0.267789
v 0.934526 0.061126 -0.732124
v 0.934526 0.061126 -0.267789
v 0.941026 0.004952 -0.693329
v 0.941026 0.004952 -0.306583
v 0.941026 0.095048 -0.693329
v 0.941026 0.095048 -0.306583
v 0.943982 0.000000 -0.648132
v 0.943982 0.000000 -0.351780
v 0.943982 0.100000 -0.648132
v 0.943982 0.100000 -0.351780
v 0.947653 0.000000 -0.624956
v 0.947653 0.000000 -0.374956
v 0.947653 0.100000 -0.624956
v 0.947653 0.100000 -0.374956
v 0.953328 0.018826 -0.705631
v 0.953328 0.018826 -0.294281
v 0.953328 0.081174 -0.705631
v 0.953328 0.081174 -0.294281
v 0.956393 0.004952 -0.673303
v 0.956393 0.004952 -0.326609
v 0.956393 0.095048 -0.673303
v 0.956393 0.095048 -0.326609
v 0.960155 0.038874 -0.712458
v 0.960155 0.038874 -0.287454
v 0.960155 0.061126 -0.712458
v 0.960155 0.061126 -0.287454
v 0.966053 0.004952 -0.649982
v 0.966053 0.004952 -0.349930
v 0.966053 0.095048 -0.649982
v 0.966053 0.095048 -0.349930
v 0.966787 0.003806 -0.624956
v 0.966787 0.003806 -0.374956
v 0.966787 0.096194 -0.624956
v 0.966787 0.096194 -0.374956
v 0.971459 0.018826 -0.682002
v 0.971459 0.018826 -0.317910
v 0.971459 0.081174 -0.682002
v 0.971459 0.081174 -0.317910
v 0.979821 0.038874 -0.686829
v 0.979821 0.038874 -0.313083
v 0.979821 0.061126 -0.686829
v 0.979821 0.061126 -0.313083
v 0.982857 0.018826 -0.654485
v 0.982857 0.018826 -0.345427
v 0.982857 0.081174 -0.654485
v 0.982857 0.081174 -0.345427
v 0.983008 0.014645 -0.624956
v 0.983008 0.014645 -0.374956
v 0.983008 0.085355 -0.624956
v 0.983008 0.085355 -0.374956
v 0.992183 0.038874 -0.656984
v 0.992183 0.038874 -0.342928
v 0.992183 0.061126 -0.656984
v 0.992183 0.061126 -0.342928
v 0.993847 0.030866 -0.624956
v 0.993847 0.030866 -0.374956
v 0.993847 0.069134 -0.624956
v 0.993847 0.069134 -0.374956
v 0.997653 0.050000 -0.624956
v 0.997653 0.050000 -0.374956
vt -0.402128 0.049873 0.000000
vt -0.782874 0.049873 0.000000
vt -0.803571 0.022881 0.000000
vt -0.830119 -0.001372 0.000000
vt -0.861860 -0.025451 0.000000
vt -0.896062 -0.049517 0.000000
vt -0.896571 -0.049873 0.000000
vt -0.346071 -0.049873 0.000000
vt -0.346408 -0.049523 0.000000
vt -0.366200 -0.027816 0.000000
vt -0.383850 -0.004430 0.000000
vt -0.397004 0.021504 0.000000
vt -0.099746 0.365006 0.000000
vt -0.099746 0.267265 0.000000
vt -0.099746 0.169525 0.000000
vt -0.099746 0.071784 0.000000
vt -0.099746 -0.025957 0.000000
vt -0.099746 -0.123697 0.000000
vt -0.099746 -0.221438 0.000000
vt -0.099746 -0.319179 0.000000
vt -0.099746 -0.416919 0.000000
vt -0.099746 -0.514660 0.000000
vt -0.099746 -0.612401 0.000000
vt -0.099746 -0.710141 0.000000
vt -0.099746 -0.807882 0.000000
vt -0.099746 -0.905622 0.000000
vt -0.099746 -1.003363 0.000000
vt -0.099746 1.175931 0.000000
vt -0.099746 1.078190 0.000000
vt -0.099746 0.980449 0.000000
vt -0.099746 0.882709 0.000000
vt -0.099746 0.784968 0.000000
vt -0.099746 0.687228 0.000000
vt -0.099746 0.589487 0.000000
vt -0.099746 0.491746 0.000000
vt -0.099746 0.394006 0.000000
vt -0.099396 0.394389 0.000000
vt -0.077689 0.416240 0.000000
vt -0.054303 0.434570 0.000000
vt -0.028369 0.447564 0.000000
vt -0.000000 0.452478 0.000000
vt -0.000000 0.545134 0.000000
vt -0.000000 0.637790 0.000000
vt -0.000000 0.730446 0.000000
vt -0.000000 0.823102 0.000000
vt -0.000000 0.915758 0.000000
vt -0.000000 1.008415 0.000000
vt -0.000000 -1.175964 0.000000
vt -0.000000 -1.083308 0.000000
vt -0.000000 -0.990652 0.000000
vt -0.000000 -0.897996 0.000000
vt -0.000000 -0.805340 0.000000
vt -0.000000 -0.712683 0.000000
vt -0.000000 -0.620027 0.000000
vt -0.000000 -0.527371 0.000000
vt -0.000000 -0.434715 0.000000
vt -0.000000 -0.342059 0.000000
vt -0.000000 -0.249403 0.000000
vt -0.000000 -0.156747 0.000000
vt -0.000000 -0.064091 0.000000
vt -0.000000 0.028565 0.000000
vt -0.000000 0.121221 0.000000
vt -0.000000 0.213877 0.000000
vt -0.000000 0.306533 0.000000
vt -0.028369 0.311447 0.000000
vt -0.054303 0.324441 0.000000
vt -0.077689 0.342771 0.000000
vt -0.099396 0.364622 0.000000
vt -0.066497 -1.138517 0.000000
vt -0.033249 1.138517 0.000000
vt -0.066497 0.318785 0.000000
vt -0.066497 0.683110 0.000000
vt -0.066497 0.227703 0.000000
vt -0.033249 0.227703 0.000000
vt -0.066497 0.136622 0.000000
vt -0.033249 0.136622 0.000000
vt -0.066497 0.045541 0.000000
vt -0.033249 0.045541 0.000000
vt -0.066497 -0.045541 0.000000
vt -0.033249 -0.045541 0.000000
vt -0.066497 -0.136622 0.000000
vt -0.033249 -0.136622 0.000000
vt -0.066497 -0.227703 0.000000
vt -0.033249 -0.227703 0.000000
vt -0.066497 -0.409866 0.000000
vt -0.033249 -0.409866 0.000000
vt -0.033249 -0.318916 0.000000
vt -0.066497 -0.319047 0.000000
vt -0.066497 -0.500948 0.000000
vt -0.033249 -0.500948 0.000000
vt -0.066497 -0.592029 0.000000
vt -0.033249 -0.592029 0.000000
vt -0.066497 -0.683110 0.000000
vt -0.033249 -0.683110 0.000000
vt -0.066497 -0.774192 0.000000
vt -0.033249 -0.774192 0.000000
vt -0.066497 -0.865273 0.000000
vt -0.033249 -0.865273 0.000000
vt -0.066497 -0.956354 0.000000
vt -0.033249 -0.956354 0.000000
vt -0.066497 -1.047436 0.000000
vt -0.033249 -1.047436 0.000000
vt -0.066497 1.047436 0.000000
vt -0.033249 1.047436 0.000000
vt -0.066497 0.956354 0.000000
vt -0.033249 0.956354 0.000000
vt -0.066497 0.865273 0.000000
vt -0.033249 0.865273 0.000000
vt -0.066497 0.774192 0.000000
vt -0.033249 0.774192 0.000000
vt -0.033249 0.683110 0.000000
vt -0.066497 0.500948 0.000000
vt -0.033249 0.500948 0.000000
vt -0.033249 0.592029 0.000000
vt -0.066497 0.592029 0.000000
vt -0.033249 -1.138517 0.000000
vt -0.033249 -1.138517 0.000000
vt -0.000000 1.101071 0.000000
vt -0.000000 1.101071 0.000000
vt -0.033249 -1.138517 0.000000
vt -0.099746 -1.101104 0.000000
vt -0.099746 -1.101104 0.000000
vt -0.033249 -1.138517 0.000000
vt -0.066497 1.138517 0.000000
vt -0.066497 1.138517 0.000000
vt -0.066497 1.138517 0.000000
vt -0.066497 1.138517 0.000000
vt 0.527893 -0.049873 0.000000
vt 1.078382 -0.049873 0.000000
vt 1.077873 -0.049517 0.000000
vt 1.045221 -0.026574 0.000000
vt 1.013376 -0.002579 0.000000
vt 0.985434 0.022769 0.000000
vt 0.964623 0.049873 0.000000
vt 0.583950 0.049873 0.000000
vt 0.578826 0.021504 0.000000
vt 0.565671 -0.004430 0.000000
vt 0.548022 -0.027816 0.000000
vt 0.528229 -0.049523 0.000000
vt 0.063500 0.776678 0.000000
vt 0.063500 0.893405 0.000000
vt 0.063500 1.010131 0.000000
vt 0.063500 1.126857 0.000000
vt 0.063500 1.243584 0.000000
vt 0.063500 1.360310 0.000000
vt 0.063500 1.477036 0.000000
vt -0.127000 1.477036 0.000000
vt -0.127000 1.527926 0.000000
vt -0.127000 1.578816 0.000000
vt -0.127000 1.629706 0.000000
vt 0.063500 1.629706 0.000000
vt 0.063500 1.746450 0.000000
vt 0.063500 1.863193 0.000000
vt 0.063500 1.979937 0.000000
vt 0.063500 2.096681 0.000000
vt 0.063500 2.213425 0.000000
vt 0.063500 2.330168 0.000000
vt -0.444500 2.330168 0.000000
vt -0.444500 2.200711 0.000000
vt -0.444500 2.071254 0.000000
vt -0.444500 1.941796 0.000000
vt -0.444500 1.812338 0.000000
vt -0.444500 1.682881 0.000000
vt -0.444500 1.553424 0.000000
vt -0.444500 1.423966 0.000000
vt -0.444500 1.294508 0.000000
vt -0.444500 1.165051 0.000000
vt -0.444500 1.035594 0.000000
vt -0.444500 0.906136 0.000000
vt -0.444500 0.776678 0.000000
vt 0.063500 -0.776696 0.000000
vt 0.063500 -0.672569 0.000000
vt 0.063500 -0.568442 0.000000
vt 0.063500 -0.464315 0.000000
vt -0.127000 -0.464315 0.000000
vt -0.127000 -0.413426 0.000000
vt -0.127000 -0.362536 0.000000
vt -0.127000 -0.311646 0.000000
vt 0.063500 -0.311646 0.000000
vt 0.063500 -0.207764 0.000000
vt 0.063500 -0.103882 0.000000
vt 0.063500 0.000000 0.000000
vt -0.444500 0.000000 0.000000
vt -0.444500 -0.129449 0.000000
vt -0.444500 -0.258899 0.000000
vt -0.444500 -0.388348 0.000000
vt -0.444500 -0.517797 0.000000
vt -0.444500 -0.647247 0.000000
vt -0.444500 -0.776696 0.000000
vt 0.063500 0.000000 0.000000
vt 0.063500 0.103817 0.000000
vt 0.063500 0.207635 0.000000
vt 0.063500 0.311452 0.000000
vt -0.127000 0.311452 0.000000
vt -0.127000 0.362342 0.000000
vt -0.127000 0.413232 0.000000
vt -0.127000 0.464121 0.000000
vt 0.063500 0.464121 0.000000
vt 0.063500 0.568309 0.000000
vt 0.063500 0.672497 0.000000
vt 0.063500 0.776686 0.000000
vt -0.444500 0.776686 0.000000
vt -0.444500 0.647238 0.000000
vt -0.444500 0.517790 0.000000
vt -0.444500 0.388343 0.000000
vt -0.444500 0.258895 0.000000
vt -0.444500 0.129448 0.000000
vt -0.444500 0.000000 0.000000
vt -0.691298 0.049873 0.000000
vt -1.073389 0.049873 0.000000
vt -1.094091 0.022880 0.000000
vt -1.120646 -0.001373 0.000000
vt -1.152396 -0.025451 0.000000
vt -1.186608 -0.049517 0.000000
vt -1.187117 -0.049873 0.000000
vt -0.635381 -0.049873 0.000000
vt -0.635716 -0.049523 0.000000
vt -0.655467 -0.027805 0.000000
vt -0.673075 -0.004412 0.000000
vt -0.686192 0.021519 0.000000
vt -0.099746 -0.205220 0.000000
vt -0.099746 -0.302961 0.000000
vt -0.099746 -0.400701 0.000000
vt -0.099746 -0.498442 0.000000
vt -0.099746 -0.596183 0.000000
vt -0.099746 -0.693923 0.000000
vt -0.099746 -0.791664 0.000000
vt -0.099746 -0.889404 0.000000
vt -0.099746 -0.987145 0.000000
vt -0.099746 1.192149 0.000000
vt -0.099746 1.094408 0.000000
vt -0.099746 0.996667 0.000000
vt -0.099746 0.898927 0.000000
vt -0.099746 0.801186 0.000000
vt -0.099746 0.703446 0.000000
vt -0.099746 0.605705 0.000000
vt -0.099746 0.507964 0.000000
vt -0.099746 0.410224 0.000000
vt -0.099746 0.312483 0.000000
vt -0.099746 0.214742 0.000000
vt -0.099746 0.117002 0.000000
vt -0.099746 0.019261 0.000000
vt -0.099746 -0.078479 0.000000
vt -0.099746 -0.176220 0.000000
vt -0.099396 -0.175836 0.000000
vt -0.077701 -0.153938 0.000000
vt -0.054321 -0.135564 0.000000
vt -0.028384 -0.122533 0.000000
vt -0.000000 -0.117602 0.000000
vt -0.000000 -0.024946 0.000000
vt -0.000000 0.067710 0.000000
vt -0.000000 0.160366 0.000000
vt -0.000000 0.253022 0.000000
vt -0.000000 0.345678 0.000000
vt -0.000000 0.438334 0.000000
vt -0.000000 0.530990 0.000000
vt -0.000000 0.623646 0.000000
vt -0.000000 0.716302 0.000000
vt -0.000000 0.808958 0.000000
vt -0.000000 0.901614 0.000000
vt -0.000000 0.994270 0.000000
vt -0.000000 -1.190108 0.000000
vt -0.000000 -1.097452 0.000000
vt -0.000000 -1.004796 0.000000
vt -0.000000 -0.912140 0.000000
vt -0.000000 -0.819484 0.000000
vt -0.000000 -0.726828 0.000000
vt -0.000000 -0.634172 0.000000
vt -0.000000 -0.541516 0.000000
vt -0.000000 -0.448860 0.000000
vt -0.000000 -0.356203 0.000000
vt -0.000000 -0.263547 0.000000
vt -0.028354 -0.258650 0.000000
vt -0.054286 -0.245693 0.000000
vt -0.077678 -0.227407 0.000000
vt -0.099396 -0.205602 0.000000
vt -0.066497 -1.138517 0.000000
vt -0.033249 1.138517 0.000000
vt -0.066497 -0.592029 0.000000
vt -0.066497 0.318785 0.000000
vt -0.033249 0.409985 0.000000
vt -0.066497 -0.318785 0.000000
vt -0.033249 -0.318785 0.000000
vt -0.066497 -0.409866 0.000000
vt -0.033249 -0.409866 0.000000
vt -0.066497 -0.500948 0.000000
vt -0.033249 -0.500948 0.000000
vt -0.066497 -0.683110 0.000000
vt -0.033249 -0.683110 0.000000
vt -0.033249 -0.592029 0.000000
vt -0.066497 -0.774192 0.000000
vt -0.033249 -0.774192 0.000000
vt -0.066497 -0.865273 0.000000
vt -0.033249 -0.865273 0.000000
vt -0.066497 -0.956354 0.000000
vt -0.033249 -0.956354 0.000000
vt -0.066497 -1.047436 0.000000
vt -0.033249 -1.047436 0.000000
vt -0.066497 1.047436 0.000000
vt -0.033249 1.047436 0.000000
vt -0.066497 0.956354 0.000000
vt -0.033249 0.956354 0.000000
vt -0.066497 0.865273 0.000000
vt -0.033249 0.865273 0.000000
vt -0.066497 0.774192 0.000000
vt -0.033249 0.774192 0.000000
vt -0.066497 0.683110 0.000000
vt -0.033249 0.683110 0.000000
vt -0.066497 0.592029 0.000000
vt -0.033249 0.592029 0.000000
vt -0.066497 0.500948 0.000000
vt -0.033249 0.500948 0.000000
vt -0.033249 0.318785 0.000000
vt -0.066497 0.410104 0.000000
vt -0.066497 0.227703 0.000000
vt -0.033249 0.227703 0.000000
vt -0.066497 0.136622 0.000000
vt -0.033249 0.136622 0.000000
vt -0.066497 0.045541 0.000000
vt -0.033249 0.045541 0.000000
vt -0.066497 -0.045541 0.000000
vt -0.033249 -0.045541 0.000000
vt -0.066497 -0.136622 0.000000
vt -0.033249 -1.138517 0.000000
vt -0.033249 -1.138517 0.000000
vt -0.000000 1.086926 0.000000
vt -0.000000 1.086926 0.000000
vt -0.099746 -1.084886 0.000000
vt -0.099746 -1.084886 0.000000
vt -0.066497 1.138517 0.000000
vt -0.066497 1.138517 0.000000
vt -0.033249 -1.138517 0.000000
vt -0.033249 -1.138517 0.000000
vt -0.066497 1.138517 0.000000
vt -0.066497 1.138517 0.000000
vt 0.817769 -0.049873 0.000000
vt 1.369438 -0.049873 0.000000
vt 1.368929 -0.049517 0.000000
vt 1.336286 -0.026574 0.000000
vt 1.304450 -0.002578 0.000000
vt 1.276516 0.022769 0.000000
vt 1.255709 0.049873 0.000000
vt 0.873965 0.049873 0.000000
vt 0.868824 0.021489 0.000000
vt 0.855632 -0.004448 0.000000
vt 0.837941 -0.027828 0.000000
vt 0.818106 -0.049523 0.000000
vt 0.063500 2.330057 0.000000
vt 0.063500 2.446782 0.000000
vt 0.063500 2.563507 0.000000
vt 0.063500 2.680232 0.000000
vt 0.063500 2.796957 0.000000
vt 0.063500 2.913682 0.000000
vt 0.063500 3.030407 0.000000
vt -0.127000 3.030407 0.000000
vt -0.127000 3.081297 0.000000
vt -0.127000 3.132187 0.000000
vt -0.127000 3.183077 0.000000
vt 0.063500 3.183077 0.000000
vt 0.063500 3.300671 0.000000
vt 0.063500 3.418266 0.000000
vt 0.063500 3.535860 0.000000
vt 0.063500 3.653454 0.000000
vt 0.063500 3.771048 0.000000
vt 0.063500 3.888643 0.000000
vt -0.444500 3.888643 0.000000
vt -0.444500 3.758760 0.000000
vt -0.444500 3.628878 0.000000
vt -0.444500 3.498996 0.000000
vt -0.444500 3.369114 0.000000
vt -0.444500 3.239232 0.000000
vt -0.444500 3.109350 0.000000
vt -0.444500 2.979467 0.000000
vt -0.444500 2.849585 0.000000
vt -0.444500 2.719703 0.000000
vt -0.444500 2.589821 0.000000
vt -0.444500 2.459939 0.000000
vt -0.444500 2.330057 0.000000
vt 1.193725 0.063500 0.000000
vt 0.000000 0.063500 0.000000
vt 0.000000 -0.444500 0.000000
vt 2.539888 -0.444500 0.000000
vt 2.539888 0.063500 0.000000
vt 1.346125 0.063500 0.000000
vt 1.346125 -0.127000 0.000000
vt 1.193725 -0.127000 0.000000
vt 0.369287 0.127000 0.000000
vt 0.000000 0.127000 0.000000
vt 0.000000 -0.127000 0.000000
vt 0.386302 -0.127000 0.000000
vt 0.376946 -0.106937 0.000000
vt 0.371217 -0.085553 0.000000
vt 0.369287 -0.063500 0.000000
vt -0.276510 0.049873 0.000000
vt -0.662820 0.049873 0.000000
vt -0.685365 0.020206 0.000000
vt -0.712367 -0.004844 0.000000
vt -0.742426 -0.028127 0.000000
vt -0.772802 -0.049873 0.000000
vt -0.220454 -0.049873 0.000000
vt -0.220790 -0.049523 0.000000
vt -0.240583 -0.027816 0.000000
vt -0.258232 -0.004430 0.000000
vt -0.271387 0.021504 0.000000
vt -0.000000 -0.496304 0.000000
vt -0.000000 -0.403648 0.000000
vt -0.000000 -0.310992 0.000000
vt -0.000000 -0.218336 0.000000
vt -0.000000 -0.125680 0.000000
vt -0.000000 -0.033024 0.000000
vt -0.000000 0.059632 0.000000
vt -0.000000 0.152288 0.000000
vt -0.000000 0.244944 0.000000
vt -0.000000 0.337600 0.000000
vt -0.000000 0.430257 0.000000
vt -0.000000 0.522913 0.000000
vt -0.000000 0.615569 0.000000
vt -0.000000 0.708225 0.000000
vt -0.000000 0.800881 0.000000
vt -0.000000 0.893537 0.000000
vt -0.000000 0.986193 0.000000
vt -0.000000 -1.198185 0.000000
vt -0.000000 -1.105529 0.000000
vt -0.000000 -1.012873 0.000000
vt -0.000000 -0.920217 0.000000
vt -0.000000 -0.827561 0.000000
vt -0.000000 -0.734905 0.000000
vt -0.000000 -0.642249 0.000000
vt -0.028369 -0.637335 0.000000
vt -0.054303 -0.624341 0.000000
vt -0.077689 -0.606011 0.000000
vt -0.099396 -0.584160 0.000000
vt -0.099746 -0.583777 0.000000
vt -0.099746 -0.681517 0.000000
vt -0.099746 -0.779258 0.000000
vt -0.099746 -0.876998 0.000000
vt -0.099746 -0.974739 0.000000
vt -0.099746 1.204555 0.000000
vt -0.099746 1.106814 0.000000
vt -0.099746 1.009073 0.000000
vt -0.099746 0.911333 0.000000
vt -0.099746 0.813592 0.000000
vt -0.099746 0.715852 0.000000
vt -0.099746 0.618111 0.000000
vt -0.099746 0.520370 0.000000
vt -0.099746 0.422630 0.000000
vt -0.099746 0.324889 0.000000
vt -0.099746 0.227148 0.000000
vt -0.099746 0.129408 0.000000
vt -0.099746 0.031667 0.000000
vt -0.099746 -0.066073 0.000000
vt -0.099746 -0.163814 0.000000
vt -0.099746 -0.261555 0.000000
vt -0.099746 -0.359295 0.000000
vt -0.099746 -0.457036 0.000000
vt -0.099746 -0.554777 0.000000
vt -0.099396 -0.554393 0.000000
vt -0.077689 -0.532542 0.000000
vt -0.054303 -0.514212 0.000000
vt -0.028369 -0.501218 0.000000
vt -0.033249 1.138517 0.000000
vt -0.066497 -1.138517 0.000000
vt -0.066497 -0.774192 0.000000
vt -0.033249 -0.409866 0.000000
vt -0.066497 -0.409866 0.000000
vt -0.066497 -0.501074 0.000000
vt -0.033249 -0.501200 0.000000
vt -0.033249 -0.318785 0.000000
vt -0.066497 -0.318785 0.000000
vt -0.033249 -0.227703 0.000000
vt -0.066497 -0.227703 0.000000
vt -0.033249 -0.136622 0.000000
vt -0.066497 -0.136622 0.000000
vt -0.033249 -0.045541 0.000000
vt -0.066497 -0.045541 0.000000
vt -0.033249 0.045541 0.000000
vt -0.066497 0.045541 0.000000
vt -0.033249 0.136622 0.000000
vt -0.066497 0.136622 0.000000
vt -0.033249 0.227518 0.000000
vt -0.066497 0.227333 0.000000
vt -0.033249 0.318785 0.000000
vt -0.066497 0.318785 0.000000
vt -0.033249 0.409866 0.000000
vt -0.066497 0.409866 0.000000
vt -0.033249 0.500948 0.000000
vt -0.066497 0.500948 0.000000
vt -0.033249 0.592029 0.000000
vt -0.066497 0.592029 0.000000
vt -0.033249 0.683110 0.000000
vt -0.066497 0.683110 0.000000
vt -0.033249 0.774192 0.000000
vt -0.066497 0.774192 0.000000
vt -0.033249 0.865273 0.000000
vt -0.066497 0.865273 0.000000
vt -0.033249 0.956354 0.000000
vt -0.066497 0.956354 0.000000
vt -0.033249 1.047436 0.000000
vt -0.066497 1.047436 0.000000
vt -0.033249 -1.047436 0.000000
vt -0.066497 -1.047436 0.000000
vt -0.033249 -0.956354 0.000000
vt -0.066497 -0.956354 0.000000
vt -0.033249 -0.865273 0.000000
vt -0.066497 -0.865273 0.000000
vt -0.033249 -0.774192 0.000000
vt -0.033249 -0.683110 0.000000
vt -0.066497 -0.683110 0.000000
vt -0.000000 1.078849 0.000000
vt -0.000000 1.078849 0.000000
vt -0.033249 -1.138517 0.000000
vt -0.033249 -1.138517 0.000000
vt -0.033249 -1.138517 0.000000
vt -0.033249 -1.138517 0.000000
vt -0.066497 1.138517 0.000000
vt -0.066497 1.138517 0.000000
vt -0.099746 -1.072480 0.000000
vt -0.099746 -1.072480 0.000000
vt -0.066497 1.138517 0.000000
vt -0.066497 1.138517 0.000000
vt 0.405101 -0.049873 0.000000
vt 0.957448 -0.049873 0.000000
vt 0.926992 -0.028004 0.000000
vt 0.896978 -0.004810 0.000000
vt 0.869862 0.020355 0.000000
vt 0.847460 0.049873 0.000000
vt 0.461158 0.049873 0.000000
vt 0.456034 0.021504 0.000000
vt 0.442879 -0.004430 0.000000
vt 0.425230 -0.027816 0.000000
vt 0.405437 -0.049523 0.000000
vt -0.127000 -0.076698 0.000000
vt -0.127000 -0.174110 0.000000
vt -0.127000 -0.271521 0.000000
vt -0.127000 -0.368932 0.000000
vt -0.127000 -0.466343 0.000000
vt -0.127000 -0.563755 0.000000
vt -0.127000 -0.661166 0.000000
vt -0.127000 -0.758577 0.000000
vt -0.127000 -0.855989 0.000000
vt -0.127000 -0.953400 0.000000
vt -0.127000 -1.050811 0.000000
vt -0.127000 -1.148222 0.000000
vt -0.127000 -1.245634 0.000000
vt -0.127000 -1.343045 0.000000
vt -0.127000 -1.440456 0.000000
vt -0.127000 -1.537867 0.000000
vt -0.127000 -1.635278 0.000000
vt -0.127000 -1.732690 0.000000
vt -0.127000 -1.830101 0.000000
vt -0.127000 -1.927512 0.000000
vt -0.127000 -2.024924 0.000000
vt -0.127000 -2.122335 0.000000
vt -0.127000 -2.219746 0.000000
vt -0.127000 -2.317157 0.000000
vt 0.127000 -2.317157 0.000000
vt 0.127000 -2.219746 0.000000
vt 0.127000 -2.122335 0.000000
vt 0.127000 -2.024924 0.000000
vt 0.127000 -1.927512 0.000000
vt 0.127000 -1.830101 0.000000
vt 0.127000 -1.732690 0.000000
vt 0.127000 -1.635278 0.000000
vt 0.127000 -1.537867 0.000000
vt 0.127000 -1.440456 0.000000
vt 0.127000 -1.343045 0.000000
vt 0.127000 -1.245634 0.000000
vt 0.127000 -1.148222 0.000000
vt 0.127000 -1.050811 0.000000
vt 0.127000 -0.953400 0.000000
vt 0.127000 -0.855989 0.000000
vt 0.127000 -0.758577 0.000000
vt 0.127000 -0.661166 0.000000
vt 0.127000 -0.563755 0.000000
vt 0.127000 -0.466343 0.000000
vt 0.127000 -0.368932 0.000000
vt 0.127000 -0.271521 0.000000
vt 0.127000 -0.174110 0.000000
vt 0.127000 -0.076698 0.000000
vt 0.369295 0.127000 0.000000
vt 0.000000 0.127000 0.000000
vt 0.000000 -0.063500 0.000000
vt -0.001929 -0.085553 0.000000
vt -0.007659 -0.106937 0.000000
vt -0.017015 -0.127000 0.000000
vt 0.369295 -0.127000 0.000000
vt 0.364641 0.127000 0.000000
vt 0.000000 0.127000 0.000000
vt 0.000000 -0.127000 0.000000
vt 0.381745 -0.127000 0.000000
vt 0.369190 -0.096662 0.000000
vt 0.364641 -0.063500 0.000000
vt -0.691428 0.049873 0.000000
vt -1.073389 0.049873 0.000000
vt -1.094091 0.022880 0.000000
vt -1.120646 -0.001373 0.000000
vt -1.152396 -0.025451 0.000000
vt -1.186608 -0.049517 0.000000
vt -1.187117 -0.049873 0.000000
vt -0.635251 -0.049873 0.000000
vt -0.635588 -0.049523 0.000000
vt -0.655417 -0.027826 0.000000
vt -0.673103 -0.004445 0.000000
vt -0.686290 0.021491 0.000000
vt -0.099746 -0.962424 0.000000
vt -0.099746 1.216869 0.000000
vt -0.099746 1.119129 0.000000
vt -0.099746 1.021388 0.000000
vt -0.099746 0.923648 0.000000
vt -0.099746 0.825907 0.000000
vt -0.099746 0.728166 0.000000
vt -0.099746 0.630426 0.000000
vt -0.099746 0.532685 0.000000
vt -0.099746 0.434944 0.000000
vt -0.099746 0.337204 0.000000
vt -0.099746 0.239463 0.000000
vt -0.099746 0.141722 0.000000
vt -0.099746 0.043982 0.000000
vt -0.099746 -0.053759 0.000000
vt -0.099746 -0.151499 0.000000
vt -0.099746 -0.249240 0.000000
vt -0.099746 -0.346981 0.000000
vt -0.099746 -0.444721 0.000000
vt -0.099746 -0.542462 0.000000
vt -0.099746 -0.640203 0.000000
vt -0.099746 -0.737943 0.000000
vt -0.099746 -0.835684 0.000000
vt -0.099746 -0.933424 0.000000
vt -0.099396 -0.933042 0.000000
vt -0.077680 -0.911231 0.000000
vt -0.054288 -0.892939 0.000000
vt -0.028356 -0.879977 0.000000
vt -0.000000 -0.875078 0.000000
vt -0.000000 -0.782422 0.000000
vt -0.000000 -0.689766 0.000000
vt -0.000000 -0.597110 0.000000
vt -0.000000 -0.504454 0.000000
vt -0.000000 -0.411798 0.000000
vt -0.000000 -0.319142 0.000000
vt -0.000000 -0.226486 0.000000
vt -0.000000 -0.133830 0.000000
vt -0.000000 -0.041173 0.000000
vt -0.000000 0.051483 0.000000
vt -0.000000 0.144139 0.000000
vt -0.000000 0.236795 0.000000
vt -0.000000 0.329451 0.000000
vt -0.000000 0.422107 0.000000
vt -0.000000 0.514763 0.000000
vt -0.000000 0.607419 0.000000
vt -0.000000 0.700075 0.000000
vt -0.000000 0.792731 0.000000
vt -0.000000 0.885387 0.000000
vt -0.000000 0.978043 0.000000
vt -0.000000 -1.206335 0.000000
vt -0.000000 -1.113679 0.000000
vt -0.000000 -1.021023 0.000000
vt -0.028382 -1.016095 0.000000
vt -0.054319 -1.003068 0.000000
vt -0.077699 -0.984700 0.000000
vt -0.099396 -0.962809 0.000000
vt -0.066497 -1.138517 0.000000
vt -0.033249 1.138517 0.000000
vt -0.066497 -1.047436 0.000000
vt -0.066497 0.136622 0.000000
vt -0.033249 -1.047436 0.000000
vt -0.066497 1.047436 0.000000
vt -0.033249 1.047436 0.000000
vt -0.066497 0.956354 0.000000
vt -0.033249 0.956354 0.000000
vt -0.066497 0.865273 0.000000
vt -0.033249 0.865273 0.000000
vt -0.066497 0.774192 0.000000
vt -0.033249 0.774192 0.000000
vt -0.066497 0.683110 0.000000
vt -0.033249 0.683110 0.000000
vt -0.066497 0.592029 0.000000
vt -0.033249 0.592029 0.000000
vt -0.066497 0.500948 0.000000
vt -0.033249 0.500948 0.000000
vt -0.066497 0.409866 0.000000
vt -0.033249 0.409866 0.000000
vt -0.066497 0.318785 0.000000
vt -0.033249 0.318785 0.000000
vt -0.066497 0.227703 0.000000
vt -0.033249 0.227703 0.000000
vt -0.033249 0.136622 0.000000
vt -0.066497 -0.045541 0.000000
vt -0.033249 -0.045541 0.000000
vt -0.033249 0.045541 0.000000
vt -0.066497 0.045541 0.000000
vt -0.066497 -0.136622 0.000000
vt -0.033249 -0.136622 0.000000
vt -0.066497 -0.227703 0.000000
vt -0.033249 -0.227703 0.000000
vt -0.066497 -0.318904 0.000000
vt -0.033249 -0.319023 0.000000
vt -0.066497 -0.409866 0.000000
vt -0.033249 -0.409866 0.000000
vt -0.066497 -0.500948 0.000000
vt -0.033249 -0.500948 0.000000
vt -0.066497 -0.592029 0.000000
vt -0.033249 -0.592029 0.000000
vt -0.066497 -0.683110 0.000000
vt -0.033249 -0.683110 0.000000
vt -0.066497 -0.774192 0.000000
vt -0.033249 -0.774192 0.000000
vt -0.066497 -0.865273 0.000000
vt -0.033249 -0.865273 0.000000
vt -0.099746 -1.060165 0.000000
vt -0.099746 -1.060165 0.000000
vt -0.099746 -1.060165 0.000000
vt -0.033249 -1.138517 0.000000
vt -0.033249 -1.138517 0.000000
vt -0.000000 1.070699 0.000000
vt -0.000000 1.070699 0.000000
vt -0.099746 -1.060165 0.000000
vt -0.066497 1.138517 0.000000
vt -0.066497 1.138517 0.000000
vt -0.033249 -1.138517 0.000000
vt -0.033249 -1.138517 0.000000
vt -0.066497 1.138517 0.000000
vt -0.066497 1.138517 0.000000
vt 0.817771 -0.049873 0.000000
vt 1.369696 -0.049873 0.000000
vt 1.369187 -0.049517 0.000000
vt 1.336544 -0.026574 0.000000
vt 1.304708 -0.002578 0.000000
vt 1.276774 0.022769 0.000000
vt 1.255967 0.049873 0.000000
vt 0.873707 0.049873 0.000000
vt 0.868598 0.021517 0.000000
vt 0.855476 -0.004415 0.000000
vt 0.837863 -0.027807 0.000000
vt 0.818106 -0.049523 0.000000
vt -0.127000 -0.474836 0.000000
vt -0.127000 -0.572247 0.000000
vt -0.127000 -0.669658 0.000000
vt -0.127000 -0.767069 0.000000
vt -0.127000 -0.864481 0.000000
vt -0.127000 -0.961892 0.000000
vt -0.127000 -1.059303 0.000000
vt -0.127000 -1.156714 0.000000
vt -0.127000 -1.254126 0.000000
vt -0.127000 -1.351537 0.000000
vt -0.127000 -1.448948 0.000000
vt -0.127000 -1.546359 0.000000
vt -0.127000 -1.643771 0.000000
vt -0.127000 -1.741182 0.000000
vt -0.127000 -1.838593 0.000000
vt -0.127000 -1.936004 0.000000
vt -0.127000 -2.033416 0.000000
vt -0.127000 -2.130827 0.000000
vt -0.127000 -2.228238 0.000000
vt -0.127000 -2.325649 0.000000
vt -0.127000 -2.423061 0.000000
vt -0.127000 -2.520472 0.000000
vt -0.127000 -2.617883 0.000000
vt -0.127000 -2.715294 0.000000
vt 0.127000 -2.715294 0.000000
vt 0.127000 -2.617883 0.000000
vt 0.127000 -2.520472 0.000000
vt 0.127000 -2.423061 0.000000
vt 0.127000 -2.325649 0.000000
vt 0.127000 -2.228238 0.000000
vt 0.127000 -2.130827 0.000000
vt 0.127000 -2.033416 0.000000
vt 0.127000 -1.936004 0.000000
vt 0.127000 -1.838593 0.000000
vt 0.127000 -1.741182 0.000000
vt 0.127000 -1.643771 0.000000
vt 0.127000 -1.546359 0.000000
vt 0.127000 -1.448948 0.000000
vt 0.127000 -1.351537 0.000000
vt 0.127000 -1.254126 0.000000
vt 0.127000 -1.156714 0.000000
vt 0.127000 -1.059303 0.000000
vt 0.127000 -0.961892 0.000000
vt 0.127000 -0.864481 0.000000
vt 0.127000 -0.767069 0.000000
vt 0.127000 -0.669658 0.000000
vt 0.127000 -0.572247 0.000000
vt 0.127000 -0.474836 0.000000
vt 0.364987 0.127000 0.000000
vt 0.000000 0.127000 0.000000
vt 0.000000 -0.063500 0.000000
vt -0.004548 -0.096662 0.000000
vt -0.017103 -0.127000 0.000000
vt 0.364987 -0.127000 0.000000
vt 0.363775 0.127000 0.000000
vt 0.000000 0.127000 0.000000
vt 0.000000 -0.127000 0.000000
vt 0.380877 -0.127000 0.000000
vt 0.368323 -0.096662 0.000000
vt 0.363775 -0.063500 0.000000
vt -0.402064 0.049873 0.000000
vt -0.782829 0.049873 0.000000
vt -0.803537 0.022879 0.000000
vt -0.830103 -0.001373 0.000000
vt -0.861867 -0.025451 0.000000
vt -0.896096 -0.049517 0.000000
vt -0.896605 -0.049873 0.000000
vt -0.346007 -0.049873 0.000000
vt -0.346343 -0.049523 0.000000
vt -0.366136 -0.027816 0.000000
vt -0.383785 -0.004430 0.000000
vt -0.396940 0.021504 0.000000
vt -0.099746 0.744512 0.000000
vt -0.099746 0.646771 0.000000
vt -0.099746 0.549030 0.000000
vt -0.099746 0.451290 0.000000
vt -0.099746 0.353549 0.000000
vt -0.099746 0.255808 0.000000
vt -0.099746 0.158068 0.000000
vt -0.099746 0.060327 0.000000
vt -0.099746 -0.037414 0.000000
vt -0.099746 -0.135154 0.000000
vt -0.099746 -0.232895 0.000000
vt -0.099746 -0.330635 0.000000
vt -0.099746 -0.428376 0.000000
vt -0.099746 -0.526117 0.000000
vt -0.099746 -0.623857 0.000000
vt -0.099746 -0.721598 0.000000
vt -0.099746 -0.819339 0.000000
vt -0.099746 -0.917079 0.000000
vt -0.099746 -1.014820 0.000000
vt -0.099746 1.164474 0.000000
vt -0.099746 1.066733 0.000000
vt -0.099746 0.968993 0.000000
vt -0.099746 0.871252 0.000000
vt -0.099746 0.773511 0.000000
vt -0.099396 0.773895 0.000000
vt -0.077689 0.795746 0.000000
vt -0.054303 0.814076 0.000000
vt -0.028369 0.827070 0.000000
vt -0.000000 0.831984 0.000000
vt -0.000000 0.924640 0.000000
vt -0.000000 1.017296 0.000000
vt -0.000000 -1.167082 0.000000
vt -0.000000 -1.074426 0.000000
vt -0.000000 -0.981770 0.000000
vt -0.000000 -0.889114 0.000000
vt -0.000000 -0.796458 0.000000
vt -0.000000 -0.703802 0.000000
vt -0.000000 -0.611146 0.000000
vt -0.000000 -0.518490 0.000000
vt -0.000000 -0.425834 0.000000
vt -0.000000 -0.333178 0.000000
vt -0.000000 -0.240522 0.000000
vt -0.000000 -0.147866 0.000000
vt -0.000000 -0.055209 0.000000
vt -0.000000 0.037447 0.000000
vt -0.000000 0.130103 0.000000
vt -0.000000 0.222759 0.000000
vt -0.000000 0.315415 0.000000
vt -0.000000 0.408071 0.000000
vt -0.000000 0.500727 0.000000
vt -0.000000 0.593383 0.000000
vt -0.000000 0.686039 0.000000
vt -0.028369 0.690953 0.000000
vt -0.054303 0.703947 0.000000
vt -0.077689 0.722277 0.000000
vt -0.099396 0.744128 0.000000
vt -0.066497 -1.138517 0.000000
vt -0.033249 1.138517 0.000000
vt -0.066497 -0.227703 0.000000
vt -0.066497 0.683110 0.000000
vt -0.033249 0.683110 0.000000
vt -0.066497 0.592029 0.000000
vt -0.033249 0.592029 0.000000
vt -0.066497 0.500874 0.000000
vt -0.033249 0.500800 0.000000
vt -0.066497 0.409866 0.000000
vt -0.033249 0.409866 0.000000
vt -0.066497 0.318785 0.000000
vt -0.033249 0.318785 0.000000
vt -0.066497 0.227703 0.000000
vt -0.033249 0.227703 0.000000
vt -0.066497 0.136622 0.000000
vt -0.033249 0.136622 0.000000
vt -0.066497 0.045541 0.000000
vt -0.033249 0.045541 0.000000
vt -0.066497 -0.045541 0.000000
vt -0.033249 -0.045541 0.000000
vt -0.066497 -0.136622 0.000000
vt -0.033249 -0.136622 0.000000
vt -0.066497 -0.318785 0.000000
vt -0.033249 -0.318785 0.000000
vt -0.033249 -0.227703 0.000000
vt -0.066497 -0.409866 0.000000
vt -0.033249 -0.409866 0.000000
vt -0.066497 -0.500948 0.000000
vt -0.033249 -0.500948 0.000000
vt -0.066497 -0.592029 0.000000
vt -0.033249 -0.592029 0.000000
vt -0.066497 -0.683110 0.000000
vt -0.033249 -0.683110 0.000000
vt -0.066497 -0.774192 0.000000
vt -0.033249 -0.774192 0.000000
vt -0.066497 -0.865273 0.000000
vt -0.033249 -0.865273 0.000000
vt -0.066497 -0.956354 0.000000
vt -0.033249 -0.956354 0.000000
vt -0.066497 -1.047436 0.000000
vt -0.033249 -1.047436 0.000000
vt -0.066497 1.047436 0.000000
vt -0.033249 1.047436 0.000000
vt -0.066497 0.956354 0.000000
vt -0.033249 0.956354 0.000000
vt -0.066497 0.865273 0.000000
vt -0.033249 0.865273 0.000000
vt -0.033249 -1.138517 0.000000
vt -0.033249 -1.138517 0.000000
vt -0.066497 1.138517 0.000000
vt -0.066497 1.138517 0.000000
vt -0.099746 -1.112561 0.000000
vt -0.099746 -1.112561 0.000000
vt -0.066497 1.138517 0.000000
vt -0.066497 1.138517 0.000000
vt -0.000000 1.109952 0.000000
vt -0.000000 1.109952 0.000000
vt -0.033249 -1.138517 0.000000
vt -0.033249 -1.138517 0.000000
vt 0.527837 -0.049873 0.000000
vt 1.078451 -0.049873 0.000000
vt 1.077943 -0.049517 0.000000
vt 1.045313 -0.026573 0.000000
vt 1.013492 -0.002576 0.000000
vt 0.985571 0.022770 0.000000
vt 0.964770 0.049873 0.000000
vt 0.583894 0.049873 0.000000
vt 0.578770 0.021504 0.000000
vt 0.565616 -0.004430 0.000000
vt 0.547966 -0.027816 0.000000
vt 0.528174 -0.049523 0.000000
vt -0.127000 0.920738 0.000000
vt -0.127000 0.823327 0.000000
vt -0.127000 0.725916 0.000000
vt -0.127000 0.628505 0.000000
vt -0.127000 0.531093 0.000000
vt -0.127000 0.433682 0.000000
vt -0.127000 0.336271 0.000000
vt -0.127000 0.238860 0.000000
vt -0.127000 0.141448 0.000000
vt -0.127000 0.044037 0.000000
vt -0.127000 -0.053374 0.000000
vt -0.127000 -0.150786 0.000000
vt -0.127000 -0.248197 0.000000
vt -0.127000 -0.345608 0.000000
vt -0.127000 -0.443019 0.000000
vt -0.127000 -0.540431 0.000000
vt -0.127000 -0.637842 0.000000
vt -0.127000 -0.735253 0.000000
vt -0.127000 -0.832664 0.000000
vt -0.127000 -0.930076 0.000000
vt -0.127000 -1.027487 0.000000
vt -0.127000 -1.124898 0.000000
vt -0.127000 -1.222309 0.000000
vt -0.127000 -1.319721 0.000000
vt 0.127000 -1.319721 0.000000
vt 0.127000 -1.222309 0.000000
vt 0.127000 -1.124898 0.000000
vt 0.127000 -1.027487 0.000000
vt 0.127000 -0.930076 0.000000
vt 0.127000 -0.832664 0.000000
vt 0.127000 -0.735253 0.000000
vt 0.127000 -0.637842 0.000000
vt 0.127000 -0.540431 0.000000
vt 0.127000 -0.443019 0.000000
vt 0.127000 -0.345608 0.000000
vt 0.127000 -0.248197 0.000000
vt 0.127000 -0.150786 0.000000
vt 0.127000 -0.053374 0.000000
vt 0.127000 0.044037 0.000000
vt 0.127000 0.141448 0.000000
vt 0.127000 0.238860 0.000000
vt 0.127000 0.336271 0.000000
vt 0.127000 0.433682 0.000000
vt 0.127000 0.531093 0.000000
vt 0.127000 0.628505 0.000000
vt 0.127000 0.725916 0.000000
vt 0.127000 0.823327 0.000000
vt 0.127000 0.920738 0.000000
vt 0.363660 0.127000 0.000000
vt 0.000000 0.127000 0.000000
vt 0.000000 -0.063500 0.000000
vt -0.004549 -0.096662 0.000000
vt -0.017105 -0.127000 0.000000
vt 0.363660 -0.127000 0.000000
vt 0.363569 0.127000 0.000000
vt 0.000000 0.127000 0.000000
vt 0.000000 -0.127000 0.000000
vt 0.380673 -0.127000 0.000000
vt 0.368118 -0.096662 0.000000
vt 0.363569 -0.063500 0.000000
vt 0.398982 -1.223458 0.000000
vt 0.349109 -1.223458 0.000000
vt 0.299237 -1.223458 0.000000
vt 0.249364 -1.223458 0.000000
vt 0.199491 -1.223458 0.000000
vt 0.199491 -1.338351 0.000000
vt 0.199491 -1.453244 0.000000
vt 0.199491 -1.568137 0.000000
vt 0.199491 -1.683030 0.000000
vt 0.199491 -1.797923 0.000000
vt 0.199491 -1.912816 0.000000
vt 0.199491 -2.027709 0.000000
vt 0.199995 -2.027383 0.000000
vt 0.233926 -2.005003 0.000000
vt 0.267225 -1.984207 0.000000
vt 0.299399 -1.968440 0.000000
vt 0.332485 -1.960737 0.000000
vt 0.365401 -1.959421 0.000000
vt 0.398982 -1.958933 0.000000
vt 0.398982 -1.836354 0.000000
vt 0.398982 -1.713775 0.000000
vt 0.398982 -1.591195 0.000000
vt 0.398982 -1.468616 0.000000
vt 0.398982 -1.346037 0.000000
vt 0.249364 -1.338351 0.000000
vt 0.299237 -1.338351 0.000000
vt 0.349109 -1.338351 0.000000
vt 0.249364 -1.453244 0.000000
vt 0.299237 -1.453244 0.000000
vt 0.349109 -1.453244 0.000000
vt 0.249364 -1.568137 0.000000
vt 0.299237 -1.568137 0.000000
vt 0.349109 -1.568137 0.000000
vt 0.249364 -1.683030 0.000000
vt 0.299237 -1.683030 0.000000
vt 0.349109 -1.683030 0.000000
vt 0.249364 -1.797923 0.000000
vt 0.299237 -1.797923 0.000000
vt 0.349109 -1.797923 0.000000
vt 0.249364 -1.912816 0.000000
vt 0.299237 -1.912816 0.000000
vt 0.349109 -1.912816 0.000000
vt -0.558725 0.099746 0.000000
vt -0.558726 0.077580 0.000000
vt -0.558726 0.055414 0.000000
vt -0.558726 0.033249 0.000000
vt -0.565467 -0.003099 0.000000
vt -0.580869 -0.036709 0.000000
vt -0.600862 -0.068938 0.000000
vt -0.622232 -0.099746 0.000000
vt 0.635000 -0.099746 0.000000
vt 0.635000 -0.049873 0.000000
vt 0.635000 0.000000 0.000000
vt 0.635000 0.049873 0.000000
vt 0.635000 0.099746 0.000000
vt -0.127000 -1.074173 0.000000
vt -0.127000 -1.171584 0.000000
vt -0.127000 -1.268996 0.000000
vt -0.127000 -1.366407 0.000000
vt -0.127000 -1.463818 0.000000
vt -0.127000 -1.561229 0.000000
vt -0.127000 -1.658641 0.000000
vt -0.127000 -1.756052 0.000000
vt -0.127000 -1.853463 0.000000
vt -0.127000 -1.950874 0.000000
vt -0.127000 -2.048286 0.000000
vt -0.127000 -2.145697 0.000000
vt -0.127000 -2.243108 0.000000
vt -0.127000 -2.340519 0.000000
vt -0.127000 -2.437931 0.000000
vt -0.127000 -2.535342 0.000000
vt -0.127000 -2.632753 0.000000
vt -0.127000 -2.730165 0.000000
vt -0.127000 -2.827576 0.000000
vt -0.127000 -2.924987 0.000000
vt -0.127000 -3.022398 0.000000
vt -0.127000 -3.119810 0.000000
vt -0.127000 -3.217221 0.000000
vt -0.127000 -3.314632 0.000000
vt 0.127000 -3.314632 0.000000
vt 0.127000 -3.217221 0.000000
vt 0.127000 -3.119810 0.000000
vt 0.127000 -3.022398 0.000000
vt 0.127000 -2.924987 0.000000
vt 0.127000 -2.827576 0.000000
vt 0.127000 -2.730165 0.000000
vt 0.127000 -2.632753 0.000000
vt 0.127000 -2.535342 0.000000
vt 0.127000 -2.437931 0.000000
vt 0.127000 -2.340519 0.000000
vt 0.127000 -2.243108 0.000000
vt 0.127000 -2.145697 0.000000
vt 0.127000 -2.048286 0.000000
vt 0.127000 -1.950874 0.000000
vt 0.127000 -1.853463 0.000000
vt 0.127000 -1.756052 0.000000
vt 0.127000 -1.658641 0.000000
vt 0.127000 -1.561229 0.000000
vt 0.127000 -1.463818 0.000000
vt 0.127000 -1.366407 0.000000
vt 0.127000 -1.268996 0.000000
vt 0.127000 -1.171584 0.000000
vt 0.127000 -1.074173 0.000000
vt 0.363643 0.127000 0.000000
vt 0.000000 0.127000 0.000000
vt 0.000000 -0.063500 0.000000
vt -0.004548 -0.096662 0.000000
vt -0.017102 -0.127000 0.000000
vt 0.363643 -0.127000 0.000000
vt 0.398982 2.039108 0.000000
vt 0.349109 2.039108 0.000000
vt 0.299237 2.039108 0.000000
vt 0.249364 2.039108 0.000000
vt 0.199491 2.039108 0.000000
vt 0.199491 1.939916 0.000000
vt 0.199491 1.840725 0.000000
vt 0.199491 1.741533 0.000000
vt 0.199491 1.642342 0.000000
vt 0.199995 1.642668 0.000000
vt 0.233926 1.665034 0.000000
vt 0.267226 1.685817 0.000000
vt 0.299400 1.701572 0.000000
vt 0.332485 1.709265 0.000000
vt 0.365401 1.710574 0.000000
vt 0.398982 1.711060 0.000000
vt 0.398982 1.820409 0.000000
vt 0.398982 1.929758 0.000000
vt 0.249364 1.939916 0.000000
vt 0.299237 1.939916 0.000000
vt 0.349109 1.939916 0.000000
vt 0.249364 1.840725 0.000000
vt 0.299237 1.840725 0.000000
vt 0.349109 1.840725 0.000000
vt 0.249364 1.741533 0.000000
vt 0.299237 1.741533 0.000000
vt 0.349109 1.741533 0.000000
vt -1.185393 0.099746 0.000000
vt -1.185281 0.049873 0.000000
vt -1.185170 0.000000 0.000000
vt -1.185058 -0.049873 0.000000
vt -1.184946 -0.099746 0.000000
vt 0.079381 -0.099746 0.000000
vt 0.079381 -0.049873 0.000000
vt 0.079381 0.000000 0.000000
vt 0.079381 0.049873 0.000000
vt 0.079381 0.099746 0.000000
vt 0.199491 2.034021 0.000000
vt 0.249364 2.033826 0.000000
vt 0.299236 2.033658 0.000000
vt 0.349109 2.033575 0.000000
vt 0.398982 2.033620 0.000000
vt 0.398982 2.157112 0.000000
vt 0.398982 2.280604 0.000000
vt 0.398982 2.404096 0.000000
vt 0.398982 2.527588 0.000000
vt 0.398982 2.651080 0.000000
vt 0.398982 2.774572 0.000000
vt 0.365401 2.775060 0.000000
vt 0.332485 2.776376 0.000000
vt 0.299257 2.784133 0.000000
vt 0.265584 2.800794 0.000000
vt 0.232348 2.821677 0.000000
vt 0.199995 2.843021 0.000000
vt 0.199491 2.843348 0.000000
vt 0.199491 2.727730 0.000000
vt 0.199491 2.612111 0.000000
vt 0.199491 2.496493 0.000000
vt 0.199491 2.380875 0.000000
vt 0.199491 2.265257 0.000000
vt 0.199491 2.149639 0.000000
vt 0.349109 2.149352 0.000000
vt 0.349109 2.265018 0.000000
vt 0.349109 2.380684 0.000000
vt 0.349109 2.496350 0.000000
vt 0.349109 2.727682 0.000000
vt 0.299237 2.149448 0.000000
vt 0.249364 2.149544 0.000000
vt 0.299237 2.265098 0.000000
vt 0.249364 2.265177 0.000000
vt 0.299237 2.380748 0.000000
vt 0.249364 2.380811 0.000000
vt 0.299237 2.496398 0.000000
vt 0.249364 2.496445 0.000000
vt 0.349109 2.612016 0.000000
vt 0.299237 2.612048 0.000000
vt 0.249364 2.612080 0.000000
vt 0.299237 2.727698 0.000000
vt 0.249364 2.727714 0.000000
vt 1.079983 1.295979 0.000000
vt 1.171134 1.233421 0.000000
vt 1.253601 1.159793 0.000000
vt 1.326050 1.076287 0.000000
vt 1.387305 0.984255 0.000000
vt 2.019453 -0.110693 0.000000
vt 2.076172 -0.226366 0.000000
vt 2.115160 -0.349155 0.000000
vt 2.135559 -0.476360 0.000000
vt 2.136921 -0.605183 0.000000
vt 2.119215 -0.732790 0.000000
vt 2.082831 -0.856376 0.000000
vt 2.028569 -0.973221 0.000000
vt 1.550810 -0.697387 0.000000
vt 1.580196 -0.617233 0.000000
vt 1.587163 -0.532146 0.000000
vt 1.571208 -0.448279 0.000000
vt 1.533483 -0.371695 0.000000
vt 1.476717 -0.307931 0.000000
vt 1.405013 -0.261597 0.000000
vt 1.323556 -0.236043 0.000000
vt 1.238235 -0.233117 0.000000
vt 1.155218 -0.253030 0.000000
vt 1.080508 -0.294343 0.000000
vt 1.019507 -0.354068 0.000000
vt 0.976624 -0.427887 0.000000
vt 0.954960 -0.510464 0.000000
vt 0.956082 -0.595828 0.000000
vt 0.979908 -0.677807 0.000000
vt 1.024715 -0.750475 0.000000
vt 1.087265 -0.808576 0.000000
vt 1.163034 -0.847912 0.000000
vt 1.246545 -0.865637 0.000000
vt 1.331760 -0.860470 0.000000
vt 1.412518 -0.832785 0.000000
vt 1.482979 -0.784583 0.000000
vt 1.538051 -0.719350 0.000000
vt 2.015869 -0.995218 0.000000
vt 1.942321 -1.100008 0.000000
vt 1.854170 -1.192849 0.000000
vt 1.753332 -1.271726 0.000000
vt 1.641995 -1.334926 0.000000
vt 1.522578 -1.381076 0.000000
vt 1.397676 -1.409172 0.000000
vt 1.270000 -1.418606 0.000000
vt 0.012768 -1.418606 0.000000
vt 0.012796 -0.866259 0.000000
vt 0.096866 -0.851411 0.000000
vt 0.173941 -0.814700 0.000000
vt 0.238448 -0.758779 0.000000
vt 0.285723 -0.687693 0.000000
vt 0.312349 -0.606580 0.000000
vt 0.316400 -0.521304 0.000000
vt 0.297584 -0.438033 0.000000
vt 0.257260 -0.362785 0.000000
vt 0.198344 -0.301001 0.000000
vt 0.125097 -0.257148 0.000000
vt 0.042813 -0.234397 0.000000
vt -0.042559 -0.234393 0.000000
vt -0.124845 -0.257136 0.000000
vt -0.198097 -0.300981 0.000000
vt -0.257019 -0.362759 0.000000
vt -0.297350 -0.438003 0.000000
vt -0.316174 -0.521273 0.000000
vt -0.312132 -0.606549 0.000000
vt -0.285514 -0.687664 0.000000
vt -0.238246 -0.758756 0.000000
vt -0.173744 -0.814683 0.000000
vt -0.096673 -0.851402 0.000000
vt -0.012604 -0.866258 0.000000
vt -0.012632 -1.418606 0.000000
vt -1.269888 -1.418606 0.000000
vt -1.397581 -1.409186 0.000000
vt -1.522502 -1.381099 0.000000
vt -1.641937 -1.334953 0.000000
vt -1.753292 -1.271753 0.000000
vt -1.854147 -1.192871 0.000000
vt -1.942311 -1.100020 0.000000
vt -2.015869 -0.995218 0.000000
vt -1.537888 -0.719256 0.000000
vt -1.482839 -0.784509 0.000000
vt -1.412394 -0.832735 0.000000
vt -1.331646 -0.860449 0.000000
vt -1.246433 -0.865645 0.000000
vt -1.162916 -0.847949 0.000000
vt -1.087133 -0.808641 0.000000
vt -1.024563 -0.750561 0.000000
vt -0.979730 -0.677909 0.000000
vt -0.955875 -0.595938 0.000000
vt -0.954724 -0.510575 0.000000
vt -0.976359 -0.427990 0.000000
vt -1.019216 -0.354156 0.000000
vt -1.080196 -0.294409 0.000000
vt -1.154891 -0.253070 0.000000
vt -1.237901 -0.233128 0.000000
vt -1.323223 -0.236024 0.000000
vt -1.404689 -0.261550 0.000000
vt -1.476409 -0.307858 0.000000
vt -1.533198 -0.371602 0.000000
vt -1.570949 -0.448173 0.000000
vt -1.586934 -0.532035 0.000000
vt -1.579997 -0.617124 0.000000
vt -1.550639 -0.697288 0.000000
vt -2.028569 -0.973221 0.000000
vt -2.082545 -0.857131 0.000000
vt -2.118873 -0.734369 0.000000
vt -2.136763 -0.607600 0.000000
vt -2.135827 -0.479578 0.000000
vt -2.116084 -0.353085 0.000000
vt -2.077964 -0.230867 0.000000
vt -2.022295 -0.115579 0.000000
vt -1.387299 0.984266 0.000000
vt -1.326015 1.076333 0.000000
vt -1.253529 1.159866 0.000000
vt -1.171017 1.233512 0.000000
vt -1.079817 1.296078 0.000000
vt -0.804510 0.819233 0.000000
vt -0.869890 0.764335 0.000000
vt -0.918280 0.694003 0.000000
vt -0.946180 0.613319 0.000000
vt -0.951575 0.528118 0.000000
vt -0.934072 0.444560 0.000000
vt -0.894939 0.368686 0.000000
vt -0.837005 0.305982 0.000000
vt -0.764457 0.260981 0.000000
vt -0.682542 0.236936 0.000000
vt -0.597181 0.235587 0.000000
vt -0.514547 0.257030 0.000000
vt -0.440613 0.299716 0.000000
vt -0.380725 0.360557 0.000000
vt -0.339214 0.435157 0.000000
vt -0.319079 0.518120 0.000000
vt -0.321777 0.603448 0.000000
vt -0.347114 0.684973 0.000000
vt -0.393256 0.756801 0.000000
vt -0.456868 0.813737 0.000000
vt -0.533351 0.851666 0.000000
vt -0.617176 0.867845 0.000000
vt -0.702281 0.861105 0.000000
vt -0.782513 0.831932 0.000000
vt -1.057812 1.308764 0.000000
vt -0.923788 1.369198 0.000000
vt -0.781492 1.406165 0.000000
vt -0.635000 1.418606 0.000000
vt 0.635000 1.418606 0.000000
vt 0.781555 1.406154 0.000000
vt 0.923909 1.369155 0.000000
vt 1.057980 1.308670 0.000000
vt 0.782736 0.831932 0.000000
vt 0.702503 0.861105 0.000000
vt 0.617399 0.867845 0.000000
vt 0.533574 0.851666 0.000000
vt 0.457091 0.813737 0.000000
vt 0.393479 0.756801 0.000000
vt 0.347337 0.684973 0.000000
vt 0.322000 0.603448 0.000000
vt 0.319302 0.518120 0.000000
vt 0.339436 0.435157 0.000000
vt 0.380948 0.360557 0.000000
vt 0.440836 0.299716 0.000000
vt 0.514770 0.257030 0.000000
vt 0.597404 0.235587 0.000000
vt 0.682765 0.236936 0.000000
vt 0.764680 0.260981 0.000000
vt 0.837228 0.305982 0.000000
vt 0.895162 0.368686 0.000000
vt 0.934295 0.444560 0.000000
vt 0.951797 0.528118 0.000000
vt 0.946403 0.613319 0.000000
vt 0.918503 0.694003 0.000000
vt 0.870113 0.764335 0.000000
vt 0.804733 0.819233 0.000000
vt -2.237865 0.008883 0.000000
vt -2.306220 -0.131263 0.000000
vt -2.354404 -0.279560 0.000000
vt -2.381479 -0.433119 0.000000
vt -2.386918 -0.588952 0.000000
vt -2.370616 -0.744025 0.000000
vt -2.332889 -0.895320 0.000000
vt -2.274472 -1.039891 0.000000
vt -2.196502 -1.174925 0.000000
vt -2.100497 -1.297793 0.000000
vt -1.988325 -1.406103 0.000000
vt -1.862171 -1.497747 0.000000
vt -1.724489 -1.570940 0.000000
vt -1.577960 -1.624259 0.000000
vt -1.425437 -1.656664 0.000000
vt -1.269888 -1.667526 0.000000
vt 1.270000 -1.667526 0.000000
vt 1.425884 -1.656601 0.000000
vt 1.578720 -1.624040 0.000000
vt 1.725521 -1.570480 0.000000
vt 1.863416 -1.496967 0.000000
vt 1.989709 -1.404940 0.000000
vt 2.101932 -1.296196 0.000000
vt 2.197891 -1.172862 0.000000
vt 2.275708 -1.037350 0.000000
vt 2.333863 -0.892308 0.000000
vt 2.371219 -0.740572 0.000000
vt 2.387046 -0.585109 0.000000
vt 2.381034 -0.428959 0.000000
vt 2.353301 -0.275173 0.000000
vt 2.304389 -0.126759 0.000000
vt 2.235253 0.013382 0.000000
vt 1.604197 1.106421 0.000000
vt 1.523067 1.228430 0.000000
vt 1.426672 1.338777 0.000000
vt 1.316670 1.435565 0.000000
vt 1.194951 1.517130 0.000000
vt 1.063608 1.582072 0.000000
vt 0.924898 1.629273 0.000000
vt 0.781206 1.657921 0.000000
vt 0.635000 1.667526 0.000000
vt -0.635000 1.667526 0.000000
vt -0.781521 1.657880 0.000000
vt -0.925513 1.629107 0.000000
vt -1.064490 1.581705 0.000000
vt -1.196053 1.516492 0.000000
vt -1.317930 1.434593 0.000000
vt -1.428018 1.337423 0.000000
vt -1.524417 1.226659 0.000000
vt -1.605462 1.104212 0.000000
vt 0.398982 1.223458 0.000000
vt 0.349109 1.223458 0.000000
vt 0.299237 1.223458 0.000000
vt 0.249364 1.223458 0.000000
vt 0.199491 1.223458 0.000000
vt 0.199491 1.091479 0.000000
vt 0.199491 0.959501 0.000000
vt 0.199491 0.827522 0.000000
vt 0.199995 0.827849 0.000000
vt 0.233926 0.850249 0.000000
vt 0.267225 0.871065 0.000000
vt 0.299398 0.886850 0.000000
vt 0.332485 0.894569 0.000000
vt 0.365401 0.895894 0.000000
vt 0.398982 0.896386 0.000000
vt 0.398982 1.005410 0.000000
vt 0.398982 1.114434 0.000000
vt 0.249364 1.124474 0.000000
vt 0.299237 1.124474 0.000000
vt 0.349109 1.124474 0.000000
vt 0.249364 1.025490 0.000000
vt 0.299237 1.025490 0.000000
vt 0.349109 1.025490 0.000000
vt 0.249364 0.926506 0.000000
vt 0.299237 0.926506 0.000000
vt 0.349109 0.926506 0.000000
vt -0.952500 0.099746 0.000000
vt -0.952500 0.049873 0.000000
vt -0.952500 0.000000 0.000000
vt -0.952500 -0.049873 0.000000
vt -0.952500 -0.099746 0.000000
vt 0.317500 -0.099746 0.000000
vt 0.317500 -0.049873 0.000000
vt 0.317500 0.000000 0.000000
vt 0.317500 0.049873 0.000000
vt 0.317500 0.099746 0.000000
vt 0.398982 1.550734 0.000000
vt 0.365401 1.551224 0.000000
vt 0.332485 1.552546 0.000000
vt 0.299256 1.560314 0.000000
vt 0.265582 1.576988 0.000000
vt 0.232347 1.597884 0.000000
vt 0.199995 1.619240 0.000000
vt 0.199491 1.619567 0.000000
vt 0.199491 1.487530 0.000000
vt 0.199491 1.355494 0.000000
vt 0.199491 1.223458 0.000000
vt 0.249364 1.223458 0.000000
vt 0.299237 1.223458 0.000000
vt 0.349109 1.223458 0.000000
vt 0.398982 1.223458 0.000000
vt 0.398982 1.332550 0.000000
vt 0.398982 1.441642 0.000000
vt 0.249364 1.520539 0.000000
vt 0.299237 1.520539 0.000000
vt 0.349109 1.520539 0.000000
vt 0.249364 1.421512 0.000000
vt 0.299237 1.421512 0.000000
vt 0.349109 1.421512 0.000000
vt 0.249364 1.322485 0.000000
vt 0.299237 1.322485 0.000000
vt 0.349109 1.322485 0.000000
vt 0.365157 0.127000 0.000000
vt 0.000000 0.127000 0.000000
vt 0.000000 -0.127000 0.000000
vt 0.382260 -0.127000 0.000000
vt 0.369705 -0.096662 0.000000
vt 0.365157 -0.063500 0.000000
vt 1.270000 0.063500 0.000000
vt 0.000000 0.063500 0.000000
vt 0.000000 -0.444500 0.000000
vt 1.270000 -0.444500 0.000000
vt -0.127000 0.321514 0.000000
vt -0.127000 0.224103 0.000000
vt -0.127000 0.126692 0.000000
vt -0.127000 0.029281 0.000000
vt -0.127000 -0.068131 0.000000
vt -0.127000 -0.165542 0.000000
vt -0.127000 -0.262953 0.000000
vt -0.127000 -0.360364 0.000000
vt -0.127000 -0.457776 0.000000
vt -0.127000 -0.555187 0.000000
vt -0.127000 -0.652598 0.000000
vt -0.127000 -0.750009 0.000000
vt -0.127000 -0.847421 0.000000
vt -0.127000 -0.944832 0.000000
vt -0.127000 -1.042243 0.000000
vt -0.127000 -1.139654 0.000000
vt -0.127000 -1.237066 0.000000
vt -0.127000 -1.334477 0.000000
vt -0.127000 -1.431888 0.000000
vt -0.127000 -1.529299 0.000000
vt -0.127000 -1.626711 0.000000
vt -0.127000 -1.724122 0.000000
vt -0.127000 -1.821533 0.000000
vt -0.127000 -1.918944 0.000000
vt 0.127000 -1.918944 0.000000
vt 0.127000 -1.821533 0.000000
vt 0.127000 -1.724122 0.000000
vt 0.127000 -1.626711 0.000000
vt 0.127000 -1.529299 0.000000
vt 0.127000 -1.431888 0.000000
vt 0.127000 -1.334477 0.000000
vt 0.127000 -1.237066 0.000000
vt 0.127000 -1.139654 0.000000
vt 0.127000 -1.042243 0.000000
vt 0.127000 -0.944832 0.000000
vt 0.127000 -0.847421 0.000000
vt 0.127000 -0.750009 0.000000
vt 0.127000 -0.652598 0.000000
vt 0.127000 -0.555187 0.000000
vt 0.127000 -0.457776 0.000000
vt 0.127000 -0.360364 0.000000
vt 0.127000 -0.262953 0.000000
vt 0.127000 -0.165542 0.000000
vt 0.127000 -0.068131 0.000000
vt 0.127000 0.029281 0.000000
vt 0.127000 0.126692 0.000000
vt 0.127000 0.224103 0.000000
vt 0.127000 0.321514 0.000000
vt 0.398982 0.407827 0.000000
vt 0.349109 0.407827 0.000000
vt 0.299237 0.407827 0.000000
vt 0.249364 0.407827 0.000000
vt 0.199491 0.407827 0.000000
vt 0.199491 0.292933 0.000000
vt 0.199491 0.178039 0.000000
vt 0.199491 0.063145 0.000000
vt 0.199491 -0.051750 0.000000
vt 0.199491 -0.166644 0.000000
vt 0.199491 -0.281538 0.000000
vt 0.199491 -0.396432 0.000000
vt 0.199995 -0.396106 0.000000
vt 0.233926 -0.373726 0.000000
vt 0.267225 -0.352930 0.000000
vt 0.299399 -0.337163 0.000000
vt 0.332485 -0.329460 0.000000
vt 0.365401 -0.328144 0.000000
vt 0.398982 -0.327656 0.000000
vt 0.398982 -0.205076 0.000000
vt 0.398982 -0.082495 0.000000
vt 0.398982 0.040085 0.000000
vt 0.398982 0.162666 0.000000
vt 0.398982 0.285246 0.000000
vt 0.249364 0.292933 0.000000
vt 0.299237 0.292933 0.000000
vt 0.349109 0.292933 0.000000
vt 0.249364 0.178039 0.000000
vt 0.299237 0.178039 0.000000
vt 0.349109 0.178039 0.000000
vt 0.249364 0.063145 0.000000
vt 0.299237 0.063145 0.000000
vt 0.349109 0.063145 0.000000
vt 0.249364 -0.051750 0.000000
vt 0.299237 -0.051750 0.000000
vt 0.349109 -0.051750 0.000000
vt 0.249364 -0.166644 0.000000
vt 0.299237 -0.166644 0.000000
vt 0.349109 -0.166644 0.000000
vt 0.249364 -0.281538 0.000000
vt 0.299237 -0.281538 0.000000
vt 0.349109 -0.281538 0.000000
vt -0.714371 0.099746 0.000000
vt -0.714371 0.049873 0.000000
vt -0.714371 0.000000 0.000000
vt -0.714371 -0.049873 0.000000
vt -0.714371 -0.099746 0.000000
vt 0.555620 -0.099746 0.000000
vt 0.555621 -0.049873 0.000000
vt 0.555621 0.000000 0.000000
vt 0.555621 0.049873 0.000000
vt 0.555621 0.099746 0.000000
vt 0.398982 0.736059 0.000000
vt 0.365401 0.736544 0.000000
vt 0.332485 0.737850 0.000000
vt 0.299258 0.745592 0.000000
vt 0.265586 0.762232 0.000000
vt 0.232349 0.783095 0.000000
vt 0.199995 0.804421 0.000000
vt 0.199491 0.804747 0.000000
vt 0.199491 0.705515 0.000000
vt 0.199491 0.606283 0.000000
vt 0.199491 0.507051 0.000000
vt 0.199491 0.407819 0.000000
vt 0.249364 0.407819 0.000000
vt 0.299237 0.407819 0.000000
vt 0.349109 0.407819 0.000000
vt 0.398982 0.407819 0.000000
vt 0.398982 0.517233 0.000000
vt 0.398982 0.626646 0.000000
vt 0.249364 0.705515 0.000000
vt 0.299237 0.705515 0.000000
vt 0.349109 0.705515 0.000000
vt 0.249364 0.606283 0.000000
vt 0.299237 0.606283 0.000000
vt 0.349109 0.606283 0.000000
vt 0.249364 0.507051 0.000000
vt 0.299237 0.507051 0.000000
vt 0.349109 0.507051 0.000000
vt 1.269993 0.063500 0.000000
vt 0.000000 0.063500 0.000000
vt 0.000000 -0.444500 0.000000
vt 1.269993 -0.444500 0.000000
vt 0.364857 0.127000 0.000000
vt 0.000000 0.127000 0.000000
vt 0.000000 -0.063500 0.000000
vt -0.004548 -0.096662 0.000000
vt -0.017103 -0.127000 0.000000
vt 0.364857 -0.127000 0.000000
vt -1.904888 0.099746 0.000000
vt -1.904888 0.049873 0.000000
vt -1.904888 0.000000 0.000000
vt -1.904888 -0.049873 0.000000
vt -1.904888 -0.099746 0.000000
vt -0.647632 -0.099746 0.000000
vt -0.668952 -0.069070 0.000000
vt -0.688970 -0.036751 0.000000
vt -0.704318 -0.003294 0.000000
vt -0.711126 0.033249 0.000000
vt -0.711126 0.055414 0.000000
vt -0.711126 0.077580 0.000000
vt -0.711125 0.099746 0.000000
vt 0.398982 -0.487982 0.000000
vt 0.365401 -0.487495 0.000000
vt 0.332485 -0.486178 0.000000
vt 0.299257 -0.478421 0.000000
vt 0.265584 -0.461760 0.000000
vt 0.232348 -0.440877 0.000000
vt 0.199995 -0.419533 0.000000
vt 0.199491 -0.419207 0.000000
vt 0.199491 -0.534114 0.000000
vt 0.199491 -0.649022 0.000000
vt 0.199491 -0.763929 0.000000
vt 0.199491 -0.878836 0.000000
vt 0.199491 -0.993744 0.000000
vt 0.199491 -1.108651 0.000000
vt 0.199491 -1.223558 0.000000
vt 0.249364 -1.223564 0.000000
vt 0.299237 -1.223570 0.000000
vt 0.349109 -1.223574 0.000000
vt 0.398982 -1.223575 0.000000
vt 0.398982 -1.100977 0.000000
vt 0.398982 -0.978378 0.000000
vt 0.398982 -0.855779 0.000000
vt 0.398982 -0.733180 0.000000
vt 0.398982 -0.610581 0.000000
vt 0.349109 -1.108662 0.000000
vt 0.349109 -0.993753 0.000000
vt 0.349109 -0.878844 0.000000
vt 0.349109 -0.763934 0.000000
vt 0.349109 -0.649025 0.000000
vt 0.249364 -0.534115 0.000000
vt 0.299237 -0.534115 0.000000
vt 0.349109 -0.534116 0.000000
vt 0.249364 -0.649023 0.000000
vt 0.299237 -0.649024 0.000000
vt 0.249364 -0.763931 0.000000
vt 0.299237 -0.763933 0.000000
vt 0.249364 -0.878839 0.000000
vt 0.299237 -0.878841 0.000000
vt 0.249364 -0.993747 0.000000
vt 0.299237 -0.993750 0.000000
vt 0.249364 -1.108655 0.000000
vt 0.299237 -1.108658 0.000000
vt 1.143000 0.000000 0.000000
vt 1.133676 0.058868 0.000000
vt 1.106618 0.111973 0.000000
vt 1.064473 0.154118 0.000000
vt 1.011368 0.181176 0.000000
vt 0.952500 0.190500 0.000000
vt 0.317500 0.190500 0.000000
vt 0.258632 0.181176 0.000000
vt 0.205527 0.154118 0.000000
vt 0.163382 0.111973 0.000000
vt 0.136324 0.058868 0.000000
vt 0.127000 0.000000 0.000000
vt 1.143000 0.000000 0.000000
vt 1.133676 0.058868 0.000000
vt 1.106618 0.111973 0.000000
vt 1.064473 0.154118 0.000000
vt 1.011368 0.181176 0.000000
vt 0.952500 0.190500 0.000000
vt 0.317500 0.190500 0.000000
vt 0.258632 0.181176 0.000000
vt 0.205527 0.154118 0.000000
vt 0.163382 0.111973 0.000000
vt 0.136324 0.058868 0.000000
vt 0.127000 0.000000 0.000000
vt -0.000000 0.000000 0.000000
vt 0.049873 0.000000 0.000000
vt 0.099746 0.000000 0.000000
vt 0.149618 0.000000 0.000000
vt 0.199491 0.000000 0.000000
vt 0.199491 0.099746 0.000000
vt 0.199491 0.199491 0.000000
vt 0.199491 0.299237 0.000000
vt 0.199491 0.398982 0.000000
vt 0.199491 0.498728 0.000000
vt 0.149618 0.498728 0.000000
vt 0.099746 0.498728 0.000000
vt 0.049873 0.498728 0.000000
vt -0.000000 0.498728 0.000000
vt -0.049873 0.498728 0.000000
vt -0.099746 0.498728 0.000000
vt -0.149618 0.498728 0.000000
vt -0.199491 0.498728 0.000000
vt -0.199491 0.398982 0.000000
vt -0.199491 0.299237 0.000000
vt -0.199491 0.199491 0.000000
vt -0.199491 0.099746 0.000000
vt -0.199491 0.000000 0.000000
vt -0.149618 0.000000 0.000000
vt -0.099746 0.000000 0.000000
vt -0.049873 0.000000 0.000000
vt 0.142494 0.083121 0.000000
vt 0.085496 0.083121 0.000000
vt 0.028499 0.083121 0.000000
vt -0.028499 0.083121 0.000000
vt -0.085496 0.083121 0.000000
vt -0.142494 0.083121 0.000000
vt 0.142494 0.166243 0.000000
vt 0.085496 0.166243 0.000000
vt 0.028499 0.166243 0.000000
vt -0.028499 0.166243 0.000000
vt -0.085496 0.166243 0.000000
vt -0.142494 0.166243 0.000000
vt 0.142494 0.249364 0.000000
vt 0.085496 0.249364 0.000000
vt 0.028499 0.249364 0.000000
vt -0.028499 0.249364 0.000000
vt -0.085496 0.249364 0.000000
vt -0.142494 0.249364 0.000000
vt 0.142494 0.332485 0.000000
vt 0.085496 0.332485 0.000000
vt 0.028499 0.332485 0.000000
vt -0.028499 0.332485 0.000000
vt -0.085496 0.332485 0.000000
vt -0.142494 0.332485 0.000000
vt 0.142494 0.415607 0.000000
vt 0.085496 0.415607 0.000000
vt 0.028499 0.415607 0.000000
vt -0.028499 0.415607 0.000000
vt -0.085496 0.415607 0.000000
vt -0.142494 0.415607 0.000000
vt -0.635000 0.099746 0.000000
vt -0.635000 0.049873 0.000000
vt -0.635000 0.000000 0.000000
vt -0.635000 -0.049873 0.000000
vt -0.635000 -0.099746 0.000000
vt -0.635000 -0.149618 0.000000
vt -0.635000 -0.199491 0.000000
vt -0.635000 -0.249364 0.000000
vt -0.635000 -0.299237 0.000000
vt -0.000000 -0.299237 0.000000
vt -0.000000 -0.249364 0.000000
vt -0.000000 -0.199491 0.000000
vt -0.000000 -0.149618 0.000000
vt -0.000000 -0.099746 0.000000
vt -0.000000 -0.049873 0.000000
vt -0.000000 0.000000 0.000000
vt -0.000000 0.049873 0.000000
vt -0.000000 0.099746 0.000000
vt 0.199491 -0.997456 0.000000
vt 0.149618 -0.997456 0.000000
vt 0.099746 -0.997456 0.000000
vt 0.049873 -0.997456 0.000000
vt -0.000000 -0.997456 0.000000
vt -0.049873 -0.997456 0.000000
vt -0.099746 -0.997456 0.000000
vt -0.149618 -0.997456 0.000000
vt -0.199491 -0.997456 0.000000
vt -0.199491 -1.097201 0.000000
vt -0.199491 -1.196947 0.000000
vt -0.199491 -1.296692 0.000000
vt -0.199491 -1.396438 0.000000
vt -0.199491 -1.496184 0.000000
vt -0.149618 -1.496184 0.000000
vt -0.099746 -1.496184 0.000000
vt -0.049873 -1.496184 0.000000
vt -0.000000 -1.496184 0.000000
vt 0.049873 -1.496184 0.000000
vt 0.099746 -1.496184 0.000000
vt 0.149618 -1.496184 0.000000
vt 0.199491 -1.496184 0.000000
vt 0.199491 -1.396438 0.000000
vt 0.199491 -1.296692 0.000000
vt 0.199491 -1.196947 0.000000
vt 0.199491 -1.097201 0.000000
vt -0.142494 -1.080577 0.000000
vt -0.085496 -1.080577 0.000000
vt -0.028499 -1.080577 0.000000
vt 0.028499 -1.080577 0.000000
vt 0.085496 -1.080577 0.000000
vt 0.142494 -1.080577 0.000000
vt -0.142494 -1.163698 0.000000
vt -0.085496 -1.163698 0.000000
vt -0.028499 -1.163698 0.000000
vt 0.028499 -1.163698 0.000000
vt 0.085496 -1.163698 0.000000
vt 0.142494 -1.163698 0.000000
vt -0.142494 -1.246819 0.000000
vt -0.085496 -1.246819 0.000000
vt -0.028499 -1.246819 0.000000
vt 0.028499 -1.246819 0.000000
vt 0.085496 -1.246819 0.000000
vt 0.142494 -1.246819 0.000000
vt -0.142494 -1.329941 0.000000
vt -0.085496 -1.329941 0.000000
vt -0.028499 -1.329941 0.000000
vt 0.028499 -1.329941 0.000000
vt 0.085496 -1.329941 0.000000
vt 0.142494 -1.329941 0.000000
vt -0.142494 -1.413062 0.000000
vt -0.085496 -1.413062 0.000000
vt -0.028499 -1.413062 0.000000
vt 0.028499 -1.413062 0.000000
vt 0.085496 -1.413062 0.000000
vt 0.142494 -1.413062 0.000000
vt 1.143000 0.000000 0.000000
vt 1.133676 0.058868 0.000000
vt 1.106618 0.111973 0.000000
vt 1.064473 0.154118 0.000000
vt 1.011368 0.181176 0.000000
vt 0.952500 0.190500 0.000000
vt 0.317500 0.190500 0.000000
vt 0.258632 0.181176 0.000000
vt 0.205527 0.154118 0.000000
vt 0.163382 0.111973 0.000000
vt 0.136324 0.058868 0.000000
vt 0.127000 0.000000 0.000000
vt 0.199491 -0.498728 0.000000
vt 0.149618 -0.498728 0.000000
vt 0.099746 -0.498728 0.000000
vt 0.049873 -0.498728 0.000000
vt -0.000000 -0.498728 0.000000
vt -0.049873 -0.498728 0.000000
vt -0.099746 -0.498728 0.000000
vt -0.149618 -0.498728 0.000000
vt -0.199491 -0.498728 0.000000
vt -0.199491 -0.598473 0.000000
vt -0.199491 -0.698219 0.000000
vt -0.199491 -0.797965 0.000000
vt -0.199491 -0.897710 0.000000
vt -0.199491 -0.997456 0.000000
vt -0.149618 -0.997456 0.000000
vt -0.099746 -0.997456 0.000000
vt -0.049873 -0.997456 0.000000
vt -0.000000 -0.997456 0.000000
vt 0.049873 -0.997456 0.000000
vt 0.099746 -0.997456 0.000000
vt 0.149618 -0.997456 0.000000
vt 0.199491 -0.997456 0.000000
vt 0.199491 -0.897710 0.000000
vt 0.199491 -0.797965 0.000000
vt 0.199491 -0.698219 0.000000
vt 0.199491 -0.598473 0.000000
vt -0.142494 -0.581849 0.000000
vt -0.085496 -0.581849 0.000000
vt -0.028499 -0.581849 0.000000
vt 0.028499 -0.581849 0.000000
vt 0.085496 -0.581849 0.000000
vt 0.142494 -0.581849 0.000000
vt -0.142494 -0.664970 0.000000
vt -0.085496 -0.664970 0.000000
vt -0.028499 -0.664970 0.000000
vt 0.028499 -0.664970 0.000000
vt 0.085496 -0.664970 0.000000
vt 0.142494 -0.664970 0.000000
vt -0.142494 -0.748092 0.000000
vt -0.085496 -0.748092 0.000000
vt -0.028499 -0.748092 0.000000
vt 0.028499 -0.748092 0.000000
vt 0.085496 -0.748092 0.000000
vt 0.142494 -0.748092 0.000000
vt -0.142494 -0.831213 0.000000
vt -0.085496 -0.831213 0.000000
vt -0.028499 -0.831213 0.000000
vt 0.028499 -0.831213 0.000000
vt 0.085496 -0.831213 0.000000
vt 0.142494 -0.831213 0.000000
vt -0.142494 -0.914334 0.000000
vt -0.085496 -0.914334 0.000000
vt -0.028499 -0.914334 0.000000
vt 0.028499 -0.914334 0.000000
vt 0.085496 -0.914334 0.000000
vt 0.142494 -0.914334 0.000000
vt -0.635000 0.099746 0.000000
vt -0.635000 0.049873 0.000000
vt -0.635000 0.000000 0.000000
vt -0.635000 -0.049873 0.000000
vt -0.635000 -0.099746 0.000000
vt -0.635000 -0.149618 0.000000
vt -0.635000 -0.199491 0.000000
vt -0.635000 -0.249364 0.000000
vt -0.635000 -0.299237 0.000000
vt -0.000000 -0.299237 0.000000
vt -0.000000 -0.249364 0.000000
vt -0.000000 -0.199491 0.000000
vt -0.000000 -0.149618 0.000000
vt -0.000000 -0.099746 0.000000
vt -0.000000 -0.049873 0.000000
vt -0.000000 0.000000 0.000000
vt -0.000000 0.049873 0.000000
vt -0.000000 0.099746 0.000000
vt 0.199491 0.000000 0.000000
vt 0.149618 0.000000 0.000000
vt 0.099746 0.000000 0.000000
vt 0.049873 0.000000 0.000000
vt -0.000000 0.000000 0.000000
vt -0.049873 0.000000 0.000000
vt -0.099746 0.000000 0.000000
vt -0.149618 0.000000 0.000000
vt -0.199491 0.000000 0.000000
vt -0.199491 -0.099746 0.000000
vt -0.199491 -0.199491 0.000000
vt -0.199491 -0.299237 0.000000
vt -0.199491 -0.398982 0.000000
vt -0.199491 -0.498728 0.000000
vt -0.149618 -0.498728 0.000000
vt -0.099746 -0.498728 0.000000
vt -0.049873 -0.498728 0.000000
vt -0.000000 -0.498728 0.000000
vt 0.049873 -0.498728 0.000000
vt 0.099746 -0.498728 0.000000
vt 0.149618 -0.498728 0.000000
vt 0.199491 -0.498728 0.000000
vt 0.199491 -0.398982 0.000000
vt 0.199491 -0.299237 0.000000
vt 0.199491 -0.199491 0.000000
vt 0.199491 -0.099746 0.000000
vt -0.142494 -0.083121 0.000000
vt -0.085496 -0.083121 0.000000
vt -0.028499 -0.083121 0.000000
vt 0.028499 -0.083121 0.000000
vt 0.085496 -0.083121 0.000000
vt 0.142494 -0.083121 0.000000
vt -0.142494 -0.166243 0.000000
vt -0.085496 -0.166243 0.000000
vt -0.028499 -0.166243 0.000000
vt 0.028499 -0.166243 0.000000
vt 0.085496 -0.166243 0.000000
vt 0.142494 -0.166243 0.000000
vt -0.142494 -0.249364 0.000000
vt -0.085496 -0.249364 0.000000
vt -0.028499 -0.249364 0.000000
vt 0.028499 -0.249364 0.000000
vt 0.085496 -0.249364 0.000000
vt 0.142494 -0.249364 0.000000
vt -0.142494 -0.332485 0.000000
vt -0.085496 -0.332485 0.000000
vt -0.028499 -0.332485 0.000000
vt 0.028499 -0.332485 0.000000
vt 0.085496 -0.332485 0.000000
vt 0.142494 -0.332485 0.000000
vt -0.142494 -0.415607 0.000000
vt -0.085496 -0.415607 0.000000
vt -0.028499 -0.415607 0.000000
vt 0.028499 -0.415607 0.000000
vt 0.085496 -0.415607 0.000000
vt 0.142494 -0.415607 0.000000
vt 1.143000 0.000000 0.000000
vt 1.133676 0.058868 0.000000
vt 1.106618 0.111973 0.000000
vt 1.064473 0.154118 0.000000
vt 1.011368 0.181176 0.000000
vt 0.952500 0.190500 0.000000
vt 0.317500 0.190500 0.000000
vt 0.258632 0.181176 0.000000
vt 0.205527 0.154118 0.000000
vt 0.163382 0.111973 0.000000
vt 0.136324 0.058868 0.000000
vt 0.127000 0.000000 0.000000
vt 0.127000 0.000000 0.000000
vt 1.143000 0.000000 0.000000
vt 1.191601 -0.009667 0.000000
vt 1.232803 -0.037197 0.000000
vt 1.260333 -0.078399 0.000000
vt 1.270000 -0.127000 0.000000
vt 1.270000 0.190500 0.000000
vt 0.000000 0.190500 0.000000
vt 0.000000 -0.127000 0.000000
vt 0.009667 -0.078399 0.000000
vt 0.037197 -0.037197 0.000000
vt 0.078399 -0.009667 0.000000
vt 1.143000 -0.254000 0.000000
vt 0.127000 -0.254000 0.000000
vt 0.078399 -0.244333 0.000000
vt 0.037197 -0.216803 0.000000
vt 0.009667 -0.175601 0.000000
vt 0.000000 -0.127000 0.000000
vt 0.000000 -0.444500 0.000000
vt 1.270000 -0.444500 0.000000
vt 1.270000 -0.127000 0.000000
vt 1.260333 -0.175601 0.000000
vt 1.232803 -0.216803 0.000000
vt 1.191601 -0.244333 0.000000
vt -1.270000 -1.667526 0.000000
vt 1.269888 -1.667526 0.000000
vt 1.425437 -1.656664 0.000000
vt 1.577960 -1.624259 0.000000
vt 1.724489 -1.570940 0.000000
vt 1.862171 -1.497747 0.000000
vt 1.988325 -1.406103 0.000000
vt 2.100497 -1.297793 0.000000
vt 2.196502 -1.174925 0.000000
vt 2.274472 -1.039891 0.000000
vt 2.332889 -0.895320 0.000000
vt 2.370616 -0.744025 0.000000
vt 2.386918 -0.588952 0.000000
vt 2.381479 -0.433119 0.000000
vt 2.354404 -0.279560 0.000000
vt 2.306220 -0.131263 0.000000
vt 2.237865 0.008883 0.000000
vt 1.605462 1.104212 0.000000
vt 1.524417 1.226659 0.000000
vt 1.428018 1.337423 0.000000
vt 1.317930 1.434593 0.000000
vt 1.196053 1.516492 0.000000
vt 1.064490 1.581705 0.000000
vt 0.925513 1.629107 0.000000
vt 0.781521 1.657880 0.000000
vt 0.635000 1.667526 0.000000
vt -0.635000 1.667526 0.000000
vt -0.781206 1.657921 0.000000
vt -0.924898 1.629273 0.000000
vt -1.063608 1.582072 0.000000
vt -1.194951 1.517130 0.000000
vt -1.316670 1.435565 0.000000
vt -1.426672 1.338777 0.000000
vt -1.523067 1.228430 0.000000
vt -1.604197 1.106421 0.000000
vt -2.235253 0.013382 0.000000
vt -2.304389 -0.126759 0.000000
vt -2.353301 -0.275173 0.000000
vt -2.381034 -0.428959 0.000000
vt -2.387046 -0.585109 0.000000
vt -2.371219 -0.740572 0.000000
vt -2.333863 -0.892308 0.000000
vt -2.275708 -1.037350 0.000000
vt -2.197891 -1.172862 0.000000
vt -2.101932 -1.296196 0.000000
vt -1.989709 -1.404940 0.000000
vt -1.863416 -1.496967 0.000000
vt -1.725521 -1.570480 0.000000
vt -1.578720 -1.624040 0.000000
vt -1.425884 -1.656601 0.000000
vt -1.270000 -1.291606 0.000000
vt -1.399219 -1.280263 0.000000
vt -1.524486 -1.246580 0.000000
vt -1.641968 -1.191587 0.000000
vt -1.748073 -1.116967 0.000000
vt -1.839554 -1.025002 0.000000
vt -1.913614 -0.918506 0.000000
vt -1.967986 -0.800735 0.000000
vt -2.001008 -0.675292 0.000000
vt -2.011670 -0.546015 0.000000
vt -1.999645 -0.416857 0.000000
vt -1.965302 -0.291770 0.000000
vt -1.909690 -0.174579 0.000000
vt -1.277319 0.920757 0.000000
vt -1.203166 1.026662 0.000000
vt -1.111748 1.118081 0.000000
vt -1.005845 1.192237 0.000000
vt -0.888673 1.246876 0.000000
vt -0.763793 1.280338 0.000000
vt -0.635000 1.291606 0.000000
vt 0.635000 1.291606 0.000000
vt 0.763791 1.280338 0.000000
vt 0.888669 1.246877 0.000000
vt 1.005840 1.192240 0.000000
vt 1.111743 1.118086 0.000000
vt 1.203160 1.026669 0.000000
vt 1.277314 0.920766 0.000000
vt 1.912310 -0.179080 0.000000
vt 1.966952 -0.296259 0.000000
vt 2.000414 -0.421147 0.000000
vt 2.011680 -0.549949 0.000000
vt 2.000407 -0.678750 0.000000
vt 1.966937 -0.803636 0.000000
vt 1.912287 -0.920812 0.000000
vt 1.838120 -1.026717 0.000000
vt 1.746687 -1.118132 0.000000
vt 1.640769 -1.192281 0.000000
vt 1.523583 -1.246909 0.000000
vt 1.398691 -1.280356 0.000000
vt 1.269888 -1.291606 0.000000
vt 0.529063 -0.276409 0.000000
vt 0.213088 -0.093980 0.000000
vt 0.232042 0.001299 0.000000
vt 0.226285 0.098274 0.000000
vt 0.196190 0.190641 0.000000
vt 0.143714 0.272395 0.000000
vt 0.072269 0.338220 0.000000
vt -0.013500 0.383837 0.000000
vt -0.108018 0.406281 0.000000
vt -0.205140 0.404092 0.000000
vt -0.298551 0.377412 0.000000
vt -0.382178 0.327976 0.000000
vt -0.450584 0.258998 0.000000
vt -0.499323 0.174963 0.000000
vt -0.525225 0.081334 0.000000
vt -0.526607 -0.015802 0.000000
vt -0.503378 -0.110131 0.000000
vt -0.457049 -0.195518 0.000000
vt -0.390632 -0.266413 0.000000
vt -0.308445 -0.318208 0.000000
vt -0.215831 -0.347534 0.000000
vt -0.118811 -0.352484 0.000000
vt -0.023693 -0.332738 0.000000
vt 0.063339 -0.289579 0.000000
vt 0.136628 -0.225813 0.000000
vt 0.452863 -0.408391 0.000000
vt 0.481264 -0.366176 0.000000
vt 0.506704 -0.322112 0.000000
vt -0.407732 0.452489 0.000000
vt -0.225910 0.137565 0.000000
vt -0.289821 0.064402 0.000000
vt -0.333152 -0.022545 0.000000
vt -0.353085 -0.117625 0.000000
vt -0.348325 -0.214654 0.000000
vt -0.319182 -0.307326 0.000000
vt -0.267550 -0.389615 0.000000
vt -0.196785 -0.456171 0.000000
vt -0.111489 -0.502668 0.000000
vt -0.017207 -0.526082 0.000000
vt 0.079932 -0.524892 0.000000
vt 0.173612 -0.499174 0.000000
vt 0.257743 -0.450601 0.000000
vt 0.326855 -0.382331 0.000000
vt 0.376456 -0.298801 0.000000
vt 0.403319 -0.205443 0.000000
vt 0.405700 -0.108326 0.000000
vt 0.383442 -0.013764 0.000000
vt 0.337994 0.072095 0.000000
vt 0.272310 0.143670 0.000000
vt 0.190660 0.196307 0.000000
vt 0.098352 0.226583 0.000000
vt 0.001388 0.232532 0.000000
vt -0.093928 0.213765 0.000000
vt -0.275712 0.528625 0.000000
vt -0.321427 0.506288 0.000000
vt -0.365503 0.480869 0.000000
vt 0.275725 0.528664 0.000000
vt 0.093895 0.213725 0.000000
vt -0.001421 0.232492 0.000000
vt -0.098385 0.226544 0.000000
vt -0.190693 0.196267 0.000000
vt -0.272343 0.143630 0.000000
vt -0.338027 0.072056 0.000000
vt -0.383475 -0.013804 0.000000
vt -0.405733 -0.108366 0.000000
vt -0.403352 -0.205483 0.000000
vt -0.376488 -0.298841 0.000000
vt -0.326888 -0.382370 0.000000
vt -0.257776 -0.450641 0.000000
vt -0.173645 -0.499214 0.000000
vt -0.079965 -0.524932 0.000000
vt 0.017174 -0.526122 0.000000
vt 0.111456 -0.502708 0.000000
vt 0.196753 -0.456211 0.000000
vt 0.267517 -0.389654 0.000000
vt 0.319149 -0.307365 0.000000
vt 0.348293 -0.214694 0.000000
vt 0.353052 -0.117664 0.000000
vt 0.333119 -0.022585 0.000000
vt 0.289788 0.064362 0.000000
vt 0.225877 0.137525 0.000000
vt 0.407765 0.452563 0.000000
vt 0.365528 0.480933 0.000000
vt 0.321446 0.506339 0.000000
vt -0.452752 -0.408391 0.000000
vt -0.136664 -0.225898 0.000000
vt -0.063356 -0.289642 0.000000
vt 0.023689 -0.332775 0.000000
vt 0.118813 -0.352493 0.000000
vt 0.215832 -0.347513 0.000000
vt 0.308437 -0.318160 0.000000
vt 0.390609 -0.266341 0.000000
vt 0.457005 -0.195426 0.000000
vt 0.503308 -0.110025 0.000000
vt 0.526508 -0.015689 0.000000
vt 0.525098 0.081446 0.000000
vt 0.499167 0.175068 0.000000
vt 0.450404 0.259089 0.000000
vt 0.381977 0.328046 0.000000
vt 0.298335 0.377457 0.000000
vt 0.204916 0.404109 0.000000
vt 0.107794 0.406269 0.000000
vt 0.013283 0.383797 0.000000
vt -0.072473 0.338154 0.000000
vt -0.143899 0.272308 0.000000
vt -0.196350 0.190538 0.000000
vt -0.226418 0.098162 0.000000
vt -0.232146 0.001185 0.000000
vt -0.213163 -0.094088 0.000000
vt -0.528952 -0.276409 0.000000
vt -0.506593 -0.322112 0.000000
vt -0.481153 -0.366176 0.000000
vt 0.076237 -0.561797 0.000000
vt 0.076219 -0.192502 0.000000
vt 0.168147 -0.161092 0.000000
vt 0.249143 -0.107454 0.000000
vt 0.313942 -0.035077 0.000000
vt 0.358330 0.051335 0.000000
vt 0.379423 0.146164 0.000000
vt 0.375847 0.243244 0.000000
vt 0.347837 0.336264 0.000000
vt 0.297213 0.419177 0.000000
vt 0.227266 0.486593 0.000000
vt 0.142544 0.534127 0.000000
vt 0.048554 0.558690 0.000000
vt -0.048592 0.558685 0.000000
vt -0.142579 0.534113 0.000000
vt -0.227296 0.486570 0.000000
vt -0.297237 0.419148 0.000000
vt -0.347853 0.336230 0.000000
vt -0.375854 0.243207 0.000000
vt -0.379419 0.146126 0.000000
vt -0.358318 0.051299 0.000000
vt -0.313920 -0.035108 0.000000
vt -0.249114 -0.107479 0.000000
vt -0.168113 -0.161108 0.000000
vt -0.076181 -0.192509 0.000000
vt -0.076163 -0.561797 0.000000
vt 1.264774 0.063500 0.000000
vt 0.000000 0.063500 0.000000
vt 0.000000 -0.444500 0.000000
vt 1.264774 -0.444500 0.000000
vt 1.264784 -0.444500 0.000000
vt 1.264784 0.190500 0.000000
vt 0.000000 0.190500 0.000000
vt 0.000000 -0.444500 0.000000
vt 0.444500 -2.335490 0.000000
vt -0.190500 -2.335490 0.000000
vt -0.190500 -2.482434 0.000000
vt -0.190500 -2.629379 0.000000
vt -0.190500 -2.776323 0.000000
vt -0.190500 -2.923267 0.000000
vt -0.190500 -3.070211 0.000000
vt -0.190500 -3.217155 0.000000
vt -0.190500 -3.364100 0.000000
vt -0.190500 -3.511044 0.000000
vt 0.127000 -3.511044 0.000000
vt 0.444500 -3.511044 0.000000
vt 0.444500 -3.364100 0.000000
vt 0.444500 -3.217155 0.000000
vt 0.444500 -3.070211 0.000000
vt 0.444500 -2.923267 0.000000
vt 0.444500 -2.776323 0.000000
vt 0.444500 -2.629379 0.000000
vt 0.444500 -2.482434 0.000000
vt 0.127000 -3.511044 0.000000
vt -0.190500 -3.511044 0.000000
vt -0.190500 -3.657670 0.000000
vt -0.190500 -3.804296 0.000000
vt -0.190500 -3.950922 0.000000
vt -0.190500 -4.097548 0.000000
vt -0.190500 -4.244174 0.000000
vt -0.190500 -4.390800 0.000000
vt -0.190500 -4.537426 0.000000
vt -0.190500 -4.684052 0.000000
vt 0.444500 -4.684052 0.000000
vt 0.444500 -4.537426 0.000000
vt 0.444500 -4.390800 0.000000
vt 0.444500 -4.244174 0.000000
vt 0.444500 -4.097548 0.000000
vt 0.444500 -3.950922 0.000000
vt 0.444500 -3.804296 0.000000
vt 0.444500 -3.657670 0.000000
vt 0.444500 -3.511044 0.000000
vt 1.262128 -0.444500 0.000000
vt 1.262128 0.190500 0.000000
vt 0.000000 0.190500 0.000000
vt 0.000000 -0.444500 0.000000
vt 0.444500 2.345908 0.000000
vt -0.190500 2.345908 0.000000
vt -0.190500 2.189514 0.000000
vt -0.190500 2.033121 0.000000
vt -0.190500 1.876727 0.000000
vt -0.190500 1.720333 0.000000
vt -0.190500 1.563939 0.000000
vt -0.190500 1.407545 0.000000
vt -0.190500 1.251151 0.000000
vt -0.190500 1.094757 0.000000
vt -0.190500 0.938363 0.000000
vt -0.190500 0.781969 0.000000
vt -0.190500 0.625576 0.000000
vt -0.190500 0.469182 0.000000
vt -0.190500 0.312788 0.000000
vt -0.190500 0.156394 0.000000
vt -0.190500 0.000000 0.000000
vt 0.444500 0.000000 0.000000
vt 0.444500 0.156394 0.000000
vt 0.444500 0.312788 0.000000
vt 0.444500 0.469182 0.000000
vt 0.444500 0.625576 0.000000
vt 0.444500 0.781969 0.000000
vt 0.444500 0.938363 0.000000
vt 0.444500 1.094757 0.000000
vt 0.444500 1.251151 0.000000
vt 0.444500 1.407545 0.000000
vt 0.444500 1.563939 0.000000
vt 0.444500 1.720333 0.000000
vt 0.444500 1.876727 0.000000
vt 0.444500 2.033121 0.000000
vt 0.444500 2.189514 0.000000
vt 0.761888 0.000000 0.000000
vt 1.777888 0.000000 0.000000
vt 1.826489 -0.009667 0.000000
vt 1.867691 -0.037197 0.000000
vt 1.895221 -0.078399 0.000000
vt 1.904888 -0.127000 0.000000
vt 1.895221 -0.175601 0.000000
vt 1.867691 -0.216803 0.000000
vt 1.826489 -0.244333 0.000000
vt 1.777888 -0.254000 0.000000
vt 0.761888 -0.254000 0.000000
vt 0.713287 -0.244333 0.000000
vt 0.672086 -0.216803 0.000000
vt 0.644555 -0.175601 0.000000
vt 0.634888 -0.127000 0.000000
vt 0.644555 -0.078399 0.000000
vt 0.672086 -0.037197 0.000000
vt 0.713287 -0.009667 0.000000
vt 2.539888 -0.444500 0.000000
vt 2.539888 0.190500 0.000000
vt 0.000000 0.190500 0.000000
vt 0.000000 -0.444500 0.000000
vt 0.444500 0.000112 0.000000
vt -0.190500 0.000112 0.000000
vt -0.190500 -0.155943 0.000000
vt -0.190500 -0.311997 0.000000
vt -0.190500 -0.468052 0.000000
vt -0.190500 -0.624106 0.000000
vt -0.190500 -0.780161 0.000000
vt -0.190500 -0.936216 0.000000
vt -0.190500 -1.092270 0.000000
vt -0.190500 -1.248325 0.000000
vt -0.190500 -1.404379 0.000000
vt -0.190500 -1.560434 0.000000
vt -0.190500 -1.716488 0.000000
vt -0.190500 -1.872543 0.000000
vt -0.190500 -2.028598 0.000000
vt -0.190500 -2.184652 0.000000
vt -0.190500 -2.340707 0.000000
vt 0.444500 -2.340707 0.000000
vt 0.444500 -2.184652 0.000000
vt 0.444500 -2.028598 0.000000
vt 0.444500 -1.872543 0.000000
vt 0.444500 -1.716488 0.000000
vt 0.444500 -1.560434 0.000000
vt 0.444500 -1.404379 0.000000
vt 0.444500 -1.248325 0.000000
vt 0.444500 -1.092270 0.000000
vt 0.444500 -0.936216 0.000000
vt 0.444500 -0.780161 0.000000
vt 0.444500 -0.624106 0.000000
vt 0.444500 -0.468052 0.000000
vt 0.444500 -0.311997 0.000000
vt 0.444500 -0.155943 0.000000
vn -1.270000 0.000000 -2.199704
vn -1.270000 0.000000 -2.199704
vn -1.156980 -1.047466 -2.003949
vn -0.878410 -1.834444 -1.521450
vn -0.476478 -2.354459 -0.825284
vn -0.007123 -2.539960 -0.012337
vn 0.000000 -2.540000 0.000000
vn 0.000000 -2.540000 0.000000
vn -0.007000 -2.539961 -0.012124
vn -0.432310 -2.388311 -0.748783
vn -0.833242 -1.916881 -1.443217
vn -1.145357 -1.097375 -1.983816
vn 0.000000 -2.540000 0.000000
vn 0.000000 -2.540000 0.000000
vn 0.000000 -2.540000 0.000000
vn 0.000000 -2.540000 0.000000
vn 0.000000 -2.540000 0.000000
vn 0.000000 -2.540000 0.000000
vn 0.000000 -2.540000 0.000000
vn 0.000000 -2.540000 0.000000
vn 0.000000 -2.540000 0.000000
vn 0.000000 -2.540000 0.000000
vn 0.000000 -2.540000 0.000000
vn 0.000000 -2.540000 0.000000
vn 0.000000 -2.540000 0.000000
vn 0.000000 -2.540000 0.000000
vn 0.000000 -2.540000 0.000000
vn 0.000000 -2.540000 0.000000
vn 0.000000 -2.540000 0.000000
vn 0.000000 -2.540000 0.000000
vn 0.000000 -2.540000 0.000000
vn 0.000000 -2.540000 0.000000
vn 0.000000 -2.540000 0.000000
vn 0.000000 -2.540000 0.000000
vn 0.000000 -2.540000 0.000000
vn 0.000000 -2.540000 0.000000
vn 0.012401 -2.539961 -0.006496
vn 0.788681 -2.388314 -0.354319
vn 1.552697 -1.916892 -0.605193
vn 2.162771 -1.097374 -0.754846
vn 2.409261 0.000000 -0.804400
vn 2.534374 0.000000 -0.168959
vn 2.494719 0.000000 0.477467
vn 2.292875 0.000000 1.092851
vn 1.941963 0.000000 1.637186
vn 1.464799 0.000000 2.075082
vn 0.892403 0.000000 2.378070
vn 0.261989 0.000000 2.526452
vn -0.385457 0.000000 2.510582
vn -1.007844 0.000000 2.331491
vn -1.564708 0.000000 2.000822
vn -2.019845 0.000000 1.540074
vn -2.343665 0.000000 0.979200
vn -2.515117 0.000000 0.354666
vn -2.523052 0.000000 -0.292927
vn -2.366957 0.000000 -0.921475
vn -2.056977 0.000000 -1.490115
vn -1.613268 0.000000 -1.961879
vn -1.064674 0.000000 -2.306094
vn -0.446863 0.000000 -2.500383
vn 0.200000 0.000000 -2.532114
vn 0.833861 0.000000 -2.399224
vn 1.413510 0.000000 -2.110353
vn 1.901261 0.000000 -1.684282
vn 1.735102 -1.097374 -1.495591
vn 1.300461 -1.916892 -1.042078
vn 0.701189 -2.388314 -0.505858
vn 0.011826 -2.539961 -0.007492
vn 0.000000 -2.199704 1.270000
vn 0.000000 -1.270000 2.199704
vn 0.978552 -2.199704 -0.809528
vn 1.207842 -2.199704 0.392452
vn 0.746487 -2.199704 -1.027452
vn 1.292954 -1.270000 -1.779598
vn 0.467518 -2.199704 -1.180816
vn 0.809765 -1.270000 -2.045234
vn 0.159173 -2.199704 -1.259986
vn 0.275696 -1.270000 -2.182359
vn -0.159173 -2.199704 -1.259986
vn -0.275696 -1.270000 -2.182359
vn -0.467518 -2.199704 -1.180816
vn -0.809765 -1.270000 -2.045234
vn -0.746487 -2.199704 -1.027452
vn -1.292954 -1.270000 -1.779598
vn -1.149130 -2.199704 -0.540740
vn -1.990352 -1.270000 -0.936589
vn -1.695409 -1.270000 -1.401530
vn -0.979138 -2.199704 -0.808819
vn -1.247505 -2.199704 -0.237974
vn -2.160742 -1.270000 -0.412184
vn -1.267494 -2.199704 0.079744
vn -2.195364 -1.270000 0.138121
vn -1.207842 -2.199704 0.392452
vn -2.092043 -1.270000 0.679746
vn -1.072296 -2.199704 0.680500
vn -1.857272 -1.270000 1.178661
vn -0.869375 -2.199704 0.925790
vn -1.505801 -1.270000 1.603516
vn -0.611827 -2.199704 1.112909
vn -1.059716 -1.270000 1.927616
vn -0.315836 -2.199704 1.230101
vn -0.547044 -1.270000 2.130597
vn 0.315836 -2.199704 1.230101
vn 0.547044 -1.270000 2.130597
vn 0.611827 -2.199704 1.112909
vn 1.059716 -1.270000 1.927616
vn 0.869375 -2.199704 0.925790
vn 1.505801 -1.270000 1.603516
vn 1.072296 -2.199704 0.680500
vn 1.857272 -1.270000 1.178661
vn 2.092043 -1.270000 0.679746
vn 1.247505 -2.199704 -0.237974
vn 2.160742 -1.270000 -0.412184
vn 2.195364 -1.270000 0.138121
vn 1.267494 -2.199704 0.079744
vn 0.000000 -1.270000 2.199704
vn 0.000000 -1.270000 2.199704
vn 0.261989 0.000000 2.526452
vn 0.261989 0.000000 2.526452
vn 0.000000 -1.270000 2.199704
vn 0.000000 -2.540000 0.000000
vn 0.000000 -2.540000 0.000000
vn 0.000000 -1.270000 2.199704
vn 0.000000 -2.199704 1.270000
vn 0.000000 -2.199704 1.270000
vn 0.000000 -2.199704 1.270000
vn 0.000000 -2.199704 1.270000
vn 0.000000 -2.540000 0.000000
vn 0.000000 -2.540000 0.000000
vn 0.007123 -2.539960 0.012337
vn 0.455585 -2.370943 0.789096
vn 0.860826 -1.867489 1.490994
vn 1.156055 -1.051546 2.002346
vn 1.270000 0.000000 2.199704
vn 1.270000 0.000000 2.199704
vn 1.145357 -1.097375 1.983816
vn 0.833242 -1.916881 1.443217
vn 0.432310 -2.388311 0.748783
vn 0.007000 -2.539961 0.012124
vn -1.270021 0.000000 -2.199692
vn -0.909563 0.000000 -2.371560
vn -0.526622 0.000000 -2.484808
vn -0.130665 0.000000 -2.536637
vn 0.268523 0.000000 -2.525766
vn 0.661073 0.000000 -2.452465
vn 1.037282 0.000000 -2.318544
vn 1.037282 0.000000 -2.318544
vn 1.193802 0.000000 -2.241972
vn 1.344703 0.000000 -2.154849
vn 1.489277 0.000000 -2.057585
vn 1.489277 0.000000 -2.057585
vn 1.793403 0.000000 -1.798696
vn 2.053187 0.000000 -1.495334
vn 2.262206 0.000000 -1.155000
vn 2.415292 0.000000 -0.786108
vn 2.508659 0.000000 -0.397780
vn 2.540000 0.000000 0.000384
vn 2.540000 0.000000 0.000384
vn 2.501472 0.000000 -0.440722
vn 2.386927 0.000000 -0.868434
vn 2.199845 0.000000 -1.269756
vn 1.945912 0.000000 -1.632491
vn 1.632844 0.000000 -1.945616
vn 1.270156 0.000000 -2.199615
vn 0.868868 0.000000 -2.386769
vn 0.441176 0.000000 -2.501392
vn 0.000078 0.000000 -2.540000
vn -0.441023 0.000000 -2.501419
vn -0.868722 0.000000 -2.386823
vn -1.270021 0.000000 -2.199692
vn -1.269968 0.000000 2.199723
vn -1.565286 0.000000 2.000370
vn -1.829802 0.000000 1.761654
vn -2.058312 0.000000 1.488272
vn -2.058312 0.000000 1.488272
vn -2.155505 0.000000 1.343651
vn -2.242554 0.000000 1.192707
vn -2.319050 0.000000 1.036150
vn -2.319050 0.000000 1.036150
vn -2.440992 0.000000 0.702251
vn -2.515126 0.000000 0.354598
vn -2.540000 0.000000 0.000000
vn -2.540000 0.000000 0.000000
vn -2.501411 0.000000 0.441072
vn -2.386815 0.000000 0.868743
vn -2.199695 0.000000 1.270016
vn -1.945737 0.000000 1.632699
vn -1.632657 0.000000 1.945773
vn -1.269968 0.000000 2.199723
vn -2.540000 0.000000 0.000000
vn -2.515157 0.000000 -0.354379
vn -2.441115 0.000000 -0.701825
vn -2.319321 0.000000 -1.035544
vn -2.319321 0.000000 -1.035544
vn -2.242866 0.000000 -1.192121
vn -2.155856 0.000000 -1.343087
vn -2.058701 0.000000 -1.487733
vn -2.058701 0.000000 -1.487733
vn -1.830118 0.000000 -1.761326
vn -1.565480 0.000000 -2.000218
vn -1.270000 0.000000 -2.199704
vn -1.270000 0.000000 -2.199704
vn -1.632681 0.000000 -1.945753
vn -1.945753 0.000000 -1.632681
vn -2.199704 0.000000 -1.270000
vn -2.386819 0.000000 -0.868731
vn -2.501412 0.000000 -0.441066
vn -2.540000 0.000000 0.000000
vn -2.199704 0.000000 1.270000
vn -2.199704 0.000000 1.270000
vn -2.003940 -1.047488 1.156975
vn -1.521446 -1.834449 0.878407
vn -0.825284 -2.354459 0.476478
vn -0.012337 -2.539960 0.007123
vn 0.000000 -2.540000 0.000000
vn 0.000000 -2.540000 0.000000
vn -0.012125 -2.539961 0.007001
vn -0.749148 -2.388159 0.432521
vn -1.443679 -1.916417 0.833508
vn -1.984038 -1.096839 1.145485
vn 0.000000 -2.540000 0.000000
vn 0.000000 -2.540000 0.000000
vn 0.000000 -2.540000 0.000000
vn 0.000000 -2.540000 0.000000
vn 0.000000 -2.540000 0.000000
vn 0.000000 -2.540000 0.000000
vn 0.000000 -2.540000 0.000000
vn 0.000000 -2.540000 0.000000
vn 0.000000 -2.540000 0.000000
vn 0.000000 -2.540000 0.000000
vn 0.000000 -2.540000 0.000000
vn 0.000000 -2.540000 0.000000
vn 0.000000 -2.540000 0.000000
vn 0.000000 -2.540000 0.000000
vn 0.000000 -2.540000 0.000000
vn 0.000000 -2.540000 0.000000
vn 0.000000 -2.540000 0.000000
vn 0.000000 -2.540000 0.000000
vn 0.000000 -2.540000 0.000000
vn 0.000000 -2.540000 0.000000
vn 0.000000 -2.540000 0.000000
vn 0.000000 -2.540000 0.000000
vn 0.000000 -2.540000 0.000000
vn 0.000000 -2.540000 0.000000
vn -0.006529 -2.539961 -0.012383
vn -0.356145 -2.388466 -0.787394
vn -0.608748 -1.917356 -1.550732
vn -0.759762 -1.097911 -2.160776
vn -0.809861 0.000000 -2.407431
vn -0.174705 0.000000 -2.533985
vn 0.471809 0.000000 -2.495796
vn 1.087649 0.000000 -2.295347
vn 1.632778 0.000000 -1.945671
vn 2.071754 0.000000 -1.469501
vn 2.376040 0.000000 -0.897794
vn 2.525852 0.000000 -0.267718
vn 2.511450 0.000000 0.379762
vn 2.333771 0.000000 1.002554
vn 2.004366 0.000000 1.560166
vn 1.544651 0.000000 2.016346
vn 0.984513 0.000000 2.341438
vn 0.360370 0.000000 2.514306
vn -0.287203 0.000000 2.523710
vn -0.916104 0.000000 2.369041
vn -1.485446 0.000000 2.060352
vn -1.958214 0.000000 1.617714
vn -2.303673 0.000000 1.069903
vn -2.499362 0.000000 0.452534
vn -2.532561 0.000000 -0.194256
vn -2.401109 0.000000 -0.828416
vn -2.113555 0.000000 -1.408718
vn -1.688591 0.000000 -1.897436
vn -1.499771 -1.096838 -1.731830
vn -1.045553 -1.916428 -1.298354
vn -0.507884 -2.388161 -0.700244
vn -0.007524 -2.539961 -0.011808
vn 0.000000 -2.199704 1.270000
vn 0.000000 -1.270000 2.199704
vn -1.267494 -2.199704 0.079744
vn 0.978552 -2.199704 -0.809528
vn 1.990660 -1.270000 -0.935934
vn -0.978552 -2.199704 -0.809528
vn -1.694902 -1.270000 -1.402144
vn -1.149130 -2.199704 -0.540740
vn -1.990352 -1.270000 -0.936589
vn -1.247505 -2.199704 -0.237974
vn -2.160742 -1.270000 -0.412184
vn -1.207842 -2.199704 0.392452
vn -2.092043 -1.270000 0.679746
vn -2.195364 -1.270000 0.138121
vn -1.072296 -2.199704 0.680500
vn -1.857272 -1.270000 1.178661
vn -0.869375 -2.199704 0.925790
vn -1.505801 -1.270000 1.603516
vn -0.611827 -2.199704 1.112909
vn -1.059716 -1.270000 1.927616
vn -0.315836 -2.199704 1.230101
vn -0.547044 -1.270000 2.130597
vn 0.315836 -2.199704 1.230101
vn 0.547044 -1.270000 2.130597
vn 0.611827 -2.199704 1.112909
vn 1.059716 -1.270000 1.927616
vn 0.869375 -2.199704 0.925790
vn 1.505801 -1.270000 1.603516
vn 1.072296 -2.199704 0.680500
vn 1.857272 -1.270000 1.178661
vn 1.207842 -2.199704 0.392452
vn 2.092043 -1.270000 0.679746
vn 1.267494 -2.199704 0.079744
vn 2.195364 -1.270000 0.138121
vn 1.247505 -2.199704 -0.237974
vn 2.160742 -1.270000 -0.412184
vn 1.694902 -1.270000 -1.402144
vn 1.149486 -2.199704 -0.539984
vn 0.746487 -2.199704 -1.027452
vn 1.292954 -1.270000 -1.779598
vn 0.467518 -2.199704 -1.180816
vn 0.809765 -1.270000 -2.045234
vn 0.159173 -2.199704 -1.259986
vn 0.275696 -1.270000 -2.182359
vn -0.159173 -2.199704 -1.259986
vn -0.275696 -1.270000 -2.182359
vn -0.467518 -2.199704 -1.180816
vn 0.000000 -1.270000 2.199704
vn 0.000000 -1.270000 2.199704
vn 0.360370 0.000000 2.514306
vn 0.360370 0.000000 2.514306
vn 0.000000 -2.540000 0.000000
vn 0.000000 -2.540000 0.000000
vn 0.000000 -2.199704 1.270000
vn 0.000000 -2.199704 1.270000
vn 0.000000 -1.270000 2.199704
vn 0.000000 -1.270000 2.199704
vn 0.000000 -2.199704 1.270000
vn 0.000000 -2.199704 1.270000
vn 0.000000 -2.540000 0.000000
vn 0.000000 -2.540000 0.000000
vn 0.012337 -2.539960 -0.007123
vn 0.789116 -2.370934 -0.455596
vn 1.491022 -1.867459 -0.860842
vn 2.002356 -1.051520 -1.156061
vn 2.199704 0.000000 -1.270000
vn 2.199704 0.000000 -1.270000
vn 1.983593 -1.097913 -1.145228
vn 1.442754 -1.917346 -0.832974
vn 0.748418 -2.388464 -0.432099
vn 0.012123 -2.539961 -0.006999
vn 2.540000 0.000000 0.000000
vn 2.508609 0.000000 0.398095
vn 2.415213 0.000000 0.786351
vn 2.262119 0.000000 1.155170
vn 2.053112 0.000000 1.495437
vn 1.793358 0.000000 1.798741
vn 1.489277 0.000000 2.057585
vn 1.489277 0.000000 2.057585
vn 1.344703 0.000000 2.154849
vn 1.193802 0.000000 2.241972
vn 1.037282 0.000000 2.318544
vn 1.037282 0.000000 2.318544
vn 0.658202 0.000000 2.453237
vn 0.262610 0.000000 2.526388
vn -0.139570 0.000000 2.536163
vn -0.538248 0.000000 2.482315
vn -0.923424 0.000000 2.366197
vn -1.285436 0.000000 2.190720
vn -1.285436 0.000000 2.190720
vn -0.884097 0.000000 2.381170
vn -0.455716 0.000000 2.498784
vn -0.013395 0.000000 2.539965
vn 0.429336 0.000000 2.503452
vn 0.858934 0.000000 2.390363
vn 1.262259 0.000000 2.204156
vn 1.626973 0.000000 1.950528
vn 1.941921 0.000000 1.637237
vn 2.197469 0.000000 1.273865
vn 2.385800 0.000000 0.871528
vn 2.501153 0.000000 0.442532
vn 2.540000 0.000000 0.000000
vn 2.540000 0.000000 0.000000
vn 2.540000 0.000000 0.000000
vn 2.540000 0.000000 0.000000
vn 2.540000 0.000000 0.000000
vn 2.540000 0.000000 0.000000
vn 2.540000 0.000000 0.000000
vn 2.540000 0.000000 0.000000
vn 2.540000 0.000000 0.000000
vn -0.000126 0.000000 -2.540000
vn -0.000126 0.000000 -2.540000
vn -0.000126 0.000000 -2.540000
vn -0.000126 0.000000 -2.540000
vn -0.000126 0.000000 -2.540000
vn -0.000126 0.000000 -2.540000
vn -0.000126 0.000000 -2.540000
vn 0.000126 0.000000 2.540000
vn 0.000126 0.000000 2.540000
vn 0.000113 -1.143980 2.267799
vn 0.000082 -1.927715 1.653939
vn 0.000042 -2.392516 0.852916
vn 0.000000 -2.540000 0.000000
vn 0.000000 -2.540000 0.000000
vn 0.000000 -2.539961 0.014000
vn 0.000043 -2.388311 0.864620
vn 0.000083 -1.916881 1.666483
vn 0.000114 -1.097375 2.290713
vn -2.488707 0.000000 -0.507876
vn -2.279367 0.000000 -1.120752
vn -1.921839 0.000000 -1.660763
vn -1.439366 0.000000 -2.092803
vn -0.863315 0.000000 -2.388784
vn -0.231138 0.000000 -2.529461
vn 0.416067 0.000000 -2.505691
vn 1.036222 0.000000 -2.319018
vn 1.589009 0.000000 -1.981578
vn 2.038489 0.000000 -1.515309
vn 2.355441 0.000000 -0.950526
vn 2.519258 0.000000 -0.323946
vn 2.519290 0.000000 0.323695
vn 2.355535 0.000000 0.950292
vn 2.038639 0.000000 1.515107
vn 1.589205 0.000000 1.981420
vn 1.036452 0.000000 2.318915
vn 0.416316 0.000000 2.505650
vn -0.230887 0.000000 2.529484
vn -0.863078 0.000000 2.388869
vn -1.439158 0.000000 2.092946
vn -1.921674 0.000000 1.660954
vn -2.279256 0.000000 1.120978
vn -2.488656 0.000000 0.508124
vn -2.250416 -1.097374 0.427781
vn -1.647259 -1.916892 0.252317
vn -0.860172 -2.388314 0.087534
vn -0.013988 -2.539961 0.000575
vn 0.000000 -2.540000 0.000000
vn 0.000000 -2.540000 0.000000
vn 0.000000 -2.540000 0.000000
vn 0.000000 -2.540000 0.000000
vn 0.000000 -2.540000 0.000000
vn 0.000000 -2.540000 0.000000
vn 0.000000 -2.540000 0.000000
vn 0.000000 -2.540000 0.000000
vn 0.000000 -2.540000 0.000000
vn 0.000000 -2.540000 0.000000
vn 0.000000 -2.540000 0.000000
vn 0.000000 -2.540000 0.000000
vn 0.000000 -2.540000 0.000000
vn 0.000000 -2.540000 0.000000
vn 0.000000 -2.540000 0.000000
vn 0.000000 -2.540000 0.000000
vn 0.000000 -2.540000 0.000000
vn 0.000000 -2.540000 0.000000
vn 0.000000 -2.540000 0.000000
vn 0.000000 -2.540000 0.000000
vn 0.000000 -2.540000 0.000000
vn 0.000000 -2.540000 0.000000
vn 0.000000 -2.540000 0.000000
vn 0.000000 -2.540000 0.000000
vn -0.013988 -2.539961 -0.000574
vn -0.860181 -2.388314 -0.087449
vn -1.647284 -1.916892 -0.252154
vn -2.250459 -1.097374 -0.427558
vn 0.000000 -1.270000 2.199704
vn 0.000000 -2.199704 1.270000
vn -1.072296 -2.199704 0.680500
vn -1.990352 -1.270000 -0.936589
vn -1.149130 -2.199704 -0.540740
vn -1.247587 -2.199704 -0.237541
vn -2.161028 -1.270000 -0.410681
vn -1.694902 -1.270000 -1.402144
vn -0.978552 -2.199704 -0.809528
vn -1.292954 -1.270000 -1.779598
vn -0.746487 -2.199704 -1.027452
vn -0.809765 -1.270000 -2.045234
vn -0.467518 -2.199704 -1.180816
vn -0.275696 -1.270000 -2.182359
vn -0.159173 -2.199704 -1.259986
vn 0.275696 -1.270000 -2.182359
vn 0.159173 -2.199704 -1.259986
vn 0.809765 -1.270000 -2.045234
vn 0.467518 -2.199704 -1.180816
vn 1.292045 -1.270000 -1.780258
vn 0.745438 -2.199704 -1.028213
vn 1.694902 -1.270000 -1.402144
vn 0.978552 -2.199704 -0.809528
vn 1.990352 -1.270000 -0.936589
vn 1.149130 -2.199704 -0.540740
vn 2.160742 -1.270000 -0.412184
vn 1.247505 -2.199704 -0.237974
vn 2.195364 -1.270000 0.138121
vn 1.267494 -2.199704 0.079744
vn 2.092043 -1.270000 0.679746
vn 1.207842 -2.199704 0.392452
vn 1.857272 -1.270000 1.178661
vn 1.072296 -2.199704 0.680500
vn 1.505801 -1.270000 1.603516
vn 0.869375 -2.199704 0.925790
vn 1.059716 -1.270000 1.927616
vn 0.611827 -2.199704 1.112909
vn 0.547044 -1.270000 2.130597
vn 0.315836 -2.199704 1.230101
vn -0.547044 -1.270000 2.130597
vn -0.315836 -2.199704 1.230101
vn -1.059716 -1.270000 1.927616
vn -0.611827 -2.199704 1.112909
vn -1.505801 -1.270000 1.603516
vn -0.869375 -2.199704 0.925790
vn -1.857272 -1.270000 1.178661
vn -2.092043 -1.270000 0.679746
vn -1.207842 -2.199704 0.392452
vn 0.416316 0.000000 2.505650
vn 0.416316 0.000000 2.505650
vn 0.000000 -1.270000 2.199704
vn 0.000000 -1.270000 2.199704
vn 0.000000 -1.270000 2.199704
vn 0.000000 -1.270000 2.199704
vn 0.000000 -2.199704 1.270000
vn 0.000000 -2.199704 1.270000
vn 0.000000 -2.540000 0.000000
vn 0.000000 -2.540000 0.000000
vn 0.000000 -2.199704 1.270000
vn 0.000000 -2.199704 1.270000
vn 0.000000 -2.540000 0.000000
vn 0.000000 -2.540000 0.000000
vn -0.000043 -2.390851 -0.857573
vn -0.000082 -1.926807 -1.654997
vn -0.000113 -1.138649 -2.270480
vn -0.000126 0.000000 -2.540000
vn -0.000126 0.000000 -2.540000
vn -0.000114 -1.097375 -2.290713
vn -0.000083 -1.916881 -1.666483
vn -0.000043 -2.388311 -0.864620
vn 0.000000 -2.539961 -0.014000
vn -2.488707 0.000000 -0.507876
vn -2.279367 0.000000 -1.120752
vn -1.921839 0.000000 -1.660763
vn -1.439366 0.000000 -2.092803
vn -0.863315 0.000000 -2.388784
vn -0.231138 0.000000 -2.529461
vn 0.416067 0.000000 -2.505691
vn 1.036222 0.000000 -2.319018
vn 1.589009 0.000000 -1.981578
vn 2.038489 0.000000 -1.515309
vn 2.355441 0.000000 -0.950526
vn 2.519258 0.000000 -0.323946
vn 2.519290 0.000000 0.323695
vn 2.355535 0.000000 0.950292
vn 2.038639 0.000000 1.515107
vn 1.589205 0.000000 1.981420
vn 1.036452 0.000000 2.318915
vn 0.416316 0.000000 2.505650
vn -0.230887 0.000000 2.529484
vn -0.863078 0.000000 2.388869
vn -1.439158 0.000000 2.092946
vn -1.921674 0.000000 1.660954
vn -2.279256 0.000000 1.120978
vn -2.488656 0.000000 0.508124
vn -2.488656 0.000000 0.508124
vn -2.279256 0.000000 1.120978
vn -1.921674 0.000000 1.660954
vn -1.439158 0.000000 2.092946
vn -0.863078 0.000000 2.388869
vn -0.230887 0.000000 2.529484
vn 0.416316 0.000000 2.505650
vn 1.036452 0.000000 2.318915
vn 1.589205 0.000000 1.981420
vn 2.038639 0.000000 1.515107
vn 2.355535 0.000000 0.950292
vn 2.519290 0.000000 0.323695
vn 2.519258 0.000000 -0.323946
vn 2.355441 0.000000 -0.950526
vn 2.038489 0.000000 -1.515309
vn 1.589009 0.000000 -1.981578
vn 1.036222 0.000000 -2.319018
vn 0.416067 0.000000 -2.505691
vn -0.231138 0.000000 -2.529461
vn -0.863315 0.000000 -2.388784
vn -1.439366 0.000000 -2.092803
vn -1.921839 0.000000 -1.660763
vn -2.279367 0.000000 -1.120752
vn -2.488707 0.000000 -0.507876
vn 0.000126 0.000000 2.540000
vn 0.000126 0.000000 2.540000
vn 0.000126 0.000000 2.540000
vn 0.000126 0.000000 2.540000
vn 0.000126 0.000000 2.540000
vn 0.000126 0.000000 2.540000
vn 0.000126 0.000000 2.540000
vn 2.199704 0.000000 -1.270000
vn 2.199704 0.000000 -1.270000
vn 2.199704 0.000000 -1.270000
vn 2.199704 0.000000 -1.270000
vn 2.199704 0.000000 -1.270000
vn 2.199704 0.000000 -1.270000
vn 2.199704 0.000000 1.270000
vn 2.199704 0.000000 1.270000
vn 2.003940 -1.047488 1.156975
vn 1.521446 -1.834449 0.878407
vn 0.825284 -2.354459 0.476478
vn 0.012337 -2.539960 0.007123
vn 0.000000 -2.540000 0.000000
vn 0.000000 -2.540000 0.000000
vn 0.012123 -2.539961 0.006999
vn 0.748466 -2.388444 0.432127
vn 1.442815 -1.917285 0.833010
vn 1.983622 -1.097842 1.145245
vn 0.000000 -2.540000 0.000000
vn 0.000000 -2.540000 0.000000
vn 0.000000 -2.540000 0.000000
vn 0.000000 -2.540000 0.000000
vn 0.000000 -2.540000 0.000000
vn 0.000000 -2.540000 0.000000
vn 0.000000 -2.540000 0.000000
vn 0.000000 -2.540000 0.000000
vn 0.000000 -2.540000 0.000000
vn 0.000000 -2.540000 0.000000
vn 0.000000 -2.540000 0.000000
vn 0.000000 -2.540000 0.000000
vn 0.000000 -2.540000 0.000000
vn 0.000000 -2.540000 0.000000
vn 0.000000 -2.540000 0.000000
vn 0.000000 -2.540000 0.000000
vn 0.000000 -2.540000 0.000000
vn 0.000000 -2.540000 0.000000
vn 0.000000 -2.540000 0.000000
vn 0.000000 -2.540000 0.000000
vn 0.000000 -2.540000 0.000000
vn 0.000000 -2.540000 0.000000
vn 0.000000 -2.540000 0.000000
vn 0.000000 -2.540000 0.000000
vn -0.007520 -2.539961 0.011810
vn -0.507617 -2.388181 0.700369
vn -1.045096 -1.916489 1.298632
vn -1.499221 -1.096908 1.732261
vn -1.688024 0.000000 1.897940
vn -2.113134 0.000000 1.409349
vn -2.400862 0.000000 0.829133
vn -2.532503 0.000000 0.195012
vn -2.499498 0.000000 -0.451788
vn -2.303992 0.000000 -1.069215
vn -1.958697 0.000000 -1.617129
vn -1.486061 0.000000 -2.059909
vn -0.916811 0.000000 -2.368767
vn -0.287956 0.000000 -2.523625
vn 0.359619 0.000000 -2.514413
vn 0.983814 0.000000 -2.341732
vn 1.544049 0.000000 -2.016807
vn 2.003900 0.000000 -1.560764
vn 2.333471 0.000000 -1.003250
vn 2.511336 0.000000 -0.380512
vn 2.525932 0.000000 0.266964
vn 2.376308 0.000000 0.897085
vn 2.072193 0.000000 1.468883
vn 1.633358 0.000000 1.945184
vn 1.088334 0.000000 2.295023
vn 0.472553 0.000000 2.495655
vn -0.173949 0.000000 2.534037
vn -0.809143 0.000000 2.407673
vn -0.759116 -1.097840 2.161039
vn -0.608281 -1.917295 1.550991
vn -0.355905 -2.388446 0.787564
vn -0.006524 -2.539961 0.012385
vn 0.000000 -2.199704 1.270000
vn 0.000000 -1.270000 2.199704
vn -0.315836 -2.199704 1.230101
vn 0.467518 -2.199704 -1.180816
vn -0.547044 -1.270000 2.130597
vn 0.315836 -2.199704 1.230101
vn 0.547044 -1.270000 2.130597
vn 0.611827 -2.199704 1.112909
vn 1.059716 -1.270000 1.927616
vn 0.869375 -2.199704 0.925790
vn 1.505801 -1.270000 1.603516
vn 1.072296 -2.199704 0.680500
vn 1.857272 -1.270000 1.178661
vn 1.207842 -2.199704 0.392452
vn 2.092043 -1.270000 0.679746
vn 1.267494 -2.199704 0.079744
vn 2.195364 -1.270000 0.138121
vn 1.247505 -2.199704 -0.237974
vn 2.160742 -1.270000 -0.412184
vn 1.149130 -2.199704 -0.540740
vn 1.990352 -1.270000 -0.936589
vn 0.978552 -2.199704 -0.809528
vn 1.694902 -1.270000 -1.402144
vn 0.746487 -2.199704 -1.027452
vn 1.292954 -1.270000 -1.779598
vn 0.809765 -1.270000 -2.045234
vn -0.159173 -2.199704 -1.259986
vn -0.275696 -1.270000 -2.182359
vn 0.275696 -1.270000 -2.182359
vn 0.159173 -2.199704 -1.259986
vn -0.467518 -2.199704 -1.180816
vn -0.809765 -1.270000 -2.045234
vn -0.746487 -2.199704 -1.027452
vn -1.292954 -1.270000 -1.779598
vn -0.978817 -2.199704 -0.809207
vn -1.695822 -1.270000 -1.401032
vn -1.149130 -2.199704 -0.540740
vn -1.990352 -1.270000 -0.936589
vn -1.247505 -2.199704 -0.237974
vn -2.160742 -1.270000 -0.412184
vn -1.267494 -2.199704 0.079744
vn -2.195364 -1.270000 0.138121
vn -1.207842 -2.199704 0.392452
vn -2.092043 -1.270000 0.679746
vn -1.072296 -2.199704 0.680500
vn -1.857272 -1.270000 1.178661
vn -0.869375 -2.199704 0.925790
vn -1.505801 -1.270000 1.603516
vn 0.000000 -2.540000 0.000000
vn 0.000000 -2.540000 0.000000
vn 0.000000 -2.540000 0.000000
vn 0.000000 -1.270000 2.199704
vn 0.000000 -1.270000 2.199704
vn 0.472553 0.000000 2.495655
vn 0.472553 0.000000 2.495655
vn 0.000000 -2.540000 0.000000
vn 0.000000 -2.199704 1.270000
vn 0.000000 -2.199704 1.270000
vn 0.000000 -1.270000 2.199704
vn 0.000000 -1.270000 2.199704
vn 0.000000 -2.199704 1.270000
vn 0.000000 -2.199704 1.270000
vn 0.000000 -2.540000 0.000000
vn 0.000000 -2.540000 0.000000
vn -0.012337 -2.539960 -0.007123
vn -0.789116 -2.370934 -0.455596
vn -1.491022 -1.867459 -0.860842
vn -2.002356 -1.051520 -1.156061
vn -2.199704 0.000000 -1.270000
vn -2.199704 0.000000 -1.270000
vn -1.984009 -1.096910 -1.145468
vn -1.443618 -1.916478 -0.833473
vn -0.749100 -2.388179 -0.432493
vn -0.012125 -2.539961 -0.007000
vn -0.809861 0.000000 -2.407431
vn -0.174705 0.000000 -2.533985
vn 0.471809 0.000000 -2.495796
vn 1.087649 0.000000 -2.295347
vn 1.632778 0.000000 -1.945671
vn 2.071754 0.000000 -1.469501
vn 2.376040 0.000000 -0.897794
vn 2.525852 0.000000 -0.267718
vn 2.511450 0.000000 0.379762
vn 2.333771 0.000000 1.002554
vn 2.004366 0.000000 1.560166
vn 1.544651 0.000000 2.016346
vn 0.984513 0.000000 2.341438
vn 0.360370 0.000000 2.514306
vn -0.287203 0.000000 2.523710
vn -0.916104 0.000000 2.369041
vn -1.485446 0.000000 2.060352
vn -1.958214 0.000000 1.617714
vn -2.303673 0.000000 1.069903
vn -2.499362 0.000000 0.452534
vn -2.532561 0.000000 -0.194256
vn -2.401109 0.000000 -0.828416
vn -2.113555 0.000000 -1.408718
vn -1.688591 0.000000 -1.897436
vn -1.688591 0.000000 -1.897436
vn -2.113555 0.000000 -1.408718
vn -2.401109 0.000000 -0.828416
vn -2.532561 0.000000 -0.194256
vn -2.499362 0.000000 0.452534
vn -2.303673 0.000000 1.069903
vn -1.958214 0.000000 1.617714
vn -1.485446 0.000000 2.060352
vn -0.916104 0.000000 2.369041
vn -0.287203 0.000000 2.523710
vn 0.360370 0.000000 2.514306
vn 0.984513 0.000000 2.341438
vn 1.544651 0.000000 2.016346
vn 2.004366 0.000000 1.560166
vn 2.333771 0.000000 1.002554
vn 2.511450 0.000000 0.379762
vn 2.525852 0.000000 -0.267718
vn 2.376040 0.000000 -0.897794
vn 2.071754 0.000000 -1.469501
vn 1.632778 0.000000 -1.945671
vn 1.087649 0.000000 -2.295347
vn 0.471809 0.000000 -2.495796
vn -0.174705 0.000000 -2.533985
vn -0.809861 0.000000 -2.407431
vn -2.199704 0.000000 1.270000
vn -2.199704 0.000000 1.270000
vn -2.199704 0.000000 1.270000
vn -2.199704 0.000000 1.270000
vn -2.199704 0.000000 1.270000
vn -2.199704 0.000000 1.270000
vn -1.270000 0.000000 2.199704
vn -1.270000 0.000000 2.199704
vn -1.270000 0.000000 2.199704
vn -1.270000 0.000000 2.199704
vn -1.270000 0.000000 2.199704
vn -1.270000 0.000000 2.199704
vn 1.270000 0.000000 -2.199704
vn 1.270000 0.000000 -2.199704
vn 1.156968 -1.047522 -2.003927
vn 0.878403 -1.834457 -1.521439
vn 0.476478 -2.354459 -0.825284
vn 0.007123 -2.539960 -0.012337
vn 0.000000 -2.540000 0.000000
vn 0.000000 -2.540000 0.000000
vn 0.007000 -2.539961 -0.012124
vn 0.432310 -2.388311 -0.748783
vn 0.833242 -1.916881 -1.443217
vn 1.145357 -1.097375 -1.983816
vn 0.000000 -2.540000 0.000000
vn 0.000000 -2.540000 0.000000
vn 0.000000 -2.540000 0.000000
vn 0.000000 -2.540000 0.000000
vn 0.000000 -2.540000 0.000000
vn 0.000000 -2.540000 0.000000
vn 0.000000 -2.540000 0.000000
vn 0.000000 -2.540000 0.000000
vn 0.000000 -2.540000 0.000000
vn 0.000000 -2.540000 0.000000
vn 0.000000 -2.540000 0.000000
vn 0.000000 -2.540000 0.000000
vn 0.000000 -2.540000 0.000000
vn 0.000000 -2.540000 0.000000
vn 0.000000 -2.540000 0.000000
vn 0.000000 -2.540000 0.000000
vn 0.000000 -2.540000 0.000000
vn 0.000000 -2.540000 0.000000
vn 0.000000 -2.540000 0.000000
vn 0.000000 -2.540000 0.000000
vn 0.000000 -2.540000 0.000000
vn 0.000000 -2.540000 0.000000
vn 0.000000 -2.540000 0.000000
vn 0.000000 -2.540000 0.000000
vn 0.011826 -2.539961 0.007492
vn 0.701189 -2.388314 0.505858
vn 1.300461 -1.916892 1.042078
vn 1.735102 -1.097374 1.495591
vn 1.901261 0.000000 1.684282
vn 1.413510 0.000000 2.110353
vn 0.833861 0.000000 2.399224
vn 0.200000 0.000000 2.532114
vn -0.446863 0.000000 2.500383
vn -1.064674 0.000000 2.306094
vn -1.613268 0.000000 1.961879
vn -2.056977 0.000000 1.490115
vn -2.366957 0.000000 0.921475
vn -2.523052 0.000000 0.292927
vn -2.515117 0.000000 -0.354666
vn -2.343665 0.000000 -0.979200
vn -2.019845 0.000000 -1.540074
vn -1.564708 0.000000 -2.000822
vn -1.007844 0.000000 -2.331491
vn -0.385457 0.000000 -2.510582
vn 0.261989 0.000000 -2.526452
vn 0.892403 0.000000 -2.378070
vn 1.464799 0.000000 -2.075082
vn 1.941963 0.000000 -1.637186
vn 2.292875 0.000000 -1.092851
vn 2.494719 0.000000 -0.477467
vn 2.534374 0.000000 0.168959
vn 2.409261 0.000000 0.804400
vn 2.162771 -1.097374 0.754846
vn 1.552697 -1.916892 0.605193
vn 0.788681 -2.388314 0.354319
vn 0.012401 -2.539961 0.006496
vn 0.000000 -2.199704 1.270000
vn 0.000000 -1.270000 2.199704
vn -0.746487 -2.199704 -1.027452
vn 1.207842 -2.199704 0.392452
vn 2.092043 -1.270000 0.679746
vn 1.267494 -2.199704 0.079744
vn 2.195364 -1.270000 0.138121
vn 1.247456 -2.199704 -0.238227
vn 2.160574 -1.270000 -0.413060
vn 1.149130 -2.199704 -0.540740
vn 1.990352 -1.270000 -0.936589
vn 0.978552 -2.199704 -0.809528
vn 1.694902 -1.270000 -1.402144
vn 0.746487 -2.199704 -1.027452
vn 1.292954 -1.270000 -1.779598
vn 0.467518 -2.199704 -1.180816
vn 0.809765 -1.270000 -2.045234
vn 0.159173 -2.199704 -1.259986
vn 0.275696 -1.270000 -2.182359
vn -0.159173 -2.199704 -1.259986
vn -0.275696 -1.270000 -2.182359
vn -0.467518 -2.199704 -1.180816
vn -0.809765 -1.270000 -2.045234
vn -0.978552 -2.199704 -0.809528
vn -1.694902 -1.270000 -1.402144
vn -1.292954 -1.270000 -1.779598
vn -1.149130 -2.199704 -0.540740
vn -1.990352 -1.270000 -0.936589
vn -1.247505 -2.199704 -0.237974
vn -2.160742 -1.270000 -0.412184
vn -1.267494 -2.199704 0.079744
vn -2.195364 -1.270000 0.138121
vn -1.207842 -2.199704 0.392452
vn -2.092043 -1.270000 0.679746
vn -1.072296 -2.199704 0.680500
vn -1.857272 -1.270000 1.178661
vn -0.869375 -2.199704 0.925790
vn -1.505801 -1.270000 1.603516
vn -0.611827 -2.199704 1.112909
vn -1.059716 -1.270000 1.927616
vn -0.315836 -2.199704 1.230101
vn -0.547044 -1.270000 2.130597
vn 0.315836 -2.199704 1.230101
vn 0.547044 -1.270000 2.130597
vn 0.611827 -2.199704 1.112909
vn 1.059716 -1.270000 1.927616
vn 0.869375 -2.199704 0.925790
vn 1.505801 -1.270000 1.603516
vn 0.000000 -1.270000 2.199704
vn 0.000000 -1.270000 2.199704
vn 0.000000 -2.199704 1.270000
vn 0.000000 -2.199704 1.270000
vn 0.000000 -2.540000 0.000000
vn 0.000000 -2.540000 0.000000
vn 0.000000 -2.199704 1.270000
vn 0.000000 -2.199704 1.270000
vn 0.200000 0.000000 2.532114
vn 0.200000 0.000000 2.532114
vn 0.000000 -1.270000 2.199704
vn 0.000000 -1.270000 2.199704
vn 0.000000 -2.540000 0.000000
vn 0.000000 -2.540000 0.000000
vn -0.007123 -2.539960 0.012337
vn -0.455614 -2.370920 0.789147
vn -0.860867 -1.867413 1.491066
vn -1.156070 -1.051480 2.002372
vn -1.270000 0.000000 2.199704
vn -1.270000 0.000000 2.199704
vn -1.145357 -1.097375 1.983816
vn -0.833242 -1.916881 1.443217
vn -0.432310 -2.388311 0.748783
vn -0.007000 -2.539961 0.012124
vn 1.901261 0.000000 1.684282
vn 1.413510 0.000000 2.110353
vn 0.833861 0.000000 2.399224
vn 0.200000 0.000000 2.532114
vn -0.446863 0.000000 2.500383
vn -1.064674 0.000000 2.306094
vn -1.613268 0.000000 1.961879
vn -2.056977 0.000000 1.490115
vn -2.366957 0.000000 0.921475
vn -2.523052 0.000000 0.292927
vn -2.515117 0.000000 -0.354666
vn -2.343665 0.000000 -0.979200
vn -2.019845 0.000000 -1.540074
vn -1.564708 0.000000 -2.000822
vn -1.007844 0.000000 -2.331491
vn -0.385457 0.000000 -2.510582
vn 0.261989 0.000000 -2.526452
vn 0.892403 0.000000 -2.378070
vn 1.464799 0.000000 -2.075082
vn 1.941963 0.000000 -1.637186
vn 2.292875 0.000000 -1.092851
vn 2.494719 0.000000 -0.477467
vn 2.534374 0.000000 0.168959
vn 2.409261 0.000000 0.804400
vn 2.409261 0.000000 0.804400
vn 2.534374 0.000000 0.168959
vn 2.494719 0.000000 -0.477467
vn 2.292875 0.000000 -1.092851
vn 1.941963 0.000000 -1.637186
vn 1.464799 0.000000 -2.075082
vn 0.892403 0.000000 -2.378070
vn 0.261989 0.000000 -2.526452
vn -0.385457 0.000000 -2.510582
vn -1.007844 0.000000 -2.331491
vn -1.564708 0.000000 -2.000822
vn -2.019845 0.000000 -1.540074
vn -2.343665 0.000000 -0.979200
vn -2.515117 0.000000 -0.354666
vn -2.523052 0.000000 0.292927
vn -2.366957 0.000000 0.921475
vn -2.056977 0.000000 1.490115
vn -1.613268 0.000000 1.961879
vn -1.064674 0.000000 2.306094
vn -0.446863 0.000000 2.500383
vn 0.200000 0.000000 2.532114
vn 0.833861 0.000000 2.399224
vn 1.413510 0.000000 2.110353
vn 1.901261 0.000000 1.684282
vn 1.270000 0.000000 -2.199704
vn 1.270000 0.000000 -2.199704
vn 1.270000 0.000000 -2.199704
vn 1.270000 0.000000 -2.199704
vn 1.270000 0.000000 -2.199704
vn 1.270000 0.000000 -2.199704
vn 1.270000 0.000000 2.199704
vn 1.270000 0.000000 2.199704
vn 1.270000 0.000000 2.199704
vn 1.270000 0.000000 2.199704
vn 1.270000 0.000000 2.199704
vn 1.270000 0.000000 2.199704
vn 2.540000 0.000000 0.000000
vn 2.346654 -0.972016 0.000000
vn 1.796051 -1.796051 0.000000
vn 0.972016 -2.346654 0.000000
vn 0.000000 -2.540000 0.000000
vn 0.000000 -2.540000 0.000000
vn 0.000000 -2.540000 0.000000
vn 0.000000 -2.540000 0.000000
vn 0.000000 -2.540000 0.000000
vn 0.000000 -2.540000 0.000000
vn 0.000000 -2.540000 0.000000
vn 0.000000 -2.540000 0.000000
vn 0.005167 -2.539980 0.008647
vn 0.365598 -2.447205 0.573696
vn 0.722829 -2.187230 1.070114
vn 1.036566 -1.793749 1.469556
vn 1.285621 -1.270000 1.784903
vn 1.436271 -0.663833 1.986971
vn 1.489277 0.000000 2.057585
vn 1.793358 0.000000 1.798741
vn 2.053112 0.000000 1.495437
vn 2.262119 0.000000 1.155170
vn 2.415213 0.000000 0.786351
vn 2.508609 0.000000 0.398095
vn 0.961460 -2.346654 0.142864
vn 1.776546 -1.796051 0.263978
vn 2.321169 -0.972016 0.344903
vn 0.930021 -2.346654 0.282624
vn 1.718454 -1.796051 0.522222
vn 2.245269 -0.972016 0.682315
vn 0.878381 -2.346654 0.416246
vn 1.623037 -1.796051 0.769123
vn 2.120600 -0.972016 1.004907
vn 0.807664 -2.346654 0.540827
vn 1.492368 -1.796051 0.999319
vn 1.949873 -0.972016 1.305673
vn 0.719403 -2.346654 0.653662
vn 1.329284 -1.796051 1.207809
vn 1.736794 -0.972016 1.578079
vn 0.615518 -2.346654 0.752298
vn 1.137328 -1.796051 1.390066
vn 1.485991 -0.972016 1.816209
vn 2.540000 0.000000 0.000000
vn 2.501412 -0.441066 0.000000
vn 2.386819 -0.868731 0.000000
vn 2.199704 -1.270000 0.000000
vn 1.751692 -1.839341 0.000000
vn 1.209596 -2.233490 0.000000
vn 0.610122 -2.465634 0.000000
vn 0.000000 -2.540000 0.000000
vn 0.000000 -2.540000 0.000000
vn 0.972016 -2.346654 0.000000
vn 1.796051 -1.796051 0.000000
vn 2.346654 -0.972016 0.000000
vn 2.540000 0.000000 0.000000
vn 2.409261 0.000000 -0.804400
vn 2.534374 0.000000 -0.168959
vn 2.494719 0.000000 0.477467
vn 2.292875 0.000000 1.092851
vn 1.941963 0.000000 1.637186
vn 1.464799 0.000000 2.075082
vn 0.892403 0.000000 2.378070
vn 0.261989 0.000000 2.526452
vn -0.385457 0.000000 2.510582
vn -1.007844 0.000000 2.331491
vn -1.564708 0.000000 2.000822
vn -2.019845 0.000000 1.540074
vn -2.343665 0.000000 0.979200
vn -2.515117 0.000000 0.354666
vn -2.523052 0.000000 -0.292927
vn -2.366957 0.000000 -0.921475
vn -2.056977 0.000000 -1.490115
vn -1.613268 0.000000 -1.961879
vn -1.064674 0.000000 -2.306094
vn -0.446863 0.000000 -2.500383
vn 0.200000 0.000000 -2.532114
vn 0.833861 0.000000 -2.399224
vn 1.413510 0.000000 -2.110353
vn 1.901261 0.000000 -1.684282
vn 1.901261 0.000000 -1.684282
vn 1.413510 0.000000 -2.110353
vn 0.833861 0.000000 -2.399224
vn 0.200000 0.000000 -2.532114
vn -0.446863 0.000000 -2.500383
vn -1.064674 0.000000 -2.306094
vn -1.613268 0.000000 -1.961879
vn -2.056977 0.000000 -1.490115
vn -2.366957 0.000000 -0.921475
vn -2.523052 0.000000 -0.292927
vn -2.515117 0.000000 0.354666
vn -2.343665 0.000000 0.979200
vn -2.019845 0.000000 1.540074
vn -1.564708 0.000000 2.000822
vn -1.007844 0.000000 2.331491
vn -0.385457 0.000000 2.510582
vn 0.261989 0.000000 2.526452
vn 0.892403 0.000000 2.378070
vn 1.464799 0.000000 2.075082
vn 1.941963 0.000000 1.637186
vn 2.292875 0.000000 1.092851
vn 2.494719 0.000000 0.477467
vn 2.534374 0.000000 -0.168959
vn 2.409261 0.000000 -0.804400
vn -1.270000 0.000000 -2.199704
vn -1.270000 0.000000 -2.199704
vn -1.270000 0.000000 -2.199704
vn -1.270000 0.000000 -2.199704
vn -1.270000 0.000000 -2.199704
vn -1.270000 0.000000 -2.199704
vn -1.269968 0.000000 2.199723
vn -1.173298 -0.972016 2.032279
vn -0.898003 -1.796051 1.555439
vn -0.485996 -2.346654 0.841798
vn 0.000000 -2.540000 0.000000
vn 0.000000 -2.540000 0.000000
vn 0.000000 -2.540000 0.000000
vn 0.000000 -2.540000 0.000000
vn 0.000000 -2.540000 0.000000
vn -0.008649 -2.539980 0.005164
vn -0.573854 -2.447205 0.365350
vn -1.070442 -2.187227 0.722351
vn -1.470046 -1.793738 1.035890
vn -1.785516 -1.270000 1.284769
vn -1.987668 -0.663831 1.435307
vn -2.058312 0.000000 1.488272
vn -1.829802 0.000000 1.761654
vn -1.565286 0.000000 2.000370
vn -0.588975 -2.346654 0.773255
vn -1.088284 -1.796051 1.428789
vn -1.421911 -0.972016 1.866803
vn -0.682415 -2.346654 0.692189
vn -1.260938 -1.796051 1.278998
vn -1.647495 -0.972016 1.671091
vn -0.764802 -2.346654 0.599911
vn -1.413170 -1.796051 1.108491
vn -1.846395 -0.972016 1.448313
vn -1.269968 0.000000 2.199723
vn -1.173298 -0.972016 2.032279
vn -0.898003 -1.796051 1.555439
vn -0.485996 -2.346654 0.841798
vn 0.000000 -2.540000 0.000000
vn 0.000000 -2.540000 0.000000
vn -0.485996 -2.346654 0.841798
vn -0.898003 -1.796051 1.555439
vn -1.173298 -0.972016 2.032279
vn -1.269968 0.000000 2.199723
vn 0.000000 -2.540000 0.000000
vn -0.491689 -2.346657 0.838476
vn -0.908861 -1.796058 1.549112
vn -1.187705 -0.972020 2.023891
vn -1.285436 0.000000 2.190720
vn -0.923424 0.000000 2.366197
vn -0.538248 0.000000 2.482315
vn -0.139570 0.000000 2.536163
vn 0.262610 0.000000 2.526388
vn 0.658202 0.000000 2.453237
vn 1.037282 0.000000 2.318544
vn 1.002632 -0.663833 2.237332
vn 0.902961 -1.270000 2.005832
vn 0.753659 -1.795765 1.630591
vn 0.554293 -2.203735 1.134861
vn 0.300745 -2.455467 0.576051
vn 0.004905 -2.539980 0.008799
vn 0.000000 -2.540000 0.000000
vn 0.000000 -2.540000 0.000000
vn 0.000000 -2.540000 0.000000
vn 0.000000 -2.540000 0.000000
vn 0.000000 -2.540000 0.000000
vn 0.000000 -2.540000 0.000000
vn 0.000000 -2.540000 0.000000
vn -0.874870 -0.972016 2.177473
vn -0.543066 -0.972016 2.282951
vn -0.199307 -0.972016 2.338175
vn 0.148838 -0.972016 2.341929
vn 0.827709 -0.972016 2.195833
vn -0.669391 -1.796052 1.666647
vn -0.362161 -2.346655 0.902026
vn -0.415466 -1.796052 1.747337
vn -0.224751 -2.346655 0.945674
vn -0.152397 -1.796052 1.789573
vn -0.082397 -2.346655 0.968516
vn 0.114026 -1.796052 1.792427
vn 0.061770 -2.346655 0.970050
vn 0.493707 -0.972016 2.294131
vn 0.377939 -1.796052 1.755836
vn 0.204578 -2.346655 0.950242
vn 0.633535 -1.796052 1.680604
vn 0.342885 -2.346655 0.909528
vn 0.000000 -2.540000 0.000000
vn 0.000000 -2.540000 0.000000
vn 0.000000 -2.540000 0.000000
vn 0.000000 -2.540000 0.000000
vn 0.000000 -2.540000 0.000000
vn 0.000000 -2.540000 0.000000
vn 0.000000 -2.540000 0.000000
vn 0.000000 -2.540000 0.000000
vn 0.000000 -2.540000 0.000000
vn 0.000000 -2.540000 0.000000
vn 0.000000 -2.540000 0.000000
vn 0.000000 -2.540000 0.000000
vn 0.000000 -2.540000 0.000000
vn 0.000000 -2.540000 0.000000
vn 0.000000 -2.540000 0.000000
vn 0.000000 -2.540000 0.000000
vn 0.000000 -2.540000 0.000000
vn 0.000000 -2.540000 0.000000
vn 0.000000 -2.540000 0.000000
vn 0.000000 -2.540000 0.000000
vn 0.000000 -2.540000 0.000000
vn 0.000000 -2.540000 0.000000
vn 0.000000 -2.540000 0.000000
vn 0.000000 -2.540000 0.000000
vn 0.000000 -2.540000 0.000000
vn 0.000000 -2.540000 0.000000
vn 0.000000 -2.540000 0.000000
vn 0.000000 -2.540000 0.000000
vn 0.000000 -2.540000 0.000000
vn 0.000000 -2.540000 0.000000
vn 0.000000 -2.540000 0.000000
vn 0.000000 -2.540000 0.000000
vn 0.000000 -2.540000 0.000000
vn 0.000000 -2.540000 0.000000
vn 0.000000 -2.540000 0.000000
vn 0.000000 -2.540000 0.000000
vn 0.000000 -2.540000 0.000000
vn 0.000000 -2.540000 0.000000
vn 0.000000 -2.540000 0.000000
vn 0.000000 -2.540000 0.000000
vn 0.000000 -2.540000 0.000000
vn 0.000000 -2.540000 0.000000
vn 0.000000 -2.540000 0.000000
vn 0.000000 -2.540000 0.000000
vn 0.000000 -2.540000 0.000000
vn 0.000000 -2.540000 0.000000
vn 0.000000 -2.540000 0.000000
vn 0.000000 -2.540000 0.000000
vn 0.000000 -2.540000 0.000000
vn 0.000000 -2.540000 0.000000
vn 0.000000 -2.540000 0.000000
vn 0.000000 -2.540000 0.000000
vn 0.000000 -2.540000 0.000000
vn 0.000000 -2.540000 0.000000
vn 0.000000 -2.540000 0.000000
vn 0.000000 -2.540000 0.000000
vn 0.000000 -2.540000 0.000000
vn 0.000000 -2.540000 0.000000
vn 0.000000 -2.540000 0.000000
vn 0.000000 -2.540000 0.000000
vn 0.000000 -2.540000 0.000000
vn 0.000000 -2.540000 0.000000
vn 0.000000 -2.540000 0.000000
vn 0.000000 -2.540000 0.000000
vn 0.000000 -2.540000 0.000000
vn 0.000000 -2.540000 0.000000
vn 0.000000 -2.540000 0.000000
vn 0.000000 -2.540000 0.000000
vn 0.000000 -2.540000 0.000000
vn 0.000000 -2.540000 0.000000
vn 0.000000 -2.540000 0.000000
vn 0.000000 -2.540000 0.000000
vn 0.000000 -2.540000 0.000000
vn 0.000000 -2.540000 0.000000
vn 0.000000 -2.540000 0.000000
vn 0.000000 -2.540000 0.000000
vn 0.000000 -2.540000 0.000000
vn 0.000000 -2.540000 0.000000
vn 0.000000 -2.540000 0.000000
vn 0.000000 -2.540000 0.000000
vn 0.000000 -2.540000 0.000000
vn 0.000000 -2.540000 0.000000
vn 0.000000 -2.540000 0.000000
vn 0.000000 -2.540000 0.000000
vn 0.000000 -2.540000 0.000000
vn 0.000000 -2.540000 0.000000
vn 0.000000 -2.540000 0.000000
vn 0.000000 -2.540000 0.000000
vn 0.000000 -2.540000 0.000000
vn 0.000000 -2.540000 0.000000
vn 0.000000 -2.540000 0.000000
vn 0.000000 -2.540000 0.000000
vn 0.000000 -2.540000 0.000000
vn 0.000000 -2.540000 0.000000
vn 0.000000 -2.540000 0.000000
vn 0.000000 -2.540000 0.000000
vn 0.000000 -2.540000 0.000000
vn 0.000000 -2.540000 0.000000
vn 0.000000 -2.540000 0.000000
vn 0.000000 -2.540000 0.000000
vn 0.000000 -2.540000 0.000000
vn 0.000000 -2.540000 0.000000
vn 0.000000 -2.540000 0.000000
vn 0.000000 -2.540000 0.000000
vn 0.000000 -2.540000 0.000000
vn 0.000000 -2.540000 0.000000
vn 0.000000 -2.540000 0.000000
vn 0.000000 -2.540000 0.000000
vn 0.000000 -2.540000 0.000000
vn 0.000000 -2.540000 0.000000
vn 0.000000 -2.540000 0.000000
vn 0.000000 -2.540000 0.000000
vn 0.000000 -2.540000 0.000000
vn 0.000000 -2.540000 0.000000
vn 0.000000 -2.540000 0.000000
vn 0.000000 -2.540000 0.000000
vn 0.000000 -2.540000 0.000000
vn 0.000000 -2.540000 0.000000
vn 0.000000 -2.540000 0.000000
vn 0.000000 -2.540000 0.000000
vn 0.000000 -2.540000 0.000000
vn 0.000000 -2.540000 0.000000
vn 0.000000 -2.540000 0.000000
vn 0.000000 -2.540000 0.000000
vn 0.000000 -2.540000 0.000000
vn 0.000000 -2.540000 0.000000
vn 0.000000 -2.540000 0.000000
vn 0.000000 -2.540000 0.000000
vn 0.000000 -2.540000 0.000000
vn 0.000000 -2.540000 0.000000
vn 0.000000 -2.540000 0.000000
vn 0.000000 -2.540000 0.000000
vn 0.000000 -2.540000 0.000000
vn 0.000000 -2.540000 0.000000
vn 0.000000 -2.540000 0.000000
vn 0.000000 -2.540000 0.000000
vn 0.000000 -2.540000 0.000000
vn 0.000000 -2.540000 0.000000
vn 0.000000 -2.540000 0.000000
vn 0.000000 -2.540000 0.000000
vn 0.000000 -2.540000 0.000000
vn 0.000000 -2.540000 0.000000
vn 0.000000 -2.540000 0.000000
vn 0.000000 -2.540000 0.000000
vn 0.000000 -2.540000 0.000000
vn 0.000000 -2.540000 0.000000
vn 0.000000 -2.540000 0.000000
vn 0.000000 -2.540000 0.000000
vn 0.000000 -2.540000 0.000000
vn 0.000000 -2.540000 0.000000
vn 0.000000 -2.540000 0.000000
vn 0.000000 -2.540000 0.000000
vn 0.000000 -2.540000 0.000000
vn 0.000000 -2.540000 0.000000
vn 0.000000 -2.540000 0.000000
vn 0.000000 -2.540000 0.000000
vn 0.000000 -2.540000 0.000000
vn 0.000000 -2.540000 0.000000
vn 0.000000 -2.540000 0.000000
vn 0.000000 -2.540000 0.000000
vn 0.000000 -2.540000 0.000000
vn 0.000000 -2.540000 0.000000
vn 0.000000 -2.540000 0.000000
vn 0.000000 -2.540000 0.000000
vn 0.000000 -2.540000 0.000000
vn 0.000000 -2.540000 0.000000
vn 0.000000 -2.540000 0.000000
vn 0.000000 -2.540000 0.000000
vn 0.000000 -2.540000 0.000000
vn 0.000000 -2.540000 0.000000
vn 0.000000 -2.540000 0.000000
vn 0.000000 -2.540000 0.000000
vn 0.000000 -2.540000 0.000000
vn 0.000000 -2.540000 0.000000
vn 0.000000 -2.540000 0.000000
vn 0.000000 -2.540000 0.000000
vn 0.000000 -2.540000 0.000000
vn 0.000000 -2.540000 0.000000
vn 0.000000 -2.540000 0.000000
vn 0.000000 -2.540000 0.000000
vn 0.000000 -2.540000 0.000000
vn 0.000000 -2.540000 0.000000
vn 0.000000 -2.540000 0.000000
vn 0.000000 -2.540000 0.000000
vn 0.000000 -2.540000 0.000000
vn 0.000000 -2.540000 0.000000
vn 0.000000 -2.540000 0.000000
vn 0.000000 -2.540000 0.000000
vn 0.000000 -2.540000 0.000000
vn 0.000000 -2.540000 0.000000
vn 0.000000 -2.540000 0.000000
vn 0.000000 -2.540000 0.000000
vn 0.000000 -2.540000 0.000000
vn 0.000000 -2.540000 0.000000
vn 0.000000 -2.540000 0.000000
vn 0.000000 -2.540000 0.000000
vn 0.000000 -2.540000 0.000000
vn 0.000000 -2.540000 0.000000
vn 0.000000 -2.540000 0.000000
vn 0.000000 -2.540000 0.000000
vn 0.000000 -2.540000 0.000000
vn 0.000000 -2.540000 0.000000
vn 0.000000 -2.540000 0.000000
vn 0.000000 -2.540000 0.000000
vn 0.000000 -2.540000 0.000000
vn 0.000000 -2.540000 0.000000
vn 0.000000 -2.540000 0.000000
vn 0.000000 -2.540000 0.000000
vn 0.000000 -2.540000 0.000000
vn 0.000000 -2.540000 0.000000
vn 0.000000 -2.540000 0.000000
vn 0.000000 -2.540000 0.000000
vn 0.000000 -2.540000 0.000000
vn 0.000000 -2.540000 0.000000
vn 0.000000 -2.540000 0.000000
vn 0.000000 -2.540000 0.000000
vn 0.000000 -2.540000 0.000000
vn 0.000000 -2.540000 0.000000
vn 0.000000 -2.540000 0.000000
vn 0.000000 -2.540000 0.000000
vn 0.000000 -2.540000 0.000000
vn 0.000000 -2.540000 0.000000
vn -2.540000 0.000000 0.000000
vn -2.346654 -0.972016 0.000000
vn -1.796051 -1.796051 0.000000
vn -0.972016 -2.346654 0.000000
vn 0.000000 -2.540000 0.000000
vn 0.000000 -2.540000 0.000000
vn 0.000000 -2.540000 0.000000
vn 0.000000 -2.540000 0.000000
vn -0.008802 -2.539980 -0.004899
vn -0.603673 -2.447205 -0.313637
vn -1.161429 -2.187234 -0.564528
vn -1.632992 -1.793766 -0.753219
vn -2.006493 -1.270000 -0.901491
vn -2.238078 -0.663836 -1.000964
vn -2.319321 0.000000 -1.035544
vn -2.441115 0.000000 -0.701825
vn -2.515157 0.000000 -0.354379
vn -0.964177 -2.346654 -0.123197
vn -1.781567 -1.796051 -0.227638
vn -2.327729 -0.972016 -0.297423
vn -0.940787 -2.346654 -0.244406
vn -1.738348 -1.796051 -0.451604
vn -2.271261 -0.972016 -0.590049
vn -0.902223 -2.346654 -0.361674
vn -1.667091 -1.796051 -0.668287
vn -2.178160 -0.972016 -0.873159
vn -2.540000 0.000000 0.000000
vn -2.346654 -0.972016 0.000000
vn -1.796051 -1.796051 0.000000
vn -0.972016 -2.346654 0.000000
vn 0.000000 -2.540000 0.000000
vn 0.000000 -2.540000 0.000000
vn -0.972016 -2.346654 0.000000
vn -1.796051 -1.796051 0.000000
vn -2.346654 -0.972016 0.000000
vn -2.540000 0.000000 0.000000
vn -2.319050 0.000000 1.036150
vn -2.237818 -0.663835 1.001546
vn -2.006262 -1.270000 0.902004
vn -1.630928 -1.795778 0.752897
vn -1.135085 -2.203750 0.553774
vn -0.576165 -2.455471 0.300489
vn -0.008801 -2.539980 0.004901
vn 0.000000 -2.540000 0.000000
vn 0.000000 -2.540000 0.000000
vn 0.000000 -2.540000 0.000000
vn 0.000000 -2.540000 0.000000
vn -0.972016 -2.346654 0.000000
vn -1.796051 -1.796051 0.000000
vn -2.346654 -0.972016 0.000000
vn -2.540000 0.000000 0.000000
vn -2.515126 0.000000 0.354598
vn -2.440992 0.000000 0.702251
vn -0.902163 -2.346654 0.361825
vn -1.666980 -1.796051 0.668565
vn -2.178014 -0.972016 0.873522
vn -0.940760 -2.346654 0.244511
vn -1.738298 -1.796051 0.451797
vn -2.271195 -0.972016 0.590302
vn -0.964170 -2.346654 0.123250
vn -1.781554 -1.796051 0.227737
vn -2.327713 -0.972016 0.297553
vn -2.199704 0.000000 -1.270000
vn -2.199704 0.000000 -1.270000
vn -2.199704 0.000000 -1.270000
vn -2.199704 0.000000 -1.270000
vn -2.199704 0.000000 -1.270000
vn -2.199704 0.000000 -1.270000
vn -2.540000 0.000000 0.000000
vn -2.540000 0.000000 0.000000
vn -2.540000 0.000000 0.000000
vn -2.540000 0.000000 0.000000
vn -1.688024 0.000000 1.897940
vn -2.113134 0.000000 1.409349
vn -2.400862 0.000000 0.829133
vn -2.532503 0.000000 0.195012
vn -2.499498 0.000000 -0.451788
vn -2.303992 0.000000 -1.069215
vn -1.958697 0.000000 -1.617129
vn -1.486061 0.000000 -2.059909
vn -0.916811 0.000000 -2.368767
vn -0.287956 0.000000 -2.523625
vn 0.359619 0.000000 -2.514413
vn 0.983814 0.000000 -2.341732
vn 1.544049 0.000000 -2.016807
vn 2.003900 0.000000 -1.560764
vn 2.333471 0.000000 -1.003250
vn 2.511336 0.000000 -0.380512
vn 2.525932 0.000000 0.266964
vn 2.376308 0.000000 0.897085
vn 2.072193 0.000000 1.468883
vn 1.633358 0.000000 1.945184
vn 1.088334 0.000000 2.295023
vn 0.472553 0.000000 2.495655
vn -0.173949 0.000000 2.534037
vn -0.809143 0.000000 2.407673
vn -0.809143 0.000000 2.407673
vn -0.173949 0.000000 2.534037
vn 0.472553 0.000000 2.495655
vn 1.088334 0.000000 2.295023
vn 1.633358 0.000000 1.945184
vn 2.072193 0.000000 1.468883
vn 2.376308 0.000000 0.897085
vn 2.525932 0.000000 0.266964
vn 2.511336 0.000000 -0.380512
vn 2.333471 0.000000 -1.003250
vn 2.003900 0.000000 -1.560764
vn 1.544049 0.000000 -2.016807
vn 0.983814 0.000000 -2.341732
vn 0.359619 0.000000 -2.514413
vn -0.287956 0.000000 -2.523625
vn -0.916811 0.000000 -2.368767
vn -1.486061 0.000000 -2.059909
vn -1.958697 0.000000 -1.617129
vn -2.303992 0.000000 -1.069215
vn -2.499498 0.000000 -0.451788
vn -2.532503 0.000000 0.195012
vn -2.400862 0.000000 0.829133
vn -2.113134 0.000000 1.409349
vn -1.688024 0.000000 1.897940
vn -1.270021 0.000000 -2.199692
vn -1.173347 -0.972016 -2.032251
vn -0.898041 -1.796051 -1.555417
vn -0.486016 -2.346654 -0.841786
vn 0.000000 -2.540000 0.000000
vn 0.000000 -2.540000 0.000000
vn 0.000000 -2.540000 0.000000
vn 0.000000 -2.540000 0.000000
vn 0.000000 -2.540000 0.000000
vn 0.000000 -2.540000 0.000000
vn 0.000000 -2.540000 0.000000
vn 0.000000 -2.540000 0.000000
vn 0.004905 -2.539980 -0.008799
vn 0.314037 -2.447205 -0.603465
vn 0.565332 -2.187230 -1.161045
vn 0.754390 -1.793749 -1.632471
vn 0.902961 -1.270000 -2.005832
vn 1.002632 -0.663833 -2.237332
vn 1.037282 0.000000 -2.318544
vn 0.661073 0.000000 -2.452465
vn 0.268523 0.000000 -2.525766
vn -0.130665 0.000000 -2.536637
vn -0.526622 0.000000 -2.484808
vn -0.909563 0.000000 -2.371560
vn -0.357014 -2.346654 -0.904077
vn -0.659675 -1.796051 -1.670517
vn -0.861908 -0.972016 -2.182636
vn -0.220257 -2.346654 -0.946732
vn -0.406982 -1.796051 -1.749333
vn -0.531747 -0.972016 -2.285614
vn -0.078716 -2.346654 -0.968823
vn -0.145449 -1.796051 -1.790152
vn -0.190038 -0.972016 -2.338947
vn 0.064534 -2.346654 -0.969871
vn 0.119244 -1.796051 -1.792088
vn 0.155800 -0.972016 -2.341476
vn 0.206383 -2.346654 -0.949853
vn 0.381347 -1.796051 -1.755100
vn 0.498253 -0.972016 -2.293148
vn 0.343749 -2.346654 -0.909204
vn 0.635166 -1.796051 -1.679989
vn 0.829884 -0.972016 -2.195012
vn -1.270000 0.000000 -2.199704
vn -1.173327 -0.972016 -2.032262
vn -0.898026 -1.796051 -1.555426
vn -0.486008 -2.346654 -0.841790
vn 0.000000 -2.540000 0.000000
vn 0.000000 -2.540000 0.000000
vn -0.486008 -2.346654 -0.841790
vn -0.898026 -1.796051 -1.555426
vn -1.173327 -0.972016 -2.032262
vn -1.270000 0.000000 -2.199704
vn -2.058701 0.000000 -1.487733
vn -1.988041 -0.663830 -1.434790
vn -1.785845 -1.270000 -1.284313
vn -1.468737 -1.795745 -1.034269
vn -1.047980 -2.203712 -0.704975
vn -0.548730 -2.455460 -0.348154
vn -0.008650 -2.539980 -0.005162
vn 0.000000 -2.540000 0.000000
vn 0.000000 -2.540000 0.000000
vn 0.000000 -2.540000 0.000000
vn 0.000000 -2.540000 0.000000
vn 0.000000 -2.540000 0.000000
vn -0.486008 -2.346654 -0.841790
vn -0.898026 -1.796051 -1.555426
vn -1.173327 -0.972016 -2.032262
vn -1.270000 0.000000 -2.199704
vn -1.565480 0.000000 -2.000218
vn -1.830118 0.000000 -1.761326
vn -0.764904 -2.346654 -0.599781
vn -1.413358 -1.796051 -1.108250
vn -1.846641 -0.972016 -1.447999
vn -0.682497 -2.346654 -0.692108
vn -1.261090 -1.796051 -1.278848
vn -1.647693 -0.972016 -1.670896
vn -0.589026 -2.346654 -0.773216
vn -1.088379 -1.796051 -1.428717
vn -1.422035 -0.972016 -1.866709
vn -1.270000 0.000000 -2.199704
vn -1.270000 0.000000 -2.199704
vn -1.270000 0.000000 -2.199704
vn -1.270000 0.000000 -2.199704
vn 2.199704 0.000000 1.270000
vn 2.199704 0.000000 1.270000
vn 2.199704 0.000000 1.270000
vn 2.199704 0.000000 1.270000
vn 2.199704 0.000000 1.270000
vn 2.199704 0.000000 1.270000
vn 2.540000 0.000000 0.000000
vn 2.346654 -0.972016 0.000000
vn 1.796051 -1.796051 0.000000
vn 0.972016 -2.346654 0.000000
vn 0.000000 -2.540000 0.000000
vn 0.000000 -2.540000 0.000000
vn 0.607562 -2.466266 0.000000
vn 1.208858 -2.233890 0.000000
vn 1.748863 -1.842031 0.000000
vn 2.199704 -1.270000 0.000000
vn 2.386819 -0.868731 0.000000
vn 2.501412 -0.441066 0.000000
vn 2.540000 0.000000 0.000000
vn 1.489277 0.000000 -2.057585
vn 1.436271 -0.663833 -1.986971
vn 1.285621 -1.270000 -1.784903
vn 1.035303 -1.795765 -1.467983
vn 0.705672 -2.203735 -1.047463
vn 0.348502 -2.455467 -0.548478
vn 0.005167 -2.539980 -0.008647
vn 0.000000 -2.540000 0.000000
vn 0.000000 -2.540000 0.000000
vn 0.000000 -2.540000 0.000000
vn 0.000000 -2.540000 0.000000
vn 0.000000 -2.540000 0.000000
vn 0.000000 -2.540000 0.000000
vn 0.000000 -2.540000 0.000000
vn 0.000000 -2.540000 0.000000
vn 0.972016 -2.346654 0.000133
vn 1.796051 -1.796051 0.000258
vn 2.346654 -0.972016 0.000350
vn 2.540000 0.000000 0.000384
vn 2.508659 0.000000 -0.397780
vn 2.415292 0.000000 -0.786108
vn 2.262206 0.000000 -1.155000
vn 2.053187 0.000000 -1.495334
vn 1.793403 0.000000 -1.798696
vn 2.321212 -0.972016 -0.344614
vn 2.245339 -0.972016 -0.682082
vn 2.120684 -0.972016 -1.004731
vn 1.949954 -0.972016 -1.305551
vn 1.736859 -0.972016 -1.578007
vn 0.615532 -2.346654 -0.752287
vn 1.137356 -1.796051 -1.390043
vn 1.486029 -0.972016 -1.816178
vn 0.719429 -2.346654 -0.653634
vn 1.329333 -1.796051 -1.207756
vn 0.807695 -2.346654 -0.540781
vn 1.492428 -1.796051 -0.999229
vn 0.878413 -2.346654 -0.416179
vn 1.623099 -1.796051 -0.768993
vn 0.930048 -2.346654 -0.282535
vn 1.718506 -1.796051 -0.522050
vn 0.961476 -2.346654 -0.142753
vn 1.776578 -1.796051 -0.263764
vn 0.000000 -2.540000 0.000000
vn 0.000000 -2.540000 0.000000
vn 0.000000 -2.540000 0.000000
vn 0.000000 -2.540000 0.000000
vn 0.000000 -2.540000 0.000000
vn 0.000000 -2.540000 0.000000
vn 0.000000 -2.540000 0.000000
vn 0.000000 -2.540000 0.000000
vn 0.000000 -2.540000 0.000000
vn 0.000000 -2.540000 0.000000
vn 0.000000 -2.540000 0.000000
vn 0.000000 -2.540000 0.000000
vn 0.000000 -2.540000 0.000000
vn 0.000000 -2.540000 0.000000
vn 0.000000 -2.540000 0.000000
vn 0.000000 -2.540000 0.000000
vn 0.000000 -2.540000 0.000000
vn 0.000000 -2.540000 0.000000
vn 0.000000 -2.540000 0.000000
vn 0.000000 -2.540000 0.000000
vn 0.000000 -2.540000 0.000000
vn 0.000000 -2.540000 0.000000
vn 0.000000 -2.540000 0.000000
vn 0.000000 -2.540000 0.000000
vn 0.000000 0.000000 -2.540000
vn 0.000000 0.972016 -2.346654
vn 0.000000 1.796051 -1.796051
vn 0.000000 2.346654 -0.972016
vn 0.000000 2.540000 0.000000
vn 0.000000 2.540000 0.000000
vn 0.000000 2.540000 0.000000
vn 0.000000 2.540000 0.000000
vn 0.000000 2.540000 0.000000
vn 0.000000 2.540000 0.000000
vn 0.972016 2.346654 0.000000
vn 1.796051 1.796051 0.000000
vn 2.346654 0.972016 0.000000
vn 2.540000 0.000000 0.000000
vn 2.346654 -0.972016 0.000000
vn 1.796051 -1.796051 0.000000
vn 0.972016 -2.346654 0.000000
vn 0.000000 -2.540000 0.000000
vn 0.000000 -2.540000 0.000000
vn 0.000000 -2.540000 0.000000
vn 0.000000 -2.540000 0.000000
vn 0.000000 -2.540000 0.000000
vn 0.000000 -2.540000 0.000000
vn 0.000000 -2.346654 -0.972016
vn 0.000000 -1.796051 -1.796051
vn 0.000000 -0.972016 -2.346654
vn 0.285235 2.288461 -1.064513
vn 0.513976 1.583664 -1.918186
vn 0.640918 0.565203 -2.391938
vn 0.640918 -0.565203 -2.391938
vn 0.513976 -1.583664 -1.918186
vn 0.285235 -2.288461 -1.064513
vn 0.551032 2.288461 -0.954416
vn 0.992926 1.583664 -1.719798
vn 1.238158 0.565203 -2.144553
vn 1.238158 -0.565203 -2.144553
vn 0.992926 -1.583664 -1.719798
vn 0.551032 -2.288461 -0.954416
vn 0.779277 2.288461 -0.779277
vn 1.404209 1.583664 -1.404209
vn 1.751020 0.565203 -1.751020
vn 1.751020 -0.565203 -1.751020
vn 1.404209 -1.583664 -1.404209
vn 0.779277 -2.288461 -0.779277
vn 0.954416 2.288461 -0.551032
vn 1.719798 1.583664 -0.992926
vn 2.144553 0.565203 -1.238158
vn 2.144553 -0.565203 -1.238158
vn 1.719798 -1.583664 -0.992926
vn 0.954416 -2.288461 -0.551032
vn 1.064513 2.288461 -0.285235
vn 1.918186 1.583664 -0.513976
vn 2.391938 0.565203 -0.640918
vn 2.391938 -0.565203 -0.640918
vn 1.918186 -1.583664 -0.513976
vn 1.064513 -2.288461 -0.285235
vn 0.000000 2.540000 0.000000
vn 0.972016 2.346654 0.000000
vn 1.796051 1.796051 0.000000
vn 2.346654 0.972016 0.000000
vn 2.540000 0.000000 0.000000
vn 2.346654 -0.972016 0.000000
vn 1.796051 -1.796051 0.000000
vn 0.972016 -2.346654 0.000000
vn 0.000000 -2.540000 0.000000
vn 0.000000 -2.540000 0.000000
vn 0.972016 -2.346654 0.000000
vn 1.796051 -1.796051 0.000000
vn 2.346654 -0.972016 0.000000
vn 2.540000 0.000000 0.000000
vn 2.346654 0.972016 0.000000
vn 1.796051 1.796051 0.000000
vn 0.972016 2.346654 0.000000
vn 0.000000 2.540000 0.000000
vn 0.000000 2.540000 0.000000
vn 0.000000 2.346654 0.972016
vn 0.000000 1.796051 1.796051
vn 0.000000 0.972016 2.346654
vn 0.000000 0.000000 2.540000
vn 0.000000 -0.972016 2.346654
vn 0.000000 -1.796051 1.796051
vn 0.000000 -2.346654 0.972016
vn 0.000000 -2.540000 0.000000
vn 0.000000 -2.540000 0.000000
vn 0.000000 -2.540000 0.000000
vn 0.000000 -2.540000 0.000000
vn 0.000000 -2.540000 0.000000
vn 0.000000 -2.540000 0.000000
vn 0.972016 -2.346654 0.000000
vn 1.796051 -1.796051 0.000000
vn 2.346654 -0.972016 0.000000
vn 2.540000 0.000000 0.000000
vn 2.346654 0.972016 0.000000
vn 1.796051 1.796051 0.000000
vn 0.972016 2.346654 0.000000
vn 0.000000 2.540000 0.000000
vn 0.000000 2.540000 0.000000
vn 0.000000 2.540000 0.000000
vn 0.000000 2.540000 0.000000
vn 0.000000 2.540000 0.000000
vn 0.285235 -2.288461 1.064513
vn 0.513976 -1.583664 1.918186
vn 0.640918 -0.565203 2.391938
vn 0.640918 0.565203 2.391938
vn 0.513976 1.583664 1.918186
vn 0.285235 2.288461 1.064513
vn 0.551032 -2.288461 0.954416
vn 0.992926 -1.583664 1.719798
vn 1.238158 -0.565203 2.144553
vn 1.238158 0.565203 2.144553
vn 0.992926 1.583664 1.719798
vn 0.551032 2.288461 0.954416
vn 0.779277 -2.288461 0.779277
vn 1.404209 -1.583664 1.404209
vn 1.751020 -0.565203 1.751020
vn 1.751020 0.565203 1.751020
vn 1.404209 1.583664 1.404209
vn 0.779277 2.288461 0.779277
vn 0.954416 -2.288461 0.551032
vn 1.719798 -1.583664 0.992926
vn 2.144553 -0.565203 1.238158
vn 2.144553 0.565203 1.238158
vn 1.719798 1.583664 0.992926
vn 0.954416 2.288461 0.551032
vn 1.064513 -2.288461 0.285235
vn 1.918186 -1.583664 0.513976
vn 2.391938 -0.565203 0.640918
vn 2.391938 0.565203 0.640918
vn 1.918186 1.583664 0.513976
vn 1.064513 2.288461 0.285235
vn 0.000000 2.540000 0.000000
vn 0.000000 2.540000 0.000000
vn 0.000000 2.540000 0.000000
vn 0.000000 2.540000 0.000000
vn 0.000000 2.540000 0.000000
vn 0.000000 2.540000 0.000000
vn 0.000000 2.540000 0.000000
vn 0.000000 2.540000 0.000000
vn 0.000000 2.540000 0.000000
vn 0.000000 2.540000 0.000000
vn 0.000000 2.540000 0.000000
vn 0.000000 2.540000 0.000000
vn 0.000000 2.540000 0.000000
vn -0.972016 2.346654 0.000000
vn -1.796051 1.796051 0.000000
vn -2.346654 0.972016 0.000000
vn -2.540000 0.000000 0.000000
vn -2.346654 -0.972016 0.000000
vn -1.796051 -1.796051 0.000000
vn -0.972016 -2.346654 0.000000
vn 0.000000 -2.540000 0.000000
vn 0.000000 -2.540000 0.000000
vn 0.000000 -2.540000 0.000000
vn 0.000000 -2.540000 0.000000
vn 0.000000 -2.540000 0.000000
vn 0.000000 -2.540000 0.000000
vn 0.000000 -2.346654 0.972016
vn 0.000000 -1.796051 1.796051
vn 0.000000 -0.972016 2.346654
vn 0.000000 0.000000 2.540000
vn 0.000000 0.972016 2.346654
vn 0.000000 1.796051 1.796051
vn 0.000000 2.346654 0.972016
vn 0.000000 2.540000 0.000000
vn 0.000000 2.540000 0.000000
vn 0.000000 2.540000 0.000000
vn 0.000000 2.540000 0.000000
vn 0.000000 2.540000 0.000000
vn -1.064513 -2.288461 0.285235
vn -1.918186 -1.583664 0.513976
vn -2.391938 -0.565203 0.640918
vn -2.391938 0.565203 0.640918
vn -1.918186 1.583664 0.513976
vn -1.064513 2.288461 0.285235
vn -0.954416 -2.288461 0.551032
vn -1.719798 -1.583664 0.992926
vn -2.144553 -0.565203 1.238158
vn -2.144553 0.565203 1.238158
vn -1.719798 1.583664 0.992926
vn -0.954416 2.288461 0.551032
vn -0.779277 -2.288461 0.779277
vn -1.404209 -1.583664 1.404209
vn -1.751020 -0.565203 1.751020
vn -1.751020 0.565203 1.751020
vn -1.404209 1.583664 1.404209
vn -0.779277 2.288461 0.779277
vn -0.551032 -2.288461 0.954416
vn -0.992926 -1.583664 1.719798
vn -1.238158 -0.565203 2.144553
vn -1.238158 0.565203 2.144553
vn -0.992926 1.583664 1.719798
vn -0.551032 2.288461 0.954416
vn -0.285235 -2.288461 1.064513
vn -0.513976 -1.583664 1.918186
vn -0.640918 -0.565203 2.391938
vn -0.640918 0.565203 2.391938
vn -0.513976 1.583664 1.918186
vn -0.285235 2.288461 1.064513
vn 0.000000 2.540000 0.000000
vn -0.972016 2.346654 0.000000
vn -1.796051 1.796051 0.000000
vn -2.346654 0.972016 0.000000
vn -2.540000 0.000000 0.000000
vn -2.346654 -0.972016 0.000000
vn -1.796051 -1.796051 0.000000
vn -0.972016 -2.346654 0.000000
vn 0.000000 -2.540000 0.000000
vn 0.000000 -2.540000 0.000000
vn -0.972016 -2.346654 0.000000
vn -1.796051 -1.796051 0.000000
vn -2.346654 -0.972016 0.000000
vn -2.540000 0.000000 0.000000
vn -2.346654 0.972016 0.000000
vn -1.796051 1.796051 0.000000
vn -0.972016 2.346654 0.000000
vn 0.000000 2.540000 0.000000
vn 0.000000 2.540000 0.000000
vn 0.000000 2.346654 -0.972016
vn 0.000000 1.796051 -1.796051
vn 0.000000 0.972016 -2.346654
vn 0.000000 0.000000 -2.540000
vn 0.000000 -0.972016 -2.346654
vn 0.000000 -1.796051 -1.796051
vn 0.000000 -2.346654 -0.972016
vn 0.000000 -2.540000 0.000000
vn 0.000000 -2.540000 0.000000
vn 0.000000 -2.540000 0.000000
vn 0.000000 -2.540000 0.000000
vn 0.000000 -2.540000 0.000000
vn 0.000000 -2.540000 0.000000
vn -0.972016 -2.346654 0.000000
vn -1.796051 -1.796051 0.000000
vn -2.346654 -0.972016 0.000000
vn -2.540000 0.000000 0.000000
vn -2.346654 0.972016 0.000000
vn -1.796051 1.796051 0.000000
vn -0.972016 2.346654 0.000000
vn 0.000000 2.540000 0.000000
vn 0.000000 2.540000 0.000000
vn 0.000000 2.540000 0.000000
vn 0.000000 2.540000 0.000000
vn 0.000000 2.540000 0.000000
vn -0.285235 -2.288461 -1.064513
vn -0.513976 -1.583664 -1.918186
vn -0.640918 -0.565203 -2.391938
vn -0.640918 0.565203 -2.391938
vn -0.513976 1.583664 -1.918186
vn -0.285235 2.288461 -1.064513
vn -0.551032 -2.288461 -0.954416
vn -0.992926 -1.583664 -1.719798
vn -1.238158 -0.565203 -2.144553
vn -1.238158 0.565203 -2.144553
vn -0.992926 1.583664 -1.719798
vn -0.551032 2.288461 -0.954416
vn -0.779277 -2.288461 -0.779277
vn -1.404209 -1.583664 -1.404209
vn -1.751020 -0.565203 -1.751020
vn -1.751020 0.565203 -1.751020
vn -1.404209 1.583664 -1.404209
vn -0.779277 2.288461 -0.779277
vn -0.954416 -2.288461 -0.551032
vn -1.719798 -1.583664 -0.992926
vn -2.144553 -0.565203 -1.238158
vn -2.144553 0.565203 -1.238158
vn -1.719798 1.583664 -0.992926
vn -0.954416 2.288461 -0.551032
vn -1.064513 -2.288461 -0.285235
vn -1.918186 -1.583664 -0.513976
vn -2.391938 -0.565203 -0.640918
vn -2.391938 0.565203 -0.640918
vn -1.918186 1.583664 -0.513976
vn -1.064513 2.288461 -0.285235
vn 0.000000 2.540000 0.000000
vn 0.000000 2.540000 0.000000
vn 0.000000 2.540000 0.000000
vn 0.000000 2.540000 0.000000
vn 0.000000 2.540000 0.000000
vn 0.000000 2.540000 0.000000
vn 0.000000 2.540000 0.000000
vn 0.000000 2.540000 0.000000
vn 0.000000 2.540000 0.000000
vn 0.000000 2.540000 0.000000
vn 0.000000 2.540000 0.000000
vn 0.000000 2.540000 0.000000
vn 2.540000 0.000000 0.000000
vn 2.540000 0.000000 0.000000
vn 2.540000 0.000000 0.000000
vn 2.540000 0.000000 0.000000
vn 2.540000 0.000000 0.000000
vn 2.540000 0.000000 0.000000
vn 2.540000 0.000000 0.000000
vn 2.540000 0.000000 0.000000
vn 2.540000 0.000000 0.000000
vn 2.540000 0.000000 0.000000
vn 2.540000 0.000000 0.000000
vn 2.540000 0.000000 0.000000
vn 2.540000 0.000000 0.000000
vn 2.540000 0.000000 0.000000
vn 2.540000 0.000000 0.000000
vn 2.540000 0.000000 0.000000
vn 2.540000 0.000000 0.000000
vn 2.540000 0.000000 0.000000
vn 2.540000 0.000000 0.000000
vn 2.540000 0.000000 0.000000
vn 2.540000 0.000000 0.000000
vn 2.540000 0.000000 0.000000
vn 2.540000 0.000000 0.000000
vn 2.540000 0.000000 0.000000
vn 0.000000 2.540000 0.000000
vn 0.000000 2.540000 0.000000
vn 0.000000 2.540000 0.000000
vn 0.000000 2.540000 0.000000
vn 0.000000 2.540000 0.000000
vn 0.000000 2.540000 0.000000
vn 0.000000 2.540000 0.000000
vn 0.000000 2.540000 0.000000
vn 0.000000 2.540000 0.000000
vn 0.000000 2.540000 0.000000
vn 0.000000 2.540000 0.000000
vn 0.000000 2.540000 0.000000
vn 0.000000 2.540000 0.000000
vn 0.000000 2.540000 0.000000
vn 0.000000 2.540000 0.000000
vn 0.000000 2.540000 0.000000
vn 0.000000 2.540000 0.000000
vn 0.000000 2.540000 0.000000
vn 0.000000 2.540000 0.000000
vn 0.000000 2.540000 0.000000
vn 0.000000 2.540000 0.000000
vn 0.000000 2.540000 0.000000
vn 0.000000 2.540000 0.000000
vn 0.000000 2.540000 0.000000
vn 0.000000 2.540000 0.000000
vn 0.000000 2.540000 0.000000
vn 0.000000 2.540000 0.000000
vn 0.000000 2.540000 0.000000
vn 0.000000 2.540000 0.000000
vn 0.000000 2.540000 0.000000
vn 0.000000 2.540000 0.000000
vn 0.000000 2.540000 0.000000
vn 0.000000 2.540000 0.000000
vn 0.000000 2.540000 0.000000
vn 0.000000 2.540000 0.000000
vn 0.000000 2.540000 0.000000
vn 0.000000 2.540000 0.000000
vn 0.000000 2.540000 0.000000
vn 0.000000 2.540000 0.000000
vn 0.000000 2.540000 0.000000
vn 0.000000 2.540000 0.000000
vn 0.000000 2.540000 0.000000
vn 0.000000 2.540000 0.000000
vn 0.000000 2.540000 0.000000
vn 0.000000 2.540000 0.000000
vn 0.000000 2.540000 0.000000
vn 0.000000 2.540000 0.000000
vn 0.000000 2.540000 0.000000
vn 0.000000 2.540000 0.000000
vn 0.000000 2.540000 0.000000
vn 0.000000 2.540000 0.000000
vn 0.000000 2.540000 0.000000
vn 0.000000 2.540000 0.000000
vn 0.000000 2.540000 0.000000
vn 0.000000 2.540000 0.000000
vn 0.000000 2.540000 0.000000
vn 0.000000 2.540000 0.000000
vn 0.000000 2.540000 0.000000
vn 0.000000 2.540000 0.000000
vn 0.000000 2.540000 0.000000
vn 0.000000 2.540000 0.000000
vn 0.000000 2.540000 0.000000
vn 0.000000 2.540000 0.000000
vn 0.000000 2.540000 0.000000
vn 0.000000 2.540000 0.000000
vn 0.000000 2.540000 0.000000
vn 0.000000 2.540000 0.000000
vn 0.000000 2.540000 0.000000
vn 0.000000 2.540000 0.000000
vn 0.000000 2.540000 0.000000
vn 0.000000 2.540000 0.000000
vn 0.000000 2.540000 0.000000
vn 0.000000 2.540000 0.000000
vn 0.000000 2.540000 0.000000
vn 0.000000 2.540000 0.000000
vn 0.000000 2.540000 0.000000
vn 0.000000 2.540000 0.000000
vn 0.000000 2.540000 0.000000
vn 0.000000 2.540000 0.000000
vn 0.000000 2.540000 0.000000
vn 0.000000 2.540000 0.000000
vn 0.000000 2.540000 0.000000
vn 0.000000 2.540000 0.000000
vn 0.000000 2.540000 0.000000
vn 0.000000 2.540000 0.000000
vn 0.000000 2.540000 0.000000
vn 0.000000 2.540000 0.000000
vn 0.000000 2.540000 0.000000
vn 0.000000 2.540000 0.000000
vn 0.000000 2.540000 0.000000
vn 0.000000 2.540000 0.000000
vn 0.000000 2.540000 0.000000
vn 0.000000 2.540000 0.000000
vn 0.000000 2.540000 0.000000
vn 0.000000 2.540000 0.000000
vn 0.000000 2.540000 0.000000
vn 0.000000 2.540000 0.000000
vn 0.000000 2.540000 0.000000
vn 0.000000 2.540000 0.000000
vn 0.000000 2.540000 0.000000
vn 0.000000 2.540000 0.000000
vn 0.000000 2.540000 0.000000
vn 0.000000 2.540000 0.000000
vn 0.000000 2.540000 0.000000
vn 0.000000 2.540000 0.000000
vn 0.000000 2.540000 0.000000
vn 0.000000 2.540000 0.000000
vn 0.000000 2.540000 0.000000
vn 0.000000 2.540000 0.000000
vn 0.000000 2.540000 0.000000
vn 0.000000 2.540000 0.000000
vn 0.000000 2.540000 0.000000
vn 0.000000 2.540000 0.000000
vn 0.000000 2.540000 0.000000
vn 0.000000 2.540000 0.000000
vn 0.000000 2.540000 0.000000
vn 0.000000 2.540000 0.000000
vn 0.000000 2.540000 0.000000
vn 0.000000 2.540000 0.000000
vn 0.000000 2.540000 0.000000
vn 0.000000 2.540000 0.000000
vn 0.000000 2.540000 0.000000
vn 0.000000 2.540000 0.000000
vn 0.000000 2.540000 0.000000
vn 0.000000 2.540000 0.000000
vn 0.000000 2.540000 0.000000
vn 0.000000 2.540000 0.000000
vn 0.000000 2.540000 0.000000
vn 0.000000 2.540000 0.000000
vn 0.000000 2.540000 0.000000
vn 0.000000 2.540000 0.000000
vn 0.000000 2.540000 0.000000
vn 0.000000 2.540000 0.000000
vn 0.000000 2.540000 0.000000
vn 0.000000 2.540000 0.000000
vn 0.000000 2.540000 0.000000
vn 0.000000 2.540000 0.000000
vn 0.000000 2.540000 0.000000
vn 0.000000 2.540000 0.000000
vn 0.000000 2.540000 0.000000
vn 0.000000 2.540000 0.000000
vn 0.000000 2.540000 0.000000
vn 0.000000 2.540000 0.000000
vn 0.000000 2.540000 0.000000
vn 0.000000 2.540000 0.000000
vn 0.000000 2.540000 0.000000
vn 0.000000 2.540000 0.000000
vn 0.000000 2.540000 0.000000
vn 0.000000 2.540000 0.000000
vn 0.000000 2.540000 0.000000
vn 0.000000 2.540000 0.000000
vn 0.000000 2.540000 0.000000
vn 0.000000 2.540000 0.000000
vn 0.000000 2.540000 0.000000
vn 0.000000 2.540000 0.000000
vn 0.000000 2.540000 0.000000
vn 0.000000 2.540000 0.000000
vn 0.000000 2.540000 0.000000
vn 0.000000 2.540000 0.000000
vn 0.000000 2.540000 0.000000
vn 0.000000 2.540000 0.000000
vn 0.000000 2.540000 0.000000
vn 0.000000 2.540000 0.000000
vn 0.000000 2.540000 0.000000
vn 0.000000 2.540000 0.000000
vn 0.000000 2.540000 0.000000
vn 0.000000 2.540000 0.000000
vn 0.000000 2.540000 0.000000
vn 0.000000 2.540000 0.000000
vn 0.000000 2.540000 0.000000
vn 0.000000 2.540000 0.000000
vn 0.000000 2.540000 0.000000
vn 0.000000 2.540000 0.000000
vn 0.000000 2.540000 0.000000
vn 0.000000 2.540000 0.000000
vn 0.000000 2.540000 0.000000
vn 0.000000 2.540000 0.000000
vn 0.000000 2.540000 0.000000
vn 0.000000 2.540000 0.000000
vn 0.000000 2.540000 0.000000
vn 0.000000 2.540000 0.000000
vn 0.000000 2.540000 0.000000
vn 0.000000 2.540000 0.000000
vn 0.000000 2.540000 0.000000
vn 0.000000 2.540000 0.000000
vn 0.000000 2.540000 0.000000
vn 0.000000 2.540000 0.000000
vn 0.000000 2.540000 0.000000
vn 0.000000 2.540000 0.000000
vn 0.000000 2.540000 0.000000
vn 0.000000 2.540000 0.000000
vn 0.000000 2.540000 0.000000
vn 0.000000 2.540000 0.000000
vn 0.000000 2.540000 0.000000
vn 0.000000 2.540000 0.000000
vn 0.000000 2.540000 0.000000
vn 0.000000 2.540000 0.000000
vn 0.000000 2.540000 0.000000
vn 0.000000 2.540000 0.000000
vn 0.000000 2.540000 0.000000
vn 0.000000 2.540000 0.000000
vn 0.000000 2.540000 0.000000
vn 0.000000 2.540000 0.000000
vn 0.000000 2.540000 0.000000
vn 0.000000 2.540000 0.000000
vn 0.000000 2.540000 0.000000
vn 0.000000 2.540000 0.000000
vn 0.000000 2.540000 0.000000
vn 0.000000 2.540000 0.000000
vn 0.000000 2.540000 0.000000
vn 0.000000 2.540000 0.000000
vn 0.000000 2.540000 0.000000
vn 0.000000 2.540000 0.000000
vn 0.000000 2.540000 0.000000
vn 0.000000 2.540000 0.000000
vn 0.000000 2.540000 0.000000
vn 0.000000 2.540000 0.000000
vn 0.000000 2.540000 0.000000
vn 0.000000 2.540000 0.000000
vn 0.000000 2.540000 0.000000
vn 0.000000 2.540000 0.000000
vn 0.000000 2.540000 0.000000
vn 0.000000 2.540000 0.000000
vn 0.000000 2.540000 0.000000
vn 0.000000 2.540000 0.000000
vn 0.000000 2.540000 0.000000
vn 0.000000 2.540000 0.000000
vn 0.000000 2.540000 0.000000
vn -1.269968 0.000000 2.199723
vn -1.269968 0.000000 2.199723
vn -1.269968 0.000000 2.199723
vn -1.269968 0.000000 2.199723
vn 1.270021 0.000000 2.199692
vn 1.270021 0.000000 2.199692
vn 1.270021 0.000000 2.199692
vn 1.270021 0.000000 2.199692
vn 1.259740 0.000000 2.205596
vn 1.259740 0.000000 2.205596
vn 1.538028 0.000000 2.021403
vn 1.789766 0.000000 1.802315
vn 2.010608 0.000000 1.552114
vn 2.196741 0.000000 1.275120
vn 2.344953 0.000000 0.976113
vn 2.452684 0.000000 0.660257
vn 2.518077 0.000000 0.333003
vn 2.540000 0.000000 0.000000
vn 2.540000 0.000000 0.000000
vn 2.540000 0.000000 0.000000
vn 2.518077 0.000000 0.333003
vn 2.452684 0.000000 0.660257
vn 2.344953 0.000000 0.976113
vn 2.196741 0.000000 1.275120
vn 2.010608 0.000000 1.552114
vn 1.789766 0.000000 1.802315
vn 1.538028 0.000000 2.021403
vn 2.540000 0.000000 0.000000
vn 2.540000 0.000000 0.000000
vn 2.518171 0.000000 -0.332286
vn 2.453060 0.000000 -0.658860
vn 2.345786 0.000000 -0.974110
vn 2.198192 0.000000 -1.272617
vn 2.012815 0.000000 -1.549250
vn 1.792843 0.000000 -1.799254
vn 1.542054 0.000000 -2.018333
vn 1.264761 0.000000 -2.202721
vn 1.264761 0.000000 -2.202721
vn 1.542054 0.000000 -2.018333
vn 1.792843 0.000000 -1.799254
vn 2.012815 0.000000 -1.549250
vn 2.198192 0.000000 -1.272617
vn 2.345786 0.000000 -0.974110
vn 2.453060 0.000000 -0.658860
vn 2.518171 0.000000 -0.332286
vn 2.540000 0.000000 0.000000
vn 1.269984 0.000000 -2.199714
vn 1.269984 0.000000 -2.199714
vn 1.269984 0.000000 -2.199714
vn 1.269984 0.000000 -2.199714
vn 1.280245 0.000000 -2.193758
vn 1.280245 0.000000 -2.193758
vn 0.961743 0.000000 -2.350883
vn 0.624438 0.000000 -2.462047
vn 0.274926 0.000000 -2.525077
vn -0.079962 0.000000 -2.538741
vn -0.433287 0.000000 -2.502771
vn -0.778140 0.000000 -2.417871
vn -1.107781 0.000000 -2.285699
vn -1.415763 0.000000 -2.108842
vn -1.696067 0.000000 -1.890755
vn -1.943212 0.000000 -1.635704
vn -2.152367 0.000000 -1.348673
vn -2.319441 0.000000 -1.035275
vn -2.441169 0.000000 -0.701637
vn -2.515171 0.000000 -0.354282
vn -2.540000 0.000000 0.000000
vn -2.540000 0.000000 0.000000
vn -2.515171 0.000000 -0.354282
vn -2.441169 0.000000 -0.701637
vn -2.319441 0.000000 -1.035275
vn -2.152367 0.000000 -1.348673
vn -1.943212 0.000000 -1.635704
vn -1.696067 0.000000 -1.890755
vn -1.415763 0.000000 -2.108842
vn -1.107781 0.000000 -2.285699
vn -0.778140 0.000000 -2.417871
vn -0.433287 0.000000 -2.502771
vn -0.079962 0.000000 -2.538741
vn 0.274926 0.000000 -2.525077
vn 0.624438 0.000000 -2.462047
vn 0.961743 0.000000 -2.350883
vn -2.540000 0.000000 0.000000
vn -2.540000 0.000000 0.000000
vn -2.540000 0.000000 0.000000
vn -2.540000 0.000000 0.000000
vn -2.540000 0.000000 0.000000
vn -2.540000 0.000000 0.000000
vn -2.540000 0.000000 0.000000
vn -2.540000 0.000000 0.000000
vn -2.540000 0.000000 0.000000
vn -2.540000 0.000000 0.000000
vn -2.540000 0.000000 0.000000
vn -2.540000 0.000000 0.000000
vn -2.540000 0.000000 0.000000
vn -2.540000 0.000000 0.000000
vn -2.540000 0.000000 0.000000
vn -2.540000 0.000000 0.000000
vn -2.540000 0.000000 0.000000
vn -2.540000 0.000000 0.000000
vn -2.540000 0.000000 0.000000
vn -2.540000 0.000000 0.000000
vn -2.540000 0.000000 0.000000
vn -2.540000 0.000000 0.000000
vn -2.540000 0.000000 -0.000254
vn -2.540000 0.000000 -0.000254
vn -2.515314 0.000000 0.353266
vn -2.441664 0.000000 0.699910
vn -2.320486 0.000000 1.032930
vn -2.154138 0.000000 1.345842
vn -1.945857 0.000000 1.632557
vn -1.699698 0.000000 1.887492
vn -1.420453 0.000000 2.105686
vn -1.113558 0.000000 2.282891
vn -0.784986 0.000000 2.415657
vn -0.441134 0.000000 2.501400
vn -0.088695 0.000000 2.538451
vn 0.265471 0.000000 2.526089
vn 0.614469 0.000000 2.464554
vn 0.951506 0.000000 2.355045
vn 1.270021 0.000000 2.199692
vn 1.270021 0.000000 2.199692
vn 0.951506 0.000000 2.355045
vn 0.614469 0.000000 2.464554
vn 0.265471 0.000000 2.526089
vn -0.088695 0.000000 2.538451
vn -0.441134 0.000000 2.501400
vn -0.784986 0.000000 2.415657
vn -1.113558 0.000000 2.282891
vn -1.420453 0.000000 2.105686
vn -1.699698 0.000000 1.887492
vn -1.945857 0.000000 1.632557
vn -2.154138 0.000000 1.345842
vn -2.320486 0.000000 1.032930
vn -2.441664 0.000000 0.699910
vn -2.515314 0.000000 0.353266
usemtl 191,191,191
f 1085/2/2 1089/3/3 982/1/1
f 982/1/1 1089/3/3 980/12/12
f 980/12/12 1089/3/3 1097/4/4
f 980/12/12 1097/4/4 974/11/11
f 974/11/11 1097/4/4 1117/5/5
f 974/11/11 1117/5/5 972/10/10
f 972/10/10 1117/5/5 1141/6/6
f 972/10/10 1141/6/6 968/9/9
f 968/9/9 1141/6/6 966/8/8
f 966/8/8 1141/6/6 1143/7/7
f 966/13/13 952/14/14 968/68/68
f 968/68/68 952/14/14 972/67/67
f 972/67/67 952/14/14 970/71/71
f 972/67/67 970/71/71 974/66/66
f 974/66/66 970/71/71 944/73/73
f 974/66/66 944/73/73 954/74/74
f 954/74/74 944/73/73 936/76/76
f 954/74/74 936/76/76 948/63/63
f 948/63/63 936/76/76 924/62/62
f 924/62/62 936/76/76 914/78/78
f 924/62/62 914/78/78 904/61/61
f 904/61/61 914/78/78 892/80/80
f 904/61/61 892/80/80 884/60/60
f 884/60/60 892/80/80 872/82/82
f 884/60/60 872/82/82 864/59/59
f 864/59/59 872/82/82 852/84/84
f 864/59/59 852/84/84 842/58/58
f 842/58/58 852/84/84 832/87/87
f 842/58/58 832/87/87 818/57/57
f 818/57/57 832/87/87 806/86/86
f 818/57/57 806/86/86 792/56/56
f 792/56/56 806/86/86 790/90/90
f 792/56/56 790/90/90 780/55/55
f 780/55/55 790/90/90 788/92/92
f 780/55/55 788/92/92 784/54/54
f 784/54/54 788/92/92 796/94/94
f 784/54/54 796/94/94 798/53/53
f 798/53/53 796/94/94 814/96/96
f 798/53/53 814/96/96 822/52/52
f 822/52/52 814/96/96 836/98/98
f 822/52/52 836/98/98 848/51/51
f 848/51/51 836/98/98 860/100/100
f 848/51/51 860/100/100 868/50/50
f 868/50/50 860/100/100 880/102/102
f 868/50/50 880/102/102 888/49/49
f 888/49/49 880/102/102 902/116/116
f 888/49/49 902/117/117 908/48/48
f 908/118/118 902/70/70 922/104/104
f 908/119/119 922/104/104 930/47/47
f 930/47/47 922/104/104 942/106/106
f 930/47/47 942/106/106 956/46/46
f 956/46/46 942/106/106 962/108/108
f 956/46/46 962/108/108 987/45/45
f 987/45/45 962/108/108 998/110/110
f 987/45/45 998/110/110 1009/44/44
f 1009/44/44 998/110/110 1017/111/111
f 1009/44/44 1017/111/111 1031/43/43
f 1031/43/43 1017/111/111 1029/114/114
f 1031/43/43 1029/114/114 1037/42/42
f 1037/42/42 1029/114/114 1023/113/113
f 1037/42/42 1023/113/113 1019/41/41
f 1019/41/41 1023/113/113 1015/40/40
f 1015/40/40 1023/113/113 1004/39/39
f 1004/39/39 1023/113/113 1007/112/112
f 1004/39/39 1007/112/112 994/38/38
f 994/38/38 1007/112/112 996/35/35
f 994/38/38 996/35/35 978/37/37
f 978/37/37 996/35/35 976/36/36
f 970/71/71 952/14/14 944/73/73
f 944/73/73 952/14/14 938/15/15
f 944/73/73 938/15/15 928/75/75
f 928/75/75 938/15/15 918/16/16
f 928/75/75 918/16/16 912/77/77
f 912/77/77 918/16/16 898/17/17
f 912/77/77 898/17/17 894/79/79
f 894/79/79 898/17/17 878/18/18
f 894/79/79 878/18/18 874/81/81
f 874/81/81 878/18/18 858/19/19
f 874/81/81 858/19/19 854/83/83
f 854/83/83 858/19/19 840/20/20
f 854/83/83 840/20/20 834/88/88
f 834/88/88 840/20/20 810/85/85
f 834/88/88 810/85/85 806/86/86
f 806/86/86 810/85/85 790/90/90
f 840/20/20 830/21/21 810/85/85
f 810/85/85 830/21/21 804/89/89
f 810/85/85 804/89/89 790/90/90
f 790/90/90 804/89/89 788/92/92
f 830/21/21 816/22/22 804/89/89
f 804/89/89 816/22/22 802/91/91
f 804/89/89 802/91/91 788/92/92
f 788/92/92 802/91/91 796/94/94
f 816/22/22 812/23/23 802/91/91
f 802/91/91 812/23/23 808/93/93
f 802/91/91 808/93/93 796/94/94
f 796/94/94 808/93/93 814/96/96
f 812/23/23 828/24/24 808/93/93
f 808/93/93 828/24/24 826/95/95
f 808/93/93 826/95/95 814/96/96
f 814/96/96 826/95/95 836/98/98
f 828/24/24 838/25/25 826/95/95
f 826/95/95 838/25/25 846/97/97
f 826/95/95 846/97/97 836/98/98
f 836/98/98 846/97/97 860/100/100
f 838/25/25 856/26/26 846/97/97
f 846/97/97 856/26/26 862/99/99
f 846/97/97 862/99/99 860/100/100
f 860/100/100 862/99/99 880/102/102
f 856/26/26 876/27/27 862/99/99
f 862/99/99 876/27/27 882/101/101
f 862/99/99 882/101/101 880/102/102
f 880/102/102 882/101/101 902/120/120
f 876/27/27 896/121/121 882/101/101
f 882/101/101 896/122/122 900/69/69
f 882/101/101 900/69/69 902/123/123
f 902/70/70 900/124/124 922/104/104
f 896/28/28 916/29/29 900/125/125
f 900/126/126 916/29/29 920/103/103
f 900/127/127 920/103/103 922/104/104
f 922/104/104 920/103/103 942/106/106
f 916/29/29 934/30/30 920/103/103
f 920/103/103 934/30/30 940/105/105
f 920/103/103 940/105/105 942/106/106
f 942/106/106 940/105/105 962/108/108
f 934/30/30 946/31/31 940/105/105
f 940/105/105 946/31/31 960/107/107
f 940/105/105 960/107/107 962/108/108
f 962/108/108 960/107/107 998/110/110
f 946/31/31 964/32/32 960/107/107
f 960/107/107 964/32/32 991/109/109
f 960/107/107 991/109/109 998/110/110
f 998/110/110 991/109/109 1017/111/111
f 964/32/32 992/33/33 991/109/109
f 991/109/109 992/33/33 1002/72/72
f 991/109/109 1002/72/72 1017/111/111
f 1017/111/111 1002/72/72 1029/114/114
f 992/33/33 1000/34/34 1002/72/72
f 1002/72/72 1000/34/34 1013/115/115
f 1002/72/72 1013/115/115 1029/114/114
f 1029/114/114 1013/115/115 1023/113/113
f 1013/115/115 1000/34/34 1007/112/112
f 1007/112/112 1000/34/34 996/35/35
f 948/63/63 982/64/64 954/74/74
f 954/74/74 982/64/64 980/65/65
f 954/74/74 980/65/65 974/66/66
f 914/78/78 936/76/76 928/75/75
f 928/75/75 936/76/76 944/73/73
f 892/80/80 914/78/78 912/77/77
f 912/77/77 914/78/78 928/75/75
f 872/82/82 892/80/80 894/79/79
f 894/79/79 892/80/80 912/77/77
f 852/84/84 872/82/82 874/81/81
f 874/81/81 872/82/82 894/79/79
f 832/87/87 852/84/84 854/83/83
f 854/83/83 852/84/84 874/81/81
f 854/83/83 834/88/88 832/87/87
f 832/87/87 834/88/88 806/86/86
f 1007/112/112 1023/113/113 1013/115/115
f 1151/129/129 1149/130/130 976/128/128
f 976/128/128 1149/130/130 978/139/139
f 978/139/139 1149/130/130 994/138/138
f 994/138/138 1149/130/130 1134/131/131
f 994/138/138 1134/131/131 1004/137/137
f 1004/137/137 1134/131/131 1126/132/132
f 1004/137/137 1126/132/132 1015/136/136
f 1015/136/136 1126/132/132 1119/133/133
f 1015/136/136 1119/133/133 1019/135/135
f 1019/135/135 1119/133/133 1111/134/134
f 745/140/140 662/141/141 746/170/170
f 746/170/170 662/141/141 655/169/169
f 655/169/169 662/141/141 600/142/142
f 655/169/169 600/142/142 588/168/168
f 588/168/168 600/142/142 542/143/143
f 588/168/168 542/143/143 530/167/167
f 530/167/167 542/143/143 492/144/144
f 530/167/167 492/144/144 469/166/166
f 469/166/166 492/144/144 433/145/145
f 469/166/166 433/145/145 398/165/165
f 398/165/165 433/145/145 359/146/146
f 398/165/165 359/146/146 361/147/147
f 398/165/165 361/147/147 287/164/164
f 287/164/164 361/147/147 306/148/148
f 287/164/164 306/148/148 270/149/149
f 270/149/149 264/150/150 287/164/164
f 287/164/164 264/150/150 243/163/163
f 243/163/163 264/150/150 262/151/151
f 243/163/163 262/151/151 234/152/152
f 243/163/163 234/152/152 227/162/162
f 227/162/162 234/152/152 224/153/153
f 227/162/162 224/153/153 213/161/161
f 213/161/161 224/153/153 208/154/154
f 213/161/161 208/154/154 201/160/160
f 201/160/160 208/154/154 198/155/155
f 201/160/160 198/155/155 191/159/159
f 191/159/159 198/155/155 190/156/156
f 191/159/159 190/156/156 186/158/158
f 186/158/158 190/156/156 182/157/157
f 1025/171/171 1049/172/172 1027/189/189
f 1027/189/189 1049/172/172 1053/188/188
f 1053/188/188 1049/172/172 1061/173/173
f 1053/188/188 1061/173/173 1069/187/187
f 1069/187/187 1061/173/173 1075/174/174
f 1069/187/187 1075/174/174 1076/175/175
f 1069/187/187 1076/175/175 1091/186/186
f 1091/186/186 1076/175/175 1087/176/176
f 1091/186/186 1087/176/176 1095/177/177
f 1095/177/177 1102/178/178 1091/186/186
f 1091/186/186 1102/178/178 1113/185/185
f 1113/185/185 1102/178/178 1101/179/179
f 1113/185/185 1101/179/179 1121/180/180
f 1113/185/185 1121/180/180 1129/184/184
f 1129/184/184 1121/180/180 1131/181/181
f 1129/184/184 1131/181/181 1137/183/183
f 1137/183/183 1131/181/181 1135/182/182
f 1136/190/190 1132/191/191 1138/208/208
f 1138/208/208 1132/191/191 1130/207/207
f 1130/207/207 1132/191/191 1122/192/192
f 1130/207/207 1122/192/192 1114/206/206
f 1114/206/206 1122/192/192 1103/193/193
f 1114/206/206 1103/193/193 1104/194/194
f 1114/206/206 1104/194/194 1092/205/205
f 1092/205/205 1104/194/194 1096/195/195
f 1092/205/205 1096/195/195 1088/196/196
f 1088/196/196 1078/197/197 1092/205/205
f 1092/205/205 1078/197/197 1070/204/204
f 1070/204/204 1078/197/197 1077/198/198
f 1070/204/204 1077/198/198 1062/199/199
f 1070/204/204 1062/199/199 1054/203/203
f 1054/203/203 1062/199/199 1050/200/200
f 1054/203/203 1050/200/200 1028/202/202
f 1028/202/202 1050/200/200 1026/201/201
f 257/210/210 250/211/211 399/209/209
f 399/209/209 250/211/211 404/220/220
f 404/220/220 250/211/211 248/212/212
f 404/220/220 248/212/212 411/219/219
f 411/219/219 248/212/212 251/213/213
f 411/219/219 251/213/213 429/218/218
f 429/218/218 251/213/213 253/214/214
f 429/218/218 253/214/214 443/217/217
f 443/217/217 253/214/214 445/216/216
f 445/216/216 253/214/214 255/215/215
f 445/221/221 409/222/222 443/276/276
f 443/276/276 409/222/222 429/275/275
f 429/275/275 409/222/222 387/282/282
f 429/275/275 387/282/282 411/274/274
f 411/274/274 387/282/282 380/283/283
f 411/274/274 380/283/283 404/273/273
f 404/273/273 380/283/283 399/272/272
f 399/272/272 380/283/283 338/271/271
f 338/271/271 380/283/283 326/285/285
f 338/271/271 326/285/285 294/270/270
f 294/270/270 326/285/285 291/287/287
f 294/270/270 291/287/287 273/269/269
f 273/269/269 291/287/287 285/290/290
f 273/269/269 285/290/290 277/268/268
f 277/268/268 285/290/290 301/289/289
f 277/268/268 301/289/289 311/267/267
f 311/267/267 301/289/289 347/292/292
f 311/267/267 347/292/292 371/266/266
f 371/266/266 347/292/292 395/294/294
f 371/266/266 395/294/294 415/265/265
f 415/265/265 395/294/294 439/296/296
f 415/265/265 439/296/296 463/264/264
f 463/264/264 439/296/296 486/298/298
f 463/264/264 486/298/298 516/263/263
f 516/263/263 486/298/298 534/324/324
f 516/263/263 534/325/325 554/262/262
f 554/326/326 534/278/278 575/300/300
f 554/327/327 575/300/300 598/261/261
f 598/261/261 575/300/300 619/302/302
f 598/261/261 619/302/302 638/260/260
f 638/260/260 619/302/302 658/304/304
f 638/260/260 658/304/304 690/259/259
f 690/259/259 658/304/304 703/306/306
f 690/259/259 703/306/306 729/258/258
f 729/258/258 703/306/306 735/308/308
f 729/258/258 735/308/308 753/257/257
f 753/257/257 735/308/308 747/310/310
f 753/257/257 747/310/310 761/256/256
f 761/256/256 747/310/310 742/312/312
f 761/256/256 742/312/312 738/255/255
f 738/255/255 742/312/312 720/281/281
f 738/255/255 720/281/281 697/254/254
f 697/254/254 720/281/281 674/313/313
f 697/254/254 674/313/313 649/253/253
f 649/253/253 674/313/313 634/316/316
f 649/253/253 634/316/316 606/252/252
f 606/252/252 634/316/316 593/318/318
f 606/252/252 593/318/318 567/251/251
f 567/251/251 593/318/318 549/320/320
f 567/251/251 549/320/320 526/250/250
f 526/250/250 549/320/320 508/322/322
f 526/250/250 508/322/322 482/249/249
f 482/249/249 508/322/322 480/248/248
f 480/248/248 508/322/322 467/247/247
f 467/247/247 508/322/322 511/321/321
f 467/247/247 511/321/321 476/323/323
f 476/323/323 511/321/321 494/243/243
f 476/323/323 494/243/243 457/246/246
f 457/246/246 494/243/243 455/245/245
f 455/245/245 494/243/243 453/244/244
f 409/222/222 382/223/223 387/282/282
f 387/282/282 382/223/223 344/284/284
f 387/282/282 344/284/284 326/285/285
f 326/285/285 344/284/284 291/287/287
f 382/223/223 352/224/224 344/284/284
f 344/284/284 352/224/224 317/286/286
f 344/284/284 317/286/286 291/287/287
f 291/287/287 317/286/286 285/290/290
f 317/286/286 352/224/224 307/279/279
f 307/279/279 352/224/224 342/225/225
f 307/279/279 342/225/225 329/288/288
f 329/288/288 342/225/225 364/226/226
f 329/288/288 364/226/226 366/291/291
f 366/291/291 364/226/226 393/227/227
f 366/291/291 393/227/227 406/293/293
f 406/293/293 393/227/227 427/228/228
f 406/293/293 427/228/228 447/295/295
f 447/295/295 427/228/228 475/229/229
f 447/295/295 475/229/229 489/297/297
f 489/297/297 475/229/229 507/328/328
f 489/297/297 507/329/329 531/277/277
f 531/330/330 507/230/230 544/231/231
f 531/331/331 544/231/231 572/299/299
f 572/299/299 544/231/231 587/232/232
f 572/299/299 587/232/232 610/301/301
f 610/301/301 587/232/232 626/233/233
f 610/301/301 626/233/233 644/303/303
f 644/303/303 626/233/233 657/234/234
f 644/303/303 657/234/234 682/305/305
f 682/305/305 657/234/234 686/235/235
f 682/305/305 686/235/235 715/307/307
f 715/307/307 686/235/235 708/236/236
f 715/307/307 708/236/236 724/309/309
f 724/309/309 708/236/236 701/237/237
f 724/309/309 701/237/237 721/311/311
f 721/311/311 701/237/237 677/238/238
f 721/311/311 677/238/238 712/314/314
f 712/314/314 677/238/238 664/280/280
f 712/314/314 664/280/280 720/281/281
f 720/281/281 664/280/280 674/313/313
f 677/238/238 647/239/239 664/280/280
f 664/280/280 647/239/239 631/315/315
f 664/280/280 631/315/315 634/316/316
f 634/316/316 631/315/315 593/318/318
f 647/239/239 616/240/240 631/315/315
f 631/315/315 616/240/240 589/317/317
f 631/315/315 589/317/317 593/318/318
f 593/318/318 589/317/317 549/320/320
f 616/240/240 578/241/241 589/317/317
f 589/317/317 578/241/241 546/319/319
f 589/317/317 546/319/319 549/320/320
f 549/320/320 546/319/319 508/322/322
f 578/241/241 538/242/242 546/319/319
f 546/319/319 538/242/242 511/321/321
f 546/319/319 511/321/321 508/322/322
f 538/242/242 494/243/243 511/321/321
f 457/246/246 467/247/247 476/323/323
f 531/277/277 534/332/332 489/297/297
f 489/297/297 534/333/333 486/298/298
f 489/297/297 486/298/298 447/295/295
f 447/295/295 486/298/298 439/296/296
f 447/295/295 439/296/296 406/293/293
f 406/293/293 439/296/296 395/294/294
f 406/293/293 395/294/294 366/291/291
f 366/291/291 395/294/294 347/292/292
f 366/291/291 347/292/292 329/288/288
f 329/288/288 347/292/292 301/289/289
f 329/288/288 301/289/289 307/279/279
f 307/279/279 301/289/289 285/290/290
f 307/279/279 285/290/290 317/286/286
f 534/278/278 531/334/334 575/300/300
f 575/300/300 531/335/335 572/299/299
f 575/300/300 572/299/299 619/302/302
f 619/302/302 572/299/299 610/301/301
f 619/302/302 610/301/301 658/304/304
f 658/304/304 610/301/301 644/303/303
f 658/304/304 644/303/303 703/306/306
f 703/306/306 644/303/303 682/305/305
f 703/306/306 682/305/305 735/308/308
f 735/308/308 682/305/305 715/307/307
f 735/308/308 715/307/307 747/310/310
f 747/310/310 715/307/307 724/309/309
f 747/310/310 724/309/309 742/312/312
f 742/312/312 724/309/309 721/311/311
f 742/312/312 721/311/311 712/314/314
f 326/285/285 380/283/283 387/282/282
f 720/281/281 742/312/312 712/314/314
f 634/316/316 674/313/313 664/280/280
f 265/337/337 267/338/338 453/336/336
f 453/336/336 267/338/338 455/347/347
f 455/347/347 267/338/338 457/346/346
f 457/346/346 267/338/338 271/339/339
f 457/346/346 271/339/339 467/345/345
f 467/345/345 271/339/339 300/340/340
f 467/345/345 300/340/340 480/344/344
f 480/344/344 300/340/340 332/341/341
f 480/344/344 332/341/341 482/343/343
f 482/343/343 332/341/341 350/342/342
f 179/348/348 189/349/349 185/378/378
f 185/378/378 189/349/349 192/377/377
f 192/377/377 189/349/349 197/350/350
f 192/377/377 197/350/350 202/376/376
f 202/376/376 197/350/350 207/351/351
f 202/376/376 207/351/351 214/375/375
f 214/375/375 207/351/351 223/352/352
f 214/375/375 223/352/352 228/374/374
f 228/374/374 223/352/352 233/353/353
f 228/374/374 233/353/353 246/373/373
f 246/373/373 233/353/353 261/354/354
f 246/373/373 261/354/354 263/355/355
f 246/373/373 263/355/355 288/372/372
f 288/372/372 263/355/355 269/356/356
f 288/372/372 269/356/356 305/357/357
f 305/357/357 360/358/358 288/372/372
f 288/372/372 360/358/358 403/371/371
f 403/371/371 360/358/358 358/359/359
f 403/371/371 358/359/359 434/360/360
f 403/371/371 434/360/360 479/370/370
f 479/370/370 434/360/360 493/361/361
f 479/370/370 493/361/361 537/369/369
f 537/369/369 493/361/361 545/362/362
f 537/369/369 545/362/362 592/368/368
f 592/368/368 545/362/362 605/363/363
f 592/368/368 605/363/363 661/367/367
f 661/367/367 605/363/363 663/364/364
f 661/367/367 663/364/364 751/366/366
f 751/366/366 663/364/364 750/365/365
f 180/379/379 179/380/380 183/386/386
f 183/386/386 179/380/380 185/381/381
f 183/386/386 185/381/381 184/385/385
f 184/385/385 185/381/381 186/382/382
f 184/385/385 186/382/382 182/383/383
f 182/383/383 181/384/384 184/385/385
f 183/387/387 283/388/388 180/393/393
f 180/393/393 283/388/388 281/389/389
f 180/393/393 281/389/389 175/392/392
f 175/392/392 281/389/389 167/391/391
f 167/391/391 281/389/389 163/390/390
f 282/394/394 164/395/395 290/404/404
f 290/404/404 164/395/395 157/396/396
f 290/404/404 157/396/396 299/403/403
f 299/403/403 157/396/396 151/397/397
f 299/403/403 151/397/397 325/402/402
f 325/402/402 151/397/397 143/398/398
f 325/402/402 143/398/398 335/401/401
f 335/401/401 143/398/398 135/399/399
f 335/401/401 135/399/399 337/400/400
f 320/406/406 327/464/464 281/405/405
f 281/405/405 327/464/464 292/467/467
f 281/405/405 292/467/467 289/460/460
f 289/460/460 292/467/467 298/459/459
f 298/459/459 292/467/467 318/466/466
f 298/459/459 318/466/466 324/458/458
f 324/458/458 318/466/466 362/455/455
f 324/458/458 362/455/455 334/457/457
f 334/457/457 362/455/455 336/456/456
f 327/464/464 320/406/406 381/468/468
f 381/468/468 320/406/406 375/407/407
f 381/468/468 375/407/407 417/470/470
f 417/470/470 375/407/407 419/408/408
f 417/470/470 419/408/408 465/472/472
f 465/472/472 419/408/408 470/409/409
f 465/472/472 470/409/409 509/474/474
f 509/474/474 470/409/409 522/410/410
f 509/474/474 522/410/410 550/476/476
f 550/476/476 522/410/410 558/411/411
f 550/476/476 558/411/411 594/478/478
f 594/478/478 558/411/411 601/412/412
f 594/478/478 601/412/412 633/480/480
f 633/480/480 601/412/412 640/413/413
f 633/480/480 640/413/413 675/482/482
f 675/482/482 640/413/413 693/414/414
f 675/482/482 693/414/414 718/484/484
f 718/484/484 693/414/414 731/415/415
f 718/484/484 731/415/415 743/486/486
f 743/486/486 731/415/415 757/416/416
f 743/486/486 757/416/416 748/488/488
f 748/488/488 757/416/416 758/417/417
f 748/488/488 758/417/417 736/490/490
f 736/490/490 758/417/417 732/418/418
f 736/490/490 732/418/418 704/492/492
f 704/492/492 732/418/418 694/419/419
f 704/492/492 694/419/419 659/494/494
f 659/494/494 694/419/419 641/420/420
f 659/494/494 641/420/420 620/496/496
f 620/496/496 641/420/420 603/421/421
f 620/496/496 603/421/421 576/498/498
f 576/498/498 603/421/421 559/509/509
f 576/498/498 559/510/510 535/461/461
f 535/511/511 559/422/422 524/423/423
f 535/512/512 524/423/423 487/500/500
f 487/500/500 524/423/423 471/424/424
f 487/500/500 471/424/424 440/502/502
f 440/502/502 471/424/424 420/425/425
f 440/502/502 420/425/425 396/504/504
f 396/504/504 420/425/425 376/426/426
f 396/504/504 376/426/426 348/506/506
f 348/506/506 376/426/426 321/427/427
f 348/506/506 321/427/427 302/507/507
f 302/507/507 321/427/427 282/428/428
f 302/507/507 282/428/428 290/429/429
f 290/429/429 299/430/430 302/507/507
f 302/507/507 299/430/430 330/508/508
f 302/507/507 330/508/508 348/506/506
f 348/506/506 330/508/508 367/463/463
f 348/506/506 367/463/463 396/504/504
f 396/504/504 367/463/463 407/505/505
f 396/504/504 407/505/505 440/502/502
f 440/502/502 407/505/505 448/503/503
f 440/502/502 448/503/503 487/500/500
f 487/500/500 448/503/503 490/501/501
f 487/500/500 490/501/501 535/513/513
f 535/514/514 490/501/501 532/462/462
f 535/461/461 532/515/515 576/498/498
f 576/498/498 532/516/516 573/499/499
f 576/498/498 573/499/499 620/496/496
f 620/496/496 573/499/499 611/497/497
f 620/496/496 611/497/497 659/494/494
f 659/494/494 611/497/497 645/495/495
f 659/494/494 645/495/495 704/492/492
f 704/492/492 645/495/495 683/493/493
f 704/492/492 683/493/493 736/490/490
f 736/490/490 683/493/493 716/491/491
f 736/490/490 716/491/491 748/488/488
f 748/488/488 716/491/491 725/489/489
f 748/488/488 725/489/489 743/486/486
f 743/486/486 725/489/489 722/487/487
f 743/486/486 722/487/487 718/484/484
f 718/484/484 722/487/487 710/485/485
f 718/484/484 710/485/485 675/482/482
f 675/482/482 710/485/485 665/483/483
f 675/482/482 665/483/483 633/480/480
f 633/480/480 665/483/483 630/481/481
f 633/480/480 630/481/481 594/478/478
f 594/478/478 630/481/481 590/479/479
f 594/478/478 590/479/479 550/476/476
f 550/476/476 590/479/479 547/477/477
f 550/476/476 547/477/477 509/474/474
f 509/474/474 547/477/477 512/475/475
f 509/474/474 512/475/475 465/472/472
f 465/472/472 512/475/475 477/473/473
f 465/472/472 477/473/473 417/470/470
f 417/470/470 477/473/473 425/471/471
f 417/470/470 425/471/471 381/468/468
f 381/468/468 425/471/471 388/469/469
f 381/468/468 388/469/469 327/464/464
f 327/464/464 388/469/469 345/465/465
f 327/464/464 345/465/465 318/466/466
f 318/466/466 345/465/465 362/455/455
f 299/430/430 325/431/431 330/508/508
f 330/508/508 325/431/431 363/434/434
f 330/508/508 363/434/434 367/463/463
f 367/463/463 363/434/434 392/435/435
f 367/463/463 392/435/435 407/505/505
f 407/505/505 392/435/435 424/436/436
f 407/505/505 424/436/436 448/503/503
f 448/503/503 424/436/436 460/437/437
f 448/503/503 460/437/437 490/501/501
f 490/501/501 460/437/437 498/517/517
f 490/501/501 498/518/518 532/462/462
f 532/519/519 498/438/438 541/439/439
f 532/520/520 541/439/439 573/499/499
f 573/499/499 541/439/439 581/440/440
f 573/499/499 581/440/440 611/497/497
f 611/497/497 581/440/440 624/441/441
f 611/497/497 624/441/441 645/495/495
f 645/495/495 624/441/441 654/442/442
f 645/495/495 654/442/442 683/493/493
f 683/493/493 654/442/442 681/443/443
f 683/493/493 681/443/443 716/491/491
f 716/491/491 681/443/443 707/444/444
f 716/491/491 707/444/444 725/489/489
f 725/489/489 707/444/444 706/445/445
f 725/489/489 706/445/445 722/487/487
f 722/487/487 706/445/445 680/446/446
f 722/487/487 680/446/446 710/485/485
f 710/485/485 680/446/446 653/447/447
f 710/485/485 653/447/447 665/483/483
f 665/483/483 653/447/447 623/448/448
f 665/483/483 623/448/448 630/481/481
f 630/481/481 623/448/448 590/479/479
f 325/431/431 335/432/432 363/434/434
f 363/434/434 335/432/432 337/433/433
f 623/448/448 580/449/449 590/479/479
f 590/479/479 580/449/449 547/477/477
f 580/449/449 540/450/450 547/477/477
f 547/477/477 540/450/450 512/475/475
f 540/450/450 497/451/451 512/475/475
f 512/475/475 497/451/451 477/473/473
f 497/451/451 459/452/452 477/473/473
f 477/473/473 459/452/452 425/471/471
f 459/452/452 423/453/453 425/471/471
f 425/471/471 423/453/453 388/469/469
f 423/453/453 391/454/454 388/469/469
f 388/469/469 391/454/454 345/465/465
f 391/454/454 362/455/455 345/465/465
f 292/467/467 327/464/464 318/466/466
f 336/521/521 134/522/522 334/531/531
f 334/531/531 134/522/522 144/523/523
f 334/531/531 144/523/523 324/530/530
f 324/530/530 144/523/523 152/524/524
f 324/530/530 152/524/524 298/529/529
f 298/529/529 152/524/524 158/525/525
f 298/529/529 158/525/525 289/528/528
f 289/528/528 158/525/525 163/526/526
f 289/528/528 163/526/526 281/527/527
f 281/579/579 283/532/532 320/578/578
f 320/578/578 283/532/532 322/533/533
f 320/578/578 322/533/533 375/577/577
f 375/577/577 322/533/533 377/534/534
f 375/577/577 377/534/534 419/576/576
f 419/576/576 377/534/534 421/535/535
f 419/576/576 421/535/535 470/575/575
f 470/575/575 421/535/535 472/536/536
f 470/575/575 472/536/536 522/574/574
f 522/574/574 472/536/536 523/537/537
f 522/574/574 523/537/537 558/573/573
f 558/573/573 523/537/537 560/538/538
f 558/573/573 560/538/538 601/572/572
f 601/572/572 560/538/538 602/539/539
f 601/572/572 602/539/539 640/571/571
f 640/571/571 602/539/539 642/540/540
f 640/571/571 642/540/540 693/570/570
f 693/570/570 642/540/540 695/541/541
f 693/570/570 695/541/541 731/569/569
f 731/569/569 695/541/541 733/542/542
f 731/569/569 733/542/542 757/568/568
f 757/568/568 733/542/542 759/543/543
f 757/568/568 759/543/543 758/567/567
f 758/567/567 759/543/543 760/544/544
f 758/567/567 760/544/544 732/566/566
f 732/566/566 760/544/544 734/545/545
f 732/566/566 734/545/545 694/565/565
f 694/565/565 734/545/545 696/546/546
f 694/565/565 696/546/546 641/564/564
f 641/564/564 696/546/546 643/547/547
f 641/564/564 643/547/547 603/563/563
f 603/563/563 643/547/547 604/548/548
f 603/563/563 604/548/548 559/562/562
f 559/562/562 604/548/548 561/549/549
f 559/562/562 561/549/549 524/561/561
f 524/561/561 561/549/549 525/550/550
f 524/561/561 525/550/550 471/560/560
f 471/560/560 525/550/550 473/551/551
f 471/560/560 473/551/551 420/559/559
f 420/559/559 473/551/551 422/552/552
f 420/559/559 422/552/552 376/558/558
f 376/558/558 422/552/552 378/553/553
f 376/558/558 378/553/553 321/557/557
f 321/557/557 378/553/553 323/554/554
f 321/557/557 323/554/554 282/556/556
f 282/556/556 323/554/554 284/555/555
f 184/581/581 181/582/582 284/580/580
f 284/580/580 181/582/582 282/586/586
f 282/586/586 181/582/582 176/583/583
f 282/586/586 176/583/583 168/584/584
f 168/584/584 164/585/585 282/586/586
f 360/587/587 483/588/588 358/592/592
f 358/592/592 483/588/588 482/589/589
f 358/592/592 482/589/589 356/591/591
f 356/591/591 482/589/589 350/590/590
f 351/594/594 333/595/595 484/593/593
f 484/593/593 333/595/595 481/604/604
f 481/604/604 333/595/595 304/596/596
f 481/604/604 304/596/596 468/603/603
f 468/603/603 304/596/596 272/597/597
f 468/603/603 272/597/597 458/602/602
f 458/602/602 272/597/597 268/598/598
f 458/602/602 268/598/598 456/601/601
f 456/601/601 268/598/598 454/600/600
f 454/600/600 268/598/598 266/599/599
f 454/605/605 495/709/709 456/660/660
f 456/660/660 495/710/710 458/659/659
f 458/659/659 495/711/711 491/663/663
f 458/659/659 491/663/663 468/658/658
f 468/658/658 491/663/663 488/665/665
f 468/658/658 488/665/665 481/657/657
f 481/657/657 488/665/665 484/656/656
f 484/656/656 488/665/665 528/655/655
f 528/655/655 488/665/665 536/712/712
f 528/655/655 536/713/713 569/654/654
f 569/714/714 536/662/662 577/667/667
f 569/715/715 577/667/667 608/653/653
f 608/653/653 577/667/667 621/669/669
f 608/653/653 621/669/669 651/652/652
f 651/652/652 621/669/669 660/671/671
f 651/652/652 660/671/671 698/651/651
f 698/651/651 660/671/671 705/673/673
f 698/651/651 705/673/673 739/650/650
f 739/650/650 705/673/673 737/675/675
f 739/650/650 737/675/675 762/649/649
f 762/649/649 737/675/675 749/677/677
f 762/649/649 749/677/677 754/648/648
f 754/648/648 749/677/677 744/679/679
f 754/648/648 744/679/679 727/647/647
f 727/647/647 744/679/679 719/681/681
f 727/647/647 719/681/681 688/646/646
f 688/646/646 719/681/681 676/683/683
f 688/646/646 676/683/683 636/645/645
f 636/645/645 676/683/683 635/685/685
f 636/645/645 635/685/685 596/644/644
f 596/644/644 635/685/685 595/686/686
f 596/644/644 595/686/686 552/643/643
f 552/643/643 595/686/686 551/689/689
f 552/643/643 551/689/689 514/642/642
f 514/642/642 551/689/689 510/688/688
f 514/642/642 510/688/688 461/641/641
f 461/641/641 510/688/688 466/692/692
f 461/641/641 466/692/692 413/640/640
f 413/640/640 466/692/692 418/694/694
f 413/640/640 418/694/694 369/639/639
f 369/639/639 418/694/694 379/696/696
f 369/639/639 379/696/696 328/698/698
f 328/698/698 379/696/696 346/697/697
f 328/698/698 346/697/697 293/700/700
f 293/700/700 346/697/697 319/699/699
f 293/700/700 319/699/699 286/702/702
f 286/702/702 319/699/699 308/701/701
f 286/702/702 308/701/701 303/704/704
f 303/704/704 308/701/701 331/703/703
f 303/704/704 331/703/703 349/706/706
f 349/706/706 331/703/703 368/705/705
f 349/706/706 368/705/705 397/708/708
f 397/708/708 368/705/705 408/707/707
f 397/708/708 408/707/707 412/631/631
f 412/631/631 408/707/707 430/630/630
f 430/630/630 408/707/707 410/627/627
f 430/630/630 410/627/627 444/629/629
f 444/629/629 410/627/627 446/628/628
f 491/663/663 495/716/716 533/661/661
f 533/717/717 495/606/606 539/607/607
f 533/718/718 539/607/607 574/666/666
f 574/666/666 539/607/607 579/608/608
f 574/666/666 579/608/608 612/668/668
f 612/668/668 579/608/608 617/609/609
f 612/668/668 617/609/609 646/670/670
f 646/670/670 617/609/609 648/610/610
f 646/670/670 648/610/610 684/672/672
f 684/672/672 648/610/610 678/611/611
f 684/672/672 678/611/611 717/674/674
f 717/674/674 678/611/611 702/612/612
f 717/674/674 702/612/612 726/676/676
f 726/676/676 702/612/612 709/613/613
f 726/676/676 709/613/613 723/678/678
f 723/678/678 709/613/613 685/614/614
f 723/678/678 685/614/614 711/680/680
f 711/680/680 685/614/614 656/615/615
f 711/680/680 656/615/615 666/682/682
f 666/682/682 656/615/615 627/616/616
f 666/682/682 627/616/616 632/684/684
f 632/684/684 627/616/616 586/617/617
f 632/684/684 586/617/617 591/664/664
f 591/664/664 586/617/617 543/618/618
f 591/664/664 543/618/618 548/690/690
f 548/690/690 543/618/618 513/687/687
f 548/690/690 513/687/687 510/688/688
f 510/688/688 513/687/687 466/692/692
f 543/618/618 506/619/619 513/687/687
f 513/687/687 506/619/619 478/691/691
f 513/687/687 478/691/691 466/692/692
f 466/692/692 478/691/691 418/694/694
f 506/619/619 474/620/620 478/691/691
f 478/691/691 474/620/620 426/693/693
f 478/691/691 426/693/693 418/694/694
f 418/694/694 426/693/693 386/695/695
f 418/694/694 386/695/695 379/696/696
f 379/696/696 386/695/695 346/697/697
f 474/620/620 428/621/621 426/693/693
f 426/693/693 428/621/621 386/695/695
f 428/621/621 394/622/622 386/695/695
f 386/695/695 394/622/622 346/697/697
f 394/622/622 365/623/623 346/697/697
f 346/697/697 365/623/623 319/699/699
f 365/623/623 343/624/624 319/699/699
f 319/699/699 343/624/624 308/701/701
f 343/624/624 353/625/625 308/701/701
f 308/701/701 353/625/625 331/703/703
f 353/625/625 383/626/626 331/703/703
f 331/703/703 383/626/626 368/705/705
f 383/626/626 410/627/627 368/705/705
f 368/705/705 410/627/627 408/707/707
f 412/631/631 405/632/632 397/708/708
f 397/708/708 405/632/632 401/633/633
f 397/708/708 401/633/633 339/634/634
f 397/708/708 339/634/634 349/706/706
f 349/706/706 339/634/634 296/635/635
f 349/706/706 296/635/635 303/704/704
f 303/704/704 296/635/635 274/636/636
f 303/704/704 274/636/636 286/702/702
f 286/702/702 274/636/636 278/637/637
f 286/702/702 278/637/637 293/700/700
f 293/700/700 278/637/637 312/638/638
f 293/700/700 312/638/638 328/698/698
f 328/698/698 312/638/638 369/639/639
f 488/665/665 491/663/663 536/719/719
f 536/720/720 491/663/663 533/661/661
f 536/662/662 533/721/721 577/667/667
f 577/667/667 533/722/722 574/666/666
f 577/667/667 574/666/666 621/669/669
f 621/669/669 574/666/666 612/668/668
f 621/669/669 612/668/668 660/671/671
f 660/671/671 612/668/668 646/670/670
f 660/671/671 646/670/670 705/673/673
f 705/673/673 646/670/670 684/672/672
f 705/673/673 684/672/672 737/675/675
f 737/675/675 684/672/672 717/674/674
f 737/675/675 717/674/674 749/677/677
f 749/677/677 717/674/674 726/676/676
f 749/677/677 726/676/676 744/679/679
f 744/679/679 726/676/676 723/678/678
f 744/679/679 723/678/678 719/681/681
f 719/681/681 723/678/678 711/680/680
f 719/681/681 711/680/680 676/683/683
f 676/683/683 711/680/680 666/682/682
f 676/683/683 666/682/682 635/685/685
f 635/685/685 666/682/682 632/684/684
f 635/685/685 632/684/684 595/686/686
f 595/686/686 632/684/684 591/664/664
f 595/686/686 591/664/664 551/689/689
f 551/689/689 591/664/664 548/690/690
f 551/689/689 548/690/690 510/688/688
f 256/724/724 254/725/725 446/723/723
f 446/723/723 254/725/725 444/734/734
f 444/734/734 254/725/725 430/733/733
f 430/733/733 254/725/725 252/726/726
f 430/733/733 252/726/726 412/732/732
f 412/732/732 252/726/726 247/727/727
f 412/732/732 247/727/727 405/731/731
f 405/731/731 247/727/727 249/728/728
f 405/731/731 249/728/728 401/730/730
f 401/730/730 249/728/728 258/729/729
f 482/782/782 483/735/735 526/781/781
f 526/781/781 483/735/735 527/736/736
f 526/781/781 527/736/736 567/780/780
f 567/780/780 527/736/736 568/737/737
f 567/780/780 568/737/737 606/779/779
f 606/779/779 568/737/737 607/738/738
f 606/779/779 607/738/738 649/778/778
f 649/778/778 607/738/738 650/739/739
f 649/778/778 650/739/739 697/777/777
f 697/777/777 650/739/739 699/740/740
f 697/777/777 699/740/740 738/776/776
f 738/776/776 699/740/740 740/741/741
f 738/776/776 740/741/741 761/775/775
f 761/775/775 740/741/741 763/742/742
f 761/775/775 763/742/742 753/774/774
f 753/774/774 763/742/742 755/743/743
f 753/774/774 755/743/743 729/773/773
f 729/773/773 755/743/743 730/744/744
f 729/773/773 730/744/744 690/772/772
f 690/772/772 730/744/744 691/745/745
f 690/772/772 691/745/745 638/771/771
f 638/771/771 691/745/745 639/746/746
f 638/771/771 639/746/746 598/770/770
f 598/770/770 639/746/746 599/747/747
f 598/770/770 599/747/747 554/769/769
f 554/769/769 599/747/747 555/748/748
f 554/769/769 555/748/748 516/768/768
f 516/768/768 555/748/748 517/749/749
f 516/768/768 517/749/749 463/767/767
f 463/767/767 517/749/749 464/750/750
f 463/767/767 464/750/750 415/766/766
f 415/766/766 464/750/750 416/751/751
f 415/766/766 416/751/751 371/765/765
f 371/765/765 416/751/751 372/752/752
f 371/765/765 372/752/752 311/764/764
f 311/764/764 372/752/752 313/753/753
f 311/764/764 313/753/753 277/763/763
f 277/763/763 313/753/753 279/754/754
f 277/763/763 279/754/754 273/762/762
f 273/762/762 279/754/754 275/755/755
f 273/762/762 275/755/755 294/761/761
f 294/761/761 275/755/755 295/756/756
f 294/761/761 295/756/756 338/760/760
f 338/760/760 295/756/756 340/757/757
f 338/760/760 340/757/757 399/759/759
f 399/759/759 340/757/757 400/758/758
f 263/784/784 261/785/785 400/783/783
f 400/783/783 261/785/785 399/788/788
f 399/788/788 261/785/785 259/786/786
f 399/788/788 259/786/786 257/787/787
f 1078/789/789 985/790/790 1077/794/794
f 1077/794/794 985/790/790 983/791/791
f 1077/794/794 983/791/791 1080/793/793
f 1080/793/793 983/791/791 1086/792/792
f 1112/796/796 1120/797/797 1020/795/795
f 1020/795/795 1120/797/797 1016/806/806
f 1016/806/806 1120/797/797 1125/798/798
f 1016/806/806 1125/798/798 1005/805/805
f 1005/805/805 1125/798/798 1133/799/799
f 1005/805/805 1133/799/799 995/804/804
f 995/804/804 1133/799/799 1150/800/800
f 995/804/804 1150/800/800 979/803/803
f 979/803/803 1150/800/800 977/802/802
f 977/802/802 1150/800/800 1152/801/801
f 977/807/807 997/808/808 979/862/862
f 979/862/862 997/808/808 995/861/861
f 995/861/861 997/808/808 1003/866/866
f 995/861/861 1003/866/866 1005/860/860
f 1005/860/860 1003/866/866 1018/867/867
f 1005/860/860 1018/867/867 1016/859/859
f 1016/859/859 1018/867/867 1020/858/858
f 1020/858/858 1018/867/867 1038/857/857
f 1038/857/857 1018/867/867 1030/869/869
f 1038/857/857 1030/869/869 1032/856/856
f 1032/856/856 1030/869/869 1024/871/871
f 1032/856/856 1024/871/871 1006/873/873
f 1006/873/873 1024/871/871 999/872/872
f 1006/873/873 999/872/872 986/875/875
f 986/875/875 999/872/872 971/874/874
f 986/875/875 971/874/874 955/877/877
f 955/877/877 971/874/874 945/876/876
f 955/877/877 945/876/876 937/879/879
f 937/879/879 945/876/876 929/878/878
f 937/879/879 929/878/878 915/881/881
f 915/881/881 929/878/878 913/880/880
f 915/881/881 913/880/880 893/883/883
f 893/883/883 913/880/880 895/882/882
f 893/883/883 895/882/882 873/885/885
f 873/885/885 895/882/882 875/884/884
f 873/885/885 875/884/884 853/888/888
f 853/888/888 875/884/884 855/865/865
f 853/888/888 855/865/865 833/887/887
f 833/887/887 855/865/865 835/886/886
f 833/887/887 835/886/886 807/890/890
f 807/890/890 835/886/886 811/889/889
f 807/890/890 811/889/889 791/892/892
f 791/892/892 811/889/889 805/891/891
f 791/892/892 805/891/891 789/894/894
f 789/894/894 805/891/891 803/893/893
f 789/894/894 803/893/893 797/896/896
f 797/896/896 803/893/893 809/895/895
f 797/896/896 809/895/895 815/898/898
f 815/898/898 809/895/895 827/897/897
f 815/898/898 827/897/897 837/900/900
f 837/900/900 827/897/897 847/899/899
f 837/900/900 847/899/899 861/902/902
f 861/902/902 847/899/899 863/901/901
f 861/902/902 863/901/901 881/904/904
f 881/904/904 863/901/901 883/903/903
f 881/904/904 883/903/903 903/911/911
f 903/912/912 883/903/903 901/863/863
f 903/864/864 901/913/913 923/906/906
f 923/906/906 901/914/914 921/905/905
f 923/906/906 921/905/905 943/908/908
f 943/908/908 921/905/905 941/907/907
f 943/908/908 941/907/907 963/910/910
f 963/910/910 941/907/907 961/909/909
f 963/910/910 961/909/909 975/833/833
f 975/833/833 961/909/909 973/832/832
f 973/832/832 961/909/909 953/829/829
f 973/832/832 953/829/829 969/831/831
f 969/831/831 953/829/829 967/830/830
f 1003/866/866 997/808/808 1014/868/868
f 1014/868/868 997/808/808 1001/809/809
f 1014/868/868 1001/809/809 1008/870/870
f 1008/870/870 1001/809/809 993/810/810
f 1008/870/870 993/810/810 999/872/872
f 999/872/872 993/810/810 965/811/811
f 999/872/872 965/811/811 971/874/874
f 971/874/874 965/811/811 947/812/812
f 971/874/874 947/812/812 945/876/876
f 945/876/876 947/812/812 935/813/813
f 945/876/876 935/813/813 929/878/878
f 929/878/878 935/813/813 917/814/814
f 929/878/878 917/814/814 913/880/880
f 913/880/880 917/814/814 897/815/815
f 913/880/880 897/815/815 895/882/882
f 895/882/882 897/815/815 877/816/816
f 895/882/882 877/816/816 875/884/884
f 875/884/884 877/816/816 855/865/865
f 877/816/816 857/817/817 855/865/865
f 855/865/865 857/817/817 835/886/886
f 857/817/817 839/818/818 835/886/886
f 835/886/886 839/818/818 811/889/889
f 839/818/818 829/819/819 811/889/889
f 811/889/889 829/819/819 805/891/891
f 829/819/819 813/820/820 805/891/891
f 805/891/891 813/820/820 803/893/893
f 813/820/820 817/821/821 803/893/893
f 803/893/893 817/821/821 809/895/895
f 817/821/821 831/822/822 809/895/895
f 809/895/895 831/822/822 827/897/897
f 831/822/822 841/823/823 827/897/897
f 827/897/897 841/823/823 847/899/899
f 841/823/823 859/824/824 847/899/899
f 847/899/899 859/824/824 863/901/901
f 859/824/824 879/825/825 863/901/901
f 863/901/901 879/825/825 883/903/903
f 879/825/825 899/915/915 883/903/903
f 883/903/903 899/916/916 901/863/863
f 899/826/826 919/827/827 901/917/917
f 901/918/918 919/827/827 921/905/905
f 919/827/827 939/828/828 921/905/905
f 921/905/905 939/828/828 941/907/907
f 939/828/828 953/829/829 941/907/907
f 941/907/907 953/829/829 961/909/909
f 975/833/833 981/834/834 963/910/910
f 963/910/910 981/834/834 983/835/835
f 963/910/910 983/835/835 949/836/836
f 963/910/910 949/836/836 943/908/908
f 943/908/908 949/836/836 925/837/837
f 943/908/908 925/837/837 923/906/906
f 923/906/906 925/837/837 905/919/919
f 923/906/906 905/920/920 903/864/864
f 903/921/921 905/838/838 885/839/839
f 903/922/922 885/839/839 881/904/904
f 881/904/904 885/839/839 865/840/840
f 881/904/904 865/840/840 861/902/902
f 861/902/902 865/840/840 843/841/841
f 861/902/902 843/841/841 837/900/900
f 837/900/900 843/841/841 819/842/842
f 837/900/900 819/842/842 815/898/898
f 815/898/898 819/842/842 793/843/843
f 815/898/898 793/843/843 797/896/896
f 797/896/896 793/843/843 781/844/844
f 797/896/896 781/844/844 789/894/894
f 789/894/894 781/844/844 785/845/845
f 789/894/894 785/845/845 791/892/892
f 791/892/892 785/845/845 799/846/846
f 791/892/892 799/846/846 807/890/890
f 807/890/890 799/846/846 823/847/847
f 807/890/890 823/847/847 833/887/887
f 833/887/887 823/847/847 849/848/848
f 833/887/887 849/848/848 853/888/888
f 853/888/888 849/848/848 869/849/849
f 853/888/888 869/849/849 873/885/885
f 873/885/885 869/849/849 889/850/850
f 873/885/885 889/850/850 893/883/883
f 893/883/883 889/850/850 909/851/851
f 893/883/883 909/851/851 915/881/881
f 915/881/881 909/851/851 931/852/852
f 915/881/881 931/852/852 937/879/879
f 937/879/879 931/852/852 957/853/853
f 937/879/879 957/853/853 955/877/877
f 955/877/877 957/853/853 988/854/854
f 955/877/877 988/854/854 986/875/875
f 986/875/875 988/854/854 1010/855/855
f 986/875/875 1010/855/855 1006/873/873
f 1006/873/873 1010/855/855 1032/856/856
f 1030/869/869 1018/867/867 1003/866/866
f 1003/866/866 1014/868/868 1030/869/869
f 1030/869/869 1014/868/868 1008/870/870
f 1030/869/869 1008/870/870 1024/871/871
f 1024/871/871 1008/870/870 999/872/872
f 1144/924/924 1142/925/925 967/923/923
f 967/923/923 1142/925/925 969/934/934
f 969/934/934 1142/925/925 973/933/933
f 973/933/933 1142/925/925 1118/926/926
f 973/933/933 1118/926/926 975/932/932
f 975/932/932 1118/926/926 1098/927/927
f 975/932/932 1098/927/927 981/931/931
f 981/931/931 1098/927/927 1090/928/928
f 981/931/931 1090/928/928 983/930/930
f 983/930/930 1090/928/928 1086/929/929
f 983/982/982 985/935/935 949/981/981
f 949/981/981 985/935/935 951/936/936
f 949/981/981 951/936/936 925/980/980
f 925/980/980 951/936/936 927/937/937
f 925/980/980 927/937/937 905/979/979
f 905/979/979 927/937/937 907/938/938
f 905/979/979 907/938/938 885/978/978
f 885/978/978 907/938/938 887/939/939
f 885/978/978 887/939/939 865/977/977
f 865/977/977 887/939/939 867/940/940
f 865/977/977 867/940/940 843/976/976
f 843/976/976 867/940/940 845/941/941
f 843/976/976 845/941/941 819/975/975
f 819/975/975 845/941/941 821/942/942
f 819/975/975 821/942/942 793/974/974
f 793/974/974 821/942/942 795/943/943
f 793/974/974 795/943/943 781/973/973
f 781/973/973 795/943/943 783/944/944
f 781/973/973 783/944/944 785/972/972
f 785/972/972 783/944/944 787/945/945
f 785/972/972 787/945/945 799/971/971
f 799/971/971 787/945/945 801/946/946
f 799/971/971 801/946/946 823/970/970
f 823/970/970 801/946/946 825/947/947
f 823/970/970 825/947/947 849/969/969
f 849/969/969 825/947/947 851/948/948
f 849/969/969 851/948/948 869/968/968
f 869/968/968 851/948/948 871/949/949
f 869/968/968 871/949/949 889/967/967
f 889/967/967 871/949/949 891/950/950
f 889/967/967 891/950/950 909/966/966
f 909/966/966 891/950/950 911/951/951
f 909/966/966 911/951/951 931/965/965
f 931/965/965 911/951/951 933/952/952
f 931/965/965 933/952/952 957/964/964
f 957/964/964 933/952/952 959/953/953
f 957/964/964 959/953/953 988/963/963
f 988/963/963 959/953/953 990/954/954
f 988/963/963 990/954/954 1010/962/962
f 1010/962/962 990/954/954 1012/955/955
f 1010/962/962 1012/955/955 1032/961/961
f 1032/961/961 1012/955/955 1034/956/956
f 1032/961/961 1034/956/956 1038/960/960
f 1038/960/960 1034/956/956 1040/957/957
f 1038/960/960 1040/957/957 1020/959/959
f 1020/959/959 1040/957/957 1022/958/958
f 1104/984/984 1103/985/985 1022/983/983
f 1022/983/983 1103/985/985 1020/988/988
f 1020/988/988 1103/985/985 1108/986/986
f 1020/988/988 1108/986/986 1112/987/987
f 1102/989/989 1021/990/990 1101/994/994
f 1101/994/994 1021/990/990 1019/991/991
f 1101/994/994 1019/991/991 1107/993/993
f 1107/993/993 1019/991/991 1111/992/992
f 189/1018/1018 179/995/995 177/1021/1021
f 177/1021/1021 179/995/995 165/996/996
f 177/1021/1021 165/996/996 159/997/997
f 177/1021/1021 159/997/997 161/1020/1020
f 161/1020/1020 159/997/997 147/998/998
f 161/1020/1020 147/998/998 149/1019/1019
f 149/1019/1019 147/998/998 133/999/999
f 149/1019/1019 133/999/999 137/1000/1000
f 149/1019/1019 137/1000/1000 155/1022/1022
f 155/1022/1022 137/1000/1000 145/1001/1001
f 155/1022/1022 145/1001/1001 187/1025/1025
f 187/1025/1025 145/1001/1001 153/1002/1002
f 187/1025/1025 153/1002/1002 204/1028/1028
f 204/1028/1028 153/1002/1002 193/1003/1003
f 204/1028/1028 193/1003/1003 221/1031/1031
f 221/1031/1031 193/1003/1003 212/1004/1004
f 221/1031/1031 212/1004/1004 235/1034/1034
f 235/1034/1034 212/1004/1004 231/1005/1005
f 235/1034/1034 231/1005/1005 251/1008/1008
f 251/1008/1008 231/1005/1005 253/1007/1007
f 253/1007/1007 231/1005/1005 255/1006/1006
f 251/1008/1008 248/1009/1009 235/1034/1034
f 235/1034/1034 248/1009/1009 237/1035/1035
f 235/1034/1034 237/1035/1035 221/1031/1031
f 221/1031/1031 237/1035/1035 225/1032/1032
f 221/1031/1031 225/1032/1032 204/1028/1028
f 204/1028/1028 225/1032/1032 209/1029/1029
f 204/1028/1028 209/1029/1029 187/1025/1025
f 187/1025/1025 209/1029/1029 199/1026/1026
f 187/1025/1025 199/1026/1026 155/1022/1022
f 155/1022/1022 199/1026/1026 174/1023/1023
f 155/1022/1022 174/1023/1023 149/1019/1019
f 149/1019/1019 174/1023/1023 161/1020/1020
f 248/1009/1009 250/1010/1010 237/1035/1035
f 237/1035/1035 250/1010/1010 257/1011/1011
f 237/1035/1035 257/1011/1011 244/1036/1036
f 244/1036/1036 257/1011/1011 259/1012/1012
f 244/1036/1036 259/1012/1012 233/1014/1014
f 233/1014/1014 259/1012/1012 261/1013/1013
f 244/1036/1036 233/1014/1014 229/1033/1033
f 229/1033/1033 233/1014/1014 223/1015/1015
f 229/1033/1033 223/1015/1015 217/1030/1030
f 217/1030/1030 223/1015/1015 207/1016/1016
f 217/1030/1030 207/1016/1016 205/1027/1027
f 205/1027/1027 207/1016/1016 197/1017/1017
f 205/1027/1027 197/1017/1017 195/1024/1024
f 195/1024/1024 197/1017/1017 189/1018/1018
f 195/1024/1024 189/1018/1018 177/1021/1021
f 195/1024/1024 177/1021/1021 161/1020/1020
f 195/1024/1024 161/1020/1020 174/1023/1023
f 205/1027/1027 195/1024/1024 174/1023/1023
f 205/1027/1027 174/1023/1023 199/1026/1026
f 217/1030/1030 205/1027/1027 199/1026/1026
f 217/1030/1030 199/1026/1026 209/1029/1029
f 229/1033/1033 217/1030/1030 209/1029/1029
f 229/1033/1033 209/1029/1029 225/1032/1032
f 244/1036/1036 229/1033/1033 225/1032/1032
f 244/1036/1036 225/1032/1032 237/1035/1035
f 180/1037/1037 175/1038/1038 179/1049/1049
f 179/1049/1049 175/1038/1038 165/1048/1048
f 165/1048/1048 175/1038/1038 167/1039/1039
f 165/1048/1048 167/1039/1039 163/1040/1040
f 165/1048/1048 163/1040/1040 159/1047/1047
f 159/1047/1047 163/1040/1040 158/1041/1041
f 159/1047/1047 158/1041/1041 152/1042/1042
f 159/1047/1047 152/1042/1042 147/1046/1046
f 147/1046/1046 152/1042/1042 144/1043/1043
f 147/1046/1046 144/1043/1043 133/1045/1045
f 133/1045/1045 144/1043/1043 134/1044/1044
f 1019/1097/1097 1021/1050/1050 1037/1096/1096
f 1037/1096/1096 1021/1050/1050 1039/1051/1051
f 1037/1096/1096 1039/1051/1051 1031/1095/1095
f 1031/1095/1095 1039/1051/1051 1033/1052/1052
f 1031/1095/1095 1033/1052/1052 1009/1094/1094
f 1009/1094/1094 1033/1052/1052 1011/1053/1053
f 1009/1094/1094 1011/1053/1053 987/1093/1093
f 987/1093/1093 1011/1053/1053 989/1054/1054
f 987/1093/1093 989/1054/1054 956/1092/1092
f 956/1092/1092 989/1054/1054 958/1055/1055
f 956/1092/1092 958/1055/1055 930/1091/1091
f 930/1091/1091 958/1055/1055 932/1056/1056
f 930/1091/1091 932/1056/1056 908/1090/1090
f 908/1090/1090 932/1056/1056 910/1057/1057
f 908/1090/1090 910/1057/1057 888/1089/1089
f 888/1089/1089 910/1057/1057 890/1058/1058
f 888/1089/1089 890/1058/1058 868/1088/1088
f 868/1088/1088 890/1058/1058 870/1059/1059
f 868/1088/1088 870/1059/1059 848/1087/1087
f 848/1087/1087 870/1059/1059 850/1060/1060
f 848/1087/1087 850/1060/1060 822/1086/1086
f 822/1086/1086 850/1060/1060 824/1061/1061
f 822/1086/1086 824/1061/1061 798/1085/1085
f 798/1085/1085 824/1061/1061 800/1062/1062
f 798/1085/1085 800/1062/1062 784/1084/1084
f 784/1084/1084 800/1062/1062 786/1063/1063
f 784/1084/1084 786/1063/1063 780/1083/1083
f 780/1083/1083 786/1063/1063 782/1064/1064
f 780/1083/1083 782/1064/1064 792/1082/1082
f 792/1082/1082 782/1064/1064 794/1065/1065
f 792/1082/1082 794/1065/1065 818/1081/1081
f 818/1081/1081 794/1065/1065 820/1066/1066
f 818/1081/1081 820/1066/1066 842/1080/1080
f 842/1080/1080 820/1066/1066 844/1067/1067
f 842/1080/1080 844/1067/1067 864/1079/1079
f 864/1079/1079 844/1067/1067 866/1068/1068
f 864/1079/1079 866/1068/1068 884/1078/1078
f 884/1078/1078 866/1068/1068 886/1069/1069
f 884/1078/1078 886/1069/1069 904/1077/1077
f 904/1077/1077 886/1069/1069 906/1070/1070
f 904/1077/1077 906/1070/1070 924/1076/1076
f 924/1076/1076 906/1070/1070 926/1071/1071
f 924/1076/1076 926/1071/1071 948/1075/1075
f 948/1075/1075 926/1071/1071 950/1072/1072
f 948/1075/1075 950/1072/1072 982/1074/1074
f 982/1074/1074 950/1072/1072 984/1073/1073
f 1076/1099/1099 1075/1100/1100 984/1098/1098
f 984/1098/1098 1075/1100/1100 982/1103/1103
f 982/1103/1103 1075/1100/1100 1079/1101/1101
f 982/1103/1103 1079/1101/1101 1085/1102/1102
f 1049/1121/1121 1025/1104/1104 1047/1124/1124
f 1047/1124/1124 1025/1104/1104 1035/1105/1105
f 1047/1124/1124 1035/1105/1105 1041/1106/1106
f 1047/1124/1124 1041/1106/1106 1051/1123/1123
f 1051/1123/1123 1041/1106/1106 1043/1107/1107
f 1051/1123/1123 1043/1107/1107 1055/1122/1122
f 1055/1122/1122 1043/1107/1107 1045/1108/1108
f 1055/1122/1122 1045/1108/1108 1057/1109/1109
f 1055/1122/1122 1057/1109/1109 1071/1125/1125
f 1071/1125/1125 1057/1109/1109 1081/1110/1110
f 1071/1125/1125 1081/1110/1110 1093/1128/1128
f 1093/1128/1128 1081/1110/1110 1109/1111/1111
f 1093/1128/1128 1109/1111/1111 1117/1114/1114
f 1117/1114/1114 1109/1111/1111 1141/1113/1113
f 1141/1113/1113 1109/1111/1111 1143/1112/1112
f 1117/1114/1114 1097/1115/1115 1093/1128/1128
f 1093/1128/1128 1097/1115/1115 1083/1129/1129
f 1093/1128/1128 1083/1129/1129 1071/1125/1125
f 1071/1125/1125 1083/1129/1129 1063/1126/1126
f 1071/1125/1125 1063/1126/1126 1055/1122/1122
f 1055/1122/1122 1063/1126/1126 1051/1123/1123
f 1097/1115/1115 1089/1116/1116 1083/1129/1129
f 1083/1129/1129 1089/1116/1116 1085/1117/1117
f 1083/1129/1129 1085/1117/1117 1073/1130/1130
f 1073/1130/1130 1085/1117/1117 1079/1118/1118
f 1073/1130/1130 1079/1118/1118 1061/1120/1120
f 1061/1120/1120 1079/1118/1118 1075/1119/1119
f 1073/1130/1130 1061/1120/1120 1059/1127/1127
f 1059/1127/1127 1061/1120/1120 1049/1121/1121
f 1059/1127/1127 1049/1121/1121 1047/1124/1124
f 1059/1127/1127 1047/1124/1124 1051/1123/1123
f 1059/1127/1127 1051/1123/1123 1063/1126/1126
f 1073/1130/1130 1059/1127/1127 1063/1126/1126
f 1073/1130/1130 1063/1126/1126 1083/1129/1129
f 750/1131/1131 765/1132/1132 1025/1140/1140
f 1025/1140/1140 765/1132/1132 1035/1139/1139
f 1035/1139/1139 765/1132/1132 767/1133/1133
f 1035/1139/1139 767/1133/1133 1041/1138/1138
f 1041/1138/1138 767/1133/1133 769/1134/1134
f 1041/1138/1138 769/1134/1134 1043/1137/1137
f 1043/1137/1137 769/1134/1134 775/1135/1135
f 1043/1137/1137 775/1135/1135 1045/1136/1136
f 714/1164/1164 775/1141/1141 692/1171/1171
f 692/1171/1171 775/1141/1141 769/1142/1142
f 692/1171/1171 769/1142/1142 679/1170/1170
f 679/1170/1170 769/1142/1142 767/1143/1143
f 679/1170/1170 767/1143/1143 672/1165/1165
f 672/1165/1165 767/1143/1143 765/1144/1144
f 672/1165/1165 765/1144/1144 663/1146/1146
f 663/1146/1146 765/1144/1144 750/1145/1145
f 663/1146/1146 605/1147/1147 672/1165/1165
f 672/1165/1165 605/1147/1147 614/1166/1166
f 672/1165/1165 614/1166/1166 679/1170/1170
f 679/1170/1170 614/1166/1166 618/1172/1172
f 679/1170/1170 618/1172/1172 692/1171/1171
f 692/1171/1171 618/1172/1172 625/1173/1173
f 692/1171/1171 625/1173/1173 714/1164/1164
f 714/1164/1164 625/1173/1173 629/1163/1163
f 629/1163/1163 625/1173/1173 565/1175/1175
f 629/1163/1163 565/1175/1175 571/1162/1162
f 571/1162/1162 565/1175/1175 501/1177/1177
f 571/1162/1162 501/1177/1177 499/1161/1161
f 499/1161/1161 501/1177/1177 442/1180/1180
f 499/1161/1161 442/1180/1180 438/1160/1160
f 438/1160/1160 442/1180/1180 374/1182/1182
f 438/1160/1160 374/1182/1182 355/1159/1159
f 355/1159/1159 374/1182/1182 271/1156/1156
f 355/1159/1159 271/1156/1156 267/1157/1157
f 605/1147/1147 545/1148/1148 614/1166/1166
f 614/1166/1166 545/1148/1148 562/1167/1167
f 614/1166/1166 562/1167/1167 618/1172/1172
f 618/1172/1172 562/1167/1167 563/1174/1174
f 618/1172/1172 563/1174/1174 625/1173/1173
f 625/1173/1173 563/1174/1174 565/1175/1175
f 545/1148/1148 493/1149/1149 562/1167/1167
f 562/1167/1167 493/1149/1149 505/1168/1168
f 562/1167/1167 505/1168/1168 563/1174/1174
f 563/1174/1174 505/1168/1168 504/1176/1176
f 563/1174/1174 504/1176/1176 565/1175/1175
f 565/1175/1175 504/1176/1176 501/1177/1177
f 493/1149/1149 434/1150/1150 505/1168/1168
f 505/1168/1168 434/1150/1150 452/1178/1178
f 505/1168/1168 452/1178/1178 504/1176/1176
f 504/1176/1176 452/1178/1178 450/1179/1179
f 504/1176/1176 450/1179/1179 501/1177/1177
f 501/1177/1177 450/1179/1179 442/1180/1180
f 358/1151/1151 356/1152/1152 434/1150/1150
f 434/1150/1150 356/1152/1152 390/1169/1169
f 434/1150/1150 390/1169/1169 452/1178/1178
f 452/1178/1178 390/1169/1169 450/1179/1179
f 356/1152/1152 350/1153/1153 390/1169/1169
f 390/1169/1169 350/1153/1153 385/1181/1181
f 390/1169/1169 385/1181/1181 450/1179/1179
f 450/1179/1179 385/1181/1181 442/1180/1180
f 350/1153/1153 332/1154/1154 385/1181/1181
f 385/1181/1181 332/1154/1154 300/1155/1155
f 385/1181/1181 300/1155/1155 374/1182/1182
f 374/1182/1182 300/1155/1155 271/1156/1156
f 267/1157/1157 265/1158/1158 355/1159/1159
f 385/1181/1181 374/1182/1182 442/1180/1180
f 1109/1184/1184 1177/1390/1390 1143/1183/1183
f 1143/1183/1183 1177/1390/1390 1151/1330/1330
f 1143/1183/1183 1151/1330/1330 976/1331/1331
f 1177/1390/1390 1109/1184/1184 1161/1389/1389
f 1161/1389/1389 1109/1184/1184 1081/1185/1185
f 1161/1389/1389 1081/1185/1185 1105/1388/1388
f 1105/1388/1388 1081/1185/1185 1057/1186/1186
f 1105/1388/1388 1057/1186/1186 1067/1387/1387
f 1067/1387/1387 1057/1186/1186 1045/1187/1187
f 1067/1387/1387 1045/1187/1187 778/1386/1386
f 778/1386/1386 1045/1187/1187 775/1188/1188
f 778/1386/1386 775/1188/1188 772/1385/1385
f 772/1385/1385 775/1188/1188 714/1189/1189
f 772/1385/1385 714/1189/1189 669/1384/1384
f 669/1384/1384 714/1189/1189 629/1190/1190
f 669/1384/1384 629/1190/1190 584/1383/1383
f 584/1383/1383 629/1190/1190 571/1191/1191
f 584/1383/1383 571/1191/1191 520/1382/1382
f 520/1382/1382 571/1191/1191 499/1192/1192
f 520/1382/1382 499/1192/1192 435/1381/1381
f 435/1381/1381 499/1192/1192 438/1193/1193
f 435/1381/1381 438/1193/1193 315/1380/1380
f 315/1380/1380 438/1193/1193 355/1194/1194
f 315/1380/1380 355/1194/1194 241/1379/1379
f 241/1379/1379 355/1194/1194 265/1195/1195
f 241/1379/1379 265/1195/1195 255/1220/1220
f 255/1220/1220 265/1195/1195 445/1219/1219
f 445/1219/1219 265/1195/1195 453/1196/1196
f 445/1219/1219 453/1196/1196 475/1211/1211
f 475/1211/1211 453/1196/1196 494/1197/1197
f 475/1211/1211 494/1197/1197 507/1210/1210
f 507/1210/1210 494/1197/1197 538/1198/1198
f 507/1210/1210 538/1198/1198 544/1209/1209
f 544/1209/1209 538/1198/1198 578/1199/1199
f 544/1209/1209 578/1199/1199 587/1208/1208
f 587/1208/1208 578/1199/1199 616/1200/1200
f 587/1208/1208 616/1200/1200 626/1207/1207
f 626/1207/1207 616/1200/1200 647/1201/1201
f 626/1207/1207 647/1201/1201 657/1206/1206
f 657/1206/1206 647/1201/1201 677/1202/1202
f 657/1206/1206 677/1202/1202 686/1205/1205
f 686/1205/1205 677/1202/1202 701/1203/1203
f 686/1205/1205 701/1203/1203 708/1204/1204
f 475/1211/1211 427/1212/1212 445/1219/1219
f 445/1219/1219 427/1212/1212 409/1218/1218
f 409/1218/1218 427/1212/1212 393/1213/1213
f 409/1218/1218 393/1213/1213 382/1217/1217
f 382/1217/1217 393/1213/1213 364/1214/1214
f 382/1217/1217 364/1214/1214 352/1216/1216
f 352/1216/1216 364/1214/1214 342/1215/1215
f 241/1379/1379 255/1220/1220 219/1378/1378
f 219/1378/1378 255/1220/1220 231/1221/1221
f 219/1378/1378 231/1221/1221 171/1377/1377
f 171/1377/1377 231/1221/1221 212/1222/1222
f 171/1377/1377 212/1222/1222 141/1376/1376
f 141/1376/1376 212/1222/1222 193/1223/1223
f 141/1376/1376 193/1223/1223 131/1375/1375
f 131/1375/1375 193/1223/1223 153/1224/1224
f 131/1375/1375 153/1224/1224 127/1374/1374
f 127/1374/1374 153/1224/1224 145/1225/1225
f 127/1374/1374 145/1225/1225 123/1373/1373
f 123/1373/1373 145/1225/1225 137/1226/1226
f 123/1373/1373 137/1226/1226 119/1372/1372
f 119/1372/1372 137/1226/1226 133/1227/1227
f 119/1372/1372 133/1227/1227 95/1371/1371
f 95/1371/1371 133/1227/1227 134/1228/1228
f 95/1371/1371 134/1228/1228 135/1253/1253
f 135/1253/1253 134/1228/1228 336/1229/1229
f 135/1253/1253 336/1229/1229 337/1252/1252
f 337/1252/1252 336/1229/1229 362/1230/1230
f 337/1252/1252 362/1230/1230 363/1251/1251
f 363/1251/1251 362/1230/1230 391/1231/1231
f 363/1251/1251 391/1231/1231 392/1250/1250
f 392/1250/1250 391/1231/1231 423/1232/1232
f 392/1250/1250 423/1232/1232 424/1249/1249
f 424/1249/1249 423/1232/1232 459/1233/1233
f 424/1249/1249 459/1233/1233 460/1248/1248
f 460/1248/1248 459/1233/1233 497/1234/1234
f 460/1248/1248 497/1234/1234 498/1247/1247
f 498/1247/1247 497/1234/1234 540/1235/1235
f 498/1247/1247 540/1235/1235 541/1246/1246
f 541/1246/1246 540/1235/1235 580/1236/1236
f 541/1246/1246 580/1236/1236 581/1245/1245
f 581/1245/1245 580/1236/1236 623/1237/1237
f 581/1245/1245 623/1237/1237 624/1244/1244
f 624/1244/1244 623/1237/1237 653/1238/1238
f 624/1244/1244 653/1238/1238 654/1243/1243
f 654/1243/1243 653/1238/1238 680/1239/1239
f 654/1243/1243 680/1239/1239 681/1242/1242
f 681/1242/1242 680/1239/1239 706/1240/1240
f 681/1242/1242 706/1240/1240 707/1241/1241
f 95/1371/1371 135/1253/1253 96/1370/1370
f 96/1370/1370 135/1253/1253 136/1254/1254
f 96/1370/1370 136/1254/1254 117/1369/1369
f 117/1369/1369 136/1254/1254 138/1255/1255
f 117/1369/1369 138/1255/1255 121/1368/1368
f 121/1368/1368 138/1255/1255 146/1256/1256
f 121/1368/1368 146/1256/1256 125/1367/1367
f 125/1367/1367 146/1256/1256 154/1257/1257
f 125/1367/1367 154/1257/1257 129/1366/1366
f 129/1366/1366 154/1257/1257 194/1258/1258
f 129/1366/1366 194/1258/1258 139/1365/1365
f 139/1365/1365 194/1258/1258 211/1259/1259
f 139/1365/1365 211/1259/1259 169/1364/1364
f 169/1364/1364 211/1259/1259 232/1260/1260
f 169/1364/1364 232/1260/1260 215/1363/1363
f 215/1363/1363 232/1260/1260 256/1261/1261
f 215/1363/1363 256/1261/1261 239/1362/1362
f 239/1362/1362 256/1261/1261 266/1286/1286
f 239/1362/1362 266/1286/1286 354/1287/1287
f 256/1261/1261 446/1262/1262 266/1286/1286
f 266/1286/1286 446/1262/1262 454/1285/1285
f 454/1285/1285 446/1262/1262 474/1270/1270
f 454/1285/1285 474/1270/1270 495/1284/1284
f 495/1284/1284 474/1270/1270 506/1271/1271
f 495/1284/1284 506/1271/1271 539/1283/1283
f 539/1283/1283 506/1271/1271 543/1272/1272
f 539/1283/1283 543/1272/1272 579/1282/1282
f 579/1282/1282 543/1272/1272 586/1273/1273
f 579/1282/1282 586/1273/1273 617/1281/1281
f 617/1281/1281 586/1273/1273 627/1274/1274
f 617/1281/1281 627/1274/1274 648/1280/1280
f 648/1280/1280 627/1274/1274 656/1275/1275
f 648/1280/1280 656/1275/1275 678/1279/1279
f 678/1279/1279 656/1275/1275 685/1276/1276
f 678/1279/1279 685/1276/1276 702/1278/1278
f 702/1278/1278 685/1276/1276 709/1277/1277
f 474/1270/1270 446/1262/1262 428/1269/1269
f 428/1269/1269 446/1262/1262 410/1263/1263
f 428/1269/1269 410/1263/1263 394/1268/1268
f 394/1268/1268 410/1263/1263 383/1264/1264
f 394/1268/1268 383/1264/1264 365/1267/1267
f 365/1267/1267 383/1264/1264 353/1265/1265
f 365/1267/1267 353/1265/1265 343/1266/1266
f 239/1362/1362 354/1287/1287 309/1361/1361
f 309/1361/1361 354/1287/1287 437/1288/1288
f 309/1361/1361 437/1288/1288 431/1360/1360
f 431/1360/1360 437/1288/1288 496/1289/1289
f 431/1360/1360 496/1289/1289 518/1359/1359
f 518/1359/1359 496/1289/1289 566/1290/1290
f 518/1359/1359 566/1290/1290 582/1358/1358
f 582/1358/1358 566/1290/1290 628/1291/1291
f 582/1358/1358 628/1291/1291 667/1357/1357
f 667/1357/1357 628/1291/1291 713/1292/1292
f 667/1357/1357 713/1292/1292 770/1356/1356
f 770/1356/1356 713/1292/1292 774/1293/1293
f 770/1356/1356 774/1293/1293 776/1355/1355
f 776/1355/1355 774/1293/1293 1046/1294/1294
f 776/1355/1355 1046/1294/1294 1065/1404/1404
f 1065/1404/1404 1046/1294/1294 1058/1295/1295
f 1065/1404/1404 1058/1295/1295 1099/1403/1403
f 1099/1403/1403 1058/1295/1295 1082/1296/1296
f 1099/1403/1403 1082/1296/1296 1159/1402/1402
f 1159/1402/1402 1082/1296/1296 1110/1297/1297
f 1159/1402/1402 1110/1297/1297 1175/1401/1401
f 1175/1401/1401 1110/1297/1297 1144/1298/1298
f 1175/1401/1401 1144/1298/1298 1152/1323/1323
f 1152/1323/1323 1144/1298/1298 977/1322/1322
f 977/1322/1322 1144/1298/1298 967/1299/1299
f 977/1322/1322 967/1299/1299 965/1318/1318
f 965/1318/1318 967/1299/1299 953/1300/1300
f 965/1318/1318 953/1300/1300 947/1317/1317
f 947/1317/1317 953/1300/1300 939/1301/1301
f 947/1317/1317 939/1301/1301 935/1316/1316
f 935/1316/1316 939/1301/1301 919/1302/1302
f 935/1316/1316 919/1302/1302 917/1315/1315
f 917/1315/1315 919/1302/1302 899/1303/1303
f 917/1315/1315 899/1303/1303 897/1314/1314
f 897/1314/1314 899/1303/1303 879/1304/1304
f 897/1314/1314 879/1304/1304 877/1313/1313
f 877/1313/1313 879/1304/1304 859/1305/1305
f 877/1313/1313 859/1305/1305 857/1312/1312
f 857/1312/1312 859/1305/1305 841/1306/1306
f 857/1312/1312 841/1306/1306 839/1311/1311
f 839/1311/1311 841/1306/1306 831/1307/1307
f 839/1311/1311 831/1307/1307 829/1310/1310
f 829/1310/1310 831/1307/1307 817/1308/1308
f 829/1310/1310 817/1308/1308 813/1309/1309
f 965/1318/1318 993/1319/1319 977/1322/1322
f 977/1322/1322 993/1319/1319 997/1321/1321
f 997/1321/1321 993/1319/1319 1001/1320/1320
f 1175/1401/1401 1152/1323/1323 1179/1400/1400
f 1179/1400/1400 1152/1323/1323 1168/1324/1324
f 1179/1400/1400 1168/1324/1324 1183/1399/1399
f 1183/1399/1399 1168/1324/1324 1187/1398/1398
f 1187/1398/1398 1168/1324/1324 1172/1325/1325
f 1187/1398/1398 1172/1325/1325 1192/1397/1397
f 1192/1397/1397 1172/1325/1325 1174/1326/1326
f 1192/1397/1397 1174/1326/1326 1196/1396/1396
f 1196/1396/1396 1174/1326/1326 1173/1327/1327
f 1196/1396/1396 1173/1327/1327 1195/1395/1395
f 1195/1395/1395 1173/1327/1327 1191/1394/1394
f 1191/1394/1394 1173/1327/1327 1171/1328/1328
f 1191/1394/1394 1171/1328/1328 1189/1393/1393
f 1189/1393/1393 1171/1328/1328 1167/1329/1329
f 1189/1393/1393 1167/1329/1329 1185/1392/1392
f 1185/1392/1392 1167/1329/1329 1181/1391/1391
f 1181/1391/1391 1167/1329/1329 1151/1330/1330
f 1181/1391/1391 1151/1330/1330 1177/1390/1390
f 996/1332/1332 992/1334/1334 976/1331/1331
f 976/1331/1331 992/1334/1334 964/1335/1335
f 976/1331/1331 964/1335/1335 966/1354/1354
f 966/1354/1354 964/1335/1335 952/1353/1353
f 952/1353/1353 964/1335/1335 946/1336/1336
f 952/1353/1353 946/1336/1336 938/1352/1352
f 938/1352/1352 946/1336/1336 934/1337/1337
f 938/1352/1352 934/1337/1337 918/1351/1351
f 918/1351/1351 934/1337/1337 916/1338/1338
f 918/1351/1351 916/1338/1338 898/1350/1350
f 898/1350/1350 916/1338/1338 896/1339/1339
f 898/1350/1350 896/1339/1339 878/1349/1349
f 878/1349/1349 896/1339/1339 876/1340/1340
f 878/1349/1349 876/1340/1340 858/1348/1348
f 858/1348/1348 876/1340/1340 856/1341/1341
f 858/1348/1348 856/1341/1341 840/1347/1347
f 840/1347/1347 856/1341/1341 838/1342/1342
f 840/1347/1347 838/1342/1342 830/1346/1346
f 830/1346/1346 838/1342/1342 828/1343/1343
f 830/1346/1346 828/1343/1343 816/1345/1345
f 816/1345/1345 828/1343/1343 812/1344/1344
f 996/1332/1332 1000/1333/1333 992/1334/1334
f 966/1354/1354 1143/1183/1183 976/1331/1331
f 1132/1421/1421 1136/1405/1405 1140/1424/1424
f 1140/1424/1424 1136/1405/1405 1146/1406/1406
f 1140/1424/1424 1146/1406/1406 1158/1407/1407
f 1140/1424/1424 1158/1407/1407 1156/1423/1423
f 1156/1423/1423 1158/1407/1407 1170/1408/1408
f 1156/1423/1423 1170/1408/1408 1166/1422/1422
f 1166/1422/1422 1170/1408/1408 1174/1409/1409
f 1166/1422/1422 1174/1409/1409 1172/1410/1410
f 1166/1422/1422 1172/1410/1410 1164/1425/1425
f 1164/1425/1425 1172/1410/1410 1168/1411/1411
f 1164/1425/1425 1168/1411/1411 1154/1428/1428
f 1154/1428/1428 1168/1411/1411 1133/1414/1414
f 1154/1428/1428 1133/1414/1414 1125/1415/1415
f 1152/1412/1412 1150/1413/1413 1168/1411/1411
f 1168/1411/1411 1150/1413/1413 1133/1414/1414
f 1154/1428/1428 1125/1415/1415 1124/1429/1429
f 1124/1429/1429 1125/1415/1415 1120/1416/1416
f 1124/1429/1429 1120/1416/1416 1112/1417/1417
f 1124/1429/1429 1112/1417/1417 1116/1430/1430
f 1116/1430/1430 1112/1417/1417 1108/1418/1418
f 1116/1430/1430 1108/1418/1418 1122/1420/1420
f 1122/1420/1420 1108/1418/1418 1103/1419/1419
f 1116/1430/1430 1122/1420/1420 1128/1427/1427
f 1128/1427/1427 1122/1420/1420 1132/1421/1421
f 1128/1427/1427 1132/1421/1421 1140/1424/1424
f 1128/1427/1427 1140/1424/1424 1156/1423/1423
f 1156/1423/1423 1166/1422/1422 1148/1426/1426
f 1148/1426/1426 1166/1422/1422 1164/1425/1425
f 1148/1426/1426 1164/1425/1425 1124/1429/1429
f 1124/1429/1429 1164/1425/1425 1154/1428/1428
f 1116/1430/1430 1128/1427/1427 1148/1426/1426
f 1148/1426/1426 1128/1427/1427 1156/1423/1423
f 1116/1430/1430 1148/1426/1426 1124/1429/1429
f 1136/1440/1440 1135/1431/1431 1146/1439/1439
f 1146/1439/1439 1135/1431/1431 1145/1432/1432
f 1146/1439/1439 1145/1432/1432 1158/1438/1438
f 1158/1438/1438 1145/1432/1432 1157/1433/1433
f 1158/1438/1438 1157/1433/1433 1170/1437/1437
f 1170/1437/1437 1157/1433/1433 1169/1434/1434
f 1170/1437/1437 1169/1434/1434 1174/1436/1436
f 1174/1436/1436 1169/1434/1434 1173/1435/1435
f 1101/1441/1441 1107/1442/1442 1121/1457/1457
f 1121/1457/1457 1107/1442/1442 1115/1460/1460
f 1121/1457/1457 1115/1460/1460 1127/1463/1463
f 1127/1463/1463 1115/1460/1460 1123/1459/1459
f 1127/1463/1463 1123/1459/1459 1147/1462/1462
f 1147/1462/1462 1123/1459/1459 1153/1458/1458
f 1147/1462/1462 1153/1458/1458 1163/1461/1461
f 1163/1461/1461 1153/1458/1458 1167/1449/1449
f 1163/1461/1461 1167/1449/1449 1171/1450/1450
f 1107/1442/1442 1111/1443/1443 1115/1460/1460
f 1115/1460/1460 1111/1443/1443 1123/1459/1459
f 1111/1443/1443 1119/1444/1444 1123/1459/1459
f 1123/1459/1459 1119/1444/1444 1126/1445/1445
f 1123/1459/1459 1126/1445/1445 1153/1458/1458
f 1153/1458/1458 1126/1445/1445 1134/1446/1446
f 1153/1458/1458 1134/1446/1446 1167/1449/1449
f 1167/1449/1449 1134/1446/1446 1149/1447/1447
f 1167/1449/1449 1149/1447/1447 1151/1448/1448
f 1163/1461/1461 1171/1450/1450 1165/1464/1464
f 1165/1464/1464 1171/1450/1450 1173/1451/1451
f 1165/1464/1464 1173/1451/1451 1169/1452/1452
f 1169/1452/1452 1157/1453/1453 1165/1464/1464
f 1165/1464/1464 1157/1453/1453 1155/1465/1465
f 1165/1464/1464 1155/1465/1465 1163/1461/1461
f 1163/1461/1461 1155/1465/1465 1147/1462/1462
f 1157/1453/1453 1145/1454/1454 1155/1465/1465
f 1155/1465/1465 1145/1454/1454 1139/1466/1466
f 1155/1465/1465 1139/1466/1466 1147/1462/1462
f 1147/1462/1462 1139/1466/1466 1127/1463/1463
f 1145/1454/1454 1135/1455/1455 1139/1466/1466
f 1139/1466/1466 1135/1455/1455 1131/1456/1456
f 1139/1466/1466 1131/1456/1456 1127/1463/1463
f 1127/1463/1463 1131/1456/1456 1121/1457/1457
f 264/1467/1467 402/1468/1468 262/1472/1472
f 262/1472/1472 402/1468/1468 401/1469/1469
f 262/1472/1472 401/1469/1469 260/1471/1471
f 260/1471/1471 401/1469/1469 258/1470/1470
f 1135/1473/1473 1136/1474/1474 1137/1476/1476
f 1137/1476/1476 1136/1474/1474 1138/1475/1475
f 401/1524/1524 402/1477/1477 339/1523/1523
f 339/1523/1523 402/1477/1477 341/1478/1478
f 339/1523/1523 341/1478/1478 296/1522/1522
f 296/1522/1522 341/1478/1478 297/1479/1479
f 296/1522/1522 297/1479/1479 274/1521/1521
f 274/1521/1521 297/1479/1479 276/1480/1480
f 274/1521/1521 276/1480/1480 278/1520/1520
f 278/1520/1520 276/1480/1480 280/1481/1481
f 278/1520/1520 280/1481/1481 312/1519/1519
f 312/1519/1519 280/1481/1481 314/1482/1482
f 312/1519/1519 314/1482/1482 369/1518/1518
f 369/1518/1518 314/1482/1482 370/1483/1483
f 369/1518/1518 370/1483/1483 413/1517/1517
f 413/1517/1517 370/1483/1483 414/1484/1484
f 413/1517/1517 414/1484/1484 461/1516/1516
f 461/1516/1516 414/1484/1484 462/1485/1485
f 461/1516/1516 462/1485/1485 514/1515/1515
f 514/1515/1515 462/1485/1485 515/1486/1486
f 514/1515/1515 515/1486/1486 552/1514/1514
f 552/1514/1514 515/1486/1486 553/1487/1487
f 552/1514/1514 553/1487/1487 596/1513/1513
f 596/1513/1513 553/1487/1487 597/1488/1488
f 596/1513/1513 597/1488/1488 636/1512/1512
f 636/1512/1512 597/1488/1488 637/1489/1489
f 636/1512/1512 637/1489/1489 688/1511/1511
f 688/1511/1511 637/1489/1489 689/1490/1490
f 688/1511/1511 689/1490/1490 727/1510/1510
f 727/1510/1510 689/1490/1490 728/1491/1491
f 727/1510/1510 728/1491/1491 754/1509/1509
f 754/1509/1509 728/1491/1491 756/1492/1492
f 754/1509/1509 756/1492/1492 762/1508/1508
f 762/1508/1508 756/1492/1492 764/1493/1493
f 762/1508/1508 764/1493/1493 739/1507/1507
f 739/1507/1507 764/1493/1493 741/1494/1494
f 739/1507/1507 741/1494/1494 698/1506/1506
f 698/1506/1506 741/1494/1494 700/1495/1495
f 698/1506/1506 700/1495/1495 651/1505/1505
f 651/1505/1505 700/1495/1495 652/1496/1496
f 651/1505/1505 652/1496/1496 608/1504/1504
f 608/1504/1504 652/1496/1496 609/1497/1497
f 608/1504/1504 609/1497/1497 569/1503/1503
f 569/1503/1503 609/1497/1497 570/1498/1498
f 569/1503/1503 570/1498/1498 528/1502/1502
f 528/1502/1502 570/1498/1498 529/1499/1499
f 528/1502/1502 529/1499/1499 484/1501/1501
f 484/1501/1501 529/1499/1499 485/1500/1500
f 662/1548/1548 745/1525/1525 671/1551/1551
f 671/1551/1551 745/1525/1525 752/1526/1526
f 671/1551/1551 752/1526/1526 766/1527/1527
f 671/1551/1551 766/1527/1527 673/1550/1550
f 673/1550/1550 766/1527/1527 768/1528/1528
f 673/1550/1550 768/1528/1528 687/1549/1549
f 687/1549/1549 768/1528/1528 774/1529/1529
f 687/1549/1549 774/1529/1529 713/1530/1530
f 687/1549/1549 713/1530/1530 622/1552/1552
f 622/1552/1552 713/1530/1530 628/1531/1531
f 622/1552/1552 628/1531/1531 564/1555/1555
f 564/1555/1555 628/1531/1531 566/1532/1532
f 564/1555/1555 566/1532/1532 500/1558/1558
f 500/1558/1558 566/1532/1532 496/1533/1533
f 500/1558/1558 496/1533/1533 441/1561/1561
f 441/1561/1561 496/1533/1533 437/1534/1534
f 441/1561/1561 437/1534/1534 373/1564/1564
f 373/1564/1564 437/1534/1534 354/1535/1535
f 373/1564/1564 354/1535/1535 272/1538/1538
f 272/1538/1538 354/1535/1535 268/1537/1537
f 268/1537/1537 354/1535/1535 266/1536/1536
f 272/1538/1538 304/1539/1539 373/1564/1564
f 373/1564/1564 304/1539/1539 384/1565/1565
f 373/1564/1564 384/1565/1565 441/1561/1561
f 441/1561/1561 384/1565/1565 449/1562/1562
f 441/1561/1561 449/1562/1562 500/1558/1558
f 500/1558/1558 449/1562/1562 502/1559/1559
f 500/1558/1558 502/1559/1559 564/1555/1555
f 564/1555/1555 502/1559/1559 557/1556/1556
f 564/1555/1555 557/1556/1556 622/1552/1552
f 622/1552/1552 557/1556/1556 615/1553/1553
f 622/1552/1552 615/1553/1553 687/1549/1549
f 687/1549/1549 615/1553/1553 673/1550/1550
f 304/1539/1539 333/1540/1540 384/1565/1565
f 384/1565/1565 333/1540/1540 351/1541/1541
f 384/1565/1565 351/1541/1541 389/1566/1566
f 389/1566/1566 351/1541/1541 357/1542/1542
f 389/1566/1566 357/1542/1542 433/1544/1544
f 433/1544/1544 357/1542/1542 359/1543/1543
f 389/1566/1566 433/1544/1544 451/1563/1563
f 451/1563/1563 433/1544/1544 492/1545/1545
f 451/1563/1563 492/1545/1545 503/1560/1560
f 503/1560/1560 492/1545/1545 542/1546/1546
f 503/1560/1560 542/1546/1546 556/1557/1557
f 556/1557/1557 542/1546/1546 600/1547/1547
f 556/1557/1557 600/1547/1547 613/1554/1554
f 613/1554/1554 600/1547/1547 662/1548/1548
f 613/1554/1554 662/1548/1548 671/1551/1551
f 613/1554/1554 671/1551/1551 673/1550/1550
f 613/1554/1554 673/1550/1550 615/1553/1553
f 556/1557/1557 613/1554/1554 615/1553/1553
f 556/1557/1557 615/1553/1553 557/1556/1556
f 503/1560/1560 556/1557/1557 557/1556/1556
f 503/1560/1560 557/1556/1556 502/1559/1559
f 451/1563/1563 503/1560/1560 502/1559/1559
f 451/1563/1563 502/1559/1559 449/1562/1562
f 389/1566/1566 451/1563/1563 449/1562/1562
f 389/1566/1566 449/1562/1562 384/1565/1565
f 745/1576/1576 1026/1567/1567 752/1575/1575
f 752/1575/1575 1026/1567/1567 1036/1568/1568
f 752/1575/1575 1036/1568/1568 766/1574/1574
f 766/1574/1574 1036/1568/1568 1042/1569/1569
f 766/1574/1574 1042/1569/1569 768/1573/1573
f 768/1573/1573 1042/1569/1569 1044/1570/1570
f 768/1573/1573 1044/1570/1570 774/1572/1572
f 774/1572/1572 1044/1570/1570 1046/1571/1571
f 1077/1577/1577 1080/1578/1578 1062/1594/1594
f 1062/1594/1594 1080/1578/1578 1074/1597/1597
f 1062/1594/1594 1074/1597/1597 1060/1600/1600
f 1060/1600/1600 1074/1597/1597 1084/1596/1596
f 1060/1600/1600 1084/1596/1596 1064/1599/1599
f 1064/1599/1599 1084/1596/1596 1094/1595/1595
f 1064/1599/1599 1094/1595/1595 1072/1598/1598
f 1072/1598/1598 1094/1595/1595 1110/1585/1585
f 1072/1598/1598 1110/1585/1585 1082/1586/1586
f 1080/1578/1578 1086/1579/1579 1074/1597/1597
f 1074/1597/1597 1086/1579/1579 1084/1596/1596
f 1086/1579/1579 1090/1580/1580 1084/1596/1596
f 1084/1596/1596 1090/1580/1580 1098/1581/1581
f 1084/1596/1596 1098/1581/1581 1094/1595/1595
f 1094/1595/1595 1098/1581/1581 1118/1582/1582
f 1094/1595/1595 1118/1582/1582 1110/1585/1585
f 1110/1585/1585 1118/1582/1582 1142/1583/1583
f 1110/1585/1585 1142/1583/1583 1144/1584/1584
f 1072/1598/1598 1082/1586/1586 1056/1601/1601
f 1056/1601/1601 1082/1586/1586 1058/1587/1587
f 1056/1601/1601 1058/1587/1587 1044/1589/1589
f 1044/1589/1589 1058/1587/1587 1046/1588/1588
f 1044/1589/1589 1042/1590/1590 1056/1601/1601
f 1056/1601/1601 1042/1590/1590 1052/1602/1602
f 1056/1601/1601 1052/1602/1602 1072/1598/1598
f 1072/1598/1598 1052/1602/1602 1064/1599/1599
f 1042/1590/1590 1036/1591/1591 1052/1602/1602
f 1052/1602/1602 1036/1591/1591 1048/1603/1603
f 1052/1602/1602 1048/1603/1603 1064/1599/1599
f 1064/1599/1599 1048/1603/1603 1060/1600/1600
f 1036/1591/1591 1026/1592/1592 1048/1603/1603
f 1048/1603/1603 1026/1592/1592 1050/1593/1593
f 1048/1603/1603 1050/1593/1593 1060/1600/1600
f 1060/1600/1600 1050/1593/1593 1062/1594/1594
f 1026/1604/1604 745/1605/1605 1028/1607/1607
f 1028/1607/1607 745/1605/1605 746/1606/1606
f 361/1609/1609 359/1610/1610 485/1608/1608
f 485/1608/1608 359/1610/1610 484/1613/1613
f 484/1613/1613 359/1610/1610 357/1611/1611
f 484/1613/1613 357/1611/1611 351/1612/1612
f 181/1626/1626 182/1614/1614 176/1625/1625
f 176/1625/1625 182/1614/1614 166/1615/1615
f 176/1625/1625 166/1615/1615 168/1624/1624
f 168/1624/1624 166/1615/1615 164/1623/1623
f 164/1623/1623 166/1615/1615 160/1616/1616
f 164/1623/1623 160/1616/1616 157/1622/1622
f 157/1622/1622 160/1616/1616 151/1621/1621
f 151/1621/1621 160/1616/1616 148/1617/1617
f 151/1621/1621 148/1617/1617 143/1620/1620
f 143/1620/1620 148/1617/1617 136/1618/1618
f 143/1620/1620 136/1618/1618 135/1619/1619
f 260/1628/1628 245/1658/1658 262/1627/1627
f 262/1627/1627 245/1658/1658 230/1655/1655
f 262/1627/1627 230/1655/1655 234/1650/1650
f 234/1650/1650 230/1655/1655 218/1654/1654
f 234/1650/1650 218/1654/1654 224/1649/1649
f 224/1649/1649 218/1654/1654 206/1653/1653
f 224/1649/1649 206/1653/1653 208/1648/1648
f 208/1648/1648 206/1653/1653 196/1652/1652
f 208/1648/1648 196/1652/1652 198/1647/1647
f 198/1647/1647 196/1652/1652 178/1651/1651
f 198/1647/1647 178/1651/1651 190/1646/1646
f 190/1646/1646 178/1651/1651 166/1644/1644
f 190/1646/1646 166/1644/1644 182/1645/1645
f 260/1628/1628 258/1629/1629 245/1658/1658
f 245/1658/1658 258/1629/1629 238/1657/1657
f 245/1658/1658 238/1657/1657 226/1660/1660
f 226/1660/1660 238/1657/1657 222/1659/1659
f 226/1660/1660 222/1659/1659 203/1661/1661
f 203/1661/1661 222/1659/1659 194/1637/1637
f 203/1661/1661 194/1637/1637 154/1638/1638
f 258/1629/1629 249/1630/1630 238/1657/1657
f 238/1657/1657 249/1630/1630 247/1631/1631
f 238/1657/1657 247/1631/1631 236/1656/1656
f 236/1656/1656 247/1631/1631 252/1632/1632
f 236/1656/1656 252/1632/1632 232/1635/1635
f 232/1635/1635 252/1632/1632 254/1633/1633
f 232/1635/1635 254/1633/1633 256/1634/1634
f 232/1635/1635 211/1636/1636 236/1656/1656
f 236/1656/1656 211/1636/1636 222/1659/1659
f 236/1656/1656 222/1659/1659 238/1657/1657
f 211/1636/1636 194/1637/1637 222/1659/1659
f 203/1661/1661 154/1638/1638 188/1663/1663
f 188/1663/1663 154/1638/1638 146/1639/1639
f 188/1663/1663 146/1639/1639 156/1665/1665
f 156/1665/1665 146/1639/1639 138/1640/1640
f 156/1665/1665 138/1640/1640 150/1667/1667
f 150/1667/1667 138/1640/1640 136/1641/1641
f 150/1667/1667 136/1641/1641 148/1642/1642
f 150/1667/1667 148/1642/1642 162/1668/1668
f 162/1668/1668 148/1642/1642 160/1643/1643
f 162/1668/1668 160/1643/1643 178/1651/1651
f 178/1651/1651 160/1643/1643 166/1644/1644
f 162/1668/1668 178/1651/1651 196/1652/1652
f 230/1655/1655 245/1658/1658 226/1660/1660
f 230/1655/1655 226/1660/1660 210/1662/1662
f 210/1662/1662 226/1660/1660 203/1661/1661
f 210/1662/1662 203/1661/1661 188/1663/1663
f 230/1655/1655 210/1662/1662 218/1654/1654
f 218/1654/1654 210/1662/1662 200/1664/1664
f 218/1654/1654 200/1664/1664 206/1653/1653
f 206/1653/1653 200/1664/1664 173/1666/1666
f 206/1653/1653 173/1666/1666 196/1652/1652
f 196/1652/1652 173/1666/1666 162/1668/1668
f 200/1664/1664 210/1662/1662 188/1663/1663
f 173/1666/1666 200/1664/1664 156/1665/1665
f 156/1665/1665 200/1664/1664 188/1663/1663
f 162/1668/1668 173/1666/1666 150/1667/1667
f 150/1667/1667 173/1666/1666 156/1665/1665
f 97/1680/1680 98/1669/1669 91/1679/1679
f 91/1679/1679 98/1669/1669 92/1670/1670
f 91/1679/1679 92/1670/1670 75/1678/1678
f 75/1678/1678 92/1670/1670 76/1671/1671
f 75/1678/1678 76/1671/1671 63/1677/1677
f 63/1677/1677 76/1671/1671 64/1672/1672
f 63/1677/1677 64/1672/1672 47/1675/1675
f 47/1675/1675 64/1672/1672 48/1674/1674
f 48/1674/1674 64/1672/1672 52/1673/1673
f 47/1675/1675 51/1676/1676 63/1677/1677
f 1198/1692/1692 1197/1681/1681 1218/1691/1691
f 1218/1691/1691 1197/1681/1681 1217/1682/1682
f 1218/1691/1691 1217/1682/1682 1234/1690/1690
f 1234/1690/1690 1217/1682/1682 1233/1683/1683
f 1234/1690/1690 1233/1683/1683 1246/1689/1689
f 1246/1689/1689 1233/1683/1683 1245/1684/1684
f 1246/1689/1689 1245/1684/1684 1262/1687/1687
f 1262/1687/1687 1245/1684/1684 1261/1686/1686
f 1261/1686/1686 1245/1684/1684 1257/1685/1685
f 1262/1687/1687 1258/1688/1688 1246/1689/1689
f 1207/1694/1694 1231/1721/1721 1205/1693/1693
f 1205/1693/1693 1231/1721/1721 1229/1722/1722
f 1205/1693/1693 1229/1722/1722 1203/1718/1718
f 1203/1718/1718 1229/1722/1722 1225/1723/1723
f 1203/1718/1718 1225/1723/1723 1201/1717/1717
f 1201/1717/1717 1225/1723/1723 1221/1724/1724
f 1201/1717/1717 1221/1724/1724 1199/1716/1716
f 1199/1716/1716 1221/1724/1724 1217/1714/1714
f 1199/1716/1716 1217/1714/1714 1197/1715/1715
f 1231/1721/1721 1207/1694/1694 1227/1720/1720
f 1227/1720/1720 1207/1694/1694 1209/1695/1695
f 1227/1720/1720 1209/1695/1695 1223/1719/1719
f 1223/1719/1719 1209/1695/1695 1211/1696/1696
f 1223/1719/1719 1211/1696/1696 1219/1698/1698
f 1219/1698/1698 1211/1696/1696 1213/1697/1697
f 1223/1719/1719 1219/1698/1698 1239/1725/1725
f 1239/1725/1725 1219/1698/1698 1235/1699/1699
f 1239/1725/1725 1235/1699/1699 1255/1731/1731
f 1255/1731/1731 1235/1699/1699 1247/1700/1700
f 1255/1731/1731 1247/1700/1700 1271/1737/1737
f 1271/1737/1737 1247/1700/1700 1259/1701/1701
f 1271/1737/1737 1259/1701/1701 1279/1743/1743
f 1279/1743/1743 1259/1701/1701 1283/1703/1703
f 1279/1743/1743 1283/1703/1703 1299/1704/1704
f 1259/1701/1701 1263/1702/1702 1283/1703/1703
f 1279/1743/1743 1299/1704/1704 1295/1744/1744
f 1295/1744/1744 1299/1704/1704 1307/1705/1705
f 1295/1744/1744 1307/1705/1705 1303/1745/1745
f 1303/1745/1745 1307/1705/1705 1309/1706/1706
f 1303/1745/1745 1309/1706/1706 1301/1746/1746
f 1301/1746/1746 1309/1706/1706 1305/1707/1707
f 1301/1746/1746 1305/1707/1707 1293/1747/1747
f 1293/1747/1747 1305/1707/1707 1297/1708/1708
f 1293/1747/1747 1297/1708/1708 1277/1748/1748
f 1277/1748/1748 1297/1708/1708 1281/1709/1709
f 1277/1748/1748 1281/1709/1709 1257/1711/1711
f 1257/1711/1711 1281/1709/1709 1261/1710/1710
f 1277/1748/1748 1257/1711/1711 1269/1742/1742
f 1269/1742/1742 1257/1711/1711 1245/1712/1712
f 1269/1742/1742 1245/1712/1712 1253/1736/1736
f 1253/1736/1736 1245/1712/1712 1233/1713/1713
f 1253/1736/1736 1233/1713/1713 1237/1730/1730
f 1237/1730/1730 1233/1713/1713 1217/1714/1714
f 1237/1730/1730 1217/1714/1714 1221/1724/1724
f 1227/1720/1720 1223/1719/1719 1243/1726/1726
f 1243/1726/1726 1223/1719/1719 1239/1725/1725
f 1243/1726/1726 1239/1725/1725 1267/1732/1732
f 1267/1732/1732 1239/1725/1725 1255/1731/1731
f 1267/1732/1732 1255/1731/1731 1287/1738/1738
f 1287/1738/1738 1255/1731/1731 1271/1737/1737
f 1287/1738/1738 1271/1737/1737 1295/1744/1744
f 1295/1744/1744 1271/1737/1737 1279/1743/1743
f 1231/1721/1721 1227/1720/1720 1251/1727/1727
f 1251/1727/1727 1227/1720/1720 1243/1726/1726
f 1251/1727/1727 1243/1726/1726 1275/1733/1733
f 1275/1733/1733 1243/1726/1726 1267/1732/1732
f 1275/1733/1733 1267/1732/1732 1291/1739/1739
f 1291/1739/1739 1267/1732/1732 1287/1738/1738
f 1291/1739/1739 1287/1738/1738 1303/1745/1745
f 1303/1745/1745 1287/1738/1738 1295/1744/1744
f 1229/1722/1722 1231/1721/1721 1249/1728/1728
f 1249/1728/1728 1231/1721/1721 1251/1727/1727
f 1249/1728/1728 1251/1727/1727 1273/1734/1734
f 1273/1734/1734 1251/1727/1727 1275/1733/1733
f 1273/1734/1734 1275/1733/1733 1289/1740/1740
f 1289/1740/1740 1275/1733/1733 1291/1739/1739
f 1289/1740/1740 1291/1739/1739 1301/1746/1746
f 1301/1746/1746 1291/1739/1739 1303/1745/1745
f 1237/1730/1730 1221/1724/1724 1225/1723/1723
f 1225/1723/1723 1229/1722/1722 1241/1729/1729
f 1241/1729/1729 1229/1722/1722 1249/1728/1728
f 1241/1729/1729 1249/1728/1728 1265/1735/1735
f 1265/1735/1735 1249/1728/1728 1273/1734/1734
f 1265/1735/1735 1273/1734/1734 1285/1741/1741
f 1285/1741/1741 1273/1734/1734 1289/1740/1740
f 1285/1741/1741 1289/1740/1740 1293/1747/1747
f 1293/1747/1747 1289/1740/1740 1301/1746/1746
f 1253/1736/1736 1237/1730/1730 1241/1729/1729
f 1241/1729/1729 1237/1730/1730 1225/1723/1723
f 1253/1736/1736 1241/1729/1729 1265/1735/1735
f 1269/1742/1742 1253/1736/1736 1265/1735/1735
f 1269/1742/1742 1265/1735/1735 1285/1741/1741
f 1277/1748/1748 1269/1742/1742 1285/1741/1741
f 1277/1748/1748 1285/1741/1741 1293/1747/1747
f 1263/1766/1766 1264/1749/1749 1283/1765/1765
f 1283/1765/1765 1264/1749/1749 1284/1750/1750
f 1283/1765/1765 1284/1750/1750 1300/1751/1751
f 1283/1765/1765 1300/1751/1751 1299/1764/1764
f 1299/1764/1764 1300/1751/1751 1308/1752/1752
f 1299/1764/1764 1308/1752/1752 1307/1763/1763
f 1307/1763/1763 1308/1752/1752 1310/1753/1753
f 1307/1763/1763 1310/1753/1753 1309/1762/1762
f 1309/1762/1762 1310/1753/1753 1306/1754/1754
f 1309/1762/1762 1306/1754/1754 1305/1761/1761
f 1305/1761/1761 1306/1754/1754 1298/1755/1755
f 1305/1761/1761 1298/1755/1755 1297/1760/1760
f 1297/1760/1760 1298/1755/1755 1282/1756/1756
f 1297/1760/1760 1282/1756/1756 1281/1759/1759
f 1281/1759/1759 1282/1756/1756 1261/1758/1758
f 1261/1758/1758 1282/1756/1756 1262/1757/1757
f 1214/1767/1767 1212/1768/1768 1220/1792/1792
f 1220/1792/1792 1212/1768/1768 1224/1798/1798
f 1220/1792/1792 1224/1798/1798 1240/1804/1804
f 1240/1804/1804 1224/1798/1798 1228/1797/1797
f 1240/1804/1804 1228/1797/1797 1244/1803/1803
f 1244/1803/1803 1228/1797/1797 1232/1796/1796
f 1244/1803/1803 1232/1796/1796 1252/1802/1802
f 1252/1802/1802 1232/1796/1796 1230/1795/1795
f 1252/1802/1802 1230/1795/1795 1250/1801/1801
f 1250/1801/1801 1230/1795/1795 1226/1794/1794
f 1250/1801/1801 1226/1794/1794 1242/1800/1800
f 1242/1800/1800 1226/1794/1794 1222/1793/1793
f 1242/1800/1800 1222/1793/1793 1238/1799/1799
f 1238/1799/1799 1222/1793/1793 1218/1776/1776
f 1238/1799/1799 1218/1776/1776 1234/1777/1777
f 1212/1768/1768 1210/1769/1769 1224/1798/1798
f 1224/1798/1798 1210/1769/1769 1228/1797/1797
f 1210/1769/1769 1208/1770/1770 1228/1797/1797
f 1228/1797/1797 1208/1770/1770 1232/1796/1796
f 1208/1770/1770 1206/1771/1771 1232/1796/1796
f 1232/1796/1796 1206/1771/1771 1230/1795/1795
f 1206/1771/1771 1204/1772/1772 1230/1795/1795
f 1230/1795/1795 1204/1772/1772 1226/1794/1794
f 1204/1772/1772 1202/1773/1773 1226/1794/1794
f 1226/1794/1794 1202/1773/1773 1222/1793/1793
f 1202/1773/1773 1200/1774/1774 1222/1793/1793
f 1222/1793/1793 1200/1774/1774 1218/1776/1776
f 1200/1774/1774 1198/1775/1775 1218/1776/1776
f 1238/1799/1799 1234/1777/1777 1254/1805/1805
f 1254/1805/1805 1234/1777/1777 1246/1778/1778
f 1254/1805/1805 1246/1778/1778 1270/1811/1811
f 1270/1811/1811 1246/1778/1778 1258/1779/1779
f 1270/1811/1811 1258/1779/1779 1278/1817/1817
f 1278/1817/1817 1258/1779/1779 1282/1781/1781
f 1278/1817/1817 1282/1781/1781 1298/1782/1782
f 1258/1779/1779 1262/1780/1780 1282/1781/1781
f 1278/1817/1817 1298/1782/1782 1294/1818/1818
f 1294/1818/1818 1298/1782/1782 1306/1783/1783
f 1294/1818/1818 1306/1783/1783 1302/1819/1819
f 1302/1819/1819 1306/1783/1783 1310/1784/1784
f 1302/1819/1819 1310/1784/1784 1304/1820/1820
f 1304/1820/1820 1310/1784/1784 1308/1785/1785
f 1304/1820/1820 1308/1785/1785 1296/1821/1821
f 1296/1821/1821 1308/1785/1785 1300/1786/1786
f 1296/1821/1821 1300/1786/1786 1280/1822/1822
f 1280/1822/1822 1300/1786/1786 1284/1787/1787
f 1280/1822/1822 1284/1787/1787 1260/1789/1789
f 1260/1789/1789 1284/1787/1787 1264/1788/1788
f 1280/1822/1822 1260/1789/1789 1272/1816/1816
f 1272/1816/1816 1260/1789/1789 1248/1790/1790
f 1272/1816/1816 1248/1790/1790 1256/1810/1810
f 1256/1810/1810 1248/1790/1790 1236/1791/1791
f 1256/1810/1810 1236/1791/1791 1240/1804/1804
f 1240/1804/1804 1236/1791/1791 1220/1792/1792
f 1242/1800/1800 1238/1799/1799 1266/1806/1806
f 1266/1806/1806 1238/1799/1799 1254/1805/1805
f 1266/1806/1806 1254/1805/1805 1286/1812/1812
f 1286/1812/1812 1254/1805/1805 1270/1811/1811
f 1286/1812/1812 1270/1811/1811 1294/1818/1818
f 1294/1818/1818 1270/1811/1811 1278/1817/1817
f 1250/1801/1801 1242/1800/1800 1274/1807/1807
f 1274/1807/1807 1242/1800/1800 1266/1806/1806
f 1274/1807/1807 1266/1806/1806 1290/1813/1813
f 1290/1813/1813 1266/1806/1806 1286/1812/1812
f 1290/1813/1813 1286/1812/1812 1302/1819/1819
f 1302/1819/1819 1286/1812/1812 1294/1818/1818
f 1252/1802/1802 1250/1801/1801 1276/1808/1808
f 1276/1808/1808 1250/1801/1801 1274/1807/1807
f 1276/1808/1808 1274/1807/1807 1292/1814/1814
f 1292/1814/1814 1274/1807/1807 1290/1813/1813
f 1292/1814/1814 1290/1813/1813 1304/1820/1820
f 1304/1820/1820 1290/1813/1813 1302/1819/1819
f 1256/1810/1810 1240/1804/1804 1244/1803/1803
f 1244/1803/1803 1252/1802/1802 1268/1809/1809
f 1268/1809/1809 1252/1802/1802 1276/1808/1808
f 1268/1809/1809 1276/1808/1808 1288/1815/1815
f 1288/1815/1815 1276/1808/1808 1292/1814/1814
f 1288/1815/1815 1292/1814/1814 1296/1821/1821
f 1296/1821/1821 1292/1814/1814 1304/1820/1820
f 1272/1816/1816 1256/1810/1810 1268/1809/1809
f 1268/1809/1809 1256/1810/1810 1244/1803/1803
f 1272/1816/1816 1268/1809/1809 1288/1815/1815
f 1280/1822/1822 1272/1816/1816 1288/1815/1815
f 1280/1822/1822 1288/1815/1815 1296/1821/1821
f 1213/1834/1834 1214/1823/1823 1219/1833/1833
f 1219/1833/1833 1214/1823/1823 1220/1824/1824
f 1219/1833/1833 1220/1824/1824 1235/1832/1832
f 1235/1832/1832 1220/1824/1824 1236/1825/1825
f 1235/1832/1832 1236/1825/1825 1247/1831/1831
f 1247/1831/1831 1236/1825/1825 1248/1826/1826
f 1247/1831/1831 1248/1826/1826 1263/1829/1829
f 1263/1829/1829 1248/1826/1826 1264/1828/1828
f 1264/1828/1828 1248/1826/1826 1260/1827/1827
f 1263/1829/1829 1259/1830/1830 1247/1831/1831
f 50/1835/1835 30/1836/1836 54/1860/1860
f 54/1860/1860 30/1836/1836 34/1866/1866
f 54/1860/1860 34/1866/1866 42/1872/1872
f 42/1872/1872 34/1866/1866 18/1865/1865
f 42/1872/1872 18/1865/1865 26/1871/1871
f 26/1871/1871 18/1865/1865 10/1864/1864
f 26/1871/1871 10/1864/1864 22/1870/1870
f 22/1870/1870 10/1864/1864 8/1863/1863
f 22/1870/1870 8/1863/1863 20/1869/1869
f 20/1869/1869 8/1863/1863 16/1862/1862
f 20/1869/1869 16/1862/1862 24/1868/1868
f 24/1868/1868 16/1862/1862 32/1861/1861
f 24/1868/1868 32/1861/1861 40/1867/1867
f 40/1867/1867 32/1861/1861 52/1844/1844
f 40/1867/1867 52/1844/1844 64/1845/1845
f 30/1836/1836 14/1837/1837 34/1866/1866
f 34/1866/1866 14/1837/1837 18/1865/1865
f 14/1837/1837 6/1838/1838 18/1865/1865
f 18/1865/1865 6/1838/1838 10/1864/1864
f 6/1838/1838 2/1839/1839 10/1864/1864
f 10/1864/1864 2/1839/1839 8/1863/1863
f 2/1839/1839 4/1840/1840 8/1863/1863
f 8/1863/1863 4/1840/1840 16/1862/1862
f 4/1840/1840 12/1841/1841 16/1862/1862
f 16/1862/1862 12/1841/1841 32/1861/1861
f 12/1841/1841 28/1842/1842 32/1861/1861
f 32/1861/1861 28/1842/1842 52/1844/1844
f 28/1842/1842 48/1843/1843 52/1844/1844
f 40/1867/1867 64/1845/1845 56/1873/1873
f 56/1873/1873 64/1845/1845 76/1846/1846
f 56/1873/1873 76/1846/1846 72/1879/1879
f 72/1879/1879 76/1846/1846 92/1847/1847
f 72/1879/1879 92/1847/1847 88/1885/1885
f 88/1885/1885 92/1847/1847 100/1849/1849
f 88/1885/1885 100/1849/1849 102/1850/1850
f 92/1847/1847 98/1848/1848 100/1849/1849
f 88/1885/1885 102/1850/1850 84/1886/1886
f 84/1886/1886 102/1850/1850 104/1851/1851
f 84/1886/1886 104/1851/1851 80/1887/1887
f 80/1887/1887 104/1851/1851 106/1852/1852
f 80/1887/1887 106/1852/1852 82/1888/1888
f 82/1888/1888 106/1852/1852 108/1853/1853
f 82/1888/1888 108/1853/1853 86/1889/1889
f 86/1889/1889 108/1853/1853 110/1854/1854
f 86/1889/1889 110/1854/1854 90/1890/1890
f 90/1890/1890 110/1854/1854 112/1855/1855
f 90/1890/1890 112/1855/1855 94/1857/1857
f 94/1857/1857 112/1855/1855 114/1856/1856
f 90/1890/1890 94/1857/1857 74/1884/1884
f 74/1884/1884 94/1857/1857 78/1858/1858
f 74/1884/1884 78/1858/1858 58/1878/1878
f 58/1878/1878 78/1858/1858 66/1859/1859
f 58/1878/1878 66/1859/1859 42/1872/1872
f 42/1872/1872 66/1859/1859 54/1860/1860
f 24/1868/1868 40/1867/1867 44/1874/1874
f 44/1874/1874 40/1867/1867 56/1873/1873
f 44/1874/1874 56/1873/1873 68/1880/1880
f 68/1880/1880 56/1873/1873 72/1879/1879
f 68/1880/1880 72/1879/1879 84/1886/1886
f 84/1886/1886 72/1879/1879 88/1885/1885
f 20/1869/1869 24/1868/1868 36/1875/1875
f 36/1875/1875 24/1868/1868 44/1874/1874
f 36/1875/1875 44/1874/1874 60/1881/1881
f 60/1881/1881 44/1874/1874 68/1880/1880
f 60/1881/1881 68/1880/1880 80/1887/1887
f 80/1887/1887 68/1880/1880 84/1886/1886
f 22/1870/1870 20/1869/1869 38/1876/1876
f 38/1876/1876 20/1869/1869 36/1875/1875
f 38/1876/1876 36/1875/1875 62/1882/1882
f 62/1882/1882 36/1875/1875 60/1881/1881
f 62/1882/1882 60/1881/1881 82/1888/1888
f 82/1888/1888 60/1881/1881 80/1887/1887
f 58/1878/1878 42/1872/1872 26/1871/1871
f 26/1871/1871 22/1870/1870 46/1877/1877
f 46/1877/1877 22/1870/1870 38/1876/1876
f 46/1877/1877 38/1876/1876 70/1883/1883
f 70/1883/1883 38/1876/1876 62/1882/1882
f 70/1883/1883 62/1882/1882 86/1889/1889
f 86/1889/1889 62/1882/1882 82/1888/1888
f 74/1884/1884 58/1878/1878 46/1877/1877
f 46/1877/1877 58/1878/1878 26/1871/1871
f 74/1884/1884 46/1877/1877 70/1883/1883
f 90/1890/1890 74/1884/1884 70/1883/1883
f 90/1890/1890 70/1883/1883 86/1889/1889
f 50/1908/1908 49/1891/1891 30/1907/1907
f 30/1907/1907 49/1891/1891 29/1892/1892
f 30/1907/1907 29/1892/1892 13/1893/1893
f 30/1907/1907 13/1893/1893 14/1906/1906
f 14/1906/1906 13/1893/1893 5/1894/1894
f 14/1906/1906 5/1894/1894 6/1905/1905
f 6/1905/1905 5/1894/1894 1/1895/1895
f 6/1905/1905 1/1895/1895 2/1904/1904
f 2/1904/1904 1/1895/1895 3/1896/1896
f 2/1904/1904 3/1896/1896 4/1903/1903
f 4/1903/1903 3/1896/1896 11/1897/1897
f 4/1903/1903 11/1897/1897 12/1902/1902
f 12/1902/1902 11/1897/1897 27/1898/1898
f 12/1902/1902 27/1898/1898 28/1901/1901
f 28/1901/1901 27/1898/1898 48/1900/1900
f 48/1900/1900 27/1898/1898 47/1899/1899
f 113/1909/1909 111/1910/1910 93/1934/1934
f 93/1934/1934 111/1910/1910 89/1940/1940
f 93/1934/1934 89/1940/1940 73/1946/1946
f 73/1946/1946 89/1940/1940 85/1939/1939
f 73/1946/1946 85/1939/1939 69/1945/1945
f 69/1945/1945 85/1939/1939 81/1938/1938
f 69/1945/1945 81/1938/1938 61/1944/1944
f 61/1944/1944 81/1938/1938 79/1937/1937
f 61/1944/1944 79/1937/1937 59/1943/1943
f 59/1943/1943 79/1937/1937 83/1936/1936
f 59/1943/1943 83/1936/1936 67/1942/1942
f 67/1942/1942 83/1936/1936 87/1935/1935
f 67/1942/1942 87/1935/1935 71/1941/1941
f 71/1941/1941 87/1935/1935 91/1918/1918
f 71/1941/1941 91/1918/1918 75/1919/1919
f 111/1910/1910 109/1911/1911 89/1940/1940
f 89/1940/1940 109/1911/1911 85/1939/1939
f 109/1911/1911 107/1912/1912 85/1939/1939
f 85/1939/1939 107/1912/1912 81/1938/1938
f 107/1912/1912 105/1913/1913 81/1938/1938
f 81/1938/1938 105/1913/1913 79/1937/1937
f 105/1913/1913 103/1914/1914 79/1937/1937
f 79/1937/1937 103/1914/1914 83/1936/1936
f 103/1914/1914 101/1915/1915 83/1936/1936
f 83/1936/1936 101/1915/1915 87/1935/1935
f 101/1915/1915 99/1916/1916 87/1935/1935
f 87/1935/1935 99/1916/1916 91/1918/1918
f 99/1916/1916 97/1917/1917 91/1918/1918
f 71/1941/1941 75/1919/1919 55/1947/1947
f 55/1947/1947 75/1919/1919 63/1920/1920
f 55/1947/1947 63/1920/1920 39/1953/1953
f 39/1953/1953 63/1920/1920 51/1921/1921
f 39/1953/1953 51/1921/1921 31/1959/1959
f 31/1959/1959 51/1921/1921 27/1923/1923
f 31/1959/1959 27/1923/1923 11/1924/1924
f 51/1921/1921 47/1922/1922 27/1923/1923
f 31/1959/1959 11/1924/1924 15/1960/1960
f 15/1960/1960 11/1924/1924 3/1925/1925
f 15/1960/1960 3/1925/1925 7/1961/1961
f 7/1961/1961 3/1925/1925 1/1926/1926
f 7/1961/1961 1/1926/1926 9/1962/1962
f 9/1962/1962 1/1926/1926 5/1927/1927
f 9/1962/1962 5/1927/1927 17/1963/1963
f 17/1963/1963 5/1927/1927 13/1928/1928
f 17/1963/1963 13/1928/1928 33/1964/1964
f 33/1964/1964 13/1928/1928 29/1929/1929
f 33/1964/1964 29/1929/1929 53/1931/1931
f 53/1931/1931 29/1929/1929 49/1930/1930
f 33/1964/1964 53/1931/1931 41/1958/1958
f 41/1958/1958 53/1931/1931 65/1932/1932
f 41/1958/1958 65/1932/1932 57/1952/1952
f 57/1952/1952 65/1932/1932 77/1933/1933
f 57/1952/1952 77/1933/1933 73/1946/1946
f 73/1946/1946 77/1933/1933 93/1934/1934
f 67/1942/1942 71/1941/1941 43/1948/1948
f 43/1948/1948 71/1941/1941 55/1947/1947
f 43/1948/1948 55/1947/1947 23/1954/1954
f 23/1954/1954 55/1947/1947 39/1953/1953
f 23/1954/1954 39/1953/1953 15/1960/1960
f 15/1960/1960 39/1953/1953 31/1959/1959
f 59/1943/1943 67/1942/1942 35/1949/1949
f 35/1949/1949 67/1942/1942 43/1948/1948
f 35/1949/1949 43/1948/1948 19/1955/1955
f 19/1955/1955 43/1948/1948 23/1954/1954
f 19/1955/1955 23/1954/1954 7/1961/1961
f 7/1961/1961 23/1954/1954 15/1960/1960
f 61/1944/1944 59/1943/1943 37/1950/1950
f 37/1950/1950 59/1943/1943 35/1949/1949
f 37/1950/1950 35/1949/1949 21/1956/1956
f 21/1956/1956 35/1949/1949 19/1955/1955
f 21/1956/1956 19/1955/1955 9/1962/1962
f 9/1962/1962 19/1955/1955 7/1961/1961
f 57/1952/1952 73/1946/1946 69/1945/1945
f 69/1945/1945 61/1944/1944 45/1951/1951
f 45/1951/1951 61/1944/1944 37/1950/1950
f 45/1951/1951 37/1950/1950 25/1957/1957
f 25/1957/1957 37/1950/1950 21/1956/1956
f 25/1957/1957 21/1956/1956 17/1963/1963
f 17/1963/1963 21/1956/1956 9/1962/1962
f 41/1958/1958 57/1952/1952 45/1951/1951
f 45/1951/1951 57/1952/1952 69/1945/1945
f 41/1958/1958 45/1951/1951 25/1957/1957
f 33/1964/1964 41/1958/1958 25/1957/1957
f 33/1964/1964 25/1957/1957 17/1963/1963
f 114/1976/1976 113/1965/1965 94/1975/1975
f 94/1975/1975 113/1965/1965 93/1966/1966
f 94/1975/1975 93/1966/1966 78/1974/1974
f 78/1974/1974 93/1966/1966 77/1967/1967
f 78/1974/1974 77/1967/1967 66/1973/1973
f 66/1973/1973 77/1967/1967 65/1968/1968
f 66/1973/1973 65/1968/1968 50/1971/1971
f 50/1971/1971 65/1968/1968 49/1970/1970
f 49/1970/1970 65/1968/1968 53/1969/1969
f 50/1971/1971 54/1972/1972 66/1973/1973
f 1199/1988/1988 1197/1977/1977 1195/1984/1984
f 1195/1984/1984 1197/1977/1977 1198/1978/1978
f 1195/1984/1984 1198/1978/1978 1196/1983/1983
f 1196/1983/1983 1198/1978/1978 1200/1979/1979
f 1196/1983/1983 1200/1979/1979 1202/1980/1980
f 1202/1980/1980 1204/1981/1981 1196/1983/1983
f 1196/1983/1983 1204/1981/1981 1206/1982/1982
f 1205/1985/1985 1203/1986/1986 1195/1984/1984
f 1195/1984/1984 1203/1986/1986 1201/1987/1987
f 1195/1984/1984 1201/1987/1987 1199/1988/1988
f 1212/2000/2000 1214/1989/1989 1216/1996/1996
f 1216/1996/1996 1214/1989/1989 1213/1990/1990
f 1216/1996/1996 1213/1990/1990 1215/1995/1995
f 1215/1995/1995 1213/1990/1990 1211/1991/1991
f 1215/1995/1995 1211/1991/1991 1209/1992/1992
f 1209/1992/1992 1207/1993/1993 1215/1995/1995
f 1215/1995/1995 1207/1993/1993 1205/1994/1994
f 1206/1997/1997 1208/1998/1998 1216/1996/1996
f 1216/1996/1996 1208/1998/1998 1210/1999/1999
f 1216/1996/1996 1210/1999/1999 1212/2000/2000
f 116/2002/2002 186/2090/2090 115/2001/2001
f 115/2001/2001 186/2090/2090 185/2051/2051
f 115/2001/2001 185/2051/2051 120/2050/2050
f 120/2050/2050 185/2051/2051 192/2052/2052
f 120/2050/2050 192/2052/2052 124/2049/2049
f 124/2049/2049 192/2052/2052 128/2048/2048
f 128/2048/2048 192/2052/2052 202/2053/2053
f 128/2048/2048 202/2053/2053 132/2047/2047
f 132/2047/2047 202/2053/2053 214/2054/2054
f 132/2047/2047 214/2054/2054 142/2046/2046
f 142/2046/2046 214/2054/2054 228/2055/2055
f 142/2046/2046 228/2055/2055 172/2045/2045
f 172/2045/2045 228/2055/2055 220/2044/2044
f 220/2044/2044 228/2055/2055 246/2056/2056
f 220/2044/2044 246/2056/2056 242/2043/2043
f 242/2043/2043 246/2056/2056 288/2057/2057
f 242/2043/2043 288/2057/2057 316/2042/2042
f 316/2042/2042 288/2057/2057 403/2058/2058
f 316/2042/2042 403/2058/2058 436/2041/2041
f 436/2041/2041 403/2058/2058 479/2059/2059
f 436/2041/2041 479/2059/2059 521/2040/2040
f 521/2040/2040 479/2059/2059 537/2060/2060
f 521/2040/2040 537/2060/2060 585/2039/2039
f 585/2039/2039 537/2060/2060 592/2061/2061
f 585/2039/2039 592/2061/2061 670/2038/2038
f 670/2038/2038 592/2061/2061 661/2062/2062
f 670/2038/2038 661/2062/2062 773/2037/2037
f 773/2037/2037 661/2062/2062 751/2063/2063
f 773/2037/2037 751/2063/2063 779/2036/2036
f 779/2036/2036 751/2063/2063 1027/2064/2064
f 779/2036/2036 1027/2064/2064 1068/2035/2035
f 1068/2035/2035 1027/2064/2064 1053/2065/2065
f 1068/2035/2035 1053/2065/2065 1106/2034/2034
f 1106/2034/2034 1053/2065/2065 1069/2066/2066
f 1106/2034/2034 1069/2066/2066 1162/2033/2033
f 1162/2033/2033 1069/2066/2066 1091/2067/2067
f 1162/2033/2033 1091/2067/2067 1178/2032/2032
f 1178/2032/2032 1091/2067/2067 1182/2031/2031
f 1182/2031/2031 1091/2067/2067 1113/2068/2068
f 1182/2031/2031 1113/2068/2068 1186/2030/2030
f 1186/2030/2030 1113/2068/2068 1129/2069/2069
f 1186/2030/2030 1129/2069/2069 1190/2029/2029
f 1190/2029/2029 1129/2069/2069 1193/2028/2028
f 1193/2028/2028 1129/2069/2069 1137/2070/2070
f 1193/2028/2028 1137/2070/2070 1215/2027/2027
f 1215/2027/2027 1137/2070/2070 1216/2026/2026
f 1216/2026/2026 1137/2070/2070 1138/2071/2071
f 1216/2026/2026 1138/2071/2071 1194/2025/2025
f 1194/2025/2025 1138/2071/2071 1130/2072/2072
f 1194/2025/2025 1130/2072/2072 1188/2024/2024
f 1188/2024/2024 1130/2072/2072 1184/2023/2023
f 1184/2023/2023 1130/2072/2072 1114/2073/2073
f 1184/2023/2023 1114/2073/2073 1180/2022/2022
f 1180/2022/2022 1114/2073/2073 1092/2074/2074
f 1180/2022/2022 1092/2074/2074 1176/2021/2021
f 1176/2021/2021 1092/2074/2074 1160/2020/2020
f 1160/2020/2020 1092/2074/2074 1070/2075/2075
f 1160/2020/2020 1070/2075/2075 1100/2019/2019
f 1100/2019/2019 1070/2075/2075 1054/2076/2076
f 1100/2019/2019 1054/2076/2076 1066/2018/2018
f 1066/2018/2018 1054/2076/2076 1028/2077/2077
f 1066/2018/2018 1028/2077/2077 777/2017/2017
f 777/2017/2017 1028/2077/2077 746/2078/2078
f 777/2017/2017 746/2078/2078 771/2016/2016
f 771/2016/2016 746/2078/2078 655/2079/2079
f 771/2016/2016 655/2079/2079 668/2015/2015
f 668/2015/2015 655/2079/2079 588/2080/2080
f 668/2015/2015 588/2080/2080 583/2014/2014
f 583/2014/2014 588/2080/2080 530/2081/2081
f 583/2014/2014 530/2081/2081 519/2013/2013
f 519/2013/2013 530/2081/2081 469/2082/2082
f 519/2013/2013 469/2082/2082 432/2012/2012
f 432/2012/2012 469/2082/2082 398/2083/2083
f 432/2012/2012 398/2083/2083 310/2011/2011
f 310/2011/2011 398/2083/2083 287/2084/2084
f 310/2011/2011 287/2084/2084 240/2010/2010
f 240/2010/2010 287/2084/2084 243/2085/2085
f 240/2010/2010 243/2085/2085 216/2009/2009
f 216/2009/2009 243/2085/2085 227/2086/2086
f 216/2009/2009 227/2086/2086 170/2008/2008
f 170/2008/2008 227/2086/2086 140/2007/2007
f 140/2007/2007 227/2086/2086 213/2087/2087
f 140/2007/2007 213/2087/2087 130/2006/2006
f 130/2006/2006 213/2087/2087 201/2088/2088
f 130/2006/2006 201/2088/2088 126/2005/2005
f 126/2005/2005 201/2088/2088 191/2089/2089
f 126/2005/2005 191/2089/2089 122/2004/2004
f 122/2004/2004 191/2089/2089 118/2003/2003
f 118/2003/2003 191/2089/2089 186/2090/2090
f 118/2003/2003 186/2090/2090 116/2002/2002
f 306/2118/2118 361/2091/2091 402/2115/2115
f 402/2115/2115 361/2091/2091 485/2092/2092
f 402/2115/2115 485/2092/2092 414/2108/2108
f 414/2108/2108 485/2092/2092 462/2107/2107
f 462/2107/2107 485/2092/2092 515/2106/2106
f 515/2106/2106 485/2092/2092 529/2093/2093
f 515/2106/2106 529/2093/2093 553/2105/2105
f 553/2105/2105 529/2093/2093 570/2094/2094
f 553/2105/2105 570/2094/2094 597/2104/2104
f 597/2104/2104 570/2094/2094 609/2095/2095
f 597/2104/2104 609/2095/2095 637/2103/2103
f 637/2103/2103 609/2095/2095 652/2096/2096
f 637/2103/2103 652/2096/2096 689/2102/2102
f 689/2102/2102 652/2096/2096 700/2097/2097
f 689/2102/2102 700/2097/2097 728/2101/2101
f 728/2101/2101 700/2097/2097 741/2098/2098
f 728/2101/2101 741/2098/2098 756/2100/2100
f 756/2100/2100 741/2098/2098 764/2099/2099
f 414/2108/2108 370/2109/2109 402/2115/2115
f 402/2115/2115 370/2109/2109 341/2114/2114
f 341/2114/2114 370/2109/2109 314/2110/2110
f 341/2114/2114 314/2110/2110 297/2113/2113
f 297/2113/2113 314/2110/2110 280/2111/2111
f 297/2113/2113 280/2111/2111 276/2112/2112
f 264/2116/2116 270/2117/2117 402/2115/2115
f 402/2115/2115 270/2117/2117 306/2118/2118
f 1076/2119/2119 984/2120/2120 1087/2146/2146
f 1087/2146/2146 984/2120/2120 1095/2145/2145
f 1095/2145/2145 984/2120/2120 1102/2144/2144
f 1102/2144/2144 984/2120/2120 1021/2143/2143
f 1021/2143/2143 984/2120/2120 820/2127/2127
f 1021/2143/2143 820/2127/2127 794/2128/2128
f 820/2127/2127 984/2120/2120 844/2126/2126
f 844/2126/2126 984/2120/2120 950/2121/2121
f 844/2126/2126 950/2121/2121 866/2125/2125
f 866/2125/2125 950/2121/2121 926/2122/2122
f 866/2125/2125 926/2122/2122 886/2124/2124
f 886/2124/2124 926/2122/2122 906/2123/2123
f 794/2128/2128 782/2129/2129 1021/2143/2143
f 1021/2143/2143 782/2129/2129 1039/2142/2142
f 1039/2142/2142 782/2129/2129 786/2130/2130
f 1039/2142/2142 786/2130/2130 1033/2141/2141
f 1033/2141/2141 786/2130/2130 800/2131/2131
f 1033/2141/2141 800/2131/2131 1011/2140/2140
f 1011/2140/2140 800/2131/2131 824/2132/2132
f 1011/2140/2140 824/2132/2132 989/2139/2139
f 989/2139/2139 824/2132/2132 850/2133/2133
f 989/2139/2139 850/2133/2133 958/2138/2138
f 958/2138/2138 850/2133/2133 870/2134/2134
f 958/2138/2138 870/2134/2134 932/2137/2137
f 932/2137/2137 870/2134/2134 890/2135/2135
f 932/2137/2137 890/2135/2135 910/2136/2136
f 1096/2174/2174 1104/2147/2147 985/2171/2171
f 985/2171/2171 1104/2147/2147 1022/2148/2148
f 985/2171/2171 1022/2148/2148 821/2164/2164
f 821/2164/2164 1022/2148/2148 795/2163/2163
f 795/2163/2163 1022/2148/2148 783/2162/2162
f 783/2162/2162 1022/2148/2148 1040/2149/2149
f 783/2162/2162 1040/2149/2149 787/2161/2161
f 787/2161/2161 1040/2149/2149 1034/2150/2150
f 787/2161/2161 1034/2150/2150 801/2160/2160
f 801/2160/2160 1034/2150/2150 1012/2151/2151
f 801/2160/2160 1012/2151/2151 825/2159/2159
f 825/2159/2159 1012/2151/2151 990/2152/2152
f 825/2159/2159 990/2152/2152 851/2158/2158
f 851/2158/2158 990/2152/2152 959/2153/2153
f 851/2158/2158 959/2153/2153 871/2157/2157
f 871/2157/2157 959/2153/2153 933/2154/2154
f 871/2157/2157 933/2154/2154 891/2156/2156
f 891/2156/2156 933/2154/2154 911/2155/2155
f 821/2164/2164 845/2165/2165 985/2171/2171
f 985/2171/2171 845/2165/2165 951/2170/2170
f 951/2170/2170 845/2165/2165 867/2166/2166
f 951/2170/2170 867/2166/2166 927/2169/2169
f 927/2169/2169 867/2166/2166 887/2167/2167
f 927/2169/2169 887/2167/2167 907/2168/2168
f 1078/2172/2172 1088/2173/2173 985/2171/2171
f 985/2171/2171 1088/2173/2173 1096/2174/2174
f 263/2175/2175 400/2176/2176 269/2202/2202
f 269/2202/2202 400/2176/2176 305/2201/2201
f 305/2201/2201 400/2176/2176 360/2200/2200
f 360/2200/2200 400/2176/2176 483/2199/2199
f 483/2199/2199 400/2176/2176 416/2183/2183
f 483/2199/2199 416/2183/2183 464/2184/2184
f 416/2183/2183 400/2176/2176 372/2182/2182
f 372/2182/2182 400/2176/2176 340/2177/2177
f 372/2182/2182 340/2177/2177 313/2181/2181
f 313/2181/2181 340/2177/2177 295/2178/2178
f 313/2181/2181 295/2178/2178 279/2180/2180
f 279/2180/2180 295/2178/2178 275/2179/2179
f 464/2184/2184 517/2185/2185 483/2199/2199
f 483/2199/2199 517/2185/2185 527/2198/2198
f 527/2198/2198 517/2185/2185 555/2186/2186
f 527/2198/2198 555/2186/2186 568/2197/2197
f 568/2197/2197 555/2186/2186 599/2187/2187
f 568/2197/2197 599/2187/2187 607/2196/2196
f 607/2196/2196 599/2187/2187 639/2188/2188
f 607/2196/2196 639/2188/2188 650/2195/2195
f 650/2195/2195 639/2188/2188 691/2189/2189
f 650/2195/2195 691/2189/2189 699/2194/2194
f 699/2194/2194 691/2189/2189 730/2190/2190
f 699/2194/2194 730/2190/2190 740/2193/2193
f 740/2193/2193 730/2190/2190 755/2191/2191
f 740/2193/2193 755/2191/2191 763/2192/2192
f 183/2228/2228 184/2203/2203 283/2227/2227
f 283/2227/2227 184/2203/2203 284/2204/2204
f 283/2227/2227 284/2204/2204 322/2226/2226
f 322/2226/2226 284/2204/2204 323/2205/2205
f 322/2226/2226 323/2205/2205 760/2215/2215
f 760/2215/2215 323/2205/2205 734/2214/2214
f 734/2214/2214 323/2205/2205 696/2213/2213
f 696/2213/2213 323/2205/2205 378/2206/2206
f 696/2213/2213 378/2206/2206 643/2212/2212
f 643/2212/2212 378/2206/2206 422/2207/2207
f 643/2212/2212 422/2207/2207 604/2211/2211
f 604/2211/2211 422/2207/2207 473/2208/2208
f 604/2211/2211 473/2208/2208 561/2210/2210
f 561/2210/2210 473/2208/2208 525/2209/2209
f 760/2215/2215 759/2216/2216 322/2226/2226
f 322/2226/2226 759/2216/2216 733/2217/2217
f 322/2226/2226 733/2217/2217 695/2218/2218
f 322/2226/2226 695/2218/2218 377/2225/2225
f 377/2225/2225 695/2218/2218 642/2219/2219
f 377/2225/2225 642/2219/2219 421/2224/2224
f 421/2224/2224 642/2219/2219 602/2220/2220
f 421/2224/2224 602/2220/2220 472/2223/2223
f 472/2223/2223 602/2220/2220 560/2221/2221
f 472/2223/2223 560/2221/2221 523/2222/2222
f 750/2229/2229 1025/2230/2230 751/2232/2232
f 751/2232/2232 1025/2230/2230 1027/2231/2231
f 776/2234/2234 1065/2235/2235 777/2233/2233
f 777/2233/2233 1065/2235/2235 1066/2236/2236
f 1066/2237/2237 1065/2238/2238 1100/2255/2255
f 1100/2255/2255 1065/2238/2238 1099/2239/2239
f 1100/2255/2255 1099/2239/2239 1159/2240/2240
f 1100/2255/2255 1159/2240/2240 1160/2254/2254
f 1160/2254/2254 1159/2240/2240 1175/2241/2241
f 1160/2254/2254 1175/2241/2241 1176/2253/2253
f 1176/2253/2253 1175/2241/2241 1179/2242/2242
f 1176/2253/2253 1179/2242/2242 1180/2252/2252
f 1180/2252/2252 1179/2242/2242 1183/2243/2243
f 1180/2252/2252 1183/2243/2243 1184/2251/2251
f 1184/2251/2251 1183/2243/2243 1187/2244/2244
f 1184/2251/2251 1187/2244/2244 1188/2250/2250
f 1188/2250/2250 1187/2244/2244 1192/2245/2245
f 1188/2250/2250 1192/2245/2245 1194/2249/2249
f 1194/2249/2249 1192/2245/2245 1206/2247/2247
f 1194/2249/2249 1206/2247/2247 1216/2248/2248
f 1192/2245/2245 1196/2246/2246 1206/2247/2247
f 1195/2257/2257 1191/2258/2258 1205/2256/2256
f 1205/2256/2256 1191/2258/2258 1193/2273/2273
f 1205/2256/2256 1193/2273/2273 1215/2274/2274
f 1191/2258/2258 1189/2259/2259 1193/2273/2273
f 1193/2273/2273 1189/2259/2259 1190/2272/2272
f 1190/2272/2272 1189/2259/2259 1185/2260/2260
f 1190/2272/2272 1185/2260/2260 1186/2271/2271
f 1186/2271/2271 1185/2260/2260 1181/2261/2261
f 1186/2271/2271 1181/2261/2261 1182/2270/2270
f 1182/2270/2270 1181/2261/2261 1177/2262/2262
f 1182/2270/2270 1177/2262/2262 1178/2269/2269
f 1178/2269/2269 1177/2262/2262 1161/2263/2263
f 1178/2269/2269 1161/2263/2263 1162/2268/2268
f 1162/2268/2268 1161/2263/2263 1105/2264/2264
f 1162/2268/2268 1105/2264/2264 1106/2267/2267
f 1106/2267/2267 1105/2264/2264 1068/2266/2266
f 1068/2266/2266 1105/2264/2264 1067/2265/2265
f 1067/2276/2276 778/2277/2277 1068/2275/2275
f 1068/2275/2275 778/2277/2277 779/2278/2278
f 779/2279/2279 778/2280/2280 773/2310/2310
f 773/2310/2310 778/2280/2280 772/2281/2281
f 773/2310/2310 772/2281/2281 669/2282/2282
f 773/2310/2310 669/2282/2282 670/2309/2309
f 670/2309/2309 669/2282/2282 584/2283/2283
f 670/2309/2309 584/2283/2283 585/2308/2308
f 585/2308/2308 584/2283/2283 520/2284/2284
f 585/2308/2308 520/2284/2284 521/2307/2307
f 521/2307/2307 520/2284/2284 435/2285/2285
f 521/2307/2307 435/2285/2285 436/2306/2306
f 436/2306/2306 435/2285/2285 315/2286/2286
f 436/2306/2306 315/2286/2286 316/2305/2305
f 316/2305/2305 315/2286/2286 241/2287/2287
f 316/2305/2305 241/2287/2287 242/2304/2304
f 242/2304/2304 241/2287/2287 219/2288/2288
f 242/2304/2304 219/2288/2288 220/2303/2303
f 220/2303/2303 219/2288/2288 171/2289/2289
f 220/2303/2303 171/2289/2289 172/2302/2302
f 172/2302/2302 171/2289/2289 141/2290/2290
f 172/2302/2302 141/2290/2290 142/2301/2301
f 142/2301/2301 141/2290/2290 131/2291/2291
f 142/2301/2301 131/2291/2291 132/2300/2300
f 132/2300/2300 131/2291/2291 127/2292/2292
f 132/2300/2300 127/2292/2292 128/2299/2299
f 128/2299/2299 127/2292/2292 123/2293/2293
f 128/2299/2299 123/2293/2293 124/2298/2298
f 124/2298/2298 123/2293/2293 119/2294/2294
f 124/2298/2298 119/2294/2294 120/2297/2297
f 120/2297/2297 119/2294/2294 115/2296/2296
f 115/2296/2296 119/2294/2294 95/2295/2295
f 100/2328/2328 98/2311/2311 96/2331/2331
f 96/2331/2331 98/2311/2311 97/2312/2312
f 96/2331/2331 97/2312/2312 95/2330/2330
f 95/2330/2330 97/2312/2312 99/2313/2313
f 95/2330/2330 99/2313/2313 101/2314/2314
f 101/2314/2314 103/2315/2315 95/2330/2330
f 95/2330/2330 103/2315/2315 105/2316/2316
f 95/2330/2330 105/2316/2316 115/2329/2329
f 115/2329/2329 105/2316/2316 107/2317/2317
f 115/2329/2329 107/2317/2317 109/2318/2318
f 109/2318/2318 111/2319/2319 115/2329/2329
f 115/2329/2329 111/2319/2319 113/2320/2320
f 115/2329/2329 113/2320/2320 116/2332/2332
f 116/2332/2332 113/2320/2320 114/2321/2321
f 116/2332/2332 114/2321/2321 112/2322/2322
f 112/2322/2322 110/2323/2323 116/2332/2332
f 116/2332/2332 110/2323/2323 108/2324/2324
f 116/2332/2332 108/2324/2324 106/2325/2325
f 116/2332/2332 106/2325/2325 96/2331/2331
f 96/2331/2331 106/2325/2325 104/2326/2326
f 96/2331/2331 104/2326/2326 102/2327/2327
f 102/2327/2327 100/2328/2328 96/2331/2331
f 116/2333/2333 96/2334/2334 118/2364/2364
f 118/2364/2364 96/2334/2334 117/2335/2335
f 118/2364/2364 117/2335/2335 121/2336/2336
f 118/2364/2364 121/2336/2336 122/2363/2363
f 122/2363/2363 121/2336/2336 125/2337/2337
f 122/2363/2363 125/2337/2337 126/2362/2362
f 126/2362/2362 125/2337/2337 129/2338/2338
f 126/2362/2362 129/2338/2338 130/2361/2361
f 130/2361/2361 129/2338/2338 139/2339/2339
f 130/2361/2361 139/2339/2339 140/2360/2360
f 140/2360/2360 139/2339/2339 169/2340/2340
f 140/2360/2360 169/2340/2340 170/2359/2359
f 170/2359/2359 169/2340/2340 215/2341/2341
f 170/2359/2359 215/2341/2341 216/2358/2358
f 216/2358/2358 215/2341/2341 239/2342/2342
f 216/2358/2358 239/2342/2342 240/2357/2357
f 240/2357/2357 239/2342/2342 309/2343/2343
f 240/2357/2357 309/2343/2343 310/2356/2356
f 310/2356/2356 309/2343/2343 431/2344/2344
f 310/2356/2356 431/2344/2344 432/2355/2355
f 432/2355/2355 431/2344/2344 518/2345/2345
f 432/2355/2355 518/2345/2345 519/2354/2354
f 519/2354/2354 518/2345/2345 582/2346/2346
f 519/2354/2354 582/2346/2346 583/2353/2353
f 583/2353/2353 582/2346/2346 667/2347/2347
f 583/2353/2353 667/2347/2347 668/2352/2352
f 668/2352/2352 667/2347/2347 770/2348/2348
f 668/2352/2352 770/2348/2348 771/2351/2351
f 771/2351/2351 770/2348/2348 777/2350/2350
f 777/2350/2350 770/2348/2348 776/2349/2349
# 1310 vertices
# 2364 texture params
# 2364 normals
# 2620 facets

# 1 groups
